dataset,config,run,matrix,subspace,factor,mean,std,n,std_over
sim_coupled,coupled_fd_b01,indep,P,X,lag,0.3596073029962235,0.021072185102737766,3,seeds
sim_coupled,coupled_fd_b01,indep,P,X,gain,0.27575115471178835,0.0844670294524626,3,seeds
sim_coupled,coupled_fd_b01,indep,P,OC1,lag,0.1386238716422453,0.026504136810311628,3,seeds
sim_coupled,coupled_fd_b01,indep,P,OC1,gain,0.040587832589013516,0.013391892364101916,3,seeds
sim_coupled,coupled_fd_b01,indep,P,OC2,lag,0.14196012901458854,0.018845719824489765,3,seeds
sim_coupled,coupled_fd_b01,indep,P,OC2,gain,0.033524031669216886,0.009912540722007781,3,seeds
sim_coupled,coupled_fd_b01,indep,P,OC3,lag,0.1712535305220809,0.008640167924722933,3,seeds
sim_coupled,coupled_fd_b01,indep,P,OC3,gain,-0.0029688590552608882,0.016079204341874192,3,seeds
sim_coupled,coupled_fd_b01,indep,A,X,lag,0.10179752743699316,0.0192586747738676,3,seeds
sim_coupled,coupled_fd_b01,indep,A,X,gain,0.1905842553465296,0.06751992922722946,3,seeds
sim_coupled,coupled_fd_b01,indep,A,OC1,lag,-0.009030114192133802,0.004922116702491078,3,seeds
sim_coupled,coupled_fd_b01,indep,A,OC1,gain,-0.005731356784149288,0.010774514965749792,3,seeds
sim_coupled,coupled_fd_b01,indep,A,OC2,lag,-0.012045947090303285,0.007154667530301607,3,seeds
sim_coupled,coupled_fd_b01,indep,A,OC2,gain,-0.004946551678155967,0.003939529430713621,3,seeds
sim_coupled,coupled_fd_b01,indep,A,OC3,lag,-0.007329906001549864,0.005899483622714695,3,seeds
sim_coupled,coupled_fd_b01,indep,A,OC3,gain,-0.010185649978635622,0.005466829179079294,3,seeds
sim_coupled,coupled_fd_b01,indep,T,X,lag,0.2892498312751381,0.015671194570781522,3,seeds
sim_coupled,coupled_fd_b01,indep,T,X,gain,0.27272674620631016,0.03110479718525931,3,seeds
sim_coupled,coupled_fd_b01,indep,T,OC1,lag,0.01002718914913203,0.0070130575551892145,3,seeds
sim_coupled,coupled_fd_b01,indep,T,OC1,gain,0.002137962204132003,0.005777092993836444,3,seeds
sim_coupled,coupled_fd_b01,indep,T,OC2,lag,-0.002455817191262668,0.011688369119270375,3,seeds
sim_coupled,coupled_fd_b01,indep,T,OC2,gain,-0.0016067487773531442,0.003232502117128068,3,seeds
sim_coupled,coupled_fd_b01,indep,T,OC3,lag,-0.00733558795813824,0.005427177636748355,3,seeds
sim_coupled,coupled_fd_b01,indep,T,OC3,gain,-0.001819879543671447,0.0020644058024506477,3,seeds
sim_coupled,coupled_fd_b01,indep,T_ctrl,X,lag,-0.014308745951596041,0.006768329197928413,3,seeds
sim_coupled,coupled_fd_b01,indep,T_ctrl,X,gain,0.03275744960009844,0.002305416460444629,3,seeds
sim_coupled,coupled_fd_b01,indep,T_ctrl,OC1,lag,0.000290537694612785,0.005328493417599038,3,seeds
sim_coupled,coupled_fd_b01,indep,T_ctrl,OC1,gain,0.0045401546132884316,0.002214097797749546,3,seeds
sim_coupled,coupled_fd_b01,indep,T_ctrl,OC2,lag,-0.004010329413818128,0.0037994995665023203,3,seeds
sim_coupled,coupled_fd_b01,indep,T_ctrl,OC2,gain,0.0005651063586968897,0.00033967045200713233,3,seeds
sim_coupled,coupled_fd_b01,indep,T_ctrl,OC3,lag,-0.005169742850087156,0.002223609543920998,3,seeds
sim_coupled,coupled_fd_b01,indep,T_ctrl,OC3,gain,-0.00013290689097504466,0.0014812251584098415,3,seeds
sim_coupled,coupled_fd_b01,indep,dT,X,lag,0.303558577226734,0.022357565337368723,3,seeds
sim_coupled,coupled_fd_b01,indep,dT,X,gain,0.23996929660621183,0.03178909615543505,3,seeds
sim_coupled,coupled_fd_b01,indep,dT,OC1,lag,0.009736651454519246,0.0016845740849396583,3,seeds
sim_coupled,coupled_fd_b01,indep,dT,OC1,gain,-0.0024021924091564297,0.003896442409238166,3,seeds
sim_coupled,coupled_fd_b01,indep,dT,OC2,lag,0.0015545122225554635,0.008661671290507345,3,seeds
sim_coupled,coupled_fd_b01,indep,dT,OC2,gain,-0.0021718551360500322,0.0029784096818573414,3,seeds
sim_coupled,coupled_fd_b01,indep,dT,OC3,lag,-0.0021658451080510863,0.0032211421081273306,3,seeds
sim_coupled,coupled_fd_b01,indep,dT,OC3,gain,-0.001686972652696403,0.000596091487963687,3,seeds
sim_coupled,coupled_fd_b01,indep,O,X,lag,-0.08429014103094862,0.03615946972902182,3,seeds
sim_coupled,coupled_fd_b01,indep,O,X,gain,-0.18959049602809697,0.010459974224095099,3,seeds
sim_coupled,coupled_fd_b01,indep,O,OC1,lag,-0.02690477553862251,0.0031279785335822535,3,seeds
sim_coupled,coupled_fd_b01,indep,O,OC1,gain,-0.04320261757715969,0.02504801871584587,3,seeds
sim_coupled,coupled_fd_b01,indep,O,OC2,lag,-0.031772974560983464,0.0067947332746845154,3,seeds
sim_coupled,coupled_fd_b01,indep,O,OC2,gain,-0.05832533361628323,0.020729580449899344,3,seeds
sim_coupled,coupled_fd_b01,indep,O,OC3,lag,-0.022849082570456286,0.0030760457929271115,3,seeds
sim_coupled,coupled_fd_b01,indep,O,OC3,gain,-0.04034168418915563,0.021216989036316858,3,seeds
sim_coupled,coupled_fd_b01,indep,O_ctrl,X,lag,-0.04385002040351731,0.01892294346526348,3,seeds
sim_coupled,coupled_fd_b01,indep,O_ctrl,X,gain,-0.0908510440694688,0.022686628773513608,3,seeds
sim_coupled,coupled_fd_b01,indep,O_ctrl,OC1,lag,-0.027177777580659094,0.005698897538719109,3,seeds
sim_coupled,coupled_fd_b01,indep,O_ctrl,OC1,gain,-0.03205142332280248,0.01622001274791769,3,seeds
sim_coupled,coupled_fd_b01,indep,O_ctrl,OC2,lag,-0.028594412257375343,0.0006567418270918503,3,seeds
sim_coupled,coupled_fd_b01,indep,O_ctrl,OC2,gain,-0.03383929338028845,0.013723812927477371,3,seeds
sim_coupled,coupled_fd_b01,indep,O_ctrl,OC3,lag,-0.031555776109656465,0.0019665361355983837,3,seeds
sim_coupled,coupled_fd_b01,indep,O_ctrl,OC3,gain,-0.0301100847454427,0.013384415769818931,3,seeds
sim_coupled,coupled_fd_b01,indep,dO,X,lag,-0.040440120627431214,0.04487153596424516,3,seeds
sim_coupled,coupled_fd_b01,indep,dO,X,gain,-0.09873945195862817,0.028353713268905508,3,seeds
sim_coupled,coupled_fd_b01,indep,dO,OC1,lag,0.0002730020420365819,0.004619830010830703,3,seeds
sim_coupled,coupled_fd_b01,indep,dO,OC1,gain,-0.0111511942543572,0.009233154346283499,3,seeds
sim_coupled,coupled_fd_b01,indep,dO,OC2,lag,-0.0031785623036081332,0.007258141591716622,3,seeds
sim_coupled,coupled_fd_b01,indep,dO,OC2,gain,-0.024486040235994783,0.008380144742916129,3,seeds
sim_coupled,coupled_fd_b01,indep,dO,OC3,lag,0.008706693539200182,0.001689432100559691,3,seeds
sim_coupled,coupled_fd_b01,indep,dO,OC3,gain,-0.01023159944371293,0.00794368138021806,3,seeds
sim_coupled,coupled_fd_b01,indep,block_importance,X,lag,0.0,0.0,3,seeds
sim_coupled,coupled_fd_b01,indep,block_importance,X,gain,0.0,0.0,3,seeds
sim_coupled,coupled_fd_b01,indep,block_importance,OC1,lag,0.0,0.0,3,seeds
sim_coupled,coupled_fd_b01,indep,block_importance,OC1,gain,0.0,0.0,3,seeds
sim_coupled,coupled_fd_b01,indep,block_importance,OC2,lag,0.0,0.0,3,seeds
sim_coupled,coupled_fd_b01,indep,block_importance,OC2,gain,0.0,0.0,3,seeds
sim_coupled,coupled_fd_b01,indep,block_importance,OC3,lag,0.0,0.0,3,seeds
sim_coupled,coupled_fd_b01,indep,block_importance,OC3,gain,0.0,0.0,3,seeds
sim_coupled,coupled_ewt_b01,indep,P,X,lag,0.3188401257036471,,1,seeds
sim_coupled,coupled_ewt_b01,indep,P,X,gain,0.23258923194964243,,1,seeds
sim_coupled,coupled_ewt_b01,indep,P,OC1,lag,0.2089480073815435,,1,seeds
sim_coupled,coupled_ewt_b01,indep,P,OC1,gain,0.08657367609521938,,1,seeds
sim_coupled,coupled_ewt_b01,indep,P,OC2,lag,0.1630448009633523,,1,seeds
sim_coupled,coupled_ewt_b01,indep,P,OC2,gain,0.06691509654434488,,1,seeds
sim_coupled,coupled_ewt_b01,indep,P,OC3,lag,0.3018057417702915,,1,seeds
sim_coupled,coupled_ewt_b01,indep,P,OC3,gain,0.15057474076671917,,1,seeds
sim_coupled,coupled_ewt_b01,indep,A,X,lag,-0.03989347342094843,,1,seeds
sim_coupled,coupled_ewt_b01,indep,A,X,gain,0.05199294990028816,,1,seeds
sim_coupled,coupled_ewt_b01,indep,A,OC1,lag,-0.02456035074175418,,1,seeds
sim_coupled,coupled_ewt_b01,indep,A,OC1,gain,0.003371567542423526,,1,seeds
sim_coupled,coupled_ewt_b01,indep,A,OC2,lag,-0.017423138109563127,,1,seeds
sim_coupled,coupled_ewt_b01,indep,A,OC2,gain,-0.0015287506429985664,,1,seeds
sim_coupled,coupled_ewt_b01,indep,A,OC3,lag,-0.027805948926153554,,1,seeds
sim_coupled,coupled_ewt_b01,indep,A,OC3,gain,0.010174960057152883,,1,seeds
sim_coupled,coupled_ewt_b01,indep,T,X,lag,0.1815325002500508,,1,seeds
sim_coupled,coupled_ewt_b01,indep,T,X,gain,0.18542774718802396,,1,seeds
sim_coupled,coupled_ewt_b01,indep,T,OC1,lag,0.00036325972625311787,,1,seeds
sim_coupled,coupled_ewt_b01,indep,T,OC1,gain,0.0022807120020055215,,1,seeds
sim_coupled,coupled_ewt_b01,indep,T,OC2,lag,-4.395346758084839e-05,,1,seeds
sim_coupled,coupled_ewt_b01,indep,T,OC2,gain,0.0030941311427467068,,1,seeds
sim_coupled,coupled_ewt_b01,indep,T,OC3,lag,-0.017692268797146693,,1,seeds
sim_coupled,coupled_ewt_b01,indep,T,OC3,gain,0.04681449095096116,,1,seeds
sim_coupled,coupled_ewt_b01,indep,T_ctrl,X,lag,-0.009893456271671073,,1,seeds
sim_coupled,coupled_ewt_b01,indep,T_ctrl,X,gain,0.010205427167335475,,1,seeds
sim_coupled,coupled_ewt_b01,indep,T_ctrl,OC1,lag,-0.0031478092335320076,,1,seeds
sim_coupled,coupled_ewt_b01,indep,T_ctrl,OC1,gain,-0.0017308203877749104,,1,seeds
sim_coupled,coupled_ewt_b01,indep,T_ctrl,OC2,lag,-0.003365348299053725,,1,seeds
sim_coupled,coupled_ewt_b01,indep,T_ctrl,OC2,gain,0.0031369602819280046,,1,seeds
sim_coupled,coupled_ewt_b01,indep,T_ctrl,OC3,lag,-0.007320270811341996,,1,seeds
sim_coupled,coupled_ewt_b01,indep,T_ctrl,OC3,gain,0.007405349065008424,,1,seeds
sim_coupled,coupled_ewt_b01,indep,dT,X,lag,0.19142595652172195,,1,seeds
sim_coupled,coupled_ewt_b01,indep,dT,X,gain,0.17522232002068847,,1,seeds
sim_coupled,coupled_ewt_b01,indep,dT,OC1,lag,0.0035110689597851116,,1,seeds
sim_coupled,coupled_ewt_b01,indep,dT,OC1,gain,0.004011532389780423,,1,seeds
sim_coupled,coupled_ewt_b01,indep,dT,OC2,lag,0.003321394831472875,,1,seeds
sim_coupled,coupled_ewt_b01,indep,dT,OC2,gain,-4.282913918129006e-05,,1,seeds
sim_coupled,coupled_ewt_b01,indep,dT,OC3,lag,-0.010371997985804682,,1,seeds
sim_coupled,coupled_ewt_b01,indep,dT,OC3,gain,0.039409141885952764,,1,seeds
sim_coupled,coupled_ewt_b01,indep,O,X,lag,-0.12243361742860623,,1,seeds
sim_coupled,coupled_ewt_b01,indep,O,X,gain,-0.1570144084910508,,1,seeds
sim_coupled,coupled_ewt_b01,indep,O,OC1,lag,-0.030006333300025757,,1,seeds
sim_coupled,coupled_ewt_b01,indep,O,OC1,gain,-0.06478128774527236,,1,seeds
sim_coupled,coupled_ewt_b01,indep,O,OC2,lag,-0.016399465712559992,,1,seeds
sim_coupled,coupled_ewt_b01,indep,O,OC2,gain,-0.03669673343379623,,1,seeds
sim_coupled,coupled_ewt_b01,indep,O,OC3,lag,-0.04829630766015691,,1,seeds
sim_coupled,coupled_ewt_b01,indep,O,OC3,gain,-0.07697803362744507,,1,seeds
sim_coupled,coupled_ewt_b01,indep,O_ctrl,X,lag,-0.0651443828404886,,1,seeds
sim_coupled,coupled_ewt_b01,indep,O_ctrl,X,gain,-0.05579411313992891,,1,seeds
sim_coupled,coupled_ewt_b01,indep,O_ctrl,OC1,lag,-0.03165207698206649,,1,seeds
sim_coupled,coupled_ewt_b01,indep,O_ctrl,OC1,gain,-0.04317430317500623,,1,seeds
sim_coupled,coupled_ewt_b01,indep,O_ctrl,OC2,lag,-0.014141400349947757,,1,seeds
sim_coupled,coupled_ewt_b01,indep,O_ctrl,OC2,gain,-0.028903089646343194,,1,seeds
sim_coupled,coupled_ewt_b01,indep,O_ctrl,OC3,lag,-0.04660892695329347,,1,seeds
sim_coupled,coupled_ewt_b01,indep,O_ctrl,OC3,gain,-0.039032801616692744,,1,seeds
sim_coupled,coupled_ewt_b01,indep,dO,X,lag,-0.05728923458811762,,1,seeds
sim_coupled,coupled_ewt_b01,indep,dO,X,gain,-0.10122029535112194,,1,seeds
sim_coupled,coupled_ewt_b01,indep,dO,OC1,lag,0.0016457436820407458,,1,seeds
sim_coupled,coupled_ewt_b01,indep,dO,OC1,gain,-0.021606984570266167,,1,seeds
sim_coupled,coupled_ewt_b01,indep,dO,OC2,lag,-0.00225806536261223,,1,seeds
sim_coupled,coupled_ewt_b01,indep,dO,OC2,gain,-0.007793643787453034,,1,seeds
sim_coupled,coupled_ewt_b01,indep,dO,OC3,lag,-0.0016873807068634866,,1,seeds
sim_coupled,coupled_ewt_b01,indep,dO,OC3,gain,-0.037945232010752325,,1,seeds
sim_coupled,coupled_ewt_b01,indep,block_importance,X,lag,0.0,,1,seeds
sim_coupled,coupled_ewt_b01,indep,block_importance,X,gain,0.0,,1,seeds
sim_coupled,coupled_ewt_b01,indep,block_importance,OC1,lag,0.0,,1,seeds
sim_coupled,coupled_ewt_b01,indep,block_importance,OC1,gain,0.0,,1,seeds
sim_coupled,coupled_ewt_b01,indep,block_importance,OC2,lag,0.0,,1,seeds
sim_coupled,coupled_ewt_b01,indep,block_importance,OC2,gain,0.0,,1,seeds
sim_coupled,coupled_ewt_b01,indep,block_importance,OC3,lag,0.0,,1,seeds
sim_coupled,coupled_ewt_b01,indep,block_importance,OC3,gain,0.0,,1,seeds
