model,latent_dim,metric,ref_full,null_mean,null_sd,n_null,calibrated
FHVAE seg,48,DCI-D,0.3793766278318127,0.02315520336455236,0.004739124651214727,5,0.36466532420932773
FHVAE seg,48,DCI-C,0.2721243809005317,0.01636456135605942,0.0016981936194670865,5,0.2600148484860081
FHVAE seg,48,DCI-I,0.8846368819167567,0.1945075828147706,0.003218177368473709,5,0.8567793865938844
FHVAE seg,48,Modularity,0.8731246390704704,0.976913148668045,0.0066438233164489175,5,-4.495567979593596
FHVAE seg,48,Explicitness,0.990562915483405,0.08169653837797233,0.009385136041578928,5,0.9897233486412803
FHVAE seg,48,IRS,0.4678751738749782,0.3957137520248555,0.00011946533370944407,5,0.11941595906231982
DecVAE + EWT,192,DCI-D,0.574817922952211,0.15068940838134254,0.027549196815774876,5,0.49937975430465753
DecVAE + EWT,192,DCI-C,0.1991484938153974,0.05654016630968152,0.005803252469299942,5,0.15115463574947027
DecVAE + EWT,192,DCI-I,0.7290286564942314,0.21779679940454036,0.007875493413072502,5,0.6535793470296605
DecVAE + EWT,192,Modularity,0.9051667703189406,0.9964799308808757,0.001122221984097931,5,-25.940729420862045
DecVAE + EWT,192,Explicitness,0.8963212146618988,0.10255010817946475,0.011157125788201777,5,0.8844740121058101
DecVAE + EWT,192,IRS,0.5605828974250598,0.4827064397482984,0.0001414993401073173,5,0.15054596395684644
wav2vec2 + PCA,192,DCI-D,0.3825652638102251,0.10960790565393046,0.006035495723824859,5,0.30655860478721186
wav2vec2 + PCA,192,DCI-C,0.49400050981876,0.03725585106441938,0.0035225127375664734,5,0.4744195633484992
wav2vec2 + PCA,192,DCI-I,0.8911949919886724,0.26752617654730415,0.005536672673929076,5,0.85145543154232
wav2vec2 + PCA,192,Modularity,0.6177005474099309,0.9954012953802568,0.001430703526878392,5,-82.1319869836338
wav2vec2 + PCA,192,Explicitness,0.9993539844590512,0.230841798462956,0.0051385990669993815,5,0.9991601005623321
wav2vec2 + PCA,192,IRS,0.4799158664792495,0.4248285548505316,0.0002100752705431467,5,0.09577546328712908
PCA,20,DCI-D,0.2323069166950847,0.0182140507478414,0.009882434214497426,5,0.21806470759774174
PCA,20,DCI-C,0.1990219051928646,0.00950410250868168,0.003785375053909045,5,0.1913362823250301
PCA,20,DCI-I,0.7944069754443492,0.17340239221969664,0.0016321750779242873,5,0.7512779826356646
PCA,20,Modularity,0.7332609958455949,0.9714095079892624,0.01368011545125371,5,-8.329640219350795
PCA,20,Explicitness,0.884060219848462,0.045565829995584305,0.008440146726196342,5,0.8785251159322998
PCA,20,IRS,0.4982292656876631,0.4070060466615617,0.00028890446475516375,5,0.1538349902432104
beta-VAE,48,DCI-D,0.0593320280791205,0.06728765104150497,0.01716804283447014,5,-0.008529556804161594
beta-VAE,48,DCI-C,0.626649265937685,0.03477912336422636,0.00893165402787306,5,0.6131965821505961
beta-VAE,48,DCI-I,0.7952081082088163,0.17241494951000477,0.0019406396621075653,5,0.7525427849742683
beta-VAE,48,Modularity,0.5520952221831205,0.8525652836848305,0.04675798479282489,5,-2.037987178402397
beta-VAE,48,Explicitness,0.7515040582462098,0.03226056270659812,0.007432259762534376,5,0.7432201973200658
beta-VAE,48,IRS,0.5357262668518682,0.42605564725293493,0.00041721236843229637,5,0.19108232196033934
CoST,96,DCI-D,0.8171640989261177,0.13539617597304499,0.03452804286833173,5,0.7885321623696842
CoST,96,DCI-C,0.316199396018481,0.04729232082105032,0.009347521472934646,5,0.2822555974663464
CoST,96,DCI-I,0.7633677385698849,0.22182434698364198,0.004040959205076858,5,0.6959140773514526
CoST,96,Modularity,0.9481965327452692,0.9724966491128134,0.007234994806106967,5,-0.8835329363036025
CoST,96,Explicitness,0.9552512250027364,0.09517764682130182,0.006431415574449744,5,0.95054413185079
CoST,96,IRS,0.4746711932081249,0.38917302391113073,0.0002902945291042521,5,0.13997117456147684
