"Step","VOWELS_FILTER_b5_dual_waveform_bs16 - cross_entropy_negative_z","VOWELS_FILTER_b5_dual_waveform_bs16 - cross_entropy_negative_z__MIN","VOWELS_FILTER_b5_dual_waveform_bs16 - cross_entropy_negative_z__MAX","VOWELS_FILTER_b1_dual_waveform_bs16 - cross_entropy_negative_z","VOWELS_FILTER_b1_dual_waveform_bs16 - cross_entropy_negative_z__MIN","VOWELS_FILTER_b1_dual_waveform_bs16 - cross_entropy_negative_z__MAX","VOWELS_FILTER_b0.1_dual_waveform_bs16 - cross_entropy_negative_z","VOWELS_FILTER_b0.1_dual_waveform_bs16 - cross_entropy_negative_z__MIN","VOWELS_FILTER_b0.1_dual_waveform_bs16 - cross_entropy_negative_z__MAX","VOWELS_FILTER_b0_dual_waveform_bs16 - cross_entropy_negative_z","VOWELS_FILTER_b0_dual_waveform_bs16 - cross_entropy_negative_z__MIN","VOWELS_FILTER_b0_dual_waveform_bs16 - cross_entropy_negative_z__MAX","VOWELS_FILTER_b0_DUAL_bs16 - cross_entropy_negative_z","VOWELS_FILTER_b0_DUAL_bs16 - cross_entropy_negative_z__MIN","VOWELS_FILTER_b0_DUAL_bs16 - cross_entropy_negative_z__MAX","VOWELS_FILTER_b0.1_DUAL_bs16 - cross_entropy_negative_z","VOWELS_FILTER_b0.1_DUAL_bs16 - cross_entropy_negative_z__MIN","VOWELS_FILTER_b0.1_DUAL_bs16 - cross_entropy_negative_z__MAX","VOWELS_FILTER_b1_DUAL_bs16 - cross_entropy_negative_z","VOWELS_FILTER_b1_DUAL_bs16 - cross_entropy_negative_z__MIN","VOWELS_FILTER_b1_DUAL_bs16 - cross_entropy_negative_z__MAX","VOWELS_FILTER_B5_DEFAULTS_DUAL_bs16 - cross_entropy_negative_z","VOWELS_FILTER_B5_DEFAULTS_DUAL_bs16 - cross_entropy_negative_z__MIN","VOWELS_FILTER_B5_DEFAULTS_DUAL_bs16 - cross_entropy_negative_z__MAX"
"0","9.722896575927734","9.722896575927734","9.722896575927734","9.589213371276855","9.589213371276855","9.589213371276855","9.113601684570312","9.113601684570312","9.113601684570312","7.824822425842285","7.824822425842285","7.824822425842285","8.413653373718262","8.413653373718262","8.413653373718262","9.166677474975586","9.166677474975586","9.166677474975586","9.57608413696289","9.57608413696289","9.57608413696289","9.673748016357422","9.673748016357422","9.673748016357422"
"2","11.638338088989258","11.638338088989258","11.638338088989258","10.861716270446777","10.861716270446777","10.861716270446777","9.665155410766602","9.665155410766602","9.665155410766602","3.4162776470184326","3.4162776470184326","3.4162776470184326","5.987452507019043","5.987452507019043","5.987452507019043","9.525484085083008","9.525484085083008","9.525484085083008","10.463619232177734","10.463619232177734","10.463619232177734","10.929975509643555","10.929975509643555","10.929975509643555"
"4","13.098489761352539","13.098489761352539","13.098489761352539","11.950796127319336","11.950796127319336","11.950796127319336","10.095229148864746","10.095229148864746","10.095229148864746","2.147024393081665","2.147024393081665","2.147024393081665","2.346968650817871","2.346968650817871","2.346968650817871","9.289020538330078","9.289020538330078","9.289020538330078","11.382757186889648","11.382757186889648","11.382757186889648","12.259791374206543","12.259791374206543","12.259791374206543"
"6","12.99521255493164","12.99521255493164","12.99521255493164","11.898366928100586","11.898366928100586","11.898366928100586","7.404450416564941","7.404450416564941","7.404450416564941","2.189030647277832","2.189030647277832","2.189030647277832","3.547872543334961","3.547872543334961","3.547872543334961","2.1001176834106445","2.1001176834106445","2.1001176834106445","10.999923706054688","10.999923706054688","10.999923706054688","12.787612915039062","12.787612915039062","12.787612915039062"
"8","10.294820785522461","10.294820785522461","10.294820785522461","7.664151668548584","7.664151668548584","7.664151668548584","1.6255996227264404","1.6255996227264404","1.6255996227264404","2.597282886505127","2.597282886505127","2.597282886505127","1.968218207359314","1.968218207359314","1.968218207359314","1.055111050605774","1.055111050605774","1.055111050605774","7.222463607788086","7.222463607788086","7.222463607788086","11.864377975463867","11.864377975463867","11.864377975463867"
"10","8.15640926361084","8.15640926361084","8.15640926361084","2.8082008361816406","2.8082008361816406","2.8082008361816406","1.1506702899932861","1.1506702899932861","1.1506702899932861","1.5195128917694092","1.5195128917694092","1.5195128917694092","1.503838300704956","1.503838300704956","1.503838300704956","0.8761720657348633","0.8761720657348633","0.8761720657348633","2.184901475906372","2.184901475906372","2.184901475906372","9.106163024902344","9.106163024902344","9.106163024902344"
"12","6.1218581199646","6.1218581199646","6.1218581199646","1.6175711154937744","1.6175711154937744","1.6175711154937744","0.8146123290061951","0.8146123290061951","0.8146123290061951","1.3414958715438843","1.3414958715438843","1.3414958715438843","1.0904595851898193","1.0904595851898193","1.0904595851898193","0.8464018106460571","0.8464018106460571","0.8464018106460571","1.2100601196289062","1.2100601196289062","1.2100601196289062","7.255519866943359","7.255519866943359","7.255519866943359"
"14","5.13997745513916","5.13997745513916","5.13997745513916","1.3277432918548584","1.3277432918548584","1.3277432918548584","0.8468109369277954","0.8468109369277954","0.8468109369277954","1.116672158241272","1.116672158241272","1.116672158241272","0.9926693439483643","0.9926693439483643","0.9926693439483643","0.8026532530784607","0.8026532530784607","0.8026532530784607","1.1333458423614502","1.1333458423614502","1.1333458423614502","6.083559036254883","6.083559036254883","6.083559036254883"
"16","4.096927642822266","4.096927642822266","4.096927642822266","1.5383249521255493","1.5383249521255493","1.5383249521255493","1.0561890602111816","1.0561890602111816","1.0561890602111816","1.0689241886138916","1.0689241886138916","1.0689241886138916","0.9842627644538879","0.9842627644538879","0.9842627644538879","0.9149256944656372","0.9149256944656372","0.9149256944656372","1.108747124671936","1.108747124671936","1.108747124671936","5.13079833984375","5.13079833984375","5.13079833984375"
"18","4.212424278259277","4.212424278259277","4.212424278259277","1.0048562288284302","1.0048562288284302","1.0048562288284302","0.9735903143882751","0.9735903143882751","0.9735903143882751","1.0916974544525146","1.0916974544525146","1.0916974544525146","0.6466588973999023","0.6466588973999023","0.6466588973999023","0.46306636929512024","0.46306636929512024","0.46306636929512024","0.6149630546569824","0.6149630546569824","0.6149630546569824","4.174875259399414","4.174875259399414","4.174875259399414"
"20","3.060128688812256","3.060128688812256","3.060128688812256","1.2316303253173828","1.2316303253173828","1.2316303253173828","0.7195488214492798","0.7195488214492798","0.7195488214492798","0.7974662184715271","0.7974662184715271","0.7974662184715271","0.7267690300941467","0.7267690300941467","0.7267690300941467","0.7709885835647583","0.7709885835647583","0.7709885835647583","0.9324458241462708","0.9324458241462708","0.9324458241462708","3.8221616744995117","3.8221616744995117","3.8221616744995117"
"22","2.783748149871826","2.783748149871826","2.783748149871826","1.310349464416504","1.310349464416504","1.310349464416504","0.8188695311546326","0.8188695311546326","0.8188695311546326","0.8513098359107971","0.8513098359107971","0.8513098359107971","0.5268603563308716","0.5268603563308716","0.5268603563308716","0.662770688533783","0.662770688533783","0.662770688533783","0.8474200963973999","0.8474200963973999","0.8474200963973999","3.0935277938842773","3.0935277938842773","3.0935277938842773"
"24","2.4924919605255127","2.4924919605255127","2.4924919605255127","1.3673572540283203","1.3673572540283203","1.3673572540283203","1.0459108352661133","1.0459108352661133","1.0459108352661133","1.0287275314331055","1.0287275314331055","1.0287275314331055","0.5500499606132507","0.5500499606132507","0.5500499606132507","0.5215946435928345","0.5215946435928345","0.5215946435928345","0.7740823030471802","0.7740823030471802","0.7740823030471802","2.8622517585754395","2.8622517585754395","2.8622517585754395"
"26","2.987926483154297","2.987926483154297","2.987926483154297","1.02530837059021","1.02530837059021","1.02530837059021","0.7805242538452148","0.7805242538452148","0.7805242538452148","1.2506660223007202","1.2506660223007202","1.2506660223007202","0.518781304359436","0.518781304359436","0.518781304359436","0.611182689666748","0.611182689666748","0.611182689666748","0.7993878126144409","0.7993878126144409","0.7993878126144409","2.5262861251831055","2.5262861251831055","2.5262861251831055"
"28","2.5943524837493896","2.5943524837493896","2.5943524837493896","1.147169828414917","1.147169828414917","1.147169828414917","0.756268322467804","0.756268322467804","0.756268322467804","0.7904993891716003","0.7904993891716003","0.7904993891716003","0.3823891282081604","0.3823891282081604","0.3823891282081604","0.669603168964386","0.669603168964386","0.669603168964386","0.7597729563713074","0.7597729563713074","0.7597729563713074","2.4335784912109375","2.4335784912109375","2.4335784912109375"
"30","2.163505792617798","2.163505792617798","2.163505792617798","1.4592143297195435","1.4592143297195435","1.4592143297195435","0.8519853353500366","0.8519853353500366","0.8519853353500366","0.752443253993988","0.752443253993988","0.752443253993988","0.48749908804893494","0.48749908804893494","0.48749908804893494","0.7321653366088867","0.7321653366088867","0.7321653366088867","0.982274055480957","0.982274055480957","0.982274055480957","2.6341238021850586","2.6341238021850586","2.6341238021850586"
"32","1.946337342262268","1.946337342262268","1.946337342262268","1.2458202838897705","1.2458202838897705","1.2458202838897705","0.6894949674606323","0.6894949674606323","0.6894949674606323","0.7809356451034546","0.7809356451034546","0.7809356451034546","0.44922834634780884","0.44922834634780884","0.44922834634780884","0.749859631061554","0.749859631061554","0.749859631061554","0.9571144580841064","0.9571144580841064","0.9571144580841064","2.570326089859009","2.570326089859009","2.570326089859009"
"34","1.861771821975708","1.861771821975708","1.861771821975708","1.2543866634368896","1.2543866634368896","1.2543866634368896","0.8409171104431152","0.8409171104431152","0.8409171104431152","0.8600412607192993","0.8600412607192993","0.8600412607192993","0.32663780450820923","0.32663780450820923","0.32663780450820923","0.4270440638065338","0.4270440638065338","0.4270440638065338","0.752483606338501","0.752483606338501","0.752483606338501","1.975367546081543","1.975367546081543","1.975367546081543"
"36","2.551722288131714","2.551722288131714","2.551722288131714","1.1119720935821533","1.1119720935821533","1.1119720935821533","0.6096304655075073","0.6096304655075073","0.6096304655075073","0.4222141206264496","0.4222141206264496","0.4222141206264496","0.31502676010131836","0.31502676010131836","0.31502676010131836","0.6368167996406555","0.6368167996406555","0.6368167996406555","1.1044292449951172","1.1044292449951172","1.1044292449951172","2.979553699493408","2.979553699493408","2.979553699493408"
"38","1.9336662292480469","1.9336662292480469","1.9336662292480469","9.31362533569336","9.31362533569336","9.31362533569336","2.0539870262145996","2.0539870262145996","2.0539870262145996","0.6546328663825989","0.6546328663825989","0.6546328663825989","0.366354763507843","0.366354763507843","0.366354763507843","0.44431716203689575","0.44431716203689575","0.44431716203689575","0.7933931946754456","0.7933931946754456","0.7933931946754456","2.203078031539917","2.203078031539917","2.203078031539917"
"40","0.9504324197769165","0.9504324197769165","0.9504324197769165","1.9564775228500366","1.9564775228500366","1.9564775228500366","0.3558342456817627","0.3558342456817627","0.3558342456817627","0.36503729224205017","0.36503729224205017","0.36503729224205017","0.4082845449447632","0.4082845449447632","0.4082845449447632","0.6190330982208252","0.6190330982208252","0.6190330982208252","1.0703271627426147","1.0703271627426147","1.0703271627426147","1.7732138633728027","1.7732138633728027","1.7732138633728027"
"42","2.0393712520599365","2.0393712520599365","2.0393712520599365","1.1477924585342407","1.1477924585342407","1.1477924585342407","0.5094393491744995","0.5094393491744995","0.5094393491744995","0.4744238257408142","0.4744238257408142","0.4744238257408142","0.6014355421066284","0.6014355421066284","0.6014355421066284","0.7786387801170349","0.7786387801170349","0.7786387801170349","1.1455223560333252","1.1455223560333252","1.1455223560333252","1.542874813079834","1.542874813079834","1.542874813079834"
"44","1.2985491752624512","1.2985491752624512","1.2985491752624512","0.9744527339935303","0.9744527339935303","0.9744527339935303","0.5334675312042236","0.5334675312042236","0.5334675312042236","0.3300560712814331","0.3300560712814331","0.3300560712814331","0.3839958906173706","0.3839958906173706","0.3839958906173706","0.5097705125808716","0.5097705125808716","0.5097705125808716","1.2037732601165771","1.2037732601165771","1.2037732601165771","1.586275339126587","1.586275339126587","1.586275339126587"
"46","2.021216630935669","2.021216630935669","2.021216630935669","0.9298665523529053","0.9298665523529053","0.9298665523529053","0.7690542936325073","0.7690542936325073","0.7690542936325073","0.49871277809143066","0.49871277809143066","0.49871277809143066","0.33484476804733276","0.33484476804733276","0.33484476804733276","0.39568832516670227","0.39568832516670227","0.39568832516670227","0.6480194926261902","0.6480194926261902","0.6480194926261902","1.3272287845611572","1.3272287845611572","1.3272287845611572"
"48","1.1883776187896729","1.1883776187896729","1.1883776187896729","0.8582916855812073","0.8582916855812073","0.8582916855812073","0.5544811487197876","0.5544811487197876","0.5544811487197876","0.5032410621643066","0.5032410621643066","0.5032410621643066","0.2355358749628067","0.2355358749628067","0.2355358749628067","0.3369266390800476","0.3369266390800476","0.3369266390800476","1.0402166843414307","1.0402166843414307","1.0402166843414307","1.5350751876831055","1.5350751876831055","1.5350751876831055"
"50","0.9554002285003662","0.9554002285003662","0.9554002285003662","0.6641217470169067","0.6641217470169067","0.6641217470169067","1.043442726135254","1.043442726135254","1.043442726135254","0.30462655425071716","0.30462655425071716","0.30462655425071716","0.2515045404434204","0.2515045404434204","0.2515045404434204","0.36102378368377686","0.36102378368377686","0.36102378368377686","0.9446558356285095","0.9446558356285095","0.9446558356285095","1.4141048192977905","1.4141048192977905","1.4141048192977905"
"52","2.294828414916992","2.294828414916992","2.294828414916992","0.7683773040771484","0.7683773040771484","0.7683773040771484","0.8321170210838318","0.8321170210838318","0.8321170210838318","0.5970933437347412","0.5970933437347412","0.5970933437347412","0.41414839029312134","0.41414839029312134","0.41414839029312134","0.4364602267742157","0.4364602267742157","0.4364602267742157","0.6074233055114746","0.6074233055114746","0.6074233055114746","0.8513336181640625","0.8513336181640625","0.8513336181640625"
"54","1.5930421352386475","1.5930421352386475","1.5930421352386475","0.6765061616897583","0.6765061616897583","0.6765061616897583","0.8320338726043701","0.8320338726043701","0.8320338726043701","0.638880729675293","0.638880729675293","0.638880729675293","0.3101598918437958","0.3101598918437958","0.3101598918437958","0.4207214117050171","0.4207214117050171","0.4207214117050171","0.7963188290596008","0.7963188290596008","0.7963188290596008","1.197472095489502","1.197472095489502","1.197472095489502"
"56","1.2295167446136475","1.2295167446136475","1.2295167446136475","0.6889376044273376","0.6889376044273376","0.6889376044273376","0.5317898392677307","0.5317898392677307","0.5317898392677307","0.26369136571884155","0.26369136571884155","0.26369136571884155","0.13224384188652039","0.13224384188652039","0.13224384188652039","0.19094550609588623","0.19094550609588623","0.19094550609588623","0.8261097073554993","0.8261097073554993","0.8261097073554993","1.636352777481079","1.636352777481079","1.636352777481079"
"58","0.689002513885498","0.689002513885498","0.689002513885498","0.7738123536109924","0.7738123536109924","0.7738123536109924","0.6943976283073425","0.6943976283073425","0.6943976283073425","0.4055042862892151","0.4055042862892151","0.4055042862892151","0.37397509813308716","0.37397509813308716","0.37397509813308716","0.4527543783187866","0.4527543783187866","0.4527543783187866","0.8056949377059937","0.8056949377059937","0.8056949377059937","2.9121205806732178","2.9121205806732178","2.9121205806732178"
"60","3.119112253189087","3.119112253189087","3.119112253189087","1.0736396312713623","1.0736396312713623","1.0736396312713623","0.6792923212051392","0.6792923212051392","0.6792923212051392","0.43613627552986145","0.43613627552986145","0.43613627552986145","0.39627182483673096","0.39627182483673096","0.39627182483673096","0.5741366147994995","0.5741366147994995","0.5741366147994995","0.9370176792144775","0.9370176792144775","0.9370176792144775","1.9117770195007324","1.9117770195007324","1.9117770195007324"
"62","0.8238368630409241","0.8238368630409241","0.8238368630409241","0.8339412808418274","0.8339412808418274","0.8339412808418274","0.8957031965255737","0.8957031965255737","0.8957031965255737","0.44581690430641174","0.44581690430641174","0.44581690430641174","0.16312935948371887","0.16312935948371887","0.16312935948371887","0.4270176291465759","0.4270176291465759","0.4270176291465759","0.9734468460083008","0.9734468460083008","0.9734468460083008","2.5730948448181152","2.5730948448181152","2.5730948448181152"
"64","1.5712367296218872","1.5712367296218872","1.5712367296218872","0.938719630241394","0.938719630241394","0.938719630241394","0.9150598049163818","0.9150598049163818","0.9150598049163818","0.3777272701263428","0.3777272701263428","0.3777272701263428","0.18731380999088287","0.18731380999088287","0.18731380999088287","0.38059788942337036","0.38059788942337036","0.38059788942337036","0.8802341818809509","0.8802341818809509","0.8802341818809509","1.3255901336669922","1.3255901336669922","1.3255901336669922"
"66","0.8231642246246338","0.8231642246246338","0.8231642246246338","0.5320116281509399","0.5320116281509399","0.5320116281509399","0.4134911894798279","0.4134911894798279","0.4134911894798279","0.43036144971847534","0.43036144971847534","0.43036144971847534","0.22723104059696198","0.22723104059696198","0.22723104059696198","0.4214242100715637","0.4214242100715637","0.4214242100715637","0.9031095504760742","0.9031095504760742","0.9031095504760742","1.2406346797943115","1.2406346797943115","1.2406346797943115"
"68","0.7268198728561401","0.7268198728561401","0.7268198728561401","2.427722215652466","2.427722215652466","2.427722215652466","0.6963188648223877","0.6963188648223877","0.6963188648223877","0.40401655435562134","0.40401655435562134","0.40401655435562134","0.07832235842943192","0.07832235842943192","0.07832235842943192","0.14576825499534607","0.14576825499534607","0.14576825499534607","0.7586901187896729","0.7586901187896729","0.7586901187896729","1.1237602233886719","1.1237602233886719","1.1237602233886719"
"70","0.947627604007721","0.947627604007721","0.947627604007721","0.8279049396514893","0.8279049396514893","0.8279049396514893","0.37184903025627136","0.37184903025627136","0.37184903025627136","0.42591768503189087","0.42591768503189087","0.42591768503189087","0.1770099252462387","0.1770099252462387","0.1770099252462387","0.32339638471603394","0.32339638471603394","0.32339638471603394","0.5572435855865479","0.5572435855865479","0.5572435855865479","1.0748076438903809","1.0748076438903809","1.0748076438903809"
"72","0.588464617729187","0.588464617729187","0.588464617729187","0.9445140361785889","0.9445140361785889","0.9445140361785889","0.507317841053009","0.507317841053009","0.507317841053009","0.3926139175891876","0.3926139175891876","0.3926139175891876","0.10523169487714767","0.10523169487714767","0.10523169487714767","0.26271897554397583","0.26271897554397583","0.26271897554397583","0.8191181421279907","0.8191181421279907","0.8191181421279907","1.3232688903808594","1.3232688903808594","1.3232688903808594"
"74","0.6057106852531433","0.6057106852531433","0.6057106852531433","0.776595413684845","0.776595413684845","0.776595413684845","0.5972968339920044","0.5972968339920044","0.5972968339920044","0.39642876386642456","0.39642876386642456","0.39642876386642456","0.23230308294296265","0.23230308294296265","0.23230308294296265","0.3573981523513794","0.3573981523513794","0.3573981523513794","0.9693901538848877","0.9693901538848877","0.9693901538848877","1.416145920753479","1.416145920753479","1.416145920753479"
"76","1.0032659769058228","1.0032659769058228","1.0032659769058228","0.6653534770011902","0.6653534770011902","0.6653534770011902","0.33395034074783325","0.33395034074783325","0.33395034074783325","0.3570411503314972","0.3570411503314972","0.3570411503314972","0.04359941929578781","0.04359941929578781","0.04359941929578781","0.17773976922035217","0.17773976922035217","0.17773976922035217","2.7586472034454346","2.7586472034454346","2.7586472034454346","1.364638090133667","1.364638090133667","1.364638090133667"
"78","1.3071948289871216","1.3071948289871216","1.3071948289871216","0.7386010885238647","0.7386010885238647","0.7386010885238647","1.1187697649002075","1.1187697649002075","1.1187697649002075","0.6090651154518127","0.6090651154518127","0.6090651154518127","0.6383688449859619","0.6383688449859619","0.6383688449859619","0.6904221177101135","0.6904221177101135","0.6904221177101135","0.8872694373130798","0.8872694373130798","0.8872694373130798","1.5738344192504883","1.5738344192504883","1.5738344192504883"
"80","1.0927759408950806","1.0927759408950806","1.0927759408950806","0.7309713363647461","0.7309713363647461","0.7309713363647461","0.6788312196731567","0.6788312196731567","0.6788312196731567","0.5610520839691162","0.5610520839691162","0.5610520839691162","0.15758585929870605","0.15758585929870605","0.15758585929870605","0.24453693628311157","0.24453693628311157","0.24453693628311157","0.8595742583274841","0.8595742583274841","0.8595742583274841","0.8232526779174805","0.8232526779174805","0.8232526779174805"
"82","2.356637716293335","2.356637716293335","2.356637716293335","1.452232003211975","1.452232003211975","1.452232003211975","1.2277532815933228","1.2277532815933228","1.2277532815933228","0.8143228888511658","0.8143228888511658","0.8143228888511658","1.0519518852233887","1.0519518852233887","1.0519518852233887","1.0344583988189697","1.0344583988189697","1.0344583988189697","0.9099692106246948","0.9099692106246948","0.9099692106246948","1.056935429573059","1.056935429573059","1.056935429573059"
"84","0.9822744131088257","0.9822744131088257","0.9822744131088257","0.582345724105835","0.582345724105835","0.582345724105835","0.8872724771499634","0.8872724771499634","0.8872724771499634","0.4663327634334564","0.4663327634334564","0.4663327634334564","0.4476068317890167","0.4476068317890167","0.4476068317890167","0.5302131175994873","0.5302131175994873","0.5302131175994873","0.9418585896492004","0.9418585896492004","0.9418585896492004","1.1164993047714233","1.1164993047714233","1.1164993047714233"
"86","0.9586782455444336","0.9586782455444336","0.9586782455444336","2.204885721206665","2.204885721206665","2.204885721206665","0.3578677475452423","0.3578677475452423","0.3578677475452423","0.3168613910675049","0.3168613910675049","0.3168613910675049","0.1621628701686859","0.1621628701686859","0.1621628701686859","0.4032753109931946","0.4032753109931946","0.4032753109931946","0.7793174982070923","0.7793174982070923","0.7793174982070923","1.130842924118042","1.130842924118042","1.130842924118042"
"88","1.5044171810150146","1.5044171810150146","1.5044171810150146","0.9420931339263916","0.9420931339263916","0.9420931339263916","1.2415719032287598","1.2415719032287598","1.2415719032287598","0.6631510257720947","0.6631510257720947","0.6631510257720947","0.7229536771774292","0.7229536771774292","0.7229536771774292","0.7455343008041382","0.7455343008041382","0.7455343008041382","1.1555907726287842","1.1555907726287842","1.1555907726287842","1.392446517944336","1.392446517944336","1.392446517944336"
"90","0.6724933981895447","0.6724933981895447","0.6724933981895447","0.7479856014251709","0.7479856014251709","0.7479856014251709","0.7839767932891846","0.7839767932891846","0.7839767932891846","0.5088075399398804","0.5088075399398804","0.5088075399398804","0.21853087842464447","0.21853087842464447","0.21853087842464447","0.26259464025497437","0.26259464025497437","0.26259464025497437","0.8649948239326477","0.8649948239326477","0.8649948239326477","1.0331388711929321","1.0331388711929321","1.0331388711929321"
"92","0.8055275678634644","0.8055275678634644","0.8055275678634644","0.7953563332557678","0.7953563332557678","0.7953563332557678","0.3068771958351135","0.3068771958351135","0.3068771958351135","0.37794315814971924","0.37794315814971924","0.37794315814971924","0.262954980134964","0.262954980134964","0.262954980134964","0.27117908000946045","0.27117908000946045","0.27117908000946045","0.8204002380371094","0.8204002380371094","0.8204002380371094","1.0417661666870117","1.0417661666870117","1.0417661666870117"
"94","0.7612484693527222","0.7612484693527222","0.7612484693527222","0.4595036208629608","0.4595036208629608","0.4595036208629608","0.5025944709777832","0.5025944709777832","0.5025944709777832","0.3121154010295868","0.3121154010295868","0.3121154010295868","0.07167774438858032","0.07167774438858032","0.07167774438858032","0.14523789286613464","0.14523789286613464","0.14523789286613464","0.8288682699203491","0.8288682699203491","0.8288682699203491","0.9220081567764282","0.9220081567764282","0.9220081567764282"
"96","1.686492919921875","1.686492919921875","1.686492919921875","0.9416338205337524","0.9416338205337524","0.9416338205337524","0.895500898361206","0.895500898361206","0.895500898361206","0.6094048023223877","0.6094048023223877","0.6094048023223877","0.5337681174278259","0.5337681174278259","0.5337681174278259","0.5125059485435486","0.5125059485435486","0.5125059485435486","0.8248904943466187","0.8248904943466187","0.8248904943466187","0.9951508045196533","0.9951508045196533","0.9951508045196533"
"98","1.1243455410003662","1.1243455410003662","1.1243455410003662","0.8038674592971802","0.8038674592971802","0.8038674592971802","0.6007207036018372","0.6007207036018372","0.6007207036018372","0.5636643767356873","0.5636643767356873","0.5636643767356873","0.2906057834625244","0.2906057834625244","0.2906057834625244","0.41317278146743774","0.41317278146743774","0.41317278146743774","0.7038019299507141","0.7038019299507141","0.7038019299507141","0.9207397103309631","0.9207397103309631","0.9207397103309631"
"100","1.4916763305664062","1.4916763305664062","1.4916763305664062","0.5780348181724548","0.5780348181724548","0.5780348181724548","0.5743937492370605","0.5743937492370605","0.5743937492370605","0.5556216835975647","0.5556216835975647","0.5556216835975647","0.3054006099700928","0.3054006099700928","0.3054006099700928","0.3568129241466522","0.3568129241466522","0.3568129241466522","0.7040202617645264","0.7040202617645264","0.7040202617645264","1.3198862075805664","1.3198862075805664","1.3198862075805664"
"102","2.6916580200195312","2.6916580200195312","2.6916580200195312","0.8029696941375732","0.8029696941375732","0.8029696941375732","0.43765366077423096","0.43765366077423096","0.43765366077423096","0.5429450869560242","0.5429450869560242","0.5429450869560242","0.3522002696990967","0.3522002696990967","0.3522002696990967","0.3830867111682892","0.3830867111682892","0.3830867111682892","0.6624842882156372","0.6624842882156372","0.6624842882156372","1.0244430303573608","1.0244430303573608","1.0244430303573608"
"104","4.294922351837158","4.294922351837158","4.294922351837158","0.8562672138214111","0.8562672138214111","0.8562672138214111","0.479557067155838","0.479557067155838","0.479557067155838","0.40029847621917725","0.40029847621917725","0.40029847621917725","0.44499385356903076","0.44499385356903076","0.44499385356903076","0.5029678344726562","0.5029678344726562","0.5029678344726562","0.783613920211792","0.783613920211792","0.783613920211792","0.9841039776802063","0.9841039776802063","0.9841039776802063"
"106","1.7577433586120605","1.7577433586120605","1.7577433586120605","0.47267812490463257","0.47267812490463257","0.47267812490463257","0.5308337211608887","0.5308337211608887","0.5308337211608887","0.33200526237487793","0.33200526237487793","0.33200526237487793","0.16757133603096008","0.16757133603096008","0.16757133603096008","0.34977957606315613","0.34977957606315613","0.34977957606315613","0.4018963575363159","0.4018963575363159","0.4018963575363159","0.8297538757324219","0.8297538757324219","0.8297538757324219"
"108","1.8177752494812012","1.8177752494812012","1.8177752494812012","0.7392736077308655","0.7392736077308655","0.7392736077308655","0.5112684965133667","0.5112684965133667","0.5112684965133667","0.3756718039512634","0.3756718039512634","0.3756718039512634","0.33315205574035645","0.33315205574035645","0.33315205574035645","0.44434693455696106","0.44434693455696106","0.44434693455696106","0.8252731561660767","0.8252731561660767","0.8252731561660767","0.8403518795967102","0.8403518795967102","0.8403518795967102"
"110","1.5136327743530273","1.5136327743530273","1.5136327743530273","0.4571044445037842","0.4571044445037842","0.4571044445037842","0.16378159821033478","0.16378159821033478","0.16378159821033478","0.21813638508319855","0.21813638508319855","0.21813638508319855","0.012719715014100075","0.012719715014100075","0.012719715014100075","0.06633032858371735","0.06633032858371735","0.06633032858371735","0.5856816172599792","0.5856816172599792","0.5856816172599792","0.7619150280952454","0.7619150280952454","0.7619150280952454"
"112","1.4014241695404053","1.4014241695404053","1.4014241695404053","0.3006782531738281","0.3006782531738281","0.3006782531738281","0.3261522352695465","0.3261522352695465","0.3261522352695465","0.22142183780670166","0.22142183780670166","0.22142183780670166","0.28609681129455566","0.28609681129455566","0.28609681129455566","0.2605147957801819","0.2605147957801819","0.2605147957801819","0.48606130480766296","0.48606130480766296","0.48606130480766296","0.9903610348701477","0.9903610348701477","0.9903610348701477"
"114","1.6401106119155884","1.6401106119155884","1.6401106119155884","0.6004847288131714","0.6004847288131714","0.6004847288131714","0.5483800172805786","0.5483800172805786","0.5483800172805786","0.3716980218887329","0.3716980218887329","0.3716980218887329","0.27411335706710815","0.27411335706710815","0.27411335706710815","0.5373485088348389","0.5373485088348389","0.5373485088348389","0.7367698550224304","0.7367698550224304","0.7367698550224304","1.2435355186462402","1.2435355186462402","1.2435355186462402"
"116","1.0785202980041504","1.0785202980041504","1.0785202980041504","0.3668069541454315","0.3668069541454315","0.3668069541454315","0.27013731002807617","0.27013731002807617","0.27013731002807617","0.3055354058742523","0.3055354058742523","0.3055354058742523","0.21302442252635956","0.21302442252635956","0.21302442252635956","0.4683666229248047","0.4683666229248047","0.4683666229248047","0.6446415185928345","0.6446415185928345","0.6446415185928345","0.8623390197753906","0.8623390197753906","0.8623390197753906"
"118","1.2201800346374512","1.2201800346374512","1.2201800346374512","0.9175476431846619","0.9175476431846619","0.9175476431846619","0.6952294111251831","0.6952294111251831","0.6952294111251831","0.5437120199203491","0.5437120199203491","0.5437120199203491","0.36691418290138245","0.36691418290138245","0.36691418290138245","0.5089132785797119","0.5089132785797119","0.5089132785797119","0.7032582759857178","0.7032582759857178","0.7032582759857178","1.08955717086792","1.08955717086792","1.08955717086792"
"120","1.0836689472198486","1.0836689472198486","1.0836689472198486","0.5520758628845215","0.5520758628845215","0.5520758628845215","0.3714526295661926","0.3714526295661926","0.3714526295661926","0.39497265219688416","0.39497265219688416","0.39497265219688416","0.15375562012195587","0.15375562012195587","0.15375562012195587","0.13853494822978973","0.13853494822978973","0.13853494822978973","0.6607391834259033","0.6607391834259033","0.6607391834259033","0.9524320960044861","0.9524320960044861","0.9524320960044861"
"122","1.0720469951629639","1.0720469951629639","1.0720469951629639","0.7645103931427002","0.7645103931427002","0.7645103931427002","0.4110780954360962","0.4110780954360962","0.4110780954360962","0.28473976254463196","0.28473976254463196","0.28473976254463196","0.5271525382995605","0.5271525382995605","0.5271525382995605","0.5191810727119446","0.5191810727119446","0.5191810727119446","0.7727073431015015","0.7727073431015015","0.7727073431015015","0.9326367378234863","0.9326367378234863","0.9326367378234863"
"124","1.1481823921203613","1.1481823921203613","1.1481823921203613","0.6015039086341858","0.6015039086341858","0.6015039086341858","0.4120120406150818","0.4120120406150818","0.4120120406150818","0.357144296169281","0.357144296169281","0.357144296169281","0.07219988107681274","0.07219988107681274","0.07219988107681274","0.2878086268901825","0.2878086268901825","0.2878086268901825","0.5578625798225403","0.5578625798225403","0.5578625798225403","0.9363681077957153","0.9363681077957153","0.9363681077957153"
"126","0.8649518489837646","0.8649518489837646","0.8649518489837646","0.614679753780365","0.614679753780365","0.614679753780365","0.42138153314590454","0.42138153314590454","0.42138153314590454","0.291424423456192","0.291424423456192","0.291424423456192","0.001514340634457767","0.001514340634457767","0.001514340634457767","0.05825258046388626","0.05825258046388626","0.05825258046388626","0.455125629901886","0.455125629901886","0.455125629901886","0.8217346668243408","0.8217346668243408","0.8217346668243408"
"128","1.622133731842041","1.622133731842041","1.622133731842041","0.621325671672821","0.621325671672821","0.621325671672821","0.9983440637588501","0.9983440637588501","0.9983440637588501","0.4055846631526947","0.4055846631526947","0.4055846631526947","0.15038731694221497","0.15038731694221497","0.15038731694221497","0.43113794922828674","0.43113794922828674","0.43113794922828674","0.6238378286361694","0.6238378286361694","0.6238378286361694","0.763025164604187","0.763025164604187","0.763025164604187"
"130","0.9753561615943909","0.9753561615943909","0.9753561615943909","0.4084472060203552","0.4084472060203552","0.4084472060203552","0.6160815954208374","0.6160815954208374","0.6160815954208374","0.09700854122638702","0.09700854122638702","0.09700854122638702","0.025393959134817123","0.025393959134817123","0.025393959134817123","0.09636038541793823","0.09636038541793823","0.09636038541793823","0.3913266062736511","0.3913266062736511","0.3913266062736511","0.6590244174003601","0.6590244174003601","0.6590244174003601"
"132","1.1310690641403198","1.1310690641403198","1.1310690641403198","0.8326478600502014","0.8326478600502014","0.8326478600502014","0.49817031621932983","0.49817031621932983","0.49817031621932983","0.35683146119117737","0.35683146119117737","0.35683146119117737","0.1669313758611679","0.1669313758611679","0.1669313758611679","0.17181789875030518","0.17181789875030518","0.17181789875030518","0.5710301399230957","0.5710301399230957","0.5710301399230957","0.7848169803619385","0.7848169803619385","0.7848169803619385"
"134","1.0672506093978882","1.0672506093978882","1.0672506093978882","0.487857460975647","0.487857460975647","0.487857460975647","0.6549688577651978","0.6549688577651978","0.6549688577651978","0.1816808581352234","0.1816808581352234","0.1816808581352234","0.12673215568065643","0.12673215568065643","0.12673215568065643","0.19692137837409973","0.19692137837409973","0.19692137837409973","0.38279005885124207","0.38279005885124207","0.38279005885124207","0.7846900224685669","0.7846900224685669","0.7846900224685669"
"136","0.9018182754516602","0.9018182754516602","0.9018182754516602","0.6007575988769531","0.6007575988769531","0.6007575988769531","0.5866708755493164","0.5866708755493164","0.5866708755493164","0.2735944390296936","0.2735944390296936","0.2735944390296936","0.20890599489212036","0.20890599489212036","0.20890599489212036","0.22844409942626953","0.22844409942626953","0.22844409942626953","0.4367188513278961","0.4367188513278961","0.4367188513278961","0.7386996746063232","0.7386996746063232","0.7386996746063232"
"138","0.7094533443450928","0.7094533443450928","0.7094533443450928","0.6554732918739319","0.6554732918739319","0.6554732918739319","0.22913596034049988","0.22913596034049988","0.22913596034049988","0.4896589517593384","0.4896589517593384","0.4896589517593384","0.1392596811056137","0.1392596811056137","0.1392596811056137","0.15831619501113892","0.15831619501113892","0.15831619501113892","0.5128564834594727","0.5128564834594727","0.5128564834594727","0.786342978477478","0.786342978477478","0.786342978477478"
"140","1.2559510469436646","1.2559510469436646","1.2559510469436646","0.6218686103820801","0.6218686103820801","0.6218686103820801","0.3613314628601074","0.3613314628601074","0.3613314628601074","0.1858287751674652","0.1858287751674652","0.1858287751674652","0.15243874490261078","0.15243874490261078","0.15243874490261078","0.13422612845897675","0.13422612845897675","0.13422612845897675","0.4228459596633911","0.4228459596633911","0.4228459596633911","0.8674031496047974","0.8674031496047974","0.8674031496047974"
"142","0.8571478724479675","0.8571478724479675","0.8571478724479675","0.6257593035697937","0.6257593035697937","0.6257593035697937","0.3584211766719818","0.3584211766719818","0.3584211766719818","0.2688380777835846","0.2688380777835846","0.2688380777835846","0.1775078922510147","0.1775078922510147","0.1775078922510147","0.35452714562416077","0.35452714562416077","0.35452714562416077","0.605732798576355","0.605732798576355","0.605732798576355","0.5438892841339111","0.5438892841339111","0.5438892841339111"
"144","1.3312852382659912","1.3312852382659912","1.3312852382659912","0.5048625469207764","0.5048625469207764","0.5048625469207764","0.40928810834884644","0.40928810834884644","0.40928810834884644","0.2960197329521179","0.2960197329521179","0.2960197329521179","0.09254349768161774","0.09254349768161774","0.09254349768161774","0.07626849412918091","0.07626849412918091","0.07626849412918091","0.43564140796661377","0.43564140796661377","0.43564140796661377","0.9597711563110352","0.9597711563110352","0.9597711563110352"
"146","0.5875352621078491","0.5875352621078491","0.5875352621078491","0.6341338157653809","0.6341338157653809","0.6341338157653809","0.27182266116142273","0.27182266116142273","0.27182266116142273","0.07845881581306458","0.07845881581306458","0.07845881581306458","0.038764528930187225","0.038764528930187225","0.038764528930187225","0.03070615977048874","0.03070615977048874","0.03070615977048874","0.4420536160469055","0.4420536160469055","0.4420536160469055","0.7010998129844666","0.7010998129844666","0.7010998129844666"
"148","0.9153531789779663","0.9153531789779663","0.9153531789779663","0.48713627457618713","0.48713627457618713","0.48713627457618713","0.27185380458831787","0.27185380458831787","0.27185380458831787","0.4221988618373871","0.4221988618373871","0.4221988618373871","0.14984729886054993","0.14984729886054993","0.14984729886054993","0.28005561232566833","0.28005561232566833","0.28005561232566833","0.4426494836807251","0.4426494836807251","0.4426494836807251","0.5830203294754028","0.5830203294754028","0.5830203294754028"
"150","0.9187846183776855","0.9187846183776855","0.9187846183776855","0.6729319095611572","0.6729319095611572","0.6729319095611572","0.6369704008102417","0.6369704008102417","0.6369704008102417","0.45975831151008606","0.45975831151008606","0.45975831151008606","0.09159514307975769","0.09159514307975769","0.09159514307975769","0.09156627953052521","0.09156627953052521","0.09156627953052521","0.526310920715332","0.526310920715332","0.526310920715332","0.7237993478775024","0.7237993478775024","0.7237993478775024"
"152","0.712533712387085","0.712533712387085","0.712533712387085","0.6624727845191956","0.6624727845191956","0.6624727845191956","0.851287841796875","0.851287841796875","0.851287841796875","0.5725724697113037","0.5725724697113037","0.5725724697113037","0.32113808393478394","0.32113808393478394","0.32113808393478394","0.6857577562332153","0.6857577562332153","0.6857577562332153","0.6058456897735596","0.6058456897735596","0.6058456897735596","1.000731348991394","1.000731348991394","1.000731348991394"
"154","1.2150194644927979","1.2150194644927979","1.2150194644927979","0.5347049236297607","0.5347049236297607","0.5347049236297607","0.6176365613937378","0.6176365613937378","0.6176365613937378","0.7476816773414612","0.7476816773414612","0.7476816773414612","0.29712313413619995","0.29712313413619995","0.29712313413619995","0.43111518025398254","0.43111518025398254","0.43111518025398254","0.6907755136489868","0.6907755136489868","0.6907755136489868","0.7589607238769531","0.7589607238769531","0.7589607238769531"
"156","0.9640021324157715","0.9640021324157715","0.9640021324157715","0.665708065032959","0.665708065032959","0.665708065032959","0.41294682025909424","0.41294682025909424","0.41294682025909424","0.5265021920204163","0.5265021920204163","0.5265021920204163","0.26784688234329224","0.26784688234329224","0.26784688234329224","0.4363280236721039","0.4363280236721039","0.4363280236721039","0.4575616121292114","0.4575616121292114","0.4575616121292114","0.8966872096061707","0.8966872096061707","0.8966872096061707"
"158","0.8679553270339966","0.8679553270339966","0.8679553270339966","0.4871211349964142","0.4871211349964142","0.4871211349964142","0.3355572521686554","0.3355572521686554","0.3355572521686554","0.55610191822052","0.55610191822052","0.55610191822052","0.3239397406578064","0.3239397406578064","0.3239397406578064","0.5399127006530762","0.5399127006530762","0.5399127006530762","0.7256834506988525","0.7256834506988525","0.7256834506988525","0.6939818859100342","0.6939818859100342","0.6939818859100342"
"160","0.8814577460289001","0.8814577460289001","0.8814577460289001","0.3537439703941345","0.3537439703941345","0.3537439703941345","0.33390897512435913","0.33390897512435913","0.33390897512435913","0.31949689984321594","0.31949689984321594","0.31949689984321594","0.26237455010414124","0.26237455010414124","0.26237455010414124","0.32184985280036926","0.32184985280036926","0.32184985280036926","0.5371192693710327","0.5371192693710327","0.5371192693710327","0.811735987663269","0.811735987663269","0.811735987663269"
"162","6.055480003356934","6.055480003356934","6.055480003356934","0.47099781036376953","0.47099781036376953","0.47099781036376953","0.600788950920105","0.600788950920105","0.600788950920105","0.34878748655319214","0.34878748655319214","0.34878748655319214","0.2726282477378845","0.2726282477378845","0.2726282477378845","0.3509286642074585","0.3509286642074585","0.3509286642074585","0.7299394607543945","0.7299394607543945","0.7299394607543945","0.7620664834976196","0.7620664834976196","0.7620664834976196"
"164","1.4701918363571167","1.4701918363571167","1.4701918363571167","0.5867689847946167","0.5867689847946167","0.5867689847946167","0.41090822219848633","0.41090822219848633","0.41090822219848633","0.298479288816452","0.298479288816452","0.298479288816452","0.35801899433135986","0.35801899433135986","0.35801899433135986","0.58758145570755","0.58758145570755","0.58758145570755","0.7883614301681519","0.7883614301681519","0.7883614301681519","1.3459677696228027","1.3459677696228027","1.3459677696228027"
"166","1.1467781066894531","1.1467781066894531","1.1467781066894531","0.5596737861633301","0.5596737861633301","0.5596737861633301","0.4497191309928894","0.4497191309928894","0.4497191309928894","0.3037641644477844","0.3037641644477844","0.3037641644477844","0.12285028398036957","0.12285028398036957","0.12285028398036957","0.2828115224838257","0.2828115224838257","0.2828115224838257","0.6513604521751404","0.6513604521751404","0.6513604521751404","0.7767162322998047","0.7767162322998047","0.7767162322998047"
"168","0.9396952986717224","0.9396952986717224","0.9396952986717224","0.22941842675209045","0.22941842675209045","0.22941842675209045","0.26066309213638306","0.26066309213638306","0.26066309213638306","0.17161086201667786","0.17161086201667786","0.17161086201667786","0.036083947867155075","0.036083947867155075","0.036083947867155075","0.025778252631425858","0.025778252631425858","0.025778252631425858","0.17484484612941742","0.17484484612941742","0.17484484612941742","0.49891790747642517","0.49891790747642517","0.49891790747642517"
"170","0.5614503622055054","0.5614503622055054","0.5614503622055054","0.47011905908584595","0.47011905908584595","0.47011905908584595","0.20890703797340393","0.20890703797340393","0.20890703797340393","0.33312779664993286","0.33312779664993286","0.33312779664993286","0.04055188596248627","0.04055188596248627","0.04055188596248627","0.24116095900535583","0.24116095900535583","0.24116095900535583","0.5830274820327759","0.5830274820327759","0.5830274820327759","0.4216829538345337","0.4216829538345337","0.4216829538345337"
"172","0.9482018351554871","0.9482018351554871","0.9482018351554871","0.3685740828514099","0.3685740828514099","0.3685740828514099","0.28339171409606934","0.28339171409606934","0.28339171409606934","0.21702010929584503","0.21702010929584503","0.21702010929584503","0.17386770248413086","0.17386770248413086","0.17386770248413086","0.3698744773864746","0.3698744773864746","0.3698744773864746","0.42126181721687317","0.42126181721687317","0.42126181721687317","0.8254421949386597","0.8254421949386597","0.8254421949386597"
"174","1.2024085521697998","1.2024085521697998","1.2024085521697998","0.5261730551719666","0.5261730551719666","0.5261730551719666","0.43635034561157227","0.43635034561157227","0.43635034561157227","0.34006792306900024","0.34006792306900024","0.34006792306900024","0.19042249023914337","0.19042249023914337","0.19042249023914337","0.1628819853067398","0.1628819853067398","0.1628819853067398","0.48297908902168274","0.48297908902168274","0.48297908902168274","0.6379371881484985","0.6379371881484985","0.6379371881484985"
"176","0.8867040276527405","0.8867040276527405","0.8867040276527405","0.27994781732559204","0.27994781732559204","0.27994781732559204","0.20193412899971008","0.20193412899971008","0.20193412899971008","0.24042214453220367","0.24042214453220367","0.24042214453220367","0.17211678624153137","0.17211678624153137","0.17211678624153137","0.14797866344451904","0.14797866344451904","0.14797866344451904","0.41510719060897827","0.41510719060897827","0.41510719060897827","0.41672030091285706","0.41672030091285706","0.41672030091285706"
"178","0.9492659568786621","0.9492659568786621","0.9492659568786621","0.17623169720172882","0.17623169720172882","0.17623169720172882","0.15218482911586761","0.15218482911586761","0.15218482911586761","0.11477528512477875","0.11477528512477875","0.11477528512477875","0.09220640361309052","0.09220640361309052","0.09220640361309052","0.21766000986099243","0.21766000986099243","0.21766000986099243","0.2694858908653259","0.2694858908653259","0.2694858908653259","0.37646108865737915","0.37646108865737915","0.37646108865737915"
"180","0.8619166612625122","0.8619166612625122","0.8619166612625122","0.5056490302085876","0.5056490302085876","0.5056490302085876","0.29672640562057495","0.29672640562057495","0.29672640562057495","0.6198645830154419","0.6198645830154419","0.6198645830154419","0.18459784984588623","0.18459784984588623","0.18459784984588623","0.341744601726532","0.341744601726532","0.341744601726532","0.4609481692314148","0.4609481692314148","0.4609481692314148","0.6932083368301392","0.6932083368301392","0.6932083368301392"
"182","6.289135932922363","6.289135932922363","6.289135932922363","0.6447241306304932","0.6447241306304932","0.6447241306304932","0.4063813090324402","0.4063813090324402","0.4063813090324402","0.5435961484909058","0.5435961484909058","0.5435961484909058","0.14287154376506805","0.14287154376506805","0.14287154376506805","0.1439369022846222","0.1439369022846222","0.1439369022846222","0.34824496507644653","0.34824496507644653","0.34824496507644653","0.5885493755340576","0.5885493755340576","0.5885493755340576"
"184","0.9435817003250122","0.9435817003250122","0.9435817003250122","0.5802833437919617","0.5802833437919617","0.5802833437919617","0.2903836667537689","0.2903836667537689","0.2903836667537689","0.5399431586265564","0.5399431586265564","0.5399431586265564","0.22460968792438507","0.22460968792438507","0.22460968792438507","0.2521389126777649","0.2521389126777649","0.2521389126777649","0.6776207685470581","0.6776207685470581","0.6776207685470581","0.5711477994918823","0.5711477994918823","0.5711477994918823"
"186","0.7056469917297363","0.7056469917297363","0.7056469917297363","0.47028425335884094","0.47028425335884094","0.47028425335884094","0.3139120638370514","0.3139120638370514","0.3139120638370514","0.27925828099250793","0.27925828099250793","0.27925828099250793","0.1349656581878662","0.1349656581878662","0.1349656581878662","0.27980542182922363","0.27980542182922363","0.27980542182922363","0.3552624583244324","0.3552624583244324","0.3552624583244324","0.5156629085540771","0.5156629085540771","0.5156629085540771"
"188","0.8598789572715759","0.8598789572715759","0.8598789572715759","0.37317711114883423","0.37317711114883423","0.37317711114883423","0.31654632091522217","0.31654632091522217","0.31654632091522217","0.4016408920288086","0.4016408920288086","0.4016408920288086","0.24481728672981262","0.24481728672981262","0.24481728672981262","0.38870930671691895","0.38870930671691895","0.38870930671691895","0.38581424951553345","0.38581424951553345","0.38581424951553345","0.5575292706489563","0.5575292706489563","0.5575292706489563"
"190","0.7754448652267456","0.7754448652267456","0.7754448652267456","0.7114334106445312","0.7114334106445312","0.7114334106445312","0.4471082091331482","0.4471082091331482","0.4471082091331482","0.347434401512146","0.347434401512146","0.347434401512146","0.14765280485153198","0.14765280485153198","0.14765280485153198","0.2706177234649658","0.2706177234649658","0.2706177234649658","0.5731124877929688","0.5731124877929688","0.5731124877929688","0.7938501238822937","0.7938501238822937","0.7938501238822937"
"192","0.8052411675453186","0.8052411675453186","0.8052411675453186","0.48038753867149353","0.48038753867149353","0.48038753867149353","0.2990531325340271","0.2990531325340271","0.2990531325340271","0.35219627618789673","0.35219627618789673","0.35219627618789673","0.23583537340164185","0.23583537340164185","0.23583537340164185","0.31355077028274536","0.31355077028274536","0.31355077028274536","0.6039702892303467","0.6039702892303467","0.6039702892303467","0.6795632243156433","0.6795632243156433","0.6795632243156433"
"194","0.6375815272331238","0.6375815272331238","0.6375815272331238","0.25298774242401123","0.25298774242401123","0.25298774242401123","0.3861817419528961","0.3861817419528961","0.3861817419528961","0.3464409112930298","0.3464409112930298","0.3464409112930298","0.10651779919862747","0.10651779919862747","0.10651779919862747","0.18912380933761597","0.18912380933761597","0.18912380933761597","0.22407326102256775","0.22407326102256775","0.22407326102256775","0.5577169060707092","0.5577169060707092","0.5577169060707092"
"196","0.8491853475570679","0.8491853475570679","0.8491853475570679","0.5928828120231628","0.5928828120231628","0.5928828120231628","0.5121665596961975","0.5121665596961975","0.5121665596961975","0.5240978002548218","0.5240978002548218","0.5240978002548218","0.6981662511825562","0.6981662511825562","0.6981662511825562","0.674963653087616","0.674963653087616","0.674963653087616","0.9642713665962219","0.9642713665962219","0.9642713665962219","0.5921748876571655","0.5921748876571655","0.5921748876571655"
"198","0.765163779258728","0.765163779258728","0.765163779258728","0.5639117360115051","0.5639117360115051","0.5639117360115051","0.2809266746044159","0.2809266746044159","0.2809266746044159","0.30109289288520813","0.30109289288520813","0.30109289288520813","0.012345736846327782","0.012345736846327782","0.012345736846327782","0.17219002544879913","0.17219002544879913","0.17219002544879913","0.39928892254829407","0.39928892254829407","0.39928892254829407","0.5171749591827393","0.5171749591827393","0.5171749591827393"
"200","0.7320265173912048","0.7320265173912048","0.7320265173912048","0.6643157005310059","0.6643157005310059","0.6643157005310059","0.20795994997024536","0.20795994997024536","0.20795994997024536","0.19890660047531128","0.19890660047531128","0.19890660047531128","0.0795174241065979","0.0795174241065979","0.0795174241065979","0.1240980327129364","0.1240980327129364","0.1240980327129364","0.6514554023742676","0.6514554023742676","0.6514554023742676","0.487903356552124","0.487903356552124","0.487903356552124"
"202","0.6798753142356873","0.6798753142356873","0.6798753142356873","0.5403620004653931","0.5403620004653931","0.5403620004653931","0.22215726971626282","0.22215726971626282","0.22215726971626282","0.22031378746032715","0.22031378746032715","0.22031378746032715","0.08935857564210892","0.08935857564210892","0.08935857564210892","0.21719369292259216","0.21719369292259216","0.21719369292259216","0.5351387858390808","0.5351387858390808","0.5351387858390808","0.8730414509773254","0.8730414509773254","0.8730414509773254"
"204","0.7636851072311401","0.7636851072311401","0.7636851072311401","0.6849733591079712","0.6849733591079712","0.6849733591079712","0.3474484086036682","0.3474484086036682","0.3474484086036682","0.3876174986362457","0.3876174986362457","0.3876174986362457","0.1992667019367218","0.1992667019367218","0.1992667019367218","0.1652309000492096","0.1652309000492096","0.1652309000492096","0.9221670627593994","0.9221670627593994","0.9221670627593994","0.7011098861694336","0.7011098861694336","0.7011098861694336"
"206","0.7599837779998779","0.7599837779998779","0.7599837779998779","0.45500826835632324","0.45500826835632324","0.45500826835632324","0.4993102550506592","0.4993102550506592","0.4993102550506592","0.3628036379814148","0.3628036379814148","0.3628036379814148","0.11538246273994446","0.11538246273994446","0.11538246273994446","0.22412022948265076","0.22412022948265076","0.22412022948265076","0.4245082437992096","0.4245082437992096","0.4245082437992096","0.5172488689422607","0.5172488689422607","0.5172488689422607"
"208","0.5912806987762451","0.5912806987762451","0.5912806987762451","0.6966183185577393","0.6966183185577393","0.6966183185577393","0.1908402442932129","0.1908402442932129","0.1908402442932129","0.20800045132637024","0.20800045132637024","0.20800045132637024","0.12693941593170166","0.12693941593170166","0.12693941593170166","0.179128497838974","0.179128497838974","0.179128497838974","0.3783843219280243","0.3783843219280243","0.3783843219280243","0.3630381226539612","0.3630381226539612","0.3630381226539612"
"210","0.7439655065536499","0.7439655065536499","0.7439655065536499","0.27077198028564453","0.27077198028564453","0.27077198028564453","0.28736990690231323","0.28736990690231323","0.28736990690231323","0.24764667451381683","0.24764667451381683","0.24764667451381683","0.06518751382827759","0.06518751382827759","0.06518751382827759","0.09510228037834167","0.09510228037834167","0.09510228037834167","0.5197868347167969","0.5197868347167969","0.5197868347167969","0.41958558559417725","0.41958558559417725","0.41958558559417725"
"212","0.6462927460670471","0.6462927460670471","0.6462927460670471","0.17553426325321198","0.17553426325321198","0.17553426325321198","0.3406054675579071","0.3406054675579071","0.3406054675579071","0.29927125573158264","0.29927125573158264","0.29927125573158264","0.202631413936615","0.202631413936615","0.202631413936615","0.35570505261421204","0.35570505261421204","0.35570505261421204","0.5234297513961792","0.5234297513961792","0.5234297513961792","0.8991338610649109","0.8991338610649109","0.8991338610649109"
"214","1.1739217042922974","1.1739217042922974","1.1739217042922974","0.6826937198638916","0.6826937198638916","0.6826937198638916","0.2691759467124939","0.2691759467124939","0.2691759467124939","0.4359237551689148","0.4359237551689148","0.4359237551689148","0.1581719070672989","0.1581719070672989","0.1581719070672989","0.13497669994831085","0.13497669994831085","0.13497669994831085","0.5730488300323486","0.5730488300323486","0.5730488300323486","0.5341281890869141","0.5341281890869141","0.5341281890869141"
"216","0.8738536834716797","0.8738536834716797","0.8738536834716797","0.44494086503982544","0.44494086503982544","0.44494086503982544","0.23836129903793335","0.23836129903793335","0.23836129903793335","0.25267094373703003","0.25267094373703003","0.25267094373703003","0.04042349010705948","0.04042349010705948","0.04042349010705948","0.13884475827217102","0.13884475827217102","0.13884475827217102","0.44409143924713135","0.44409143924713135","0.44409143924713135","0.898028552532196","0.898028552532196","0.898028552532196"
"218","1.3807756900787354","1.3807756900787354","1.3807756900787354","0.4665980041027069","0.4665980041027069","0.4665980041027069","0.3129618167877197","0.3129618167877197","0.3129618167877197","0.5741128921508789","0.5741128921508789","0.5741128921508789","0.20825675129890442","0.20825675129890442","0.20825675129890442","0.4448434114456177","0.4448434114456177","0.4448434114456177","0.3503453731536865","0.3503453731536865","0.3503453731536865","0.5649316310882568","0.5649316310882568","0.5649316310882568"
"220","0.6964391469955444","0.6964391469955444","0.6964391469955444","0.39272913336753845","0.39272913336753845","0.39272913336753845","0.5970230102539062","0.5970230102539062","0.5970230102539062","0.4801796078681946","0.4801796078681946","0.4801796078681946","0.22961564362049103","0.22961564362049103","0.22961564362049103","0.3069694936275482","0.3069694936275482","0.3069694936275482","0.4097481966018677","0.4097481966018677","0.4097481966018677","0.44830530881881714","0.44830530881881714","0.44830530881881714"
"222","0.4916249215602875","0.4916249215602875","0.4916249215602875","0.8495369553565979","0.8495369553565979","0.8495369553565979","0.5585476756095886","0.5585476756095886","0.5585476756095886","0.39093828201293945","0.39093828201293945","0.39093828201293945","0.11889562010765076","0.11889562010765076","0.11889562010765076","0.31850266456604004","0.31850266456604004","0.31850266456604004","0.3354201912879944","0.3354201912879944","0.3354201912879944","0.7734208703041077","0.7734208703041077","0.7734208703041077"
"224","1.624286413192749","1.624286413192749","1.624286413192749","0.3752959370613098","0.3752959370613098","0.3752959370613098","0.44219011068344116","0.44219011068344116","0.44219011068344116","0.4602772891521454","0.4602772891521454","0.4602772891521454","0.0929577648639679","0.0929577648639679","0.0929577648639679","0.11590179800987244","0.11590179800987244","0.11590179800987244","0.4908007085323334","0.4908007085323334","0.4908007085323334","0.6229982376098633","0.6229982376098633","0.6229982376098633"
"226","1.196601390838623","1.196601390838623","1.196601390838623","0.34078696370124817","0.34078696370124817","0.34078696370124817","0.28086337447166443","0.28086337447166443","0.28086337447166443","0.2517433762550354","0.2517433762550354","0.2517433762550354","0.4219653308391571","0.4219653308391571","0.4219653308391571","0.4084637761116028","0.4084637761116028","0.4084637761116028","0.5698785781860352","0.5698785781860352","0.5698785781860352","0.5652633905410767","0.5652633905410767","0.5652633905410767"
"228","0.8919694423675537","0.8919694423675537","0.8919694423675537","0.47425058484077454","0.47425058484077454","0.47425058484077454","0.2111733853816986","0.2111733853816986","0.2111733853816986","0.2436860203742981","0.2436860203742981","0.2436860203742981","0.1887425184249878","0.1887425184249878","0.1887425184249878","0.22433507442474365","0.22433507442474365","0.22433507442474365","0.2552165389060974","0.2552165389060974","0.2552165389060974","0.5425095558166504","0.5425095558166504","0.5425095558166504"
"230","0.7349162101745605","0.7349162101745605","0.7349162101745605","0.3448231816291809","0.3448231816291809","0.3448231816291809","0.2847408950328827","0.2847408950328827","0.2847408950328827","0.332941472530365","0.332941472530365","0.332941472530365","0.06593755632638931","0.06593755632638931","0.06593755632638931","0.11054227501153946","0.11054227501153946","0.11054227501153946","0.5847105979919434","0.5847105979919434","0.5847105979919434","0.4790593385696411","0.4790593385696411","0.4790593385696411"