"Step","VOWELS_FILTER_b5_dual_waveform_bs16 - prior_loss_s","VOWELS_FILTER_b5_dual_waveform_bs16 - prior_loss_s__MIN","VOWELS_FILTER_b5_dual_waveform_bs16 - prior_loss_s__MAX","VOWELS_FILTER_b1_dual_waveform_bs16 - prior_loss_s","VOWELS_FILTER_b1_dual_waveform_bs16 - prior_loss_s__MIN","VOWELS_FILTER_b1_dual_waveform_bs16 - prior_loss_s__MAX","VOWELS_FILTER_b0.1_dual_waveform_bs16 - prior_loss_s","VOWELS_FILTER_b0.1_dual_waveform_bs16 - prior_loss_s__MIN","VOWELS_FILTER_b0.1_dual_waveform_bs16 - prior_loss_s__MAX","VOWELS_FILTER_b0_dual_waveform_bs16 - prior_loss_s","VOWELS_FILTER_b0_dual_waveform_bs16 - prior_loss_s__MIN","VOWELS_FILTER_b0_dual_waveform_bs16 - prior_loss_s__MAX","VOWELS_FILTER_b0_DUAL_bs16 - prior_loss_s","VOWELS_FILTER_b0_DUAL_bs16 - prior_loss_s__MIN","VOWELS_FILTER_b0_DUAL_bs16 - prior_loss_s__MAX","VOWELS_FILTER_b0.1_DUAL_bs16 - prior_loss_s","VOWELS_FILTER_b0.1_DUAL_bs16 - prior_loss_s__MIN","VOWELS_FILTER_b0.1_DUAL_bs16 - prior_loss_s__MAX","VOWELS_FILTER_b1_DUAL_bs16 - prior_loss_s","VOWELS_FILTER_b1_DUAL_bs16 - prior_loss_s__MIN","VOWELS_FILTER_b1_DUAL_bs16 - prior_loss_s__MAX","VOWELS_FILTER_B5_DEFAULTS_DUAL_bs16 - prior_loss_s","VOWELS_FILTER_B5_DEFAULTS_DUAL_bs16 - prior_loss_s__MIN","VOWELS_FILTER_B5_DEFAULTS_DUAL_bs16 - prior_loss_s__MAX"
"0","115.55801391601562","115.55801391601562","115.55801391601562","30.639892578125","30.639892578125","30.639892578125","11.210055351257324","11.210055351257324","11.210055351257324","0","0","0","0","0","0","8.062528610229492","8.062528610229492","8.062528610229492","28.70149040222168","28.70149040222168","28.70149040222168","122.12191772460938","122.12191772460938","122.12191772460938"
"2","22.799476623535156","22.799476623535156","22.799476623535156","6.946000576019287","6.946000576019287","6.946000576019287","2.703195095062256","2.703195095062256","2.703195095062256","0","0","0","0","0","0","1.6742926836013794","1.6742926836013794","1.6742926836013794","5.480450630187988","5.480450630187988","5.480450630187988","25.212154388427734","25.212154388427734","25.212154388427734"
"4","15.188008308410645","15.188008308410645","15.188008308410645","3.7531137466430664","3.7531137466430664","3.7531137466430664","1.3451645374298096","1.3451645374298096","1.3451645374298096","0","0","0","0","0","0","1.1505153179168701","1.1505153179168701","1.1505153179168701","2.8575778007507324","2.8575778007507324","2.8575778007507324","12.318163871765137","12.318163871765137","12.318163871765137"
"6","12.27743911743164","12.27743911743164","12.27743911743164","2.4265317916870117","2.4265317916870117","2.4265317916870117","1.1678364276885986","1.1678364276885986","1.1678364276885986","0","0","0","0","0","0","1.2059440612792969","1.2059440612792969","1.2059440612792969","2.8274803161621094","2.8274803161621094","2.8274803161621094","18.779069900512695","18.779069900512695","18.779069900512695"
"8","13.6094388961792","13.6094388961792","13.6094388961792","1.9486308097839355","1.9486308097839355","1.9486308097839355","0.7944568991661072","0.7944568991661072","0.7944568991661072","0","0","0","0","0","0","0.7431864738464355","0.7431864738464355","0.7431864738464355","2.245572090148926","2.245572090148926","2.245572090148926","8.921697616577148","8.921697616577148","8.921697616577148"
"10","12.135624885559082","12.135624885559082","12.135624885559082","2.333876609802246","2.333876609802246","2.333876609802246","0.5362838506698608","0.5362838506698608","0.5362838506698608","0","0","0","0","0","0","0.8388468623161316","0.8388468623161316","0.8388468623161316","3.6414413452148438","3.6414413452148438","3.6414413452148438","10.930374145507812","10.930374145507812","10.930374145507812"
"12","5.710855007171631","5.710855007171631","5.710855007171631","2.128159999847412","2.128159999847412","2.128159999847412","0.6116300821304321","0.6116300821304321","0.6116300821304321","0","0","0","0","0","0","0.7974055409431458","0.7974055409431458","0.7974055409431458","4.834053039550781","4.834053039550781","4.834053039550781","15.07905101776123","15.07905101776123","15.07905101776123"
"14","13.317450523376465","13.317450523376465","13.317450523376465","2.606532096862793","2.606532096862793","2.606532096862793","0.49904465675354004","0.49904465675354004","0.49904465675354004","0","0","0","0","0","0","0.3704744577407837","0.3704744577407837","0.3704744577407837","3.9996862411499023","3.9996862411499023","3.9996862411499023","10.20820426940918","10.20820426940918","10.20820426940918"
"16","13.558119773864746","13.558119773864746","13.558119773864746","2.3179798126220703","2.3179798126220703","2.3179798126220703","0.47738999128341675","0.47738999128341675","0.47738999128341675","0","0","0","0","0","0","0.25664806365966797","0.25664806365966797","0.25664806365966797","2.81362247467041","2.81362247467041","2.81362247467041","12.364506721496582","12.364506721496582","12.364506721496582"
"18","12.70011043548584","12.70011043548584","12.70011043548584","2.8968214988708496","2.8968214988708496","2.8968214988708496","0.19808918237686157","0.19808918237686157","0.19808918237686157","0","0","0","0","0","0","0.29983431100845337","0.29983431100845337","0.29983431100845337","6.670811653137207","6.670811653137207","6.670811653137207","17.850339889526367","17.850339889526367","17.850339889526367"
"20","14.969751358032227","14.969751358032227","14.969751358032227","2.275484800338745","2.275484800338745","2.275484800338745","0.6461846828460693","0.6461846828460693","0.6461846828460693","0","0","0","0","0","0","0.47340452671051025","0.47340452671051025","0.47340452671051025","2.7582736015319824","2.7582736015319824","2.7582736015319824","8.431315422058105","8.431315422058105","8.431315422058105"
"22","19.022480010986328","19.022480010986328","19.022480010986328","1.3961553573608398","1.3961553573608398","1.3961553573608398","0.46335697174072266","0.46335697174072266","0.46335697174072266","0","0","0","0","0","0","0.19944190979003906","0.19944190979003906","0.19944190979003906","2.6138038635253906","2.6138038635253906","2.6138038635253906","9.934290885925293","9.934290885925293","9.934290885925293"
"24","9.445131301879883","9.445131301879883","9.445131301879883","0.8922934532165527","0.8922934532165527","0.8922934532165527","0.13786107301712036","0.13786107301712036","0.13786107301712036","0","0","0","0","0","0","0.26799291372299194","0.26799291372299194","0.26799291372299194","3.1893670558929443","3.1893670558929443","3.1893670558929443","7.555201530456543","7.555201530456543","7.555201530456543"
"26","7.189586639404297","7.189586639404297","7.189586639404297","2.0014615058898926","2.0014615058898926","2.0014615058898926","0.5078867077827454","0.5078867077827454","0.5078867077827454","0","0","0","0","0","0","0.18700093030929565","0.18700093030929565","0.18700093030929565","2.687856674194336","2.687856674194336","2.687856674194336","8.526102066040039","8.526102066040039","8.526102066040039"
"28","14.469697952270508","14.469697952270508","14.469697952270508","2.861478805541992","2.861478805541992","2.861478805541992","0.2508789300918579","0.2508789300918579","0.2508789300918579","0","0","0","0","0","0","0.4228970408439636","0.4228970408439636","0.4228970408439636","3.3730149269104004","3.3730149269104004","3.3730149269104004","9.227007865905762","9.227007865905762","9.227007865905762"
"30","26.87041473388672","26.87041473388672","26.87041473388672","2.135136604309082","2.135136604309082","2.135136604309082","1.529342532157898","1.529342532157898","1.529342532157898","0","0","0","0","0","0","0.48663556575775146","0.48663556575775146","0.48663556575775146","3.1492292881011963","3.1492292881011963","3.1492292881011963","11.865735054016113","11.865735054016113","11.865735054016113"
"32","11.510848999023438","11.510848999023438","11.510848999023438","3.3073723316192627","3.3073723316192627","3.3073723316192627","0.3795018792152405","0.3795018792152405","0.3795018792152405","0","0","0","0","0","0","0.3234347701072693","0.3234347701072693","0.3234347701072693","2.7753233909606934","2.7753233909606934","2.7753233909606934","16.42064666748047","16.42064666748047","16.42064666748047"
"34","13.814166069030762","13.814166069030762","13.814166069030762","3.0229032039642334","3.0229032039642334","3.0229032039642334","0.6010180711746216","0.6010180711746216","0.6010180711746216","0","0","0","0","0","0","0.45257359743118286","0.45257359743118286","0.45257359743118286","2.0320205688476562","2.0320205688476562","2.0320205688476562","11.033162117004395","11.033162117004395","11.033162117004395"
"36","10.70268440246582","10.70268440246582","10.70268440246582","3.657066822052002","3.657066822052002","3.657066822052002","0.37804096937179565","0.37804096937179565","0.37804096937179565","0","0","0","0","0","0","0.22189170122146606","0.22189170122146606","0.22189170122146606","2.2655277252197266","2.2655277252197266","2.2655277252197266","12.007370948791504","12.007370948791504","12.007370948791504"
"38","10.28294849395752","10.28294849395752","10.28294849395752","2.0677833557128906","2.0677833557128906","2.0677833557128906","0.1990675926208496","0.1990675926208496","0.1990675926208496","0","0","0","0","0","0","0.2635049819946289","0.2635049819946289","0.2635049819946289","1.6784250736236572","1.6784250736236572","1.6784250736236572","3.7546753883361816","3.7546753883361816","3.7546753883361816"
"40","9.201705932617188","9.201705932617188","9.201705932617188","0.7014274597167969","0.7014274597167969","0.7014274597167969","0.08886128664016724","0.08886128664016724","0.08886128664016724","0","0","0","0","0","0","0.23753046989440918","0.23753046989440918","0.23753046989440918","1.969417929649353","1.969417929649353","1.969417929649353","4.334494590759277","4.334494590759277","4.334494590759277"
"42","3.9575695991516113","3.9575695991516113","3.9575695991516113","0.8654803037643433","0.8654803037643433","0.8654803037643433","0.12970447540283203","0.12970447540283203","0.12970447540283203","0","0","0","0","0","0","0.30328571796417236","0.30328571796417236","0.30328571796417236","1.7657041549682617","1.7657041549682617","1.7657041549682617","10.926365852355957","10.926365852355957","10.926365852355957"
"44","8.35531997680664","8.35531997680664","8.35531997680664","1.4192700386047363","1.4192700386047363","1.4192700386047363","0.06073564291000366","0.06073564291000366","0.06073564291000366","0","0","0","0","0","0","0.07692843675613403","0.07692843675613403","0.07692843675613403","1.7840057611465454","1.7840057611465454","1.7840057611465454","9.117737770080566","9.117737770080566","9.117737770080566"
"46","7.439226150512695","7.439226150512695","7.439226150512695","0.5334347486495972","0.5334347486495972","0.5334347486495972","0.10232806205749512","0.10232806205749512","0.10232806205749512","0","0","0","0","0","0","0.3111603856086731","0.3111603856086731","0.3111603856086731","1.5190094709396362","1.5190094709396362","1.5190094709396362","2.2109599113464355","2.2109599113464355","2.2109599113464355"
"48","7.478385925292969","7.478385925292969","7.478385925292969","1.1471539735794067","1.1471539735794067","1.1471539735794067","0.20897209644317627","0.20897209644317627","0.20897209644317627","0","0","0","0","0","0","0.06730318069458008","0.06730318069458008","0.06730318069458008","0.31096935272216797","0.31096935272216797","0.31096935272216797","2.1579413414001465","2.1579413414001465","2.1579413414001465"
"50","3.496706485748291","3.496706485748291","3.496706485748291","1.3047605752944946","1.3047605752944946","1.3047605752944946","0.23849427700042725","0.23849427700042725","0.23849427700042725","0","0","0","0","0","0","0.08734375238418579","0.08734375238418579","0.08734375238418579","2.5629072189331055","2.5629072189331055","2.5629072189331055","8.254379272460938","8.254379272460938","8.254379272460938"
"52","4.501938819885254","4.501938819885254","4.501938819885254","0.5138963460922241","0.5138963460922241","0.5138963460922241","0.11026531457901001","0.11026531457901001","0.11026531457901001","0","0","0","0","0","0","0.06695717573165894","0.06695717573165894","0.06695717573165894","0.3785163164138794","0.3785163164138794","0.3785163164138794","3.688246011734009","3.688246011734009","3.688246011734009"
"54","3.4321248531341553","3.4321248531341553","3.4321248531341553","1.1246562004089355","1.1246562004089355","1.1246562004089355","0.056611597537994385","0.056611597537994385","0.056611597537994385","0","0","0","0","0","0","0.09553015232086182","0.09553015232086182","0.09553015232086182","1.9533514976501465","1.9533514976501465","1.9533514976501465","5.283653736114502","5.283653736114502","5.283653736114502"
"56","3.2927393913269043","3.2927393913269043","3.2927393913269043","0.6611019372940063","0.6611019372940063","0.6611019372940063","0.07085144519805908","0.07085144519805908","0.07085144519805908","0","0","0","0","0","0","0.1906031370162964","0.1906031370162964","0.1906031370162964","0.12136995792388916","0.12136995792388916","0.12136995792388916","4.512816429138184","4.512816429138184","4.512816429138184"
"58","6.6134033203125","6.6134033203125","6.6134033203125","2.6285438537597656","2.6285438537597656","2.6285438537597656","0.2547922730445862","0.2547922730445862","0.2547922730445862","0","0","0","0","0","0","0.2185705304145813","0.2185705304145813","0.2185705304145813","0.1668781042098999","0.1668781042098999","0.1668781042098999","7.6012163162231445","7.6012163162231445","7.6012163162231445"
"60","3.486067056655884","3.486067056655884","3.486067056655884","1.0184288024902344","1.0184288024902344","1.0184288024902344","0.06447136402130127","0.06447136402130127","0.06447136402130127","0","0","0","0","0","0","0.06606370210647583","0.06606370210647583","0.06606370210647583","0.19880831241607666","0.19880831241607666","0.19880831241607666","5.886957168579102","5.886957168579102","5.886957168579102"
"62","4.857152938842773","4.857152938842773","4.857152938842773","0.41801929473876953","0.41801929473876953","0.41801929473876953","0.03412902355194092","0.03412902355194092","0.03412902355194092","0","0","0","0","0","0","0.0371396541595459","0.0371396541595459","0.0371396541595459","0.33116042613983154","0.33116042613983154","0.33116042613983154","5.333468437194824","5.333468437194824","5.333468437194824"
"64","3.2388715744018555","3.2388715744018555","3.2388715744018555","0.5698263645172119","0.5698263645172119","0.5698263645172119","0.03382086753845215","0.03382086753845215","0.03382086753845215","0","0","0","0","0","0","0.04533916711807251","0.04533916711807251","0.04533916711807251","0.35588741302490234","0.35588741302490234","0.35588741302490234","1.4197081327438354","1.4197081327438354","1.4197081327438354"
"66","2.3740081787109375","2.3740081787109375","2.3740081787109375","0.3111690282821655","0.3111690282821655","0.3111690282821655","0.0670403242111206","0.0670403242111206","0.0670403242111206","0","0","0","0","0","0","0.06546527147293091","0.06546527147293091","0.06546527147293091","0.5260556936264038","0.5260556936264038","0.5260556936264038","3.9800853729248047","3.9800853729248047","3.9800853729248047"
"68","3.275156021118164","3.275156021118164","3.275156021118164","0.9302914142608643","0.9302914142608643","0.9302914142608643","0.022409260272979736","0.022409260272979736","0.022409260272979736","0","0","0","0","0","0","0.0714448094367981","0.0714448094367981","0.0714448094367981","0.6388664245605469","0.6388664245605469","0.6388664245605469","1.646474003791809","1.646474003791809","1.646474003791809"
"70","3.836050510406494","3.836050510406494","3.836050510406494","0.8357733488082886","0.8357733488082886","0.8357733488082886","0.05694001913070679","0.05694001913070679","0.05694001913070679","0","0","0","0","0","0","0.08089542388916016","0.08089542388916016","0.08089542388916016","0.9196072816848755","0.9196072816848755","0.9196072816848755","5.318016052246094","5.318016052246094","5.318016052246094"
"72","6.219208240509033","6.219208240509033","6.219208240509033","1.3367384672164917","1.3367384672164917","1.3367384672164917","0.1148417592048645","0.1148417592048645","0.1148417592048645","0","0","0","0","0","0","0.1859527826309204","0.1859527826309204","0.1859527826309204","1.3600021600723267","1.3600021600723267","1.3600021600723267","7.491454601287842","7.491454601287842","7.491454601287842"
"74","4.533499717712402","4.533499717712402","4.533499717712402","0.27044713497161865","0.27044713497161865","0.27044713497161865","0.03556340932846069","0.03556340932846069","0.03556340932846069","0","0","0","0","0","0","0.05449950695037842","0.05449950695037842","0.05449950695037842","1.11217200756073","1.11217200756073","1.11217200756073","4.613027095794678","4.613027095794678","4.613027095794678"
"76","3.7108957767486572","3.7108957767486572","3.7108957767486572","1.1128604412078857","1.1128604412078857","1.1128604412078857","0.031428635120391846","0.031428635120391846","0.031428635120391846","0","0","0","0","0","0","0.08903622627258301","0.08903622627258301","0.08903622627258301","0.9497970342636108","0.9497970342636108","0.9497970342636108","4.291028022766113","4.291028022766113","4.291028022766113"
"78","2.4399609565734863","2.4399609565734863","2.4399609565734863","0.15884339809417725","0.15884339809417725","0.15884339809417725","0.028145015239715576","0.028145015239715576","0.028145015239715576","0","0","0","0","0","0","0.13310104608535767","0.13310104608535767","0.13310104608535767","0.8119493722915649","0.8119493722915649","0.8119493722915649","2.5066285133361816","2.5066285133361816","2.5066285133361816"
"80","2.5458931922912598","2.5458931922912598","2.5458931922912598","0.23001134395599365","0.23001134395599365","0.23001134395599365","0.13036876916885376","0.13036876916885376","0.13036876916885376","0","0","0","0","0","0","0.08313238620758057","0.08313238620758057","0.08313238620758057","1.6884833574295044","1.6884833574295044","1.6884833574295044","3.2995641231536865","3.2995641231536865","3.2995641231536865"
"82","5.350068092346191","5.350068092346191","5.350068092346191","0.3237515687942505","0.3237515687942505","0.3237515687942505","0.05673021078109741","0.05673021078109741","0.05673021078109741","0","0","0","0","0","0","0.02881556749343872","0.02881556749343872","0.02881556749343872","0.3873676061630249","0.3873676061630249","0.3873676061630249","2.33536958694458","2.33536958694458","2.33536958694458"
"84","4.275500774383545","4.275500774383545","4.275500774383545","0.531470775604248","0.531470775604248","0.531470775604248","0.04624009132385254","0.04624009132385254","0.04624009132385254","0","0","0","0","0","0","0.051110684871673584","0.051110684871673584","0.051110684871673584","0.1686304807662964","0.1686304807662964","0.1686304807662964","4.478425025939941","4.478425025939941","4.478425025939941"
"86","2.9783101081848145","2.9783101081848145","2.9783101081848145","1.8561214208602905","1.8561214208602905","1.8561214208602905","0.13246744871139526","0.13246744871139526","0.13246744871139526","0","0","0","0","0","0","0.3014993667602539","0.3014993667602539","0.3014993667602539","1.3053327798843384","1.3053327798843384","1.3053327798843384","6.221532821655273","6.221532821655273","6.221532821655273"
"88","4.621639728546143","4.621639728546143","4.621639728546143","3.135106086730957","3.135106086730957","3.135106086730957","0.407353937625885","0.407353937625885","0.407353937625885","0","0","0","0","0","0","0.3037574887275696","0.3037574887275696","0.3037574887275696","1.8575102090835571","1.8575102090835571","1.8575102090835571","7.548034191131592","7.548034191131592","7.548034191131592"
"90","1.678466796875","1.678466796875","1.678466796875","0.37969350814819336","0.37969350814819336","0.37969350814819336","0.0477328896522522","0.0477328896522522","0.0477328896522522","0","0","0","0","0","0","0.03444194793701172","0.03444194793701172","0.03444194793701172","0.5000531673431396","0.5000531673431396","0.5000531673431396","1.5710145235061646","1.5710145235061646","1.5710145235061646"
"92","2.405405044555664","2.405405044555664","2.405405044555664","0.4432260990142822","0.4432260990142822","0.4432260990142822","0.023721754550933838","0.023721754550933838","0.023721754550933838","0","0","0","0","0","0","0.3575405478477478","0.3575405478477478","0.3575405478477478","0.9562522172927856","0.9562522172927856","0.9562522172927856","5.434945106506348","5.434945106506348","5.434945106506348"
"94","5.176842212677002","5.176842212677002","5.176842212677002","0.8443295955657959","0.8443295955657959","0.8443295955657959","0.0547558069229126","0.0547558069229126","0.0547558069229126","0","0","0","0","0","0","0.11138856410980225","0.11138856410980225","0.11138856410980225","0.5829751491546631","0.5829751491546631","0.5829751491546631","3.769472122192383","3.769472122192383","3.769472122192383"
"96","3.5413503646850586","3.5413503646850586","3.5413503646850586","1.1741071939468384","1.1741071939468384","1.1741071939468384","0.20110458135604858","0.20110458135604858","0.20110458135604858","0","0","0","0","0","0","0.14982670545578003","0.14982670545578003","0.14982670545578003","0.8315175771713257","0.8315175771713257","0.8315175771713257","7.102295875549316","7.102295875549316","7.102295875549316"
"98","2.832382917404175","2.832382917404175","2.832382917404175","0.25353729724884033","0.25353729724884033","0.25353729724884033","0.04822850227355957","0.04822850227355957","0.04822850227355957","0","0","0","0","0","0","0.07609248161315918","0.07609248161315918","0.07609248161315918","0.7587134838104248","0.7587134838104248","0.7587134838104248","2.135634422302246","2.135634422302246","2.135634422302246"
"100","1.5092790126800537","1.5092790126800537","1.5092790126800537","0.34626126289367676","0.34626126289367676","0.34626126289367676","0.018164515495300293","0.018164515495300293","0.018164515495300293","0","0","0","0","0","0","0.019093751907348633","0.019093751907348633","0.019093751907348633","0.27827024459838867","0.27827024459838867","0.27827024459838867","1.8395334482192993","1.8395334482192993","1.8395334482192993"
"102","0.5291104316711426","0.5291104316711426","0.5291104316711426","0.17420947551727295","0.17420947551727295","0.17420947551727295","0.05228966474533081","0.05228966474533081","0.05228966474533081","0","0","0","0","0","0","0.0333365797996521","0.0333365797996521","0.0333365797996521","0.4775881767272949","0.4775881767272949","0.4775881767272949","0.9976774454116821","0.9976774454116821","0.9976774454116821"
"104","4.614010334014893","4.614010334014893","4.614010334014893","1.0128766298294067","1.0128766298294067","1.0128766298294067","0.008684098720550537","0.008684098720550537","0.008684098720550537","0","0","0","0","0","0","0.03064572811126709","0.03064572811126709","0.03064572811126709","0.2522319555282593","0.2522319555282593","0.2522319555282593","2.4988651275634766","2.4988651275634766","2.4988651275634766"
"106","1.33572518825531","1.33572518825531","1.33572518825531","0.4375278949737549","0.4375278949737549","0.4375278949737549","0.036311447620391846","0.036311447620391846","0.036311447620391846","0","0","0","0","0","0","0.025248229503631592","0.025248229503631592","0.025248229503631592","0.41234493255615234","0.41234493255615234","0.41234493255615234","1.1648088693618774","1.1648088693618774","1.1648088693618774"
"108","2.3182482719421387","2.3182482719421387","2.3182482719421387","0.14016330242156982","0.14016330242156982","0.14016330242156982","0.01444309949874878","0.01444309949874878","0.01444309949874878","0","0","0","0","0","0","0.015444159507751465","0.015444159507751465","0.015444159507751465","0.16309022903442383","0.16309022903442383","0.16309022903442383","2.8012096881866455","2.8012096881866455","2.8012096881866455"
"110","3.3171772956848145","3.3171772956848145","3.3171772956848145","0.24059712886810303","0.24059712886810303","0.24059712886810303","0.033943355083465576","0.033943355083465576","0.033943355083465576","0","0","0","0","0","0","0.053724050521850586","0.053724050521850586","0.053724050521850586","0.4402637481689453","0.4402637481689453","0.4402637481689453","1.1363327503204346","1.1363327503204346","1.1363327503204346"
"112","1.3999640941619873","1.3999640941619873","1.3999640941619873","0.041303038597106934","0.041303038597106934","0.041303038597106934","0.007328391075134277","0.007328391075134277","0.007328391075134277","0","0","0","0","0","0","0.018177032470703125","0.018177032470703125","0.018177032470703125","0.055018067359924316","0.055018067359924316","0.055018067359924316","1.3264566659927368","1.3264566659927368","1.3264566659927368"
"114","2.3629069328308105","2.3629069328308105","2.3629069328308105","0.522834062576294","0.522834062576294","0.522834062576294","0.16206800937652588","0.16206800937652588","0.16206800937652588","0","0","0","0","0","0","0.03119140863418579","0.03119140863418579","0.03119140863418579","0.9628444910049438","0.9628444910049438","0.9628444910049438","3.7698001861572266","3.7698001861572266","3.7698001861572266"
"116","1.2265592813491821","1.2265592813491821","1.2265592813491821","0.41064023971557617","0.41064023971557617","0.41064023971557617","0.08984982967376709","0.08984982967376709","0.08984982967376709","0","0","0","0","0","0","0.044656991958618164","0.044656991958618164","0.044656991958618164","0.6875395774841309","0.6875395774841309","0.6875395774841309","1.9710510969161987","1.9710510969161987","1.9710510969161987"
"118","2.0268707275390625","2.0268707275390625","2.0268707275390625","0.43563246726989746","0.43563246726989746","0.43563246726989746","0.053310394287109375","0.053310394287109375","0.053310394287109375","0","0","0","0","0","0","0.2000710368156433","0.2000710368156433","0.2000710368156433","0.8119970560073853","0.8119970560073853","0.8119970560073853","1.3630986213684082","1.3630986213684082","1.3630986213684082"
"120","2.5891809463500977","2.5891809463500977","2.5891809463500977","0.4073113203048706","0.4073113203048706","0.4073113203048706","0.0628805160522461","0.0628805160522461","0.0628805160522461","0","0","0","0","0","0","0.023581981658935547","0.023581981658935547","0.023581981658935547","0.5409389734268188","0.5409389734268188","0.5409389734268188","2.262935161590576","2.262935161590576","2.262935161590576"
"122","2.154186248779297","2.154186248779297","2.154186248779297","0.11875927448272705","0.11875927448272705","0.11875927448272705","0.020575523376464844","0.020575523376464844","0.020575523376464844","0","0","0","0","0","0","0.011118054389953613","0.011118054389953613","0.011118054389953613","0.05961954593658447","0.05961954593658447","0.05961954593658447","1.6582757234573364","1.6582757234573364","1.6582757234573364"
"124","1.1961311101913452","1.1961311101913452","1.1961311101913452","0.47760307788848877","0.47760307788848877","0.47760307788848877","0.037651658058166504","0.037651658058166504","0.037651658058166504","0","0","0","0","0","0","0.011790990829467773","0.011790990829467773","0.011790990829467773","0.654718279838562","0.654718279838562","0.654718279838562","1.2804418802261353","1.2804418802261353","1.2804418802261353"
"126","0.8998513221740723","0.8998513221740723","0.8998513221740723","0.3505885601043701","0.3505885601043701","0.3505885601043701","0.011789500713348389","0.011789500713348389","0.011789500713348389","0","0","0","0","0","0","0.04909873008728027","0.04909873008728027","0.04909873008728027","0.6213337182998657","0.6213337182998657","0.6213337182998657","1.3664811849594116","1.3664811849594116","1.3664811849594116"
"128","0.6441175937652588","0.6441175937652588","0.6441175937652588","0.38802623748779297","0.38802623748779297","0.38802623748779297","0.0926363468170166","0.0926363468170166","0.0926363468170166","0","0","0","0","0","0","0.04121631383895874","0.04121631383895874","0.04121631383895874","0.07558166980743408","0.07558166980743408","0.07558166980743408","1.1637508869171143","1.1637508869171143","1.1637508869171143"
"130","1.0961741209030151","1.0961741209030151","1.0961741209030151","0.3840446472167969","0.3840446472167969","0.3840446472167969","0.023789405822753906","0.023789405822753906","0.023789405822753906","0","0","0","0","0","0","0.014202892780303955","0.014202892780303955","0.014202892780303955","0.19467473030090332","0.19467473030090332","0.19467473030090332","2.0678937435150146","2.0678937435150146","2.0678937435150146"
"132","2.777308225631714","2.777308225631714","2.777308225631714","1.8335163593292236","1.8335163593292236","1.8335163593292236","0.08304715156555176","0.08304715156555176","0.08304715156555176","0","0","0","0","0","0","0.06496161222457886","0.06496161222457886","0.06496161222457886","0.5169212818145752","0.5169212818145752","0.5169212818145752","1.56460702419281","1.56460702419281","1.56460702419281"
"134","2.418428659439087","2.418428659439087","2.418428659439087","0.13545453548431396","0.13545453548431396","0.13545453548431396","0.054396986961364746","0.054396986961364746","0.054396986961364746","0","0","0","0","0","0","0.01148134469985962","0.01148134469985962","0.01148134469985962","0.6253480911254883","0.6253480911254883","0.6253480911254883","1.802876591682434","1.802876591682434","1.802876591682434"
"136","1.6172677278518677","1.6172677278518677","1.6172677278518677","0.294002890586853","0.294002890586853","0.294002890586853","0.015338659286499023","0.015338659286499023","0.015338659286499023","0","0","0","0","0","0","0.017515718936920166","0.017515718936920166","0.017515718936920166","0.1709073781967163","0.1709073781967163","0.1709073781967163","0.7527321577072144","0.7527321577072144","0.7527321577072144"
"138","1.3277679681777954","1.3277679681777954","1.3277679681777954","0.36629438400268555","0.36629438400268555","0.36629438400268555","0.02878814935684204","0.02878814935684204","0.02878814935684204","0","0","0","0","0","0","0.013318955898284912","0.013318955898284912","0.013318955898284912","0.06637275218963623","0.06637275218963623","0.06637275218963623","0.6493926048278809","0.6493926048278809","0.6493926048278809"
"140","0.1315474510192871","0.1315474510192871","0.1315474510192871","0.05873441696166992","0.05873441696166992","0.05873441696166992","0.01775979995727539","0.01775979995727539","0.01775979995727539","0","0","0","0","0","0","0.018628239631652832","0.018628239631652832","0.018628239631652832","0.12715458869934082","0.12715458869934082","0.12715458869934082","0.6635338068008423","0.6635338068008423","0.6635338068008423"
"142","1.034751534461975","1.034751534461975","1.034751534461975","0.10959208011627197","0.10959208011627197","0.10959208011627197","0.03527313470840454","0.03527313470840454","0.03527313470840454","0","0","0","0","0","0","0.01806020736694336","0.01806020736694336","0.01806020736694336","0.06977617740631104","0.06977617740631104","0.06977617740631104","1.620963215827942","1.620963215827942","1.620963215827942"
"144","2.4649500846862793","2.4649500846862793","2.4649500846862793","0.8080452680587769","0.8080452680587769","0.8080452680587769","0.019251704216003418","0.019251704216003418","0.019251704216003418","0","0","0","0","0","0","0.03177344799041748","0.03177344799041748","0.03177344799041748","0.27084946632385254","0.27084946632385254","0.27084946632385254","0.5305111408233643","0.5305111408233643","0.5305111408233643"
"146","0.4189014434814453","0.4189014434814453","0.4189014434814453","0.16539394855499268","0.16539394855499268","0.16539394855499268","0.015240907669067383","0.015240907669067383","0.015240907669067383","0","0","0","0","0","0","0.00860452651977539","0.00860452651977539","0.00860452651977539","0.25680065155029297","0.25680065155029297","0.25680065155029297","1.5844106674194336","1.5844106674194336","1.5844106674194336"
"148","1.466020941734314","1.466020941734314","1.466020941734314","0.24823248386383057","0.24823248386383057","0.24823248386383057","0.03456920385360718","0.03456920385360718","0.03456920385360718","0","0","0","0","0","0","0.011755228042602539","0.011755228042602539","0.011755228042602539","0.11118948459625244","0.11118948459625244","0.11118948459625244","0.6015747785568237","0.6015747785568237","0.6015747785568237"
"150","1.1607855558395386","1.1607855558395386","1.1607855558395386","0.13115406036376953","0.13115406036376953","0.13115406036376953","0.02405226230621338","0.02405226230621338","0.02405226230621338","0","0","0","0","0","0","0.010693073272705078","0.010693073272705078","0.010693073272705078","0.13004541397094727","0.13004541397094727","0.13004541397094727","0.70171058177948","0.70171058177948","0.70171058177948"
"152","4.7141313552856445","4.7141313552856445","4.7141313552856445","0.8641242980957031","0.8641242980957031","0.8641242980957031","0.10697931051254272","0.10697931051254272","0.10697931051254272","0","0","0","0","0","0","0.09462624788284302","0.09462624788284302","0.09462624788284302","0.25074779987335205","0.25074779987335205","0.25074779987335205","1.4708638191223145","1.4708638191223145","1.4708638191223145"
"154","0.9100586175918579","0.9100586175918579","0.9100586175918579","0.0705331563949585","0.0705331563949585","0.0705331563949585","0.01587122678756714","0.01587122678756714","0.01587122678756714","0","0","0","0","0","0","0.015559494495391846","0.015559494495391846","0.015559494495391846","0.05157887935638428","0.05157887935638428","0.05157887935638428","0.21722912788391113","0.21722912788391113","0.21722912788391113"
"156","0.9238123893737793","0.9238123893737793","0.9238123893737793","0.16207396984100342","0.16207396984100342","0.16207396984100342","0.01698136329650879","0.01698136329650879","0.01698136329650879","0","0","0","0","0","0","0.013962090015411377","0.013962090015411377","0.013962090015411377","0.09488165378570557","0.09488165378570557","0.09488165378570557","0.3103017807006836","0.3103017807006836","0.3103017807006836"
"158","1.0504275560379028","1.0504275560379028","1.0504275560379028","0.06627142429351807","0.06627142429351807","0.06627142429351807","0.00965803861618042","0.00965803861618042","0.00965803861618042","0","0","0","0","0","0","0.0054129958152771","0.0054129958152771","0.0054129958152771","0.14629662036895752","0.14629662036895752","0.14629662036895752","1.175716519355774","1.175716519355774","1.175716519355774"
"160","0.7945150136947632","0.7945150136947632","0.7945150136947632","0.07278323173522949","0.07278323173522949","0.07278323173522949","0.007924139499664307","0.007924139499664307","0.007924139499664307","0","0","0","0","0","0","0.006798207759857178","0.006798207759857178","0.006798207759857178","0.0315934419631958","0.0315934419631958","0.0315934419631958","1.0054409503936768","1.0054409503936768","1.0054409503936768"
"162","3.4918785095214844","3.4918785095214844","3.4918785095214844","0.3750711679458618","0.3750711679458618","0.3750711679458618","0.06813883781433105","0.06813883781433105","0.06813883781433105","0","0","0","0","0","0","0.034296512603759766","0.034296512603759766","0.034296512603759766","0.6282657384872437","0.6282657384872437","0.6282657384872437","1.133650541305542","1.133650541305542","1.133650541305542"
"164","1.3485997915267944","1.3485997915267944","1.3485997915267944","0.04342496395111084","0.04342496395111084","0.04342496395111084","0.0174066424369812","0.0174066424369812","0.0174066424369812","0","0","0","0","0","0","0.006421804428100586","0.006421804428100586","0.006421804428100586","0.04578828811645508","0.04578828811645508","0.04578828811645508","0.18168985843658447","0.18168985843658447","0.18168985843658447"
"166","0.681757926940918","0.681757926940918","0.681757926940918","0.31646788120269775","0.31646788120269775","0.31646788120269775","0.025945007801055908","0.025945007801055908","0.025945007801055908","0","0","0","0","0","0","0.018285512924194336","0.018285512924194336","0.018285512924194336","0.6194919347763062","0.6194919347763062","0.6194919347763062","1.4415830373764038","1.4415830373764038","1.4415830373764038"
"168","0.23327767848968506","0.23327767848968506","0.23327767848968506","0.13291239738464355","0.13291239738464355","0.13291239738464355","0.005990266799926758","0.005990266799926758","0.005990266799926758","0","0","0","0","0","0","0.02243906259536743","0.02243906259536743","0.02243906259536743","0.0437617301940918","0.0437617301940918","0.0437617301940918","0.3390759229660034","0.3390759229660034","0.3390759229660034"
"170","0.24102628231048584","0.24102628231048584","0.24102628231048584","0.1859813928604126","0.1859813928604126","0.1859813928604126","0.018664002418518066","0.018664002418518066","0.018664002418518066","0","0","0","0","0","0","0.01610487699508667","0.01610487699508667","0.01610487699508667","0.279313325881958","0.279313325881958","0.279313325881958","0.45755505561828613","0.45755505561828613","0.45755505561828613"
"172","3.5611538887023926","3.5611538887023926","3.5611538887023926","0.15126168727874756","0.15126168727874756","0.15126168727874756","0.050162672996520996","0.050162672996520996","0.050162672996520996","0","0","0","0","0","0","0.016289949417114258","0.016289949417114258","0.016289949417114258","0.04798471927642822","0.04798471927642822","0.04798471927642822","0.690758228302002","0.690758228302002","0.690758228302002"
"174","0.6593614816665649","0.6593614816665649","0.6593614816665649","0.11557936668395996","0.11557936668395996","0.11557936668395996","0.005781948566436768","0.005781948566436768","0.005781948566436768","0","0","0","0","0","0","0.01775979995727539","0.01775979995727539","0.01775979995727539","0.15911459922790527","0.15911459922790527","0.15911459922790527","0.890091061592102","0.890091061592102","0.890091061592102"
"176","0.9589195251464844","0.9589195251464844","0.9589195251464844","0.5585074424743652","0.5585074424743652","0.5585074424743652","0.04067659378051758","0.04067659378051758","0.04067659378051758","0","0","0","0","0","0","0.06065875291824341","0.06065875291824341","0.06065875291824341","0.8107006549835205","0.8107006549835205","0.8107006549835205","1.8551498651504517","1.8551498651504517","1.8551498651504517"
"178","0.24022161960601807","0.24022161960601807","0.24022161960601807","0.17097890377044678","0.17097890377044678","0.17097890377044678","0.009647011756896973","0.009647011756896973","0.009647011756896973","0","0","0","0","0","0","0.01112133264541626","0.01112133264541626","0.01112133264541626","0.09037256240844727","0.09037256240844727","0.09037256240844727","0.6775856018066406","0.6775856018066406","0.6775856018066406"
"180","0.8394867181777954","0.8394867181777954","0.8394867181777954","0.41614770889282227","0.41614770889282227","0.41614770889282227","0.018093883991241455","0.018093883991241455","0.018093883991241455","0","0","0","0","0","0","0.00858217477798462","0.00858217477798462","0.00858217477798462","0.11733472347259521","0.11733472347259521","0.11733472347259521","0.9251385927200317","0.9251385927200317","0.9251385927200317"
"182","0.4446655511856079","0.4446655511856079","0.4446655511856079","0.0749439001083374","0.0749439001083374","0.0749439001083374","0.011176764965057373","0.011176764965057373","0.011176764965057373","0","0","0","0","0","0","0.022676587104797363","0.022676587104797363","0.022676587104797363","0.19715428352355957","0.19715428352355957","0.19715428352355957","0.11321902275085449","0.11321902275085449","0.11321902275085449"
"184","0.7298588752746582","0.7298588752746582","0.7298588752746582","0.09171068668365479","0.09171068668365479","0.09171068668365479","0.0069713592529296875","0.0069713592529296875","0.0069713592529296875","0","0","0","0","0","0","0.010823607444763184","0.010823607444763184","0.010823607444763184","0.25725364685058594","0.25725364685058594","0.25725364685058594","0.9074658155441284","0.9074658155441284","0.9074658155441284"
"186","1.2045949697494507","1.2045949697494507","1.2045949697494507","0.2373039722442627","0.2373039722442627","0.2373039722442627","0.01822143793106079","0.01822143793106079","0.01822143793106079","0","0","0","0","0","0","0.006400942802429199","0.006400942802429199","0.006400942802429199","0.1024395227432251","0.1024395227432251","0.1024395227432251","0.6497055292129517","0.6497055292129517","0.6497055292129517"
"188","0.5877017974853516","0.5877017974853516","0.5877017974853516","0.1024097204208374","0.1024097204208374","0.1024097204208374","0.005472898483276367","0.005472898483276367","0.005472898483276367","0","0","0","0","0","0","0.012666285037994385","0.012666285037994385","0.012666285037994385","0.03597736358642578","0.03597736358642578","0.03597736358642578","0.14674663543701172","0.14674663543701172","0.14674663543701172"
"190","0.2602189779281616","0.2602189779281616","0.2602189779281616","0.0679314136505127","0.0679314136505127","0.0679314136505127","0.011380612850189209","0.011380612850189209","0.011380612850189209","0","0","0","0","0","0","0.00609666109085083","0.00609666109085083","0.00609666109085083","0.03667175769805908","0.03667175769805908","0.03667175769805908","0.19553303718566895","0.19553303718566895","0.19553303718566895"
"192","0.8870065212249756","0.8870065212249756","0.8870065212249756","0.01965463161468506","0.01965463161468506","0.01965463161468506","0.007574856281280518","0.007574856281280518","0.007574856281280518","0","0","0","0","0","0","0.004132390022277832","0.004132390022277832","0.004132390022277832","0.04894137382507324","0.04894137382507324","0.04894137382507324","0.47454237937927246","0.47454237937927246","0.47454237937927246"
"194","1.8533915281295776","1.8533915281295776","1.8533915281295776","0.06210505962371826","0.06210505962371826","0.06210505962371826","0.017653703689575195","0.017653703689575195","0.017653703689575195","0","0","0","0","0","0","0.010389983654022217","0.010389983654022217","0.010389983654022217","0.11296570301055908","0.11296570301055908","0.11296570301055908","1.062735915184021","1.062735915184021","1.062735915184021"
"196","0.8294731378555298","0.8294731378555298","0.8294731378555298","0.1069486141204834","0.1069486141204834","0.1069486141204834","0.008723437786102295","0.008723437786102295","0.008723437786102295","0","0","0","0","0","0","0.010361075401306152","0.010361075401306152","0.010361075401306152","0.17715990543365479","0.17715990543365479","0.17715990543365479","1.6582459211349487","1.6582459211349487","1.6582459211349487"
"198","0.5479902029037476","0.5479902029037476","0.5479902029037476","0.05110204219818115","0.05110204219818115","0.05110204219818115","0.004412829875946045","0.004412829875946045","0.004412829875946045","0","0","0","0","0","0","0.0035879015922546387","0.0035879015922546387","0.0035879015922546387","0.04069209098815918","0.04069209098815918","0.04069209098815918","0.9165853261947632","0.9165853261947632","0.9165853261947632"
"200","0.18228590488433838","0.18228590488433838","0.18228590488433838","0.04105567932128906","0.04105567932128906","0.04105567932128906","0.00951617956161499","0.00951617956161499","0.00951617956161499","0","0","0","0","0","0","0.007920265197753906","0.007920265197753906","0.007920265197753906","0.05423128604888916","0.05423128604888916","0.05423128604888916","0.27786195278167725","0.27786195278167725","0.27786195278167725"
"202","0.20971894264221191","0.20971894264221191","0.20971894264221191","0.02199113368988037","0.02199113368988037","0.02199113368988037","0.005282461643218994","0.005282461643218994","0.005282461643218994","0","0","0","0","0","0","0.004727840423583984","0.004727840423583984","0.004727840423583984","0.04457831382751465","0.04457831382751465","0.04457831382751465","0.28374791145324707","0.28374791145324707","0.28374791145324707"
"204","0.2934485673904419","0.2934485673904419","0.2934485673904419","0.08212625980377197","0.08212625980377197","0.08212625980377197","0.007548332214355469","0.007548332214355469","0.007548332214355469","0","0","0","0","0","0","0.011026859283447266","0.011026859283447266","0.011026859283447266","0.05472004413604736","0.05472004413604736","0.05472004413604736","0.9216815233230591","0.9216815233230591","0.9216815233230591"
"206","0.2903491258621216","0.2903491258621216","0.2903491258621216","0.0418543815612793","0.0418543815612793","0.0418543815612793","0.003260970115661621","0.003260970115661621","0.003260970115661621","0","0","0","0","0","0","0.007806122303009033","0.007806122303009033","0.007806122303009033","0.02995431423187256","0.02995431423187256","0.02995431423187256","0.18778443336486816","0.18778443336486816","0.18778443336486816"
"208","0.18315017223358154","0.18315017223358154","0.18315017223358154","0.01957416534423828","0.01957416534423828","0.01957416534423828","0.0048986077308654785","0.0048986077308654785","0.0048986077308654785","0","0","0","0","0","0","0.006705820560455322","0.006705820560455322","0.006705820560455322","0.03674030303955078","0.03674030303955078","0.03674030303955078","0.4393458366394043","0.4393458366394043","0.4393458366394043"
"210","0.48203766345977783","0.48203766345977783","0.48203766345977783","0.10128319263458252","0.10128319263458252","0.10128319263458252","0.018313229084014893","0.018313229084014893","0.018313229084014893","0","0","0","0","0","0","0.004718601703643799","0.004718601703643799","0.004718601703643799","0.13822317123413086","0.13822317123413086","0.13822317123413086","0.6486326456069946","0.6486326456069946","0.6486326456069946"
"212","2.0554065704345703","2.0554065704345703","2.0554065704345703","0.3412306308746338","0.3412306308746338","0.3412306308746338","0.052187442779541016","0.052187442779541016","0.052187442779541016","0","0","0","0","0","0","0.012111961841583252","0.012111961841583252","0.012111961841583252","0.1796811819076538","0.1796811819076538","0.1796811819076538","0.44345855712890625","0.44345855712890625","0.44345855712890625"
"214","0.5924999713897705","0.5924999713897705","0.5924999713897705","0.031825900077819824","0.031825900077819824","0.031825900077819824","0.010405182838439941","0.010405182838439941","0.010405182838439941","0","0","0","0","0","0","0.005563497543334961","0.005563497543334961","0.005563497543334961","0.03427565097808838","0.03427565097808838","0.03427565097808838","0.1926124095916748","0.1926124095916748","0.1926124095916748"
"216","0.7530152797698975","0.7530152797698975","0.7530152797698975","0.08708834648132324","0.08708834648132324","0.08708834648132324","0.009510815143585205","0.009510815143585205","0.009510815143585205","0","0","0","0","0","0","0.00797182321548462","0.00797182321548462","0.00797182321548462","0.10356903076171875","0.10356903076171875","0.10356903076171875","0.8451789617538452","0.8451789617538452","0.8451789617538452"
"218","0.0721663236618042","0.0721663236618042","0.0721663236618042","0.018605589866638184","0.018605589866638184","0.018605589866638184","0.004075467586517334","0.004075467586517334","0.004075467586517334","0","0","0","0","0","0","0.00308305025100708","0.00308305025100708","0.00308305025100708","0.018355250358581543","0.018355250358581543","0.018355250358581543","0.10786950588226318","0.10786950588226318","0.10786950588226318"
"220","0.7172524929046631","0.7172524929046631","0.7172524929046631","0.07213950157165527","0.07213950157165527","0.07213950157165527","0.0072062015533447266","0.0072062015533447266","0.0072062015533447266","0","0","0","0","0","0","0.004718303680419922","0.004718303680419922","0.004718303680419922","0.08411109447479248","0.08411109447479248","0.08411109447479248","0.4025697708129883","0.4025697708129883","0.4025697708129883"
"222","0.1741349697113037","0.1741349697113037","0.1741349697113037","0.03433525562286377","0.03433525562286377","0.03433525562286377","0.004304647445678711","0.004304647445678711","0.004304647445678711","0","0","0","0","0","0","0.005849897861480713","0.005849897861480713","0.005849897861480713","0.03623664379119873","0.03623664379119873","0.03623664379119873","0.17750263214111328","0.17750263214111328","0.17750263214111328"
"224","0.2717822790145874","0.2717822790145874","0.2717822790145874","0.038170814514160156","0.038170814514160156","0.038170814514160156","0.0035399198532104492","0.0035399198532104492","0.0035399198532104492","0","0","0","0","0","0","0.0035458803176879883","0.0035458803176879883","0.0035458803176879883","0.14631152153015137","0.14631152153015137","0.14631152153015137","0.3881007432937622","0.3881007432937622","0.3881007432937622"
"226","0.13014674186706543","0.13014674186706543","0.13014674186706543","0.022357702255249023","0.022357702255249023","0.022357702255249023","0.0041615962982177734","0.0041615962982177734","0.0041615962982177734","0","0","0","0","0","0","0.003286004066467285","0.003286004066467285","0.003286004066467285","0.020706653594970703","0.020706653594970703","0.020706653594970703","0.1404881477355957","0.1404881477355957","0.1404881477355957"
"228","0.20059943199157715","0.20059943199157715","0.20059943199157715","0.027754902839660645","0.027754902839660645","0.027754902839660645","0.004959404468536377","0.004959404468536377","0.004959404468536377","0","0","0","0","0","0","0.005210936069488525","0.005210936069488525","0.005210936069488525","0.04169344902038574","0.04169344902038574","0.04169344902038574","0.2234131097793579","0.2234131097793579","0.2234131097793579"
"230","0.08037686347961426","0.08037686347961426","0.08037686347961426","0.02160966396331787","0.02160966396331787","0.02160966396331787","0.0039258599281311035","0.0039258599281311035","0.0039258599281311035","0","0","0","0","0","0","0.003644227981567383","0.003644227981567383","0.003644227981567383","0.0237196683883667","0.0237196683883667","0.0237196683883667","0.08866190910339355","0.08866190910339355","0.08866190910339355"