"Step","VOWELS_FILTER_b5_dual_waveform_bs16 - divergence_negative_z","VOWELS_FILTER_b5_dual_waveform_bs16 - divergence_negative_z__MIN","VOWELS_FILTER_b5_dual_waveform_bs16 - divergence_negative_z__MAX","VOWELS_FILTER_b1_dual_waveform_bs16 - divergence_negative_z","VOWELS_FILTER_b1_dual_waveform_bs16 - divergence_negative_z__MIN","VOWELS_FILTER_b1_dual_waveform_bs16 - divergence_negative_z__MAX","VOWELS_FILTER_b0.1_dual_waveform_bs16 - divergence_negative_z","VOWELS_FILTER_b0.1_dual_waveform_bs16 - divergence_negative_z__MIN","VOWELS_FILTER_b0.1_dual_waveform_bs16 - divergence_negative_z__MAX","VOWELS_FILTER_b0_dual_waveform_bs16 - divergence_negative_z","VOWELS_FILTER_b0_dual_waveform_bs16 - divergence_negative_z__MIN","VOWELS_FILTER_b0_dual_waveform_bs16 - divergence_negative_z__MAX","VOWELS_FILTER_b0_DUAL_bs16 - divergence_negative_z","VOWELS_FILTER_b0_DUAL_bs16 - divergence_negative_z__MIN","VOWELS_FILTER_b0_DUAL_bs16 - divergence_negative_z__MAX","VOWELS_FILTER_b0.1_DUAL_bs16 - divergence_negative_z","VOWELS_FILTER_b0.1_DUAL_bs16 - divergence_negative_z__MIN","VOWELS_FILTER_b0.1_DUAL_bs16 - divergence_negative_z__MAX","VOWELS_FILTER_b1_DUAL_bs16 - divergence_negative_z","VOWELS_FILTER_b1_DUAL_bs16 - divergence_negative_z__MIN","VOWELS_FILTER_b1_DUAL_bs16 - divergence_negative_z__MAX","VOWELS_FILTER_B5_DEFAULTS_DUAL_bs16 - divergence_negative_z","VOWELS_FILTER_B5_DEFAULTS_DUAL_bs16 - divergence_negative_z__MIN","VOWELS_FILTER_B5_DEFAULTS_DUAL_bs16 - divergence_negative_z__MAX"
"0","0.03927409648895264","0.03927409648895264","0.03927409648895264","0.04110400378704071","0.04110400378704071","0.04110400378704071","0.04849765822291374","0.04849765822291374","0.04849765822291374","0.07756054401397705","0.07756054401397705","0.07756054401397705","0.061187222599983215","0.061187222599983215","0.061187222599983215","0.04764888435602188","0.04764888435602188","0.04764888435602188","0.041524358093738556","0.041524358093738556","0.041524358093738556","0.04017428308725357","0.04017428308725357","0.04017428308725357"
"2","0.020687151700258255","0.020687151700258255","0.020687151700258255","0.026805832982063293","0.026805832982063293","0.026805832982063293","0.040047332644462585","0.040047332644462585","0.040047332644462585","0.3479190468788147","0.3479190468788147","0.3479190468788147","0.14348666369915009","0.14348666369915009","0.14348666369915009","0.04200802370905876","0.04200802370905876","0.04200802370905876","0.03067619726061821","0.03067619726061821","0.03067619726061821","0.02626064233481884","0.02626064233481884","0.02626064233481884"
"4","0.0127232251688838","0.0127232251688838","0.0127232251688838","0.018660252913832664","0.018660252913832664","0.018660252913832664","0.034698158502578735","0.034698158502578735","0.034698158502578735","0.5443087816238403","0.5443087816238403","0.5443087816238403","0.5310396552085876","0.5310396552085876","0.5310396552085876","0.045527391135692596","0.045527391135692596","0.045527391135692596","0.022691577672958374","0.022691577672958374","0.022691577672958374","0.01695697009563446","0.01695697009563446","0.01695697009563446"
"6","0.013167768716812134","0.013167768716812134","0.013167768716812134","0.01897030882537365","0.01897030882537365","0.01897030882537365","0.0862303078174591","0.0862303078174591","0.0862303078174591","0.527121901512146","0.527121901512146","0.527121901512146","0.31771719455718994","0.31771719455718994","0.31771719455718994","0.5339933633804321","0.5339933633804321","0.5339933633804321","0.02587151899933815","0.02587151899933815","0.02587151899933815","0.014202545396983624","0.014202545396983624","0.014202545396983624"
"8","0.03254605829715729","0.03254605829715729","0.03254605829715729","0.07849156856536865","0.07849156856536865","0.07849156856536865","0.6047519445419312","0.6047519445419312","0.6047519445419312","0.44132980704307556","0.44132980704307556","0.44132980704307556","0.5367791652679443","0.5367791652679443","0.5367791652679443","0.7300031185150146","0.7300031185150146","0.7300031185150146","0.09397169947624207","0.09397169947624207","0.09397169947624207","0.019426992163062096","0.019426992163062096","0.019426992163062096"
"10","0.06654505431652069","0.06654505431652069","0.06654505431652069","0.39588069915771484","0.39588069915771484","0.39588069915771484","0.7028449773788452","0.7028449773788452","0.7028449773788452","0.6289496421813965","0.6289496421813965","0.6289496421813965","0.6417630910873413","0.6417630910873413","0.6417630910873413","0.7637211680412292","0.7637211680412292","0.7637211680412292","0.5127254724502563","0.5127254724502563","0.5127254724502563","0.048832714557647705","0.048832714557647705","0.048832714557647705"
"12","0.13065864145755768","0.13065864145755768","0.13065864145755768","0.588452160358429","0.588452160358429","0.588452160358429","0.7718708515167236","0.7718708515167236","0.7718708515167236","0.6579355001449585","0.6579355001449585","0.6579355001449585","0.7133549451828003","0.7133549451828003","0.7133549451828003","0.7747703790664673","0.7747703790664673","0.7747703790664673","0.7024911642074585","0.7024911642074585","0.7024911642074585","0.09073479473590851","0.09073479473590851","0.09073479473590851"
"14","0.18127724528312683","0.18127724528312683","0.18127724528312683","0.6506018042564392","0.6506018042564392","0.6506018042564392","0.7631813883781433","0.7631813883781433","0.7631813883781433","0.708206295967102","0.708206295967102","0.708206295967102","0.7391731142997742","0.7391731142997742","0.7391731142997742","0.7788114547729492","0.7788114547729492","0.7788114547729492","0.7057706117630005","0.7057706117630005","0.7057706117630005","0.13460257649421692","0.13460257649421692","0.13460257649421692"
"16","0.2582054138183594","0.2582054138183594","0.2582054138183594","0.615498423576355","0.615498423576355","0.615498423576355","0.7238068580627441","0.7238068580627441","0.7238068580627441","0.7207669019699097","0.7207669019699097","0.7207669019699097","0.7364482879638672","0.7364482879638672","0.7364482879638672","0.755385160446167","0.755385160446167","0.755385160446167","0.7166041135787964","0.7166041135787964","0.7166041135787964","0.1849091500043869","0.1849091500043869","0.1849091500043869"
"18","0.2491684854030609","0.2491684854030609","0.2491684854030609","0.7230436205863953","0.7230436205863953","0.7230436205863953","0.7386029958724976","0.7386029958724976","0.7386029958724976","0.7144672274589539","0.7144672274589539","0.7144672274589539","0.8152419924736023","0.8152419924736023","0.8152419924736023","0.8666696548461914","0.8666696548461914","0.8666696548461914","0.8280674815177917","0.8280674815177917","0.8280674815177917","0.2543516755104065","0.2543516755104065","0.2543516755104065"
"20","0.36882877349853516","0.36882877349853516","0.36882877349853516","0.6815926432609558","0.6815926432609558","0.6815926432609558","0.7977851629257202","0.7977851629257202","0.7977851629257202","0.7777533531188965","0.7777533531188965","0.7777533531188965","0.7971329092979431","0.7971329092979431","0.7971329092979431","0.7859453558921814","0.7859453558921814","0.7859453558921814","0.7500583529472351","0.7500583529472351","0.7500583529472351","0.28455984592437744","0.28455984592437744","0.28455984592437744"
"22","0.40688014030456543","0.40688014030456543","0.40688014030456543","0.666684091091156","0.666684091091156","0.666684091091156","0.7772034406661987","0.7772034406661987","0.7772034406661987","0.7683444023132324","0.7683444023132324","0.7683444023132324","0.8443279266357422","0.8443279266357422","0.8443279266357422","0.8125409483909607","0.8125409483909607","0.8125409483909607","0.7698273658752441","0.7698273658752441","0.7698273658752441","0.36249643564224243","0.36249643564224243","0.36249643564224243"
"24","0.44383978843688965","0.44383978843688965","0.44383978843688965","0.6548491716384888","0.6548491716384888","0.6548491716384888","0.7166246175765991","0.7166246175765991","0.7166246175765991","0.7155495882034302","0.7155495882034302","0.7155495882034302","0.8390278816223145","0.8390278816223145","0.8390278816223145","0.8512372970581055","0.8512372970581055","0.8512372970581055","0.7876520156860352","0.7876520156860352","0.7876520156860352","0.3909847140312195","0.3909847140312195","0.3909847140312195"
"26","0.3800702691078186","0.3800702691078186","0.3800702691078186","0.7332922220230103","0.7332922220230103","0.7332922220230103","0.7828370928764343","0.7828370928764343","0.7828370928764343","0.6851193904876709","0.6851193904876709","0.6851193904876709","0.8509935736656189","0.8509935736656189","0.8509935736656189","0.8246025443077087","0.8246025443077087","0.8246025443077087","0.7795619368553162","0.7795619368553162","0.7795619368553162","0.43616852164268494","0.43616852164268494","0.43616852164268494"
"28","0.43437498807907104","0.43437498807907104","0.43437498807907104","0.699145495891571","0.699145495891571","0.699145495891571","0.7899194955825806","0.7899194955825806","0.7899194955825806","0.7781956195831299","0.7781956195831299","0.7781956195831299","0.8856456279754639","0.8856456279754639","0.8856456279754639","0.815363347530365","0.815363347530365","0.815363347530365","0.7945687770843506","0.7945687770843506","0.7945687770843506","0.45125484466552734","0.45125484466552734","0.45125484466552734"
"30","0.5053293704986572","0.5053293704986572","0.5053293704986572","0.6465370059013367","0.6465370059013367","0.6465370059013367","0.7652614116668701","0.7652614116668701","0.7652614116668701","0.7888886332511902","0.7888886332511902","0.7888886332511902","0.8585677146911621","0.8585677146911621","0.8585677146911621","0.8037382960319519","0.8037382960319519","0.8037382960319519","0.7498619556427002","0.7498619556427002","0.7498619556427002","0.4246804118156433","0.4246804118156433","0.4246804118156433"
"32","0.5398887395858765","0.5398887395858765","0.5398887395858765","0.6821572184562683","0.6821572184562683","0.6821572184562683","0.8098896741867065","0.8098896741867065","0.8098896741867065","0.7924482226371765","0.7924482226371765","0.7924482226371765","0.8683081865310669","0.8683081865310669","0.8683081865310669","0.7895144820213318","0.7895144820213318","0.7895144820213318","0.7416437864303589","0.7416437864303589","0.7416437864303589","0.42911896109580994","0.42911896109580994","0.42911896109580994"
"34","0.5646861791610718","0.5646861791610718","0.5646861791610718","0.6944996118545532","0.6944996118545532","0.6944996118545532","0.7703337669372559","0.7703337669372559","0.7703337669372559","0.7653329372406006","0.7653329372406006","0.7653329372406006","0.9020888209342957","0.9020888209342957","0.9020888209342957","0.8782389163970947","0.8782389163970947","0.8782389163970947","0.7954617738723755","0.7954617738723755","0.7954617738723755","0.5304869413375854","0.5304869413375854","0.5304869413375854"
"36","0.43530213832855225","0.43530213832855225","0.43530213832855225","0.7078482508659363","0.7078482508659363","0.7078482508659363","0.8256349563598633","0.8256349563598633","0.8256349563598633","0.8752315044403076","0.8752315044403076","0.8752315044403076","0.9053401947021484","0.9053401947021484","0.9053401947021484","0.8174645900726318","0.8174645900726318","0.8174645900726318","0.7086629867553711","0.7086629867553711","0.7086629867553711","0.3762546479701996","0.3762546479701996","0.3762546479701996"
"38","0.5414073467254639","0.5414073467254639","0.5414073467254639","0.04537802189588547","0.04537802189588547","0.04537802189588547","0.5191988348960876","0.5191988348960876","0.5191988348960876","0.8168894648551941","0.8168894648551941","0.8168894648551941","0.8896422386169434","0.8896422386169434","0.8896422386169434","0.8708243370056152","0.8708243370056152","0.8708243370056152","0.7858235239982605","0.7858235239982605","0.7858235239982605","0.4888807237148285","0.4888807237148285","0.4888807237148285"
"40","0.7462610006332397","0.7462610006332397","0.7462610006332397","0.5578611493110657","0.5578611493110657","0.5578611493110657","0.8978931903839111","0.8978931903839111","0.8978931903839111","0.8930124044418335","0.8930124044418335","0.8930124044418335","0.8834118843078613","0.8834118843078613","0.8834118843078613","0.8268582820892334","0.8268582820892334","0.8268582820892334","0.7181956171989441","0.7181956171989441","0.7181956171989441","0.5751344561576843","0.5751344561576843","0.5751344561576843"
"42","0.5411736369132996","0.5411736369132996","0.5411736369132996","0.7027671337127686","0.7027671337127686","0.7027671337127686","0.8553733825683594","0.8553733825683594","0.8553733825683594","0.8637832403182983","0.8637832403182983","0.8637832403182983","0.8259758353233337","0.8259758353233337","0.8259758353233337","0.7819474935531616","0.7819474935531616","0.7819474935531616","0.6949238181114197","0.6949238181114197","0.6949238181114197","0.6169451475143433","0.6169451475143433","0.6169451475143433"
"44","0.6659208536148071","0.6659208536148071","0.6659208536148071","0.7409011125564575","0.7409011125564575","0.7409011125564575","0.8455185890197754","0.8455185890197754","0.8455185890197754","0.9013150930404663","0.9013150930404663","0.9013150930404663","0.8839680552482605","0.8839680552482605","0.8839680552482605","0.8543298244476318","0.8543298244476318","0.8543298244476318","0.6966085433959961","0.6966085433959961","0.6966085433959961","0.6197539567947388","0.6197539567947388","0.6197539567947388"
"46","0.52763432264328","0.52763432264328","0.52763432264328","0.7475335001945496","0.7475335001945496","0.7475335001945496","0.7878196239471436","0.7878196239471436","0.7878196239471436","0.8527997732162476","0.8527997732162476","0.8527997732162476","0.9017392992973328","0.9017392992973328","0.9017392992973328","0.8861335515975952","0.8861335515975952","0.8861335515975952","0.823289155960083","0.823289155960083","0.823289155960083","0.6731345653533936","0.6731345653533936","0.6731345653533936"
"48","0.6931814551353455","0.6931814551353455","0.6931814551353455","0.7795511484146118","0.7795511484146118","0.7795511484146118","0.8411723971366882","0.8411723971366882","0.8411723971366882","0.8571933507919312","0.8571933507919312","0.8571933507919312","0.929160475730896","0.929160475730896","0.929160475730896","0.9025976657867432","0.9025976657867432","0.9025976657867432","0.7318416833877563","0.7318416833877563","0.7318416833877563","0.6172993183135986","0.6172993183135986","0.6172993183135986"
"50","0.7478680610656738","0.7478680610656738","0.7478680610656738","0.8239631056785583","0.8239631056785583","0.8239631056785583","0.715390682220459","0.715390682220459","0.715390682220459","0.9092105627059937","0.9092105627059937","0.9092105627059937","0.9239718317985535","0.9239718317985535","0.9239718317985535","0.8947691321372986","0.8947691321372986","0.8947691321372986","0.7477034330368042","0.7477034330368042","0.7477034330368042","0.6430238485336304","0.6430238485336304","0.6430238485336304"
"52","0.4829154908657074","0.4829154908657074","0.4829154908657074","0.7976757287979126","0.7976757287979126","0.7976757287979126","0.7760543823242188","0.7760543823242188","0.7760543823242188","0.8265247344970703","0.8265247344970703","0.8265247344970703","0.877464771270752","0.877464771270752","0.877464771270752","0.8710572719573975","0.8710572719573975","0.8710572719573975","0.831108570098877","0.831108570098877","0.831108570098877","0.767939567565918","0.767939567565918","0.767939567565918"
"54","0.6069266200065613","0.6069266200065613","0.6069266200065613","0.820091724395752","0.820091724395752","0.820091724395752","0.774876058101654","0.774876058101654","0.774876058101654","0.8178016543388367","0.8178016543388367","0.8178016543388367","0.9085356593132019","0.9085356593132019","0.9085356593132019","0.8804186582565308","0.8804186582565308","0.8804186582565308","0.7870603799819946","0.7870603799819946","0.7870603799819946","0.6933349370956421","0.6933349370956421","0.6933349370956421"
"56","0.6813564300537109","0.6813564300537109","0.6813564300537109","0.8076927065849304","0.8076927065849304","0.8076927065849304","0.8465427160263062","0.8465427160263062","0.8465427160263062","0.9195038676261902","0.9195038676261902","0.9195038676261902","0.9596583843231201","0.9596583843231201","0.9596583843231201","0.9424043893814087","0.9424043893814087","0.9424043893814087","0.7709041833877563","0.7709041833877563","0.7709041833877563","0.5937458276748657","0.5937458276748657","0.5937458276748657"
"58","0.8083866834640503","0.8083866834640503","0.8083866834640503","0.7933465838432312","0.7933465838432312","0.7933465838432312","0.8043887615203857","0.8043887615203857","0.8043887615203857","0.8806265592575073","0.8806265592575073","0.8806265592575073","0.8884471654891968","0.8884471654891968","0.8884471654891968","0.8662562370300293","0.8662562370300293","0.8662562370300293","0.7824450731277466","0.7824450731277466","0.7824450731277466","0.38535770773887634","0.38535770773887634","0.38535770773887634"
"60","0.38544291257858276","0.38544291257858276","0.38544291257858276","0.7107700109481812","0.7107700109481812","0.7107700109481812","0.8117235898971558","0.8117235898971558","0.8117235898971558","0.8713698387145996","0.8713698387145996","0.8713698387145996","0.8801776766777039","0.8801776766777039","0.8801776766777039","0.8344518542289734","0.8344518542289734","0.8344518542289734","0.7459928393363953","0.7459928393363953","0.7459928393363953","0.5377534627914429","0.5377534627914429","0.5377534627914429"
"62","0.7785521745681763","0.7785521745681763","0.7785521745681763","0.7684987783432007","0.7684987783432007","0.7684987783432007","0.7581517100334167","0.7581517100334167","0.7581517100334167","0.8710710406303406","0.8710710406303406","0.8710710406303406","0.9501441717147827","0.9501441717147827","0.9501441717147827","0.8770370483398438","0.8770370483398438","0.8770370483398438","0.7528802752494812","0.7528802752494812","0.7528802752494812","0.4408249258995056","0.4408249258995056","0.4408249258995056"
"64","0.601239025592804","0.601239025592804","0.601239025592804","0.7558608055114746","0.7558608055114746","0.7558608055114746","0.7495435476303101","0.7495435476303101","0.7495435476303101","0.8867613673210144","0.8867613673210144","0.8867613673210144","0.9432623386383057","0.9432623386383057","0.9432623386383057","0.8890530467033386","0.8890530467033386","0.8890530467033386","0.7574992179870605","0.7574992179870605","0.7574992179870605","0.6557303667068481","0.6557303667068481","0.6557303667068481"
"66","0.785704493522644","0.785704493522644","0.785704493522644","0.8495615720748901","0.8495615720748901","0.8495615720748901","0.881264865398407","0.881264865398407","0.881264865398407","0.8747022151947021","0.8747022151947021","0.8747022151947021","0.9293400645256042","0.9293400645256042","0.9293400645256042","0.8781867027282715","0.8781867027282715","0.8781867027282715","0.7577166557312012","0.7577166557312012","0.7577166557312012","0.6745824813842773","0.6745824813842773","0.6745824813842773"
"68","0.7981122732162476","0.7981122732162476","0.7981122732162476","0.4593418538570404","0.4593418538570404","0.4593418538570404","0.8068714141845703","0.8068714141845703","0.8068714141845703","0.881902813911438","0.881902813911438","0.881902813911438","0.976645827293396","0.976645827293396","0.976645827293396","0.9565970301628113","0.9565970301628113","0.9565970301628113","0.7884504199028015","0.7884504199028015","0.7884504199028015","0.7005528807640076","0.7005528807640076","0.7005528807640076"
"70","0.7506837248802185","0.7506837248802185","0.7506837248802185","0.7697067260742188","0.7697067260742188","0.7697067260742188","0.889500617980957","0.889500617980957","0.889500617980957","0.8762990832328796","0.8762990832328796","0.8762990832328796","0.9479586482048035","0.9479586482048035","0.9479586482048035","0.9110561609268188","0.9110561609268188","0.9110561609268188","0.8420230746269226","0.8420230746269226","0.8420230746269226","0.7156373858451843","0.7156373858451843","0.7156373858451843"
"72","0.8428863286972046","0.8428863286972046","0.8428863286972046","0.7432856559753418","0.7432856559753418","0.7432856559753418","0.8536812663078308","0.8536812663078308","0.8536812663078308","0.8852977752685547","0.8852977752685547","0.8852977752685547","0.9671362638473511","0.9671362638473511","0.9671362638473511","0.9224730730056763","0.9224730730056763","0.9224730730056763","0.7771279811859131","0.7771279811859131","0.7771279811859131","0.6565754413604736","0.6565754413604736","0.6565754413604736"
"74","0.8339335322380066","0.8339335322380066","0.8339335322380066","0.7910155057907104","0.7910155057907104","0.7910155057907104","0.8310162425041199","0.8310162425041199","0.8310162425041199","0.8828727602958679","0.8828727602958679","0.8828727602958679","0.9278075098991394","0.9278075098991394","0.9278075098991394","0.8921036124229431","0.8921036124229431","0.8921036124229431","0.7381865382194519","0.7381865382194519","0.7381865382194519","0.648838460445404","0.648838460445404","0.648838460445404"
"76","0.7277367115020752","0.7277367115020752","0.7277367115020752","0.8134528994560242","0.8134528994560242","0.8134528994560242","0.9035837650299072","0.9035837650299072","0.9035837650299072","0.892979621887207","0.892979621887207","0.892979621887207","0.9861814379692078","0.9861814379692078","0.9861814379692078","0.9466298818588257","0.9466298818588257","0.9466298818588257","0.4488765001296997","0.4488765001296997","0.4488765001296997","0.6549350619316101","0.6549350619316101","0.6549350619316101"
"78","0.6693422198295593","0.6693422198295593","0.6693422198295593","0.7956427335739136","0.7956427335739136","0.7956427335739136","0.7079402208328247","0.7079402208328247","0.7079402208328247","0.8253726363182068","0.8253726363182068","0.8253726363182068","0.8177469968795776","0.8177469968795776","0.8177469968795776","0.8077279925346375","0.8077279925346375","0.8077279925346375","0.7579018473625183","0.7579018473625183","0.7579018473625183","0.6043797135353088","0.6043797135353088","0.6043797135353088"
"80","0.732526957988739","0.732526957988739","0.732526957988739","0.7984070777893066","0.7984070777893066","0.7984070777893066","0.8072551488876343","0.8072551488876343","0.8072551488876343","0.8363222479820251","0.8363222479820251","0.8363222479820251","0.9507464170455933","0.9507464170455933","0.9507464170455933","0.9286567568778992","0.9286567568778992","0.9286567568778992","0.7600271105766296","0.7600271105766296","0.7600271105766296","0.773699939250946","0.773699939250946","0.773699939250946"
"82","0.49341803789138794","0.49341803789138794","0.49341803789138794","0.6297934055328369","0.6297934055328369","0.6297934055328369","0.6892938613891602","0.6892938613891602","0.6892938613891602","0.7805880308151245","0.7805880308151245","0.7805880308151245","0.7158629298210144","0.7158629298210144","0.7158629298210144","0.7261583209037781","0.7261583209037781","0.7261583209037781","0.7577173113822937","0.7577173113822937","0.7577173113822937","0.7229546308517456","0.7229546308517456","0.7229546308517456"
"84","0.7466329336166382","0.7466329336166382","0.7466329336166382","0.8520249128341675","0.8520249128341675","0.8520249128341675","0.7670900225639343","0.7670900225639343","0.7670900225639343","0.8671053647994995","0.8671053647994995","0.8671053647994995","0.8677783012390137","0.8677783012390137","0.8677783012390137","0.8474199175834656","0.8474199175834656","0.8474199175834656","0.746901273727417","0.746901273727417","0.746901273727417","0.7023735046386719","0.7023735046386719","0.7023735046386719"
"86","0.7526506185531616","0.7526506185531616","0.7526506185531616","0.5238332748413086","0.5238332748413086","0.5238332748413086","0.895779013633728","0.895779013633728","0.895779013633728","0.9053792953491211","0.9053792953491211","0.9053792953491211","0.9498084783554077","0.9498084783554077","0.9498084783554077","0.8854670524597168","0.8854670524597168","0.8854670524597168","0.7826709747314453","0.7826709747314453","0.7826709747314453","0.7023755311965942","0.7023755311965942","0.7023755311965942"
"88","0.630585789680481","0.630585789680481","0.630585789680481","0.7504000663757324","0.7504000663757324","0.7504000663757324","0.6803749799728394","0.6803749799728394","0.6803749799728394","0.8138422966003418","0.8138422966003418","0.8138422966003418","0.7977215647697449","0.7977215647697449","0.7977215647697449","0.7971104979515076","0.7971104979515076","0.7971104979515076","0.7078700065612793","0.7078700065612793","0.7078700065612793","0.6592576503753662","0.6592576503753662","0.6592576503753662"
"90","0.8188402056694031","0.8188402056694031","0.8188402056694031","0.8011560440063477","0.8011560440063477","0.8011560440063477","0.7877141833305359","0.7877141833305359","0.7877141833305359","0.8567054271697998","0.8567054271697998","0.8567054271697998","0.9344186186790466","0.9344186186790466","0.9344186186790466","0.9228732585906982","0.9228732585906982","0.9228732585906982","0.7693667411804199","0.7693667411804199","0.7693667411804199","0.7193292379379272","0.7193292379379272","0.7193292379379272"
"92","0.7957472801208496","0.7957472801208496","0.7957472801208496","0.7791842818260193","0.7791842818260193","0.7791842818260193","0.9093976020812988","0.9093976020812988","0.9093976020812988","0.888649582862854","0.888649582862854","0.888649582862854","0.9188050627708435","0.9188050627708435","0.9188050627708435","0.919620156288147","0.919620156288147","0.919620156288147","0.77266925573349","0.77266925573349","0.77266925573349","0.7236554026603699","0.7236554026603699","0.7236554026603699"
"94","0.7923201322555542","0.7923201322555542","0.7923201322555542","0.8686136603355408","0.8686136603355408","0.8686136603355408","0.854594886302948","0.854594886302948","0.854594886302948","0.907751739025116","0.907751739025116","0.907751739025116","0.9780389070510864","0.9780389070510864","0.9780389070510864","0.9568338394165039","0.9568338394165039","0.9568338394165039","0.7711042761802673","0.7711042761802673","0.7711042761802673","0.7502301931381226","0.7502301931381226","0.7502301931381226"
"96","0.589566707611084","0.589566707611084","0.589566707611084","0.7435812950134277","0.7435812950134277","0.7435812950134277","0.7566035985946655","0.7566035985946655","0.7566035985946655","0.8235885500907898","0.8235885500907898","0.8235885500907898","0.8410203456878662","0.8410203456878662","0.8410203456878662","0.8494248390197754","0.8494248390197754","0.8494248390197754","0.7694858312606812","0.7694858312606812","0.7694858312606812","0.7354222536087036","0.7354222536087036","0.7354222536087036"
"98","0.7142932415008545","0.7142932415008545","0.7142932415008545","0.7850684523582458","0.7850684523582458","0.7850684523582458","0.8302922248840332","0.8302922248840332","0.8302922248840332","0.8368535041809082","0.8368535041809082","0.8368535041809082","0.9119439125061035","0.9119439125061035","0.9119439125061035","0.8790737986564636","0.8790737986564636","0.8790737986564636","0.8017404079437256","0.8017404079437256","0.8017404079437256","0.7590295076370239","0.7590295076370239","0.7590295076370239"
"100","0.6258177161216736","0.6258177161216736","0.6258177161216736","0.8400969505310059","0.8400969505310059","0.8400969505310059","0.8358407020568848","0.8358407020568848","0.8358407020568848","0.8401207327842712","0.8401207327842712","0.8401207327842712","0.9062673449516296","0.9062673449516296","0.9062673449516296","0.893752932548523","0.893752932548523","0.893752932548523","0.8011845350265503","0.8011845350265503","0.8011845350265503","0.658501148223877","0.658501148223877","0.658501148223877"
"102","0.4170231521129608","0.4170231521129608","0.4170231521129608","0.7886657118797302","0.7886657118797302","0.7886657118797302","0.8758382797241211","0.8758382797241211","0.8758382797241211","0.8440789580345154","0.8440789580345154","0.8440789580345154","0.8940266966819763","0.8940266966819763","0.8940266966819763","0.8873103857040405","0.8873103857040405","0.8873103857040405","0.8077609539031982","0.8077609539031982","0.8077609539031982","0.7278423309326172","0.7278423309326172","0.7278423309326172"
"104","0.2446005642414093","0.2446005642414093","0.2446005642414093","0.7737972140312195","0.7737972140312195","0.7737972140312195","0.8649830222129822","0.8649830222129822","0.8649830222129822","0.8822373151779175","0.8822373151779175","0.8822373151779175","0.866387128829956","0.866387128829956","0.866387128829956","0.8550834655761719","0.8550834655761719","0.8550834655761719","0.7760138511657715","0.7760138511657715","0.7760138511657715","0.7343475818634033","0.7343475818634033","0.7343475818634033"
"106","0.5682293772697449","0.5682293772697449","0.5682293772697449","0.8615509867668152","0.8615509867668152","0.8615509867668152","0.8471390008926392","0.8471390008926392","0.8471390008926392","0.9023633003234863","0.9023633003234863","0.9023633003234863","0.9474540948867798","0.9474540948867798","0.9474540948867798","0.8959993720054626","0.8959993720054626","0.8959993720054626","0.8838633894920349","0.8838633894920349","0.8838633894920349","0.7720000147819519","0.7720000147819519","0.7720000147819519"
"108","0.5594162940979004","0.5594162940979004","0.5594162940979004","0.7962421774864197","0.7962421774864197","0.7962421774864197","0.8528493642807007","0.8528493642807007","0.8528493642807007","0.889967143535614","0.889967143535614","0.889967143535614","0.8987284898757935","0.8987284898757935","0.8987284898757935","0.8684281706809998","0.8684281706809998","0.8684281706809998","0.7732855677604675","0.7732855677604675","0.7732855677604675","0.7710639238357544","0.7710639238357544","0.7710639238357544"
"110","0.6242611408233643","0.6242611408233643","0.6242611408233643","0.8709280490875244","0.8709280490875244","0.8709280490875244","0.951708972454071","0.951708972454071","0.951708972454071","0.9334402084350586","0.9334402084350586","0.9334402084350586","0.9958745837211609","0.9958745837211609","0.9958745837211609","0.9812474250793457","0.9812474250793457","0.9812474250793457","0.8303775191307068","0.8303775191307068","0.8303775191307068","0.7911356687545776","0.7911356687545776","0.7911356687545776"
"112","0.651361346244812","0.651361346244812","0.651361346244812","0.9088945388793945","0.9088945388793945","0.9088945388793945","0.9027014970779419","0.9027014970779419","0.9027014970779419","0.9325035810470581","0.9325035810470581","0.9325035810470581","0.9115220308303833","0.9115220308303833","0.9115220308303833","0.9208791255950928","0.9208791255950928","0.9208791255950928","0.8601670265197754","0.8601670265197754","0.8601670265197754","0.7424274682998657","0.7424274682998657","0.7424274682998657"
"114","0.6007113456726074","0.6007113456726074","0.6007113456726074","0.8321309089660645","0.8321309089660645","0.8321309089660645","0.8404342532157898","0.8404342532157898","0.8404342532157898","0.889708399772644","0.889708399772644","0.889708399772644","0.9164137244224548","0.9164137244224548","0.9164137244224548","0.8417489528656006","0.8417489528656006","0.8417489528656006","0.7934025526046753","0.7934025526046753","0.7934025526046753","0.6805059909820557","0.6805059909820557","0.6805059909820557"
"116","0.7145859599113464","0.7145859599113464","0.7145859599113464","0.8897532224655151","0.8897532224655151","0.8897532224655151","0.9198012351989746","0.9198012351989746","0.9198012351989746","0.9086084365844727","0.9086084365844727","0.9086084365844727","0.933330774307251","0.933330774307251","0.933330774307251","0.8631893396377563","0.8631893396377563","0.8631893396377563","0.8181917071342468","0.8181917071342468","0.8181917071342468","0.770681619644165","0.770681619644165","0.770681619644165"
"118","0.7040714025497437","0.7040714025497437","0.7040714025497437","0.7583280801773071","0.7583280801773071","0.7583280801773071","0.8046013712882996","0.8046013712882996","0.8046013712882996","0.8428975939750671","0.8428975939750671","0.8428975939750671","0.8914913535118103","0.8914913535118103","0.8914913535118103","0.8558246493339539","0.8558246493339539","0.8558246493339539","0.8061822652816772","0.8061822652816772","0.8061822652816772","0.7152096629142761","0.7152096629142761","0.7152096629142761"
"120","0.7204039096832275","0.7204039096832275","0.7204039096832275","0.8448222875595093","0.8448222875595093","0.8448222875595093","0.8904535174369812","0.8904535174369812","0.8904535174369812","0.8842935562133789","0.8842935562133789","0.8842935562133789","0.9528538584709167","0.9528538584709167","0.9528538584709167","0.9576653838157654","0.9576653838157654","0.9576653838157654","0.8106760382652283","0.8106760382652283","0.8106760382652283","0.7385059595108032","0.7385059595108032","0.7385059595108032"
"122","0.7194676399230957","0.7194676399230957","0.7194676399230957","0.7949333190917969","0.7949333190917969","0.7949333190917969","0.8787665367126465","0.8787665367126465","0.8787665367126465","0.9148541688919067","0.9148541688919067","0.9148541688919067","0.8452584147453308","0.8452584147453308","0.8452584147453308","0.8475226163864136","0.8475226163864136","0.8475226163864136","0.7882494926452637","0.7882494926452637","0.7882494926452637","0.761748731136322","0.761748731136322","0.761748731136322"
"124","0.7122397422790527","0.7122397422790527","0.7122397422790527","0.8396848440170288","0.8396848440170288","0.8396848440170288","0.8816242218017578","0.8816242218017578","0.8816242218017578","0.8959018588066101","0.8959018588066101","0.8959018588066101","0.9773011207580566","0.9773011207580566","0.9773011207580566","0.917120635509491","0.917120635509491","0.917120635509491","0.8401901125907898","0.8401901125907898","0.8401901125907898","0.7527584433555603","0.7527584433555603","0.7527584433555603"
"126","0.7658867239952087","0.7658867239952087","0.7658867239952087","0.8268362283706665","0.8268362283706665","0.8268362283706665","0.8775148391723633","0.8775148391723633","0.8775148391723633","0.9138565063476562","0.9138565063476562","0.9138565063476562","0.999498724937439","0.999498724937439","0.999498724937439","0.9819080829620361","0.9819080829620361","0.9819080829620361","0.8672444224357605","0.8672444224357605","0.8672444224357605","0.7692837715148926","0.7692837715148926","0.7692837715148926"
"128","0.595129132270813","0.595129132270813","0.595129132270813","0.8250110149383545","0.8250110149383545","0.8250110149383545","0.7310342788696289","0.7310342788696289","0.7310342788696289","0.8789865374565125","0.8789865374565125","0.8789865374565125","0.9523228406906128","0.9523228406906128","0.9523228406906128","0.8732132911682129","0.8732132911682129","0.8732132911682129","0.8222082853317261","0.8222082853317261","0.8222082853317261","0.7882003784179688","0.7882003784179688","0.7882003784179688"
"130","0.7416402101516724","0.7416402101516724","0.7416402101516724","0.888605535030365","0.888605535030365","0.888605535030365","0.8236836194992065","0.8236836194992065","0.8236836194992065","0.9700120687484741","0.9700120687484741","0.9700120687484741","0.992010772228241","0.992010772228241","0.992010772228241","0.9702317118644714","0.9702317118644714","0.9702317118644714","0.8846043348312378","0.8846043348312378","0.8846043348312378","0.8149980306625366","0.8149980306625366","0.8149980306625366"
"132","0.7156285047531128","0.7156285047531128","0.7156285047531128","0.7743178606033325","0.7743178606033325","0.7743178606033325","0.855068564414978","0.855068564414978","0.855068564414978","0.8951748609542847","0.8951748609542847","0.8951748609542847","0.9488157033920288","0.9488157033920288","0.9488157033920288","0.9482244849205017","0.9482244849205017","0.9482244849205017","0.8330782651901245","0.8330782651901245","0.8330782651901245","0.7794525623321533","0.7794525623321533","0.7794525623321533"
"134","0.7284749746322632","0.7284749746322632","0.7284749746322632","0.857823371887207","0.857823371887207","0.857823371887207","0.8105964660644531","0.8105964660644531","0.8105964660644531","0.9446436166763306","0.9446436166763306","0.9446436166763306","0.9598619937896729","0.9598619937896729","0.9598619937896729","0.9397567510604858","0.9397567510604858","0.9397567510604858","0.8881438970565796","0.8881438970565796","0.8881438970565796","0.7779797315597534","0.7779797315597534","0.7779797315597534"
"136","0.7574133276939392","0.7574133276939392","0.7574133276939392","0.829619288444519","0.829619288444519","0.829619288444519","0.8309099674224854","0.8309099674224854","0.8309099674224854","0.9173762798309326","0.9173762798309326","0.9173762798309326","0.9342635869979858","0.9342635869979858","0.9342635869979858","0.9292291402816772","0.9292291402816772","0.9292291402816772","0.873222291469574","0.873222291469574","0.873222291469574","0.7969175577163696","0.7969175577163696","0.7969175577163696"
"138","0.8182295560836792","0.8182295560836792","0.8182295560836792","0.8148870468139648","0.8148870468139648","0.8148870468139648","0.9298505783081055","0.9298505783081055","0.9298505783081055","0.8550034761428833","0.8550034761428833","0.8550034761428833","0.9561118483543396","0.9561118483543396","0.9561118483543396","0.9519332647323608","0.9519332647323608","0.9519332647323608","0.8502117991447449","0.8502117991447449","0.8502117991447449","0.7776551246643066","0.7776551246643066","0.7776551246643066"
"140","0.6712133288383484","0.6712133288383484","0.6712133288383484","0.8196949362754822","0.8196949362754822","0.8196949362754822","0.8928213119506836","0.8928213119506836","0.8928213119506836","0.9431561231613159","0.9431561231613159","0.9431561231613159","0.9522775411605835","0.9522775411605835","0.9522775411605835","0.9583061933517456","0.9583061933517456","0.9583061933517456","0.8764349818229675","0.8764349818229675","0.8764349818229675","0.7648267149925232","0.7648267149925232","0.7648267149925232"
"142","0.771169126033783","0.771169126033783","0.771169126033783","0.8226784467697144","0.8226784467697144","0.8226784467697144","0.8965556025505066","0.8965556025505066","0.8965556025505066","0.9207859039306641","0.9207859039306641","0.9207859039306641","0.9447342157363892","0.9447342157363892","0.9447342157363892","0.8939504027366638","0.8939504027366638","0.8939504027366638","0.8284215927124023","0.8284215927124023","0.8284215927124023","0.8445262908935547","0.8445262908935547","0.8445262908935547"
"144","0.6732256412506104","0.6732256412506104","0.6732256412506104","0.8522395491600037","0.8522395491600037","0.8522395491600037","0.8830560445785522","0.8830560445785522","0.8830560445785522","0.9125818014144897","0.9125818014144897","0.9125818014144897","0.9705778360366821","0.9705778360366821","0.9705778360366821","0.9769756197929382","0.9769756197929382","0.9769756197929382","0.8699082136154175","0.8699082136154175","0.8699082136154175","0.7355830073356628","0.7355830073356628","0.7355830073356628"
"146","0.8381554484367371","0.8381554484367371","0.8381554484367371","0.8166269063949585","0.8166269063949585","0.8166269063949585","0.9174136519432068","0.9174136519432068","0.9174136519432068","0.9750728607177734","0.9750728607177734","0.9750728607177734","0.9874817728996277","0.9874817728996277","0.9874817728996277","0.9902130961418152","0.9902130961418152","0.9902130961418152","0.8675333261489868","0.8675333261489868","0.8675333261489868","0.7993910312652588","0.7993910312652588","0.7993910312652588"
"148","0.7513582110404968","0.7513582110404968","0.7513582110404968","0.8610185384750366","0.8610185384750366","0.8610185384750366","0.9236652255058289","0.9236652255058289","0.9236652255058289","0.8760896921157837","0.8760896921157837","0.8760896921157837","0.9530724883079529","0.9530724883079529","0.9530724883079529","0.9174849390983582","0.9174849390983582","0.9174849390983582","0.8694785833358765","0.8694785833358765","0.8694785833358765","0.8313507437705994","0.8313507437705994","0.8313507437705994"
"150","0.7506880164146423","0.7506880164146423","0.7506880164146423","0.8075010180473328","0.8075010180473328","0.8075010180473328","0.8135541677474976","0.8135541677474976","0.8135541677474976","0.8642175197601318","0.8642175197601318","0.8642175197601318","0.9706191420555115","0.9706191420555115","0.9706191420555115","0.9714983701705933","0.9714983701705933","0.9714983701705933","0.8466612100601196","0.8466612100601196","0.8466612100601196","0.7918004393577576","0.7918004393577576","0.7918004393577576"
"152","0.81230229139328","0.81230229139328","0.81230229139328","0.8092686533927917","0.8092686533927917","0.8092686533927917","0.7636288404464722","0.7636288404464722","0.7636288404464722","0.8343461751937866","0.8343461751937866","0.8343461751937866","0.902963399887085","0.902963399887085","0.902963399887085","0.8025388717651367","0.8025388717651367","0.8025388717651367","0.8267714977264404","0.8267714977264404","0.8267714977264404","0.7265681624412537","0.7265681624412537","0.7265681624412537"
"154","0.6926530599594116","0.6926530599594116","0.6926530599594116","0.8473720550537109","0.8473720550537109","0.8473720550537109","0.824864387512207","0.824864387512207","0.824864387512207","0.7884919047355652","0.7884919047355652","0.7884919047355652","0.9083654284477234","0.9083654284477234","0.9083654284477234","0.8700620532035828","0.8700620532035828","0.8700620532035828","0.8041755557060242","0.8041755557060242","0.8041755557060242","0.7853816747665405","0.7853816747665405","0.7853816747665405"
"156","0.7468910217285156","0.7468910217285156","0.7468910217285156","0.8095568418502808","0.8095568418502808","0.8095568418502808","0.877149760723114","0.877149760723114","0.877149760723114","0.8472471237182617","0.8472471237182617","0.8472471237182617","0.9165489077568054","0.9165489077568054","0.9165489077568054","0.8707540035247803","0.8707540035247803","0.8707540035247803","0.866599440574646","0.866599440574646","0.866599440574646","0.7615083456039429","0.7615083456039429","0.7615083456039429"
"158","0.7700280547142029","0.7700280547142029","0.7700280547142029","0.8607866168022156","0.8607866168022156","0.8607866168022156","0.8989266753196716","0.8989266753196716","0.8989266753196716","0.8399960398674011","0.8399960398674011","0.8399960398674011","0.9007827639579773","0.9007827639579773","0.9007827639579773","0.8398102521896362","0.8398102521896362","0.8398102521896362","0.7945655584335327","0.7945655584335327","0.7945655584335327","0.8027933835983276","0.8027933835983276","0.8027933835983276"
"160","0.766485869884491","0.766485869884491","0.766485869884491","0.8970850706100464","0.8970850706100464","0.8970850706100464","0.9011408090591431","0.9011408090591431","0.9011408090591431","0.9043183326721191","0.9043183326721191","0.9043183326721191","0.9193935394287109","0.9193935394287109","0.9193935394287109","0.9032634496688843","0.9032634496688843","0.9032634496688843","0.8439716100692749","0.8439716100692749","0.8439716100692749","0.7776791453361511","0.7776791453361511","0.7776791453361511"
"162","0.14032286405563354","0.14032286405563354","0.14032286405563354","0.8629090189933777","0.8629090189933777","0.8629090189933777","0.8282474279403687","0.8282474279403687","0.8282474279403687","0.8973129987716675","0.8973129987716675","0.8973129987716675","0.9169497489929199","0.9169497489929199","0.9169497489929199","0.8933116793632507","0.8933116793632507","0.8933116793632507","0.7950387001037598","0.7950387001037598","0.7950387001037598","0.7834574580192566","0.7834574580192566","0.7834574580192566"
"164","0.6368193626403809","0.6368193626403809","0.6368193626403809","0.8349248766899109","0.8349248766899109","0.8349248766899109","0.8823179602622986","0.8823179602622986","0.8823179602622986","0.9135519862174988","0.9135519862174988","0.9135519862174988","0.8932940363883972","0.8932940363883972","0.8932940363883972","0.8372041583061218","0.8372041583061218","0.8372041583061218","0.7833434343338013","0.7833434343338013","0.7833434343338013","0.6616145968437195","0.6616145968437195","0.6616145968437195"
"166","0.7179925441741943","0.7179925441741943","0.7179925441741943","0.8355020880699158","0.8355020880699158","0.8355020880699158","0.8667066097259521","0.8667066097259521","0.8667066097259521","0.908768355846405","0.908768355846405","0.908768355846405","0.9617123603820801","0.9617123603820801","0.9617123603820801","0.9144441485404968","0.9144441485404968","0.9144441485404968","0.8187915086746216","0.8187915086746216","0.8187915086746216","0.78363436460495","0.78363436460495","0.78363436460495"
"168","0.7412266135215759","0.7412266135215759","0.7412266135215759","0.929548442363739","0.929548442363739","0.929548442363739","0.9227354526519775","0.9227354526519775","0.9227354526519775","0.9478023052215576","0.9478023052215576","0.9478023052215576","0.9884363412857056","0.9884363412857056","0.9884363412857056","0.9917402267456055","0.9917402267456055","0.9917402267456055","0.9462389349937439","0.9462389349937439","0.9462389349937439","0.8520051836967468","0.8520051836967468","0.8520051836967468"
"170","0.8462315797805786","0.8462315797805786","0.8462315797805786","0.8633657693862915","0.8633657693862915","0.8633657693862915","0.9372568130493164","0.9372568130493164","0.9372568130493164","0.9012929797172546","0.9012929797172546","0.9012929797172546","0.986890435218811","0.986890435218811","0.986890435218811","0.9258089065551758","0.9258089065551758","0.9258089065551758","0.8378052711486816","0.8378052711486816","0.8378052711486816","0.8767521381378174","0.8767521381378174","0.8767521381378174"
"172","0.7453452944755554","0.7453452944755554","0.7453452944755554","0.8913973569869995","0.8913973569869995","0.8913973569869995","0.9152125716209412","0.9152125716209412","0.9152125716209412","0.935503363609314","0.935503363609314","0.935503363609314","0.9462229609489441","0.9462229609489441","0.9462229609489441","0.8891887664794922","0.8891887664794922","0.8891887664794922","0.8762754797935486","0.8762754797935486","0.8762754797935486","0.7708133459091187","0.7708133459091187","0.7708133459091187"
"174","0.6843024492263794","0.6843024492263794","0.6843024492263794","0.8472223281860352","0.8472223281860352","0.8472223281860352","0.8749153017997742","0.8749153017997742","0.8749153017997742","0.8979474306106567","0.8979474306106567","0.8979474306106567","0.9406630992889404","0.9406630992889404","0.9406630992889404","0.9506571292877197","0.9506571292877197","0.9506571292877197","0.8586430549621582","0.8586430549621582","0.8586430549621582","0.8204537630081177","0.8204537630081177","0.8204537630081177"
"176","0.7669634819030762","0.7669634819030762","0.7669634819030762","0.9150769114494324","0.9150769114494324","0.9150769114494324","0.9388462901115417","0.9388462901115417","0.9388462901115417","0.9283964037895203","0.9283964037895203","0.9283964037895203","0.9461774230003357","0.9461774230003357","0.9461774230003357","0.9550603628158569","0.9550603628158569","0.9550603628158569","0.8781956434249878","0.8781956434249878","0.8781956434249878","0.8796863555908203","0.8796863555908203","0.8796863555908203"
"178","0.7431167364120483","0.7431167364120483","0.7431167364120483","0.9473458528518677","0.9473458528518677","0.9473458528518677","0.95367830991745","0.95367830991745","0.95367830991745","0.9641994833946228","0.9641994833946228","0.9641994833946228","0.9710831046104431","0.9710831046104431","0.9710831046104431","0.9353797435760498","0.9353797435760498","0.9353797435760498","0.9182319045066833","0.9182319045066833","0.9182319045066833","0.8882188200950623","0.8882188200950623","0.8882188200950623"
"180","0.7687966227531433","0.7687966227531433","0.7687966227531433","0.8539101481437683","0.8539101481437683","0.8539101481437683","0.9100958108901978","0.9100958108901978","0.9100958108901978","0.8190234899520874","0.8190234899520874","0.8190234899520874","0.9428150653839111","0.9428150653839111","0.9428150653839111","0.9003453254699707","0.9003453254699707","0.9003453254699707","0.8647782802581787","0.8647782802581787","0.8647782802581787","0.7983934283256531","0.7983934283256531","0.7983934283256531"
"182","0.1304444819688797","0.1304444819688797","0.1304444819688797","0.8148600459098816","0.8148600459098816","0.8148600459098816","0.878436267375946","0.878436267375946","0.878436267375946","0.8434702157974243","0.8434702157974243","0.8434702157974243","0.9567708373069763","0.9567708373069763","0.9567708373069763","0.9569720029830933","0.9569720029830933","0.9569720029830933","0.8972923159599304","0.8972923159599304","0.8972923159599304","0.8265889883041382","0.8265889883041382","0.8265889883041382"
"184","0.7498122453689575","0.7498122453689575","0.7498122453689575","0.832327127456665","0.832327127456665","0.832327127456665","0.9125992059707642","0.9125992059707642","0.9125992059707642","0.8415328860282898","0.8415328860282898","0.8415328860282898","0.9299668073654175","0.9299668073654175","0.9299668073654175","0.9228739738464355","0.9228739738464355","0.9228739738464355","0.8077346682548523","0.8077346682548523","0.8077346682548523","0.8365035057067871","0.8365035057067871","0.8365035057067871"
"186","0.799751877784729","0.799751877784729","0.799751877784729","0.8629664182662964","0.8629664182662964","0.8629664182662964","0.9072932004928589","0.9072932004928589","0.9072932004928589","0.9160549640655518","0.9160549640655518","0.9160549640655518","0.957009494304657","0.957009494304657","0.957009494304657","0.9163458347320557","0.9163458347320557","0.9163458347320557","0.8943753242492676","0.8943753242492676","0.8943753242492676","0.8491414785385132","0.8491414785385132","0.8491414785385132"
"188","0.7644228935241699","0.7644228935241699","0.7644228935241699","0.889738917350769","0.889738917350769","0.889738917350769","0.9046212434768677","0.9046212434768677","0.9046212434768677","0.8815093040466309","0.8815093040466309","0.8815093040466309","0.923923671245575","0.923923671245575","0.923923671245575","0.8831827044487","0.8831827044487","0.8831827044487","0.886497437953949","0.886497437953949","0.886497437953949","0.8355259299278259","0.8355259299278259","0.8355259299278259"
"190","0.7842344045639038","0.7842344045639038","0.7842344045639038","0.7943212985992432","0.7943212985992432","0.7943212985992432","0.8688015937805176","0.8688015937805176","0.8688015937805176","0.8955115675926208","0.8955115675926208","0.8955115675926208","0.9542179107666016","0.9542179107666016","0.9542179107666016","0.9196507334709167","0.9196507334709167","0.9196507334709167","0.8325095176696777","0.8325095176696777","0.8325095176696777","0.7812950015068054","0.7812950015068054","0.7812950015068054"
"192","0.7771862745285034","0.7771862745285034","0.7771862745285034","0.8593031764030457","0.8593031764030457","0.8593031764030457","0.9104037284851074","0.9104037284851074","0.9104037284851074","0.8944324851036072","0.8944324851036072","0.8944324851036072","0.9260958433151245","0.9260958433151245","0.9260958433151245","0.9045089483261108","0.9045089483261108","0.9045089483261108","0.8268194198608398","0.8268194198608398","0.8268194198608398","0.8080090284347534","0.8080090284347534","0.8080090284347534"
"194","0.8224395513534546","0.8224395513534546","0.8224395513534546","0.9246060252189636","0.9246060252189636","0.9246060252189636","0.8864284753799438","0.8864284753799438","0.8864284753799438","0.8963223695755005","0.8963223695755005","0.8963223695755005","0.9666492342948914","0.9666492342948914","0.9666492342948914","0.9420375227928162","0.9420375227928162","0.9420375227928162","0.931272029876709","0.931272029876709","0.931272029876709","0.8346652984619141","0.8346652984619141","0.8346652984619141"
"196","0.7823578715324402","0.7823578715324402","0.7823578715324402","0.8297132849693298","0.8297132849693298","0.8297132849693298","0.8490392565727234","0.8490392565727234","0.8490392565727234","0.8501402735710144","0.8501402735710144","0.8501402735710144","0.8004714846611023","0.8004714846611023","0.8004714846611023","0.8074300289154053","0.8074300289154053","0.8074300289154053","0.7489217519760132","0.7489217519760132","0.7489217519760132","0.8339051008224487","0.8339051008224487","0.8339051008224487"
"198","0.7912520170211792","0.7912520170211792","0.7912520170211792","0.8372195959091187","0.8372195959091187","0.8372195959091187","0.9144463539123535","0.9144463539123535","0.9144463539123535","0.9089049100875854","0.9089049100875854","0.9089049100875854","0.9959537982940674","0.9959537982940674","0.9959537982940674","0.9493275880813599","0.9493275880813599","0.9493275880813599","0.8812750577926636","0.8812750577926636","0.8812750577926636","0.8511193990707397","0.8511193990707397","0.8511193990707397"
"200","0.7980121374130249","0.7980121374130249","0.7980121374130249","0.807689368724823","0.807689368724823","0.807689368724823","0.9369615316390991","0.9369615316390991","0.9369615316390991","0.939129114151001","0.939129114151001","0.939129114151001","0.9745221138000488","0.9745221138000488","0.9745221138000488","0.9618613123893738","0.9618613123893738","0.9618613123893738","0.8123083114624023","0.8123083114624023","0.8123083114624023","0.8597579002380371","0.8597579002380371","0.8597579002380371"
"202","0.8073980212211609","0.8073980212211609","0.8073980212211609","0.8430079221725464","0.8430079221725464","0.8430079221725464","0.9329282641410828","0.9329282641410828","0.9329282641410828","0.9344378709793091","0.9344378709793091","0.9344378709793091","0.9717655181884766","0.9717655181884766","0.9717655181884766","0.9354619383811951","0.9354619383811951","0.9354619383811951","0.8452844619750977","0.8452844619750977","0.8452844619750977","0.7564732432365417","0.7564732432365417","0.7564732432365417"
"204","0.7920982837677002","0.7920982837677002","0.7920982837677002","0.8058826923370361","0.8058826923370361","0.8058826923370361","0.8977140188217163","0.8977140188217163","0.8977140188217163","0.8872510194778442","0.8872510194778442","0.8872510194778442","0.9387621879577637","0.9387621879577637","0.9387621879577637","0.9517247676849365","0.9517247676849365","0.9517247676849365","0.7468657493591309","0.7468657493591309","0.7468657493591309","0.80291748046875","0.80291748046875","0.80291748046875"
"206","0.7951533198356628","0.7951533198356628","0.7951533198356628","0.8671610355377197","0.8671610355377197","0.8671610355377197","0.8546318411827087","0.8546318411827087","0.8546318411827087","0.8929067850112915","0.8929067850112915","0.8929067850112915","0.963943362236023","0.963943362236023","0.963943362236023","0.9334295988082886","0.9334295988082886","0.9334295988082886","0.8746275901794434","0.8746275901794434","0.8746275901794434","0.8512313365936279","0.8512313365936279","0.8512313365936279"
"208","0.835452675819397","0.835452675819397","0.835452675819397","0.8001130819320679","0.8001130819320679","0.8001130819320679","0.9418246150016785","0.9418246150016785","0.9418246150016785","0.9373749494552612","0.9373749494552612","0.9373749494552612","0.9599494934082031","0.9599494934082031","0.9599494934082031","0.9445003271102905","0.9445003271102905","0.9445003271102905","0.8889484405517578","0.8889484405517578","0.8889484405517578","0.8915514349937439","0.8915514349937439","0.8915514349937439"
"210","0.7968416213989258","0.7968416213989258","0.7968416213989258","0.9188030958175659","0.9188030958175659","0.9188030958175659","0.9124938249588013","0.9124938249588013","0.9124938249588013","0.9246377944946289","0.9246377944946289","0.9246377944946289","0.9794861078262329","0.9794861078262329","0.9794861078262329","0.9696556925773621","0.9696556925773621","0.9696556925773621","0.8496999144554138","0.8496999144554138","0.8496999144554138","0.8801018595695496","0.8801018595695496","0.8801018595695496"
"212","0.8223385810852051","0.8223385810852051","0.8223385810852051","0.9457615613937378","0.9457615613937378","0.9457615613937378","0.8982824087142944","0.8982824087142944","0.8982824087142944","0.9082235097885132","0.9082235097885132","0.9082235097885132","0.9365535974502563","0.9365535974502563","0.9365535974502563","0.8956782817840576","0.8956782817840576","0.8956782817840576","0.8478658199310303","0.8478658199310303","0.8478658199310303","0.7504242658615112","0.7504242658615112","0.7504242658615112"
"214","0.6914646625518799","0.6914646625518799","0.6914646625518799","0.8025423288345337","0.8025423288345337","0.8025423288345337","0.9202933311462402","0.9202933311462402","0.9202933311462402","0.8721796274185181","0.8721796274185181","0.8721796274185181","0.950356125831604","0.950356125831604","0.950356125831604","0.9586812257766724","0.9586812257766724","0.9586812257766724","0.8355004787445068","0.8355004787445068","0.8355004787445068","0.8444662094116211","0.8444662094116211","0.8444662094116211"
"216","0.7588981986045837","0.7588981986045837","0.7588981986045837","0.8676894903182983","0.8676894903182983","0.8676894903182983","0.9278504848480225","0.9278504848480225","0.9278504848480225","0.9223368167877197","0.9223368167877197","0.9223368167877197","0.9869449138641357","0.9869449138641357","0.9869449138641357","0.9582743048667908","0.9582743048667908","0.9582743048667908","0.8709723353385925","0.8709723353385925","0.8709723353385925","0.7474650740623474","0.7474650740623474","0.7474650740623474"
"218","0.6487762928009033","0.6487762928009033","0.6487762928009033","0.8603965640068054","0.8603965640068054","0.8603965640068054","0.9072079658508301","0.9072079658508301","0.9072079658508301","0.8316720724105835","0.8316720724105835","0.8316720724105835","0.9358325004577637","0.9358325004577637","0.9358325004577637","0.8687700033187866","0.8687700033187866","0.8687700033187866","0.8954035043716431","0.8954035043716431","0.8954035043716431","0.8355731964111328","0.8355731964111328","0.8355731964111328"
"220","0.8120182752609253","0.8120182752609253","0.8120182752609253","0.8815457820892334","0.8815457820892334","0.8815457820892334","0.8300809264183044","0.8300809264183044","0.8300809264183044","0.8630921244621277","0.8630921244621277","0.8630921244621277","0.9295980334281921","0.9295980334281921","0.9295980334281921","0.9087302088737488","0.9087302088737488","0.9087302088737488","0.8800653219223022","0.8800653219223022","0.8800653219223022","0.8699290156364441","0.8699290156364441","0.8699290156364441"
"222","0.8597850799560547","0.8597850799560547","0.8597850799560547","0.7611979246139526","0.7611979246139526","0.7611979246139526","0.8371437788009644","0.8371437788009644","0.8371437788009644","0.8821223974227905","0.8821223974227905","0.8821223974227905","0.9619694948196411","0.9619694948196411","0.9619694948196411","0.9065505266189575","0.9065505266189575","0.9065505266189575","0.8988900184631348","0.8988900184631348","0.8988900184631348","0.7826446294784546","0.7826446294784546","0.7826446294784546"
"224","0.6089586019515991","0.6089586019515991","0.6089586019515991","0.8887369632720947","0.8887369632720947","0.8887369632720947","0.8697604537010193","0.8697604537010193","0.8697604537010193","0.8631771802902222","0.8631771802902222","0.8631771802902222","0.9704468250274658","0.9704468250274658","0.9704468250274658","0.9656037092208862","0.9656037092208862","0.9656037092208862","0.8549247980117798","0.8549247980117798","0.8549247980117798","0.8240670561790466","0.8240670561790466","0.8240670561790466"
"226","0.6854316592216492","0.6854316592216492","0.6854316592216492","0.899085521697998","0.899085521697998","0.899085521697998","0.9173282384872437","0.9173282384872437","0.9173282384872437","0.9247719645500183","0.9247719645500183","0.9247719645500183","0.873182475566864","0.873182475566864","0.873182475566864","0.8798012137413025","0.8798012137413025","0.8798012137413025","0.8387885093688965","0.8387885093688965","0.8387885093688965","0.838381290435791","0.838381290435791","0.838381290435791"
"228","0.7653295397758484","0.7653295397758484","0.7653295397758484","0.8621623516082764","0.8621623516082764","0.8621623516082764","0.9365116953849792","0.9365116953849792","0.9365116953849792","0.9271434545516968","0.9271434545516968","0.9271434545516968","0.9405019283294678","0.9405019283294678","0.9405019283294678","0.9334722757339478","0.9334722757339478","0.9334722757339478","0.9218614101409912","0.9218614101409912","0.9218614101409912","0.8470292091369629","0.8470292091369629","0.8470292091369629"
"230","0.7973208427429199","0.7973208427429199","0.7973208427429199","0.8968298435211182","0.8968298435211182","0.8968298435211182","0.9163955450057983","0.9163955450057983","0.9163955450057983","0.9014962911605835","0.9014962911605835","0.9014962911605835","0.9792448282241821","0.9792448282241821","0.9792448282241821","0.9653713703155518","0.9653713703155518","0.9653713703155518","0.8330169916152954","0.8330169916152954","0.8330169916152954","0.8639059066772461","0.8639059066772461","0.8639059066772461"