"Step","VOWELS_FILTER_b5_dual_waveform_bs16 - prior_loss_z","VOWELS_FILTER_b5_dual_waveform_bs16 - prior_loss_z__MIN","VOWELS_FILTER_b5_dual_waveform_bs16 - prior_loss_z__MAX","VOWELS_FILTER_b1_dual_waveform_bs16 - prior_loss_z","VOWELS_FILTER_b1_dual_waveform_bs16 - prior_loss_z__MIN","VOWELS_FILTER_b1_dual_waveform_bs16 - prior_loss_z__MAX","VOWELS_FILTER_b0.1_dual_waveform_bs16 - prior_loss_z","VOWELS_FILTER_b0.1_dual_waveform_bs16 - prior_loss_z__MIN","VOWELS_FILTER_b0.1_dual_waveform_bs16 - prior_loss_z__MAX","VOWELS_FILTER_b0_dual_waveform_bs16 - prior_loss_z","VOWELS_FILTER_b0_dual_waveform_bs16 - prior_loss_z__MIN","VOWELS_FILTER_b0_dual_waveform_bs16 - prior_loss_z__MAX","VOWELS_FILTER_b0_DUAL_bs16 - prior_loss_z","VOWELS_FILTER_b0_DUAL_bs16 - prior_loss_z__MIN","VOWELS_FILTER_b0_DUAL_bs16 - prior_loss_z__MAX","VOWELS_FILTER_b0.1_DUAL_bs16 - prior_loss_z","VOWELS_FILTER_b0.1_DUAL_bs16 - prior_loss_z__MIN","VOWELS_FILTER_b0.1_DUAL_bs16 - prior_loss_z__MAX","VOWELS_FILTER_b1_DUAL_bs16 - prior_loss_z","VOWELS_FILTER_b1_DUAL_bs16 - prior_loss_z__MIN","VOWELS_FILTER_b1_DUAL_bs16 - prior_loss_z__MAX","VOWELS_FILTER_B5_DEFAULTS_DUAL_bs16 - prior_loss_z","VOWELS_FILTER_B5_DEFAULTS_DUAL_bs16 - prior_loss_z__MIN","VOWELS_FILTER_B5_DEFAULTS_DUAL_bs16 - prior_loss_z__MAX"
"0","198.55560302734375","198.55560302734375","198.55560302734375","43.128719329833984","43.128719329833984","43.128719329833984","5.667060852050781","5.667060852050781","5.667060852050781","0","0","0","0","0","0","5.279829502105713","5.279829502105713","5.279829502105713","41.21549606323242","41.21549606323242","41.21549606323242","194.72225952148438","194.72225952148438","194.72225952148438"
"2","57.2075080871582","57.2075080871582","57.2075080871582","18.733741760253906","18.733741760253906","18.733741760253906","3.722651481628418","3.722651481628418","3.722651481628418","0","0","0","0","0","0","3.660175323486328","3.660175323486328","3.660175323486328","22.048259735107422","22.048259735107422","22.048259735107422","83.31423950195312","83.31423950195312","83.31423950195312"
"4","17.67793083190918","17.67793083190918","17.67793083190918","7.83544921875","7.83544921875","7.83544921875","2.2246642112731934","2.2246642112731934","2.2246642112731934","0","0","0","0","0","0","2.35023832321167","2.35023832321167","2.35023832321167","10.177384376525879","10.177384376525879","10.177384376525879","30.79208755493164","30.79208755493164","30.79208755493164"
"6","6.561406135559082","6.561406135559082","6.561406135559082","3.589423179626465","3.589423179626465","3.589423179626465","1.4816746711730957","1.4816746711730957","1.4816746711730957","0","0","0","0","0","0","1.5564340353012085","1.5564340353012085","1.5564340353012085","5.318032264709473","5.318032264709473","5.318032264709473","14.62858772277832","14.62858772277832","14.62858772277832"
"8","2.8879024982452393","2.8879024982452393","2.8879024982452393","1.9033172130584717","1.9033172130584717","1.9033172130584717","0.81151282787323","0.81151282787323","0.81151282787323","0","0","0","0","0","0","0.9020625352859497","0.9020625352859497","0.9020625352859497","2.566483497619629","2.566483497619629","2.566483497619629","5.772988319396973","5.772988319396973","5.772988319396973"
"10","2.647660970687866","2.647660970687866","2.647660970687866","1.1432093381881714","1.1432093381881714","1.1432093381881714","0.46455973386764526","0.46455973386764526","0.46455973386764526","0","0","0","0","0","0","0.5770427584648132","0.5770427584648132","0.5770427584648132","1.6093811988830566","1.6093811988830566","1.6093811988830566","3.143787384033203","3.143787384033203","3.143787384033203"
"12","1.354739785194397","1.354739785194397","1.354739785194397","0.7474649548530579","0.7474649548530579","0.7474649548530579","0.28686678409576416","0.28686678409576416","0.28686678409576416","0","0","0","0","0","0","0.3849264979362488","0.3849264979362488","0.3849264979362488","0.9724855422973633","0.9724855422973633","0.9724855422973633","2.02929425239563","2.02929425239563","2.02929425239563"
"14","0.7991898655891418","0.7991898655891418","0.7991898655891418","0.48295989632606506","0.48295989632606506","0.48295989632606506","0.18007811903953552","0.18007811903953552","0.18007811903953552","0","0","0","0","0","0","0.2593768835067749","0.2593768835067749","0.2593768835067749","0.6916904449462891","0.6916904449462891","0.6916904449462891","1.6502212285995483","1.6502212285995483","1.6502212285995483"
"16","1.6847871541976929","1.6847871541976929","1.6847871541976929","0.37868940830230713","0.37868940830230713","0.37868940830230713","0.12507683038711548","0.12507683038711548","0.12507683038711548","0","0","0","0","0","0","0.1951393187046051","0.1951393187046051","0.1951393187046051","0.6612208485603333","0.6612208485603333","0.6612208485603333","1.2622300386428833","1.2622300386428833","1.2622300386428833"
"18","2.1484251022338867","2.1484251022338867","2.1484251022338867","0.276090145111084","0.276090145111084","0.276090145111084","0.07832799106836319","0.07832799106836319","0.07832799106836319","0","0","0","0","0","0","0.12971532344818115","0.12971532344818115","0.12971532344818115","0.3739883005619049","0.3739883005619049","0.3739883005619049","1.1826432943344116","1.1826432943344116","1.1826432943344116"
"20","11.199317932128906","11.199317932128906","11.199317932128906","0.6775396466255188","0.6775396466255188","0.6775396466255188","0.05093277245759964","0.05093277245759964","0.05093277245759964","0","0","0","0","0","0","0.10564403235912323","0.10564403235912323","0.10564403235912323","0.3218468427658081","0.3218468427658081","0.3218468427658081","1.316536545753479","1.316536545753479","1.316536545753479"
"22","1.108702301979065","1.108702301979065","1.108702301979065","0.1601625233888626","0.1601625233888626","0.1601625233888626","0.03634060174226761","0.03634060174226761","0.03634060174226761","0","0","0","0","0","0","0.08502501994371414","0.08502501994371414","0.08502501994371414","0.2653402090072632","0.2653402090072632","0.2653402090072632","0.9592682123184204","0.9592682123184204","0.9592682123184204"
"24","0.365198016166687","0.365198016166687","0.365198016166687","0.12744471430778503","0.12744471430778503","0.12744471430778503","0.026250585913658142","0.026250585913658142","0.026250585913658142","0","0","0","0","0","0","0.06848575174808502","0.06848575174808502","0.06848575174808502","0.2097395807504654","0.2097395807504654","0.2097395807504654","0.8596606254577637","0.8596606254577637","0.8596606254577637"
"26","0.24887286126613617","0.24887286126613617","0.24887286126613617","0.1489318162202835","0.1489318162202835","0.1489318162202835","0.03704731911420822","0.03704731911420822","0.03704731911420822","0","0","0","0","0","0","0.057833097875118256","0.057833097875118256","0.057833097875118256","0.25379276275634766","0.25379276275634766","0.25379276275634766","0.9420972466468811","0.9420972466468811","0.9420972466468811"
"28","0.23322589695453644","0.23322589695453644","0.23322589695453644","0.35354599356651306","0.35354599356651306","0.35354599356651306","0.04098253697156906","0.04098253697156906","0.04098253697156906","0","0","0","0","0","0","0.054579079151153564","0.054579079151153564","0.054579079151153564","0.21656230092048645","0.21656230092048645","0.21656230092048645","0.7309421896934509","0.7309421896934509","0.7309421896934509"
"30","0.22586770355701447","0.22586770355701447","0.22586770355701447","0.0757463276386261","0.0757463276386261","0.0757463276386261","0.01568605750799179","0.01568605750799179","0.01568605750799179","0","0","0","0","0","0","0.051257528364658356","0.051257528364658356","0.051257528364658356","0.297743022441864","0.297743022441864","0.297743022441864","0.9521644711494446","0.9521644711494446","0.9521644711494446"
"32","0.2284802496433258","0.2284802496433258","0.2284802496433258","0.1281997561454773","0.1281997561454773","0.1281997561454773","0.012385644018650055","0.012385644018650055","0.012385644018650055","0","0","0","0","0","0","0.04739943891763687","0.04739943891763687","0.04739943891763687","0.19421570003032684","0.19421570003032684","0.19421570003032684","1.482038974761963","1.482038974761963","1.482038974761963"
"34","0.1941923052072525","0.1941923052072525","0.1941923052072525","0.07487215101718903","0.07487215101718903","0.07487215101718903","0.02011139690876007","0.02011139690876007","0.02011139690876007","0","0","0","0","0","0","0.049376241862773895","0.049376241862773895","0.049376241862773895","0.11658996343612671","0.11658996343612671","0.11658996343612671","0.5092296600341797","0.5092296600341797","0.5092296600341797"
"36","0.13793185353279114","0.13793185353279114","0.13793185353279114","0.03444366157054901","0.03444366157054901","0.03444366157054901","0.014255553483963013","0.014255553483963013","0.014255553483963013","0","0","0","0","0","0","0.04005936533212662","0.04005936533212662","0.04005936533212662","0.24200424551963806","0.24200424551963806","0.24200424551963806","0.9542316198348999","0.9542316198348999","0.9542316198348999"
"38","0.15049688518047333","0.15049688518047333","0.15049688518047333","0.10045789182186127","0.10045789182186127","0.10045789182186127","0.04372340440750122","0.04372340440750122","0.04372340440750122","0","0","0","0","0","0","0.04991623014211655","0.04991623014211655","0.04991623014211655","0.15941545367240906","0.15941545367240906","0.15941545367240906","0.3486312925815582","0.3486312925815582","0.3486312925815582"
"40","0.32750552892684937","0.32750552892684937","0.32750552892684937","0.27888432145118713","0.27888432145118713","0.27888432145118713","0.056738242506980896","0.056738242506980896","0.056738242506980896","0","0","0","0","0","0","0.04274177551269531","0.04274177551269531","0.04274177551269531","0.11922210454940796","0.11922210454940796","0.11922210454940796","0.8634138703346252","0.8634138703346252","0.8634138703346252"
"42","1.1071794033050537","1.1071794033050537","1.1071794033050537","0.06163306534290314","0.06163306534290314","0.06163306534290314","0.0127052441239357","0.0127052441239357","0.0127052441239357","0","0","0","0","0","0","0.03335500508546829","0.03335500508546829","0.03335500508546829","0.14174401760101318","0.14174401760101318","0.14174401760101318","1.3492841720581055","1.3492841720581055","1.3492841720581055"
"44","0.08627660572528839","0.08627660572528839","0.08627660572528839","1.0108754634857178","1.0108754634857178","1.0108754634857178","0.04180561751127243","0.04180561751127243","0.04180561751127243","0","0","0","0","0","0","0.06643477827310562","0.06643477827310562","0.06643477827310562","0.1861085742712021","0.1861085742712021","0.1861085742712021","0.2540472745895386","0.2540472745895386","0.2540472745895386"
"46","0.14522075653076172","0.14522075653076172","0.14522075653076172","0.13174176216125488","0.13174176216125488","0.13174176216125488","0.02177230268716812","0.02177230268716812","0.02177230268716812","0","0","0","0","0","0","0.018454670906066895","0.018454670906066895","0.018454670906066895","0.05796477198600769","0.05796477198600769","0.05796477198600769","0.7028505206108093","0.7028505206108093","0.7028505206108093"
"48","0.1690492033958435","0.1690492033958435","0.1690492033958435","0.053573548793792725","0.053573548793792725","0.053573548793792725","0.008403800427913666","0.008403800427913666","0.008403800427913666","0","0","0","0","0","0","0.026960790157318115","0.026960790157318115","0.026960790157318115","0.05730882287025452","0.05730882287025452","0.05730882287025452","0.24753175675868988","0.24753175675868988","0.24753175675868988"
"50","1.9503484964370728","1.9503484964370728","1.9503484964370728","0.03677733242511749","0.03677733242511749","0.03677733242511749","0.010684460401535034","0.010684460401535034","0.010684460401535034","0","0","0","0","0","0","0.028050526976585388","0.028050526976585388","0.028050526976585388","0.280284583568573","0.280284583568573","0.280284583568573","0.20481012761592865","0.20481012761592865","0.20481012761592865"
"52","0.08225888013839722","0.08225888013839722","0.08225888013839722","0.07972858846187592","0.07972858846187592","0.07972858846187592","0.05134299397468567","0.05134299397468567","0.05134299397468567","0","0","0","0","0","0","0.023400835692882538","0.023400835692882538","0.023400835692882538","0.10546691715717316","0.10546691715717316","0.10546691715717316","0.2485286444425583","0.2485286444425583","0.2485286444425583"
"54","0.19690096378326416","0.19690096378326416","0.19690096378326416","0.1098276674747467","0.1098276674747467","0.1098276674747467","0.012291871011257172","0.012291871011257172","0.012291871011257172","0","0","0","0","0","0","0.017375968396663666","0.017375968396663666","0.017375968396663666","0.05785539746284485","0.05785539746284485","0.05785539746284485","0.44160857796669006","0.44160857796669006","0.44160857796669006"
"56","0.13619177043437958","0.13619177043437958","0.13619177043437958","0.026505813002586365","0.026505813002586365","0.026505813002586365","0.30052340030670166","0.30052340030670166","0.30052340030670166","0","0","0","0","0","0","0.017746426165103912","0.017746426165103912","0.017746426165103912","0.12062579393386841","0.12062579393386841","0.12062579393386841","0.18062591552734375","0.18062591552734375","0.18062591552734375"
"58","0.6145227551460266","0.6145227551460266","0.6145227551460266","0.19638016819953918","0.19638016819953918","0.19638016819953918","0.010687671601772308","0.010687671601772308","0.010687671601772308","0","0","0","0","0","0","0.014642186462879181","0.014642186462879181","0.014642186462879181","0.0696524977684021","0.0696524977684021","0.0696524977684021","0.17036721110343933","0.17036721110343933","0.17036721110343933"
"60","0.15937797725200653","0.15937797725200653","0.15937797725200653","0.09550914168357849","0.09550914168357849","0.09550914168357849","0.007846683263778687","0.007846683263778687","0.007846683263778687","0","0","0","0","0","0","0.0421573743224144","0.0421573743224144","0.0421573743224144","0.051537975668907166","0.051537975668907166","0.051537975668907166","0.19905082881450653","0.19905082881450653","0.19905082881450653"
"62","0.12008883059024811","0.12008883059024811","0.12008883059024811","0.04217013716697693","0.04217013716697693","0.04217013716697693","0.013615399599075317","0.013615399599075317","0.013615399599075317","0","0","0","0","0","0","0.0188986137509346","0.0188986137509346","0.0188986137509346","0.05773082375526428","0.05773082375526428","0.05773082375526428","0.4499562084674835","0.4499562084674835","0.4499562084674835"
"64","0.14455802738666534","0.14455802738666534","0.14455802738666534","0.023295804858207703","0.023295804858207703","0.023295804858207703","0.007252350449562073","0.007252350449562073","0.007252350449562073","0","0","0","0","0","0","0.012371815741062164","0.012371815741062164","0.012371815741062164","0.04282064735889435","0.04282064735889435","0.04282064735889435","0.3311600685119629","0.3311600685119629","0.3311600685119629"
"66","0.14486126601696014","0.14486126601696014","0.14486126601696014","0.059267282485961914","0.059267282485961914","0.059267282485961914","0.010232441127300262","0.010232441127300262","0.010232441127300262","0","0","0","0","0","0","0.02852223813533783","0.02852223813533783","0.02852223813533783","0.05236797034740448","0.05236797034740448","0.05236797034740448","1.4778319597244263","1.4778319597244263","1.4778319597244263"
"68","0.43451154232025146","0.43451154232025146","0.43451154232025146","1.654362678527832","1.654362678527832","1.654362678527832","0.005899935960769653","0.005899935960769653","0.005899935960769653","0","0","0","0","0","0","0.02318117767572403","0.02318117767572403","0.02318117767572403","0.03827087581157684","0.03827087581157684","0.03827087581157684","0.4404265284538269","0.4404265284538269","0.4404265284538269"
"70","0.4141736626625061","0.4141736626625061","0.4141736626625061","0.039576590061187744","0.039576590061187744","0.039576590061187744","0.010387808084487915","0.010387808084487915","0.010387808084487915","0","0","0","0","0","0","0.014258228242397308","0.014258228242397308","0.014258228242397308","0.1257583498954773","0.1257583498954773","0.1257583498954773","0.3891177475452423","0.3891177475452423","0.3891177475452423"
"72","0.11252462863922119","0.11252462863922119","0.11252462863922119","0.06427489221096039","0.06427489221096039","0.06427489221096039","0.006202012300491333","0.006202012300491333","0.006202012300491333","0","0","0","0","0","0","0.012829653918743134","0.012829653918743134","0.012829653918743134","0.11530615389347076","0.11530615389347076","0.11530615389347076","0.4937879741191864","0.4937879741191864","0.4937879741191864"
"74","0.18145553767681122","0.18145553767681122","0.18145553767681122","0.1413172483444214","0.1413172483444214","0.1413172483444214","0.11335662007331848","0.11335662007331848","0.11335662007331848","0","0","0","0","0","0","0.00984017550945282","0.00984017550945282","0.00984017550945282","0.03585882484912872","0.03585882484912872","0.03585882484912872","0.08554048836231232","0.08554048836231232","0.08554048836231232"
"76","0.8577927947044373","0.8577927947044373","0.8577927947044373","0.039235204458236694","0.039235204458236694","0.039235204458236694","0.011190444231033325","0.011190444231033325","0.011190444231033325","0","0","0","0","0","0","0.018386617302894592","0.018386617302894592","0.018386617302894592","0.2051861584186554","0.2051861584186554","0.2051861584186554","0.11122822761535645","0.11122822761535645","0.11122822761535645"
"78","0.17584972083568573","0.17584972083568573","0.17584972083568573","0.04871055483818054","0.04871055483818054","0.04871055483818054","0.006507009267807007","0.006507009267807007","0.006507009267807007","0","0","0","0","0","0","0.013407900929450989","0.013407900929450989","0.013407900929450989","0.03626607358455658","0.03626607358455658","0.03626607358455658","0.2841569483280182","0.2841569483280182","0.2841569483280182"
"80","0.351542592048645","0.351542592048645","0.351542592048645","0.03491707146167755","0.03491707146167755","0.03491707146167755","0.008826926350593567","0.008826926350593567","0.008826926350593567","0","0","0","0","0","0","0.0087810680270195","0.0087810680270195","0.0087810680270195","0.038613155484199524","0.038613155484199524","0.038613155484199524","0.30259454250335693","0.30259454250335693","0.30259454250335693"
"82","0.3961089849472046","0.3961089849472046","0.3961089849472046","0.027457252144813538","0.027457252144813538","0.027457252144813538","0.018169507384300232","0.018169507384300232","0.018169507384300232","0","0","0","0","0","0","0.017431654036045074","0.017431654036045074","0.017431654036045074","0.06704561412334442","0.06704561412334442","0.06704561412334442","0.45692509412765503","0.45692509412765503","0.45692509412765503"
"84","0.27533209323883057","0.27533209323883057","0.27533209323883057","0.1030469685792923","0.1030469685792923","0.1030469685792923","0.004928998649120331","0.004928998649120331","0.004928998649120331","0","0","0","0","0","0","0.009314462542533875","0.009314462542533875","0.009314462542533875","0.054031312465667725","0.054031312465667725","0.054031312465667725","0.22970065474510193","0.22970065474510193","0.22970065474510193"
"86","0.16226880252361298","0.16226880252361298","0.16226880252361298","0.017710253596305847","0.017710253596305847","0.017710253596305847","0.004551827907562256","0.004551827907562256","0.004551827907562256","0","0","0","0","0","0","0.014384627342224121","0.014384627342224121","0.014384627342224121","0.06649576127529144","0.06649576127529144","0.06649576127529144","0.40704235434532166","0.40704235434532166","0.40704235434532166"
"88","0.41633322834968567","0.41633322834968567","0.41633322834968567","0.05132399499416351","0.05132399499416351","0.05132399499416351","0.007179245352745056","0.007179245352745056","0.007179245352745056","0","0","0","0","0","0","0.01610463112592697","0.01610463112592697","0.01610463112592697","0.04256732761859894","0.04256732761859894","0.04256732761859894","0.49150362610816956","0.49150362610816956","0.49150362610816956"
"90","0.12766681611537933","0.12766681611537933","0.12766681611537933","0.16538210213184357","0.16538210213184357","0.16538210213184357","0.007102645933628082","0.007102645933628082","0.007102645933628082","0","0","0","0","0","0","0.007702693343162537","0.007702693343162537","0.007702693343162537","0.08604899048805237","0.08604899048805237","0.08604899048805237","0.3117896616458893","0.3117896616458893","0.3117896616458893"
"92","0.3249097466468811","0.3249097466468811","0.3249097466468811","0.044408515095710754","0.044408515095710754","0.044408515095710754","0.003504328429698944","0.003504328429698944","0.003504328429698944","0","0","0","0","0","0","0.017014160752296448","0.017014160752296448","0.017014160752296448","0.0532502681016922","0.0532502681016922","0.0532502681016922","0.138893723487854","0.138893723487854","0.138893723487854"
"94","0.3803238272666931","0.3803238272666931","0.3803238272666931","0.08006401360034943","0.08006401360034943","0.08006401360034943","0.004747182130813599","0.004747182130813599","0.004747182130813599","0","0","0","0","0","0","0.006973303854465485","0.006973303854465485","0.006973303854465485","0.09281635284423828","0.09281635284423828","0.09281635284423828","0.29715150594711304","0.29715150594711304","0.29715150594711304"
"96","0.7710639238357544","0.7710639238357544","0.7710639238357544","0.27481943368911743","0.27481943368911743","0.27481943368911743","0.007450021803379059","0.007450021803379059","0.007450021803379059","0","0","0","0","0","0","0.02717699110507965","0.02717699110507965","0.02717699110507965","0.15158429741859436","0.15158429741859436","0.15158429741859436","0.2670608460903168","0.2670608460903168","0.2670608460903168"
"98","0.16877427697181702","0.16877427697181702","0.16877427697181702","0.045641809701919556","0.045641809701919556","0.045641809701919556","0.011413276195526123","0.011413276195526123","0.011413276195526123","0","0","0","0","0","0","0.006303466856479645","0.006303466856479645","0.006303466856479645","0.04736170172691345","0.04736170172691345","0.04736170172691345","0.12607313692569733","0.12607313692569733","0.12607313692569733"
"100","0.08679889142513275","0.08679889142513275","0.08679889142513275","0.04386089742183685","0.04386089742183685","0.04386089742183685","0.002905905246734619","0.002905905246734619","0.002905905246734619","0","0","0","0","0","0","0.012060955166816711","0.012060955166816711","0.012060955166816711","0.03322862088680267","0.03322862088680267","0.03322862088680267","0.18862709403038025","0.18862709403038025","0.18862709403038025"
"102","594.7872314453125","594.7872314453125","594.7872314453125","0.08445136249065399","0.08445136249065399","0.08445136249065399","0.0038451626896858215","0.0038451626896858215","0.0038451626896858215","0","0","0","0","0","0","0.05027938634157181","0.05027938634157181","0.05027938634157181","0.059710144996643066","0.059710144996643066","0.059710144996643066","0.0951763242483139","0.0951763242483139","0.0951763242483139"
"104","0.1851290464401245","0.1851290464401245","0.1851290464401245","0.13965211808681488","0.13965211808681488","0.13965211808681488","0.023856624960899353","0.023856624960899353","0.023856624960899353","0","0","0","0","0","0","0.010210514068603516","0.010210514068603516","0.010210514068603516","0.02638503909111023","0.02638503909111023","0.02638503909111023","0.10839663445949554","0.10839663445949554","0.10839663445949554"
"106","0.14632530510425568","0.14632530510425568","0.14632530510425568","0.06786897778511047","0.06786897778511047","0.06786897778511047","0.18486833572387695","0.18486833572387695","0.18486833572387695","0","0","0","0","0","0","0.03745197504758835","0.03745197504758835","0.03745197504758835","0.06884969770908356","0.06884969770908356","0.06884969770908356","0.1677338033914566","0.1677338033914566","0.1677338033914566"
"108","0.0779423862695694","0.0779423862695694","0.0779423862695694","0.013296008110046387","0.013296008110046387","0.013296008110046387","0.015892788767814636","0.015892788767814636","0.015892788767814636","0","0","0","0","0","0","0.010308437049388885","0.010308437049388885","0.010308437049388885","0.05789928138256073","0.05789928138256073","0.05789928138256073","0.30480697751045227","0.30480697751045227","0.30480697751045227"
"110","0.08439943194389343","0.08439943194389343","0.08439943194389343","0.10890647768974304","0.10890647768974304","0.10890647768974304","0.01038188487291336","0.01038188487291336","0.01038188487291336","0","0","0","0","0","0","0.0063965171575546265","0.0063965171575546265","0.0063965171575546265","0.05872063338756561","0.05872063338756561","0.05872063338756561","0.43795591592788696","0.43795591592788696","0.43795591592788696"
"112","0.060002878308296204","0.060002878308296204","0.060002878308296204","0.04729144275188446","0.04729144275188446","0.04729144275188446","0.02630668878555298","0.02630668878555298","0.02630668878555298","0","0","0","0","0","0","0.006947219371795654","0.006947219371795654","0.006947219371795654","0.15026383101940155","0.15026383101940155","0.15026383101940155","0.638627290725708","0.638627290725708","0.638627290725708"
"114","0.7893301248550415","0.7893301248550415","0.7893301248550415","0.20170904695987701","0.20170904695987701","0.20170904695987701","0.005735427141189575","0.005735427141189575","0.005735427141189575","0","0","0","0","0","0","0.007951080799102783","0.007951080799102783","0.007951080799102783","0.14792107045650482","0.14792107045650482","0.14792107045650482","0.3069203495979309","0.3069203495979309","0.3069203495979309"
"116","0.34963563084602356","0.34963563084602356","0.34963563084602356","0.05662873387336731","0.05662873387336731","0.05662873387336731","0.00224410742521286","0.00224410742521286","0.00224410742521286","0","0","0","0","0","0","0.0085984468460083","0.0085984468460083","0.0085984468460083","0.07340893149375916","0.07340893149375916","0.07340893149375916","0.1530814915895462","0.1530814915895462","0.1530814915895462"
"118","0.04377588629722595","0.04377588629722595","0.04377588629722595","0.05262628197669983","0.05262628197669983","0.05262628197669983","0.015301555395126343","0.015301555395126343","0.015301555395126343","0","0","0","0","0","0","0.004907563328742981","0.004907563328742981","0.004907563328742981","0.06361201405525208","0.06361201405525208","0.06361201405525208","0.10172538459300995","0.10172538459300995","0.10172538459300995"
"120","0.1340813934803009","0.1340813934803009","0.1340813934803009","0.14924295246601105","0.14924295246601105","0.14924295246601105","0.004807129502296448","0.004807129502296448","0.004807129502296448","0","0","0","0","0","0","0.02297857403755188","0.02297857403755188","0.02297857403755188","0.14669373631477356","0.14669373631477356","0.14669373631477356","0.08088052272796631","0.08088052272796631","0.08088052272796631"
"122","0.0453505665063858","0.0453505665063858","0.0453505665063858","0.02633519470691681","0.02633519470691681","0.02633519470691681","0.005774363875389099","0.005774363875389099","0.005774363875389099","0","0","0","0","0","0","0.050925955176353455","0.050925955176353455","0.050925955176353455","0.049973875284194946","0.049973875284194946","0.049973875284194946","0.20095407962799072","0.20095407962799072","0.20095407962799072"
"124","0.20302683115005493","0.20302683115005493","0.20302683115005493","0.13534672558307648","0.13534672558307648","0.13534672558307648","0.0023648887872695923","0.0023648887872695923","0.0023648887872695923","0","0","0","0","0","0","0.006824858486652374","0.006824858486652374","0.006824858486652374","0.03329634666442871","0.03329634666442871","0.03329634666442871","0.3953348994255066","0.3953348994255066","0.3953348994255066"
"126","0.14511160552501678","0.14511160552501678","0.14511160552501678","0.09986422955989838","0.09986422955989838","0.09986422955989838","0.011604703962802887","0.011604703962802887","0.011604703962802887","0","0","0","0","0","0","0.005347386002540588","0.005347386002540588","0.005347386002540588","0.0600375235080719","0.0600375235080719","0.0600375235080719","0.3946036100387573","0.3946036100387573","0.3946036100387573"
"128","0.058250874280929565","0.058250874280929565","0.058250874280929565","0.1108977198600769","0.1108977198600769","0.1108977198600769","0.02094646543264389","0.02094646543264389","0.02094646543264389","0","0","0","0","0","0","0.039108648896217346","0.039108648896217346","0.039108648896217346","0.08914239704608917","0.08914239704608917","0.08914239704608917","0.2519678473472595","0.2519678473472595","0.2519678473472595"
"130","0.05319453775882721","0.05319453775882721","0.05319453775882721","0.09353600442409515","0.09353600442409515","0.09353600442409515","0.05615363270044327","0.05615363270044327","0.05615363270044327","0","0","0","0","0","0","0.00899425894021988","0.00899425894021988","0.00899425894021988","0.08262373507022858","0.08262373507022858","0.08262373507022858","0.11913813650608063","0.11913813650608063","0.11913813650608063"
"132","0.33459290862083435","0.33459290862083435","0.33459290862083435","0.23089714348316193","0.23089714348316193","0.23089714348316193","0.006893962621688843","0.006893962621688843","0.006893962621688843","0","0","0","0","0","0","0.02092873305082321","0.02092873305082321","0.02092873305082321","0.026215985417366028","0.026215985417366028","0.026215985417366028","0.10952949523925781","0.10952949523925781","0.10952949523925781"
"134","0.18891431391239166","0.18891431391239166","0.18891431391239166","0.05198083817958832","0.05198083817958832","0.05198083817958832","0.047365739941596985","0.047365739941596985","0.047365739941596985","0","0","0","0","0","0","0.008092507719993591","0.008092507719993591","0.008092507719993591","0.06322018802165985","0.06322018802165985","0.06322018802165985","0.37928634881973267","0.37928634881973267","0.37928634881973267"
"136","0.1156006008386612","0.1156006008386612","0.1156006008386612","0.10575979948043823","0.10575979948043823","0.10575979948043823","0.021310746669769287","0.021310746669769287","0.021310746669769287","0","0","0","0","0","0","0.009857177734375","0.009857177734375","0.009857177734375","0.025290772318840027","0.025290772318840027","0.025290772318840027","0.0801578164100647","0.0801578164100647","0.0801578164100647"
"138","0.12958087027072906","0.12958087027072906","0.12958087027072906","0.03515765070915222","0.03515765070915222","0.03515765070915222","0.0029534846544265747","0.0029534846544265747","0.0029534846544265747","0","0","0","0","0","0","0.006207205355167389","0.006207205355167389","0.006207205355167389","0.04911676049232483","0.04911676049232483","0.04911676049232483","0.27634426951408386","0.27634426951408386","0.27634426951408386"
"140","0.14986805617809296","0.14986805617809296","0.14986805617809296","0.03160931169986725","0.03160931169986725","0.03160931169986725","0.001526765525341034","0.001526765525341034","0.001526765525341034","0","0","0","0","0","0","0.014237798750400543","0.014237798750400543","0.014237798750400543","0.04638679325580597","0.04638679325580597","0.04638679325580597","0.08190758526325226","0.08190758526325226","0.08190758526325226"
"142","0.29728859663009644","0.29728859663009644","0.29728859663009644","0.12541666626930237","0.12541666626930237","0.12541666626930237","0.0036749467253684998","0.0036749467253684998","0.0036749467253684998","0","0","0","0","0","0","0.065925233066082","0.065925233066082","0.065925233066082","0.05200423300266266","0.05200423300266266","0.05200423300266266","0.2531450390815735","0.2531450390815735","0.2531450390815735"
"144","0.6289310455322266","0.6289310455322266","0.6289310455322266","0.10081738233566284","0.10081738233566284","0.10081738233566284","0.0014847144484519958","0.0014847144484519958","0.0014847144484519958","0","0","0","0","0","0","0.010321758687496185","0.010321758687496185","0.010321758687496185","0.08709117770195007","0.08709117770195007","0.08709117770195007","0.2593945860862732","0.2593945860862732","0.2593945860862732"
"146","0.10486356914043427","0.10486356914043427","0.10486356914043427","0.12128129601478577","0.12128129601478577","0.12128129601478577","0.004309430718421936","0.004309430718421936","0.004309430718421936","0","0","0","0","0","0","0.012156598269939423","0.012156598269939423","0.012156598269939423","0.03244228661060333","0.03244228661060333","0.03244228661060333","0.23430213332176208","0.23430213332176208","0.23430213332176208"
"148","0.16061216592788696","0.16061216592788696","0.16061216592788696","0.0668703019618988","0.0668703019618988","0.0668703019618988","0.02129872888326645","0.02129872888326645","0.02129872888326645","0","0","0","0","0","0","0.003892242908477783","0.003892242908477783","0.003892242908477783","0.022749975323677063","0.022749975323677063","0.022749975323677063","0.10834299027919769","0.10834299027919769","0.10834299027919769"
"150","0.137430801987648","0.137430801987648","0.137430801987648","0.11302120983600616","0.11302120983600616","0.11302120983600616","0.004866793751716614","0.004866793751716614","0.004866793751716614","0","0","0","0","0","0","0.0050074756145477295","0.0050074756145477295","0.0050074756145477295","0.044369474053382874","0.044369474053382874","0.044369474053382874","0.3402233123779297","0.3402233123779297","0.3402233123779297"
"152","0.1264043152332306","0.1264043152332306","0.1264043152332306","0.03471307456493378","0.03471307456493378","0.03471307456493378","0.0013563930988311768","0.0013563930988311768","0.0013563930988311768","0","0","0","0","0","0","0.008771121501922607","0.008771121501922607","0.008771121501922607","0.09572751820087433","0.09572751820087433","0.09572751820087433","0.16759634017944336","0.16759634017944336","0.16759634017944336"
"154","0.15876218676567078","0.15876218676567078","0.15876218676567078","0.05781874060630798","0.05781874060630798","0.05781874060630798","0.050969719886779785","0.050969719886779785","0.050969719886779785","0","0","0","0","0","0","0.00396391749382019","0.00396391749382019","0.00396391749382019","0.12660041451454163","0.12660041451454163","0.12660041451454163","0.24511776864528656","0.24511776864528656","0.24511776864528656"
"156","0.1496046781539917","0.1496046781539917","0.1496046781539917","0.14396682381629944","0.14396682381629944","0.14396682381629944","0.006452634930610657","0.006452634930610657","0.006452634930610657","0","0","0","0","0","0","0.0054630860686302185","0.0054630860686302185","0.0054630860686302185","0.03336206078529358","0.03336206078529358","0.03336206078529358","0.09674616158008575","0.09674616158008575","0.09674616158008575"
"158","0.18219687044620514","0.18219687044620514","0.18219687044620514","0.06562456488609314","0.06562456488609314","0.06562456488609314","0.004429534077644348","0.004429534077644348","0.004429534077644348","0","0","0","0","0","0","0.007164433598518372","0.007164433598518372","0.007164433598518372","0.07049828767776489","0.07049828767776489","0.07049828767776489","0.2804473042488098","0.2804473042488098","0.2804473042488098"
"160","0.09159930050373077","0.09159930050373077","0.09159930050373077","0.02704709768295288","0.02704709768295288","0.02704709768295288","0.0010689124464988708","0.0010689124464988708","0.0010689124464988708","0","0","0","0","0","0","0.01541842520236969","0.01541842520236969","0.01541842520236969","0.06367288529872894","0.06367288529872894","0.06367288529872894","0.08537657558917999","0.08537657558917999","0.08537657558917999"
"162","0.12676194310188293","0.12676194310188293","0.12676194310188293","0.029770880937576294","0.029770880937576294","0.029770880937576294","0.00453639030456543","0.00453639030456543","0.00453639030456543","0","0","0","0","0","0","0.003640487790107727","0.003640487790107727","0.003640487790107727","0.06078742444515228","0.06078742444515228","0.06078742444515228","0.1913849264383316","0.1913849264383316","0.1913849264383316"
"164","0.07459297776222229","0.07459297776222229","0.07459297776222229","0.05265668034553528","0.05265668034553528","0.05265668034553528","0.0013540610671043396","0.0013540610671043396","0.0013540610671043396","0","0","0","0","0","0","0.0033927783370018005","0.0033927783370018005","0.0033927783370018005","0.036894455552101135","0.036894455552101135","0.036894455552101135","0.07849074900150299","0.07849074900150299","0.07849074900150299"
"166","0.036292895674705505","0.036292895674705505","0.036292895674705505","0.0903107225894928","0.0903107225894928","0.0903107225894928","0.0037382692098617554","0.0037382692098617554","0.0037382692098617554","0","0","0","0","0","0","0.0052961185574531555","0.0052961185574531555","0.0052961185574531555","0.03744244575500488","0.03744244575500488","0.03744244575500488","0.11399015784263611","0.11399015784263611","0.11399015784263611"
"168","0.04804842174053192","0.04804842174053192","0.04804842174053192","0.050989389419555664","0.050989389419555664","0.050989389419555664","0.0017403960227966309","0.0017403960227966309","0.0017403960227966309","0","0","0","0","0","0","0.009632356464862823","0.009632356464862823","0.009632356464862823","0.04113800823688507","0.04113800823688507","0.04113800823688507","0.12747310101985931","0.12747310101985931","0.12747310101985931"
"170","0.048493966460227966","0.048493966460227966","0.048493966460227966","0.15835784375667572","0.15835784375667572","0.15835784375667572","0.0028775259852409363","0.0028775259852409363","0.0028775259852409363","0","0","0","0","0","0","0.016596779227256775","0.016596779227256775","0.016596779227256775","0.04856117069721222","0.04856117069721222","0.04856117069721222","0.2738147974014282","0.2738147974014282","0.2738147974014282"
"172","0.2730928361415863","0.2730928361415863","0.2730928361415863","0.14278456568717957","0.14278456568717957","0.14278456568717957","0.02404654026031494","0.02404654026031494","0.02404654026031494","0","0","0","0","0","0","0.009542517364025116","0.009542517364025116","0.009542517364025116","0.03229483962059021","0.03229483962059021","0.03229483962059021","0.10821260511875153","0.10821260511875153","0.10821260511875153"
"174","0.03603845834732056","0.03603845834732056","0.03603845834732056","0.0609743595123291","0.0609743595123291","0.0609743595123291","0.0012570098042488098","0.0012570098042488098","0.0012570098042488098","0","0","0","0","0","0","0.006907522678375244","0.006907522678375244","0.006907522678375244","0.0610264390707016","0.0610264390707016","0.0610264390707016","0.10077506303787231","0.10077506303787231","0.10077506303787231"
"176","0.2257470041513443","0.2257470041513443","0.2257470041513443","0.04744082689285278","0.04744082689285278","0.04744082689285278","0.001991674304008484","0.001991674304008484","0.001991674304008484","0","0","0","0","0","0","0.009579263627529144","0.009579263627529144","0.009579263627529144","0.06151124835014343","0.06151124835014343","0.06151124835014343","0.1024540513753891","0.1024540513753891","0.1024540513753891"
"178","0.07082857191562653","0.07082857191562653","0.07082857191562653","0.04161059856414795","0.04161059856414795","0.04161059856414795","0.0025978535413742065","0.0025978535413742065","0.0025978535413742065","0","0","0","0","0","0","0.006264016032218933","0.006264016032218933","0.006264016032218933","0.03516145050525665","0.03516145050525665","0.03516145050525665","0.07390491664409637","0.07390491664409637","0.07390491664409637"
"180","0.0565849244594574","0.0565849244594574","0.0565849244594574","0.10802298784255981","0.10802298784255981","0.10802298784255981","0.008246421813964844","0.008246421813964844","0.008246421813964844","0","0","0","0","0","0","0.007429875433444977","0.007429875433444977","0.007429875433444977","0.05677312612533569","0.05677312612533569","0.05677312612533569","0.2354014664888382","0.2354014664888382","0.2354014664888382"
"182","8.49165153503418","8.49165153503418","8.49165153503418","0.033028051257133484","0.033028051257133484","0.033028051257133484","0.000828571617603302","0.000828571617603302","0.000828571617603302","0","0","0","0","0","0","0.00431322306394577","0.00431322306394577","0.00431322306394577","0.02634085714817047","0.02634085714817047","0.02634085714817047","0.08622072637081146","0.08622072637081146","0.08622072637081146"
"184","0.03296099603176117","0.03296099603176117","0.03296099603176117","0.14569751918315887","0.14569751918315887","0.14569751918315887","0.004927478730678558","0.004927478730678558","0.004927478730678558","0","0","0","0","0","0","0.004484057426452637","0.004484057426452637","0.004484057426452637","0.05950331687927246","0.05950331687927246","0.05950331687927246","0.26760250329971313","0.26760250329971313","0.26760250329971313"
"186","0.23989304900169373","0.23989304900169373","0.23989304900169373","0.06272785365581512","0.06272785365581512","0.06272785365581512","0.012942776083946228","0.012942776083946228","0.012942776083946228","0","0","0","0","0","0","0.010793708264827728","0.010793708264827728","0.010793708264827728","0.032090842723846436","0.032090842723846436","0.032090842723846436","0.16039609909057617","0.16039609909057617","0.16039609909057617"
"188","0.39457792043685913","0.39457792043685913","0.39457792043685913","0.03659181296825409","0.03659181296825409","0.03659181296825409","0.022466398775577545","0.022466398775577545","0.022466398775577545","0","0","0","0","0","0","0.02223946899175644","0.02223946899175644","0.02223946899175644","0.06988503038883209","0.06988503038883209","0.06988503038883209","0.16951337456703186","0.16951337456703186","0.16951337456703186"
"190","0.08003748953342438","0.08003748953342438","0.08003748953342438","0.051269009709358215","0.051269009709358215","0.051269009709358215","0.0041846781969070435","0.0041846781969070435","0.0041846781969070435","0","0","0","0","0","0","0.002644658088684082","0.002644658088684082","0.002644658088684082","0.042741745710372925","0.042741745710372925","0.042741745710372925","0.06888620555400848","0.06888620555400848","0.06888620555400848"
"192","0.06683692336082458","0.06683692336082458","0.06683692336082458","0.07865928113460541","0.07865928113460541","0.07865928113460541","0.0032506361603736877","0.0032506361603736877","0.0032506361603736877","0","0","0","0","0","0","0.005740396678447723","0.005740396678447723","0.005740396678447723","0.027280151844024658","0.027280151844024658","0.027280151844024658","0.09808018803596497","0.09808018803596497","0.09808018803596497"
"194","0.09661354124546051","0.09661354124546051","0.09661354124546051","0.0521589070558548","0.0521589070558548","0.0521589070558548","0.0014443472027778625","0.0014443472027778625","0.0014443472027778625","0","0","0","0","0","0","0.006639145314693451","0.006639145314693451","0.006639145314693451","0.07172226905822754","0.07172226905822754","0.07172226905822754","0.2675008177757263","0.2675008177757263","0.2675008177757263"
"196","0.042624399065971375","0.042624399065971375","0.042624399065971375","0.08977524936199188","0.08977524936199188","0.08977524936199188","0.0015761032700538635","0.0015761032700538635","0.0015761032700538635","0","0","0","0","0","0","0.006370216608047485","0.006370216608047485","0.006370216608047485","0.04640154540538788","0.04640154540538788","0.04640154540538788","0.08216910064220428","0.08216910064220428","0.08216910064220428"
"198","0.1143086701631546","0.1143086701631546","0.1143086701631546","0.09018905460834503","0.09018905460834503","0.09018905460834503","0.007582031190395355","0.007582031190395355","0.007582031190395355","0","0","0","0","0","0","0.013241678476333618","0.013241678476333618","0.013241678476333618","0.030864626169204712","0.030864626169204712","0.030864626169204712","0.058040767908096313","0.058040767908096313","0.058040767908096313"
"200","0.11861361563205719","0.11861361563205719","0.11861361563205719","0.030260905623435974","0.030260905623435974","0.030260905623435974","0.00472162663936615","0.00472162663936615","0.00472162663936615","0","0","0","0","0","0","0.004987441003322601","0.004987441003322601","0.004987441003322601","0.06350070238113403","0.06350070238113403","0.06350070238113403","0.10911226272583008","0.10911226272583008","0.10911226272583008"
"202","0.15618130564689636","0.15618130564689636","0.15618130564689636","0.017570555210113525","0.017570555210113525","0.017570555210113525","0.004579856991767883","0.004579856991767883","0.004579856991767883","0","0","0","0","0","0","0.0027268752455711365","0.0027268752455711365","0.0027268752455711365","0.09360507130622864","0.09360507130622864","0.09360507130622864","0.14462172985076904","0.14462172985076904","0.14462172985076904"
"204","0.2486303448677063","0.2486303448677063","0.2486303448677063","0.031877532601356506","0.031877532601356506","0.031877532601356506","0.0038335323333740234","0.0038335323333740234","0.0038335323333740234","0","0","0","0","0","0","0.003510892391204834","0.003510892391204834","0.003510892391204834","0.1679787039756775","0.1679787039756775","0.1679787039756775","0.17917193472385406","0.17917193472385406","0.17917193472385406"
"206","0.1111011952161789","0.1111011952161789","0.1111011952161789","0.040675848722457886","0.040675848722457886","0.040675848722457886","0.007330559194087982","0.007330559194087982","0.007330559194087982","0","0","0","0","0","0","0.004401795566082001","0.004401795566082001","0.004401795566082001","0.1105981320142746","0.1105981320142746","0.1105981320142746","0.08203275501728058","0.08203275501728058","0.08203275501728058"
"208","0.2998512387275696","0.2998512387275696","0.2998512387275696","0.05923442542552948","0.05923442542552948","0.05923442542552948","0.016387075185775757","0.016387075185775757","0.016387075185775757","0","0","0","0","0","0","0.0024605244398117065","0.0024605244398117065","0.0024605244398117065","0.03256291151046753","0.03256291151046753","0.03256291151046753","0.10720714926719666","0.10720714926719666","0.10720714926719666"
"210","0.0920277088880539","0.0920277088880539","0.0920277088880539","0.04516512155532837","0.04516512155532837","0.04516512155532837","0.0033609941601753235","0.0033609941601753235","0.0033609941601753235","0","0","0","0","0","0","0.009344801306724548","0.009344801306724548","0.009344801306724548","0.02144142985343933","0.02144142985343933","0.02144142985343933","0.1311853528022766","0.1311853528022766","0.1311853528022766"
"212","0.05534626543521881","0.05534626543521881","0.05534626543521881","0.06660118699073792","0.06660118699073792","0.06660118699073792","0.022590629756450653","0.022590629756450653","0.022590629756450653","0","0","0","0","0","0","0.005661770701408386","0.005661770701408386","0.005661770701408386","0.028483495116233826","0.028483495116233826","0.028483495116233826","0.14238469302654266","0.14238469302654266","0.14238469302654266"
"214","0.22526495158672333","0.22526495158672333","0.22526495158672333","0.05246467888355255","0.05246467888355255","0.05246467888355255","0.002007991075515747","0.002007991075515747","0.002007991075515747","0","0","0","0","0","0","0.004624567925930023","0.004624567925930023","0.004624567925930023","0.09304285049438477","0.09304285049438477","0.09304285049438477","0.0669185072183609","0.0669185072183609","0.0669185072183609"
"216","0.23123100399971008","0.23123100399971008","0.23123100399971008","0.07692120969295502","0.07692120969295502","0.07692120969295502","0.001548074185848236","0.001548074185848236","0.001548074185848236","0","0","0","0","0","0","0.0052702948451042175","0.0052702948451042175","0.0052702948451042175","0.09645774960517883","0.09645774960517883","0.09645774960517883","0.4687514305114746","0.4687514305114746","0.4687514305114746"
"218","0.23522339761257172","0.23522339761257172","0.23522339761257172","0.16799956560134888","0.16799956560134888","0.16799956560134888","0.049495622515678406","0.049495622515678406","0.049495622515678406","0","0","0","0","0","0","0.02159275859594345","0.02159275859594345","0.02159275859594345","0.02217516303062439","0.02217516303062439","0.02217516303062439","0.1675523817539215","0.1675523817539215","0.1675523817539215"
"220","0.12821145355701447","0.12821145355701447","0.12821145355701447","0.0582161545753479","0.0582161545753479","0.0582161545753479","0.0020485222339630127","0.0020485222339630127","0.0020485222339630127","0","0","0","0","0","0","0.005659841001033783","0.005659841001033783","0.005659841001033783","0.05020894110202789","0.05020894110202789","0.05020894110202789","0.114479660987854","0.114479660987854","0.114479660987854"
"222","0.15922710299491882","0.15922710299491882","0.15922710299491882","0.06834864616394043","0.06834864616394043","0.06834864616394043","0.022732503712177277","0.022732503712177277","0.022732503712177277","0","0","0","0","0","0","0.008335866034030914","0.008335866034030914","0.008335866034030914","0.035267993807792664","0.035267993807792664","0.035267993807792664","0.17956942319869995","0.17956942319869995","0.17956942319869995"
"224","0.044217705726623535","0.044217705726623535","0.044217705726623535","0.025123581290245056","0.025123581290245056","0.025123581290245056","0.0532400906085968","0.0532400906085968","0.0532400906085968","0","0","0","0","0","0","0.012376300990581512","0.012376300990581512","0.012376300990581512","0.036230385303497314","0.036230385303497314","0.036230385303497314","0.1841619610786438","0.1841619610786438","0.1841619610786438"
"226","0.060587748885154724","0.060587748885154724","0.060587748885154724","0.022409260272979736","0.022409260272979736","0.022409260272979736","0.018068641424179077","0.018068641424179077","0.018068641424179077","0","0","0","0","0","0","0.013460919260978699","0.013460919260978699","0.013460919260978699","0.062468498945236206","0.062468498945236206","0.062468498945236206","0.09088963270187378","0.09088963270187378","0.09088963270187378"
"228","0.08220858871936798","0.08220858871936798","0.08220858871936798","0.10165467858314514","0.10165467858314514","0.10165467858314514","0.00680898129940033","0.00680898129940033","0.00680898129940033","0","0","0","0","0","0","0.0051705315709114075","0.0051705315709114075","0.0051705315709114075","0.09308092296123505","0.09308092296123505","0.09308092296123505","0.09921640157699585","0.09921640157699585","0.09921640157699585"
"230","0.09439364075660706","0.09439364075660706","0.09439364075660706","0.06456337869167328","0.06456337869167328","0.06456337869167328","0.002236403524875641","0.002236403524875641","0.002236403524875641","0","0","0","0","0","0","0.0035459473729133606","0.0035459473729133606","0.0035459473729133606","0.042129531502723694","0.042129531502723694","0.042129531502723694","0.09750798344612122","0.09750798344612122","0.09750798344612122"