"Step","VOWELS_FILTER_b5_dual_waveform_bs16 - loss","VOWELS_FILTER_b5_dual_waveform_bs16 - loss__MIN","VOWELS_FILTER_b5_dual_waveform_bs16 - loss__MAX","VOWELS_FILTER_b1_dual_waveform_bs16 - loss","VOWELS_FILTER_b1_dual_waveform_bs16 - loss__MIN","VOWELS_FILTER_b1_dual_waveform_bs16 - loss__MAX","VOWELS_FILTER_b0.1_dual_waveform_bs16 - loss","VOWELS_FILTER_b0.1_dual_waveform_bs16 - loss__MIN","VOWELS_FILTER_b0.1_dual_waveform_bs16 - loss__MAX","VOWELS_FILTER_b0_dual_waveform_bs16 - loss","VOWELS_FILTER_b0_dual_waveform_bs16 - loss__MIN","VOWELS_FILTER_b0_dual_waveform_bs16 - loss__MAX","VOWELS_FILTER_b0_DUAL_bs16 - loss","VOWELS_FILTER_b0_DUAL_bs16 - loss__MIN","VOWELS_FILTER_b0_DUAL_bs16 - loss__MAX","VOWELS_FILTER_b0.1_DUAL_bs16 - loss","VOWELS_FILTER_b0.1_DUAL_bs16 - loss__MIN","VOWELS_FILTER_b0.1_DUAL_bs16 - loss__MAX","VOWELS_FILTER_b1_DUAL_bs16 - loss","VOWELS_FILTER_b1_DUAL_bs16 - loss__MIN","VOWELS_FILTER_b1_DUAL_bs16 - loss__MAX","VOWELS_FILTER_B5_DEFAULTS_DUAL_bs16 - loss","VOWELS_FILTER_B5_DEFAULTS_DUAL_bs16 - loss__MIN","VOWELS_FILTER_B5_DEFAULTS_DUAL_bs16 - loss__MAX"
"0","323.0732421875","323.0732421875","323.0732421875","82.41548156738281","82.41548156738281","82.41548156738281","24.44820213317871","24.44820213317871","24.44820213317871","4.332139015197754","4.332139015197754","4.332139015197754","5.113673686981201","5.113673686981201","5.113673686981201","22.132593154907227","22.132593154907227","22.132593154907227","79.37565612792969","79.37565612792969","79.37565612792969","326.5203552246094","326.5203552246094","326.5203552246094"
"2","91.14698791503906","91.14698791503906","91.14698791503906","35.79950714111328","35.79950714111328","35.79950714111328","14.704431533813477","14.704431533813477","14.704431533813477","2.4936187267303467","2.4936187267303467","2.4936187267303467","3.6977381706237793","3.6977381706237793","3.6977381706237793","14.595651626586914","14.595651626586914","14.595651626586914","38.44015121459961","38.44015121459961","38.44015121459961","120.16987609863281","120.16987609863281","120.16987609863281"
"4","45.05741882324219","45.05741882324219","45.05741882324219","22.286884307861328","22.286884307861328","22.286884307861328","11.660075187683105","11.660075187683105","11.660075187683105","4.377942085266113","4.377942085266113","4.377942085266113","2.190185546875","2.190185546875","2.190185546875","12.101149559020996","12.101149559020996","12.101149559020996","24.488384246826172","24.488384246826172","24.488384246826172","55.799072265625","55.799072265625","55.799072265625"
"6","31.321300506591797","31.321300506591797","31.321300506591797","16.639690399169922","16.639690399169922","16.639690399169922","9.117508888244629","9.117508888244629","9.117508888244629","4.387365818023682","4.387365818023682","4.387365818023682","2.3710615634918213","2.3710615634918213","2.3710615634918213","7.553825378417969","7.553825378417969","7.553825378417969","19.28535270690918","19.28535270690918","19.28535270690918","46.604190826416016","46.604190826416016","46.604190826416016"
"8","28.209989547729492","28.209989547729492","28.209989547729492","12.754345893859863","12.754345893859863","12.754345893859863","5.403023719787598","5.403023719787598","5.403023719787598","2.1319780349731445","2.1319780349731445","2.1319780349731445","1.9714715480804443","1.9714715480804443","1.9714715480804443","5.213640213012695","5.213640213012695","5.213640213012695","14.279983520507812","14.279983520507812","14.279983520507812","27.92548370361328","27.92548370361328","27.92548370361328"
"10","25.545936584472656","25.545936584472656","25.545936584472656","10.34042739868164","10.34042739868164","10.34042739868164","3.9644453525543213","3.9644453525543213","3.9644453525543213","1.9291818141937256","1.9291818141937256","1.9291818141937256","1.9204742908477783","1.9204742908477783","1.9204742908477783","4.331091403961182","4.331091403961182","4.331091403961182","12.305374145507812","12.305374145507812","12.305374145507812","26.275043487548828","26.275043487548828","26.275043487548828"
"12","17.08946990966797","17.08946990966797","17.08946990966797","8.94407844543457","8.94407844543457","8.94407844543457","3.493804931640625","3.493804931640625","3.493804931640625","1.8937190771102905","1.8937190771102905","1.8937190771102905","1.8557541370391846","1.8557541370391846","1.8557541370391846","3.9619696140289307","3.9619696140289307","3.9619696140289307","11.794628143310547","11.794628143310547","11.794628143310547","28.499244689941406","28.499244689941406","28.499244689941406"
"14","23.452131271362305","23.452131271362305","23.452131271362305","8.083818435668945","8.083818435668945","8.083818435668945","3.0567221641540527","3.0567221641540527","3.0567221641540527","1.9077110290527344","1.9077110290527344","1.9077110290527344","3.891309976577759","3.891309976577759","3.891309976577759","3.1388473510742188","3.1388473510742188","3.1388473510742188","11.860906600952148","11.860906600952148","11.860906600952148","22.731111526489258","22.731111526489258","22.731111526489258"
"16","23.959918975830078","23.959918975830078","23.959918975830078","6.803126335144043","6.803126335144043","6.803126335144043","4.8969926834106445","4.8969926834106445","4.8969926834106445","3.910921812057495","3.910921812057495","3.910921812057495","1.7246342897415161","1.7246342897415161","1.7246342897415161","2.8714563846588135","2.8714563846588135","2.8714563846588135","7.867684841156006","7.867684841156006","7.867684841156006","23.775306701660156","23.775306701660156","23.775306701660156"
"18","22.912033081054688","22.912033081054688","22.912033081054688","6.329349517822266","6.329349517822266","6.329349517822266","2.2360169887542725","2.2360169887542725","2.2360169887542725","1.72883939743042","1.72883939743042","1.72883939743042","1.6176494359970093","1.6176494359970093","1.6176494359970093","2.711925506591797","2.711925506591797","2.711925506591797","10.65640640258789","10.65640640258789","10.65640640258789","28.317157745361328","28.317157745361328","28.317157745361328"
"20","33.742305755615234","33.742305755615234","33.742305755615234","6.181777477264404","6.181777477264404","6.181777477264404","3.0215110778808594","3.0215110778808594","3.0215110778808594","1.99362051486969","1.99362051486969","1.99362051486969","1.7411937713623047","1.7411937713623047","1.7411937713623047","3.1202919483184814","3.1202919483184814","3.1202919483184814","6.606335163116455","6.606335163116455","6.606335163116455","18.59198570251465","18.59198570251465","18.59198570251465"
"22","27.207263946533203","27.207263946533203","27.207263946533203","4.525768280029297","4.525768280029297","4.525768280029297","2.635793685913086","2.635793685913086","2.635793685913086","1.770430088043213","1.770430088043213","1.770430088043213","1.6221076250076294","1.6221076250076294","1.6221076250076294","2.603851556777954","2.603851556777954","2.603851556777954","5.905051231384277","5.905051231384277","5.905051231384277","18.864517211914062","18.864517211914062","18.864517211914062"
"24","16.204790115356445","16.204790115356445","16.204790115356445","3.7163610458374023","3.7163610458374023","3.7163610458374023","2.0969536304473877","2.0969536304473877","2.0969536304473877","1.6569395065307617","1.6569395065307617","1.6569395065307617","1.556966781616211","1.556966781616211","1.556966781616211","2.569329023361206","2.569329023361206","2.569329023361206","6.20442533493042","6.20442533493042","6.20442533493042","15.516334533691406","15.516334533691406","15.516334533691406"
"26","13.617023468017578","13.617023468017578","13.617023468017578","4.7990193367004395","4.7990193367004395","4.7990193367004395","2.625145196914673","2.625145196914673","2.625145196914673","1.8988596200942993","1.8988596200942993","1.8988596200942993","1.5635418891906738","1.5635418891906738","1.5635418891906738","2.28303861618042","2.28303861618042","2.28303861618042","5.481051445007324","5.481051445007324","5.481051445007324","15.423233985900879","15.423233985900879","15.423233985900879"
"28","20.194324493408203","20.194324493408203","20.194324493408203","5.633440017700195","5.633440017700195","5.633440017700195","2.1345603466033936","2.1345603466033936","2.1345603466033936","1.669249415397644","1.669249415397644","1.669249415397644","1.5196585655212402","1.5196585655212402","1.5196585655212402","2.5470943450927734","2.5470943450927734","2.5470943450927734","6.208518028259277","6.208518028259277","6.208518028259277","15.346294403076172","15.346294403076172","15.346294403076172"
"30","32.12749481201172","32.12749481201172","32.12749481201172","4.616454124450684","4.616454124450684","4.616454124450684","3.3382530212402344","3.3382530212402344","3.3382530212402344","1.6404469013214111","1.6404469013214111","1.6404469013214111","1.4916449785232544","1.4916449785232544","1.4916449785232544","2.4897890090942383","2.4897890090942383","2.4897890090942383","5.970850944519043","5.970850944519043","5.970850944519043","17.631019592285156","17.631019592285156","17.631019592285156"
"32","16.398880004882812","16.398880004882812","16.398880004882812","5.821052551269531","5.821052551269531","5.821052551269531","2.211491346359253","2.211491346359253","2.211491346359253","1.6375515460968018","1.6375515460968018","1.6375515460968018","1.4833128452301025","1.4833128452301025","1.4833128452301025","2.296949625015259","2.296949625015259","2.296949625015259","5.538606643676758","5.538606643676758","5.538606643676758","22.284500122070312","22.284500122070312","22.284500122070312"
"34","18.43686866760254","18.43686866760254","18.43686866760254","7.56806755065918","7.56806755065918","7.56806755065918","2.5079305171966553","2.5079305171966553","2.5079305171966553","1.6444511413574219","1.6444511413574219","1.6444511413574219","1.4606906175613403","1.4606906175613403","1.4606906175613403","2.2704973220825195","2.2704973220825195","2.2704973220825195","4.579134464263916","4.579134464263916","4.579134464263916","15.317398071289062","15.317398071289062","15.317398071289062"
"36","15.127703666687012","15.127703666687012","15.127703666687012","6.107020378112793","6.107020378112793","6.107020378112793","2.1918389797210693","2.1918389797210693","2.1918389797210693","1.56031334400177","1.56031334400177","1.56031334400177","1.4306153059005737","1.4306153059005737","1.4306153059005737","1.9582748413085938","1.9582748413085938","1.9582748413085938","4.9721293449401855","4.9721293449401855","4.9721293449401855","16.814130783081055","16.814130783081055","16.814130783081055"
"38","14.386164665222168","14.386164665222168","14.386164665222168","6.695501327514648","6.695501327514648","6.695501327514648","2.2066988945007324","2.2066988945007324","2.2066988945007324","1.5708308219909668","1.5708308219909668","1.5708308219909668","1.4696038961410522","1.4696038961410522","1.4696038961410522","2.0710411071777344","2.0710411071777344","2.0710411071777344","4.440652370452881","4.440652370452881","4.440652370452881","7.890509128570557","7.890509128570557","7.890509128570557"
"40","12.902034759521484","12.902034759521484","12.902034759521484","3.5589160919189453","3.5589160919189453","3.5589160919189453","1.932098150253296","1.932098150253296","1.932098150253296","1.498079776763916","1.498079776763916","1.498079776763916","1.4815962314605713","1.4815962314605713","1.4815962314605713","1.9725502729415894","1.9725502729415894","1.9725502729415894","4.5839433670043945","4.5839433670043945","4.5839433670043945","8.620706558227539","8.620706558227539","8.620706558227539"
"42","8.311467170715332","8.311467170715332","8.311467170715332","3.0723249912261963","3.0723249912261963","3.0723249912261963","1.801071047782898","1.801071047782898","1.801071047782898","1.5348981618881226","1.5348981618881226","1.5348981618881226","1.4712274074554443","1.4712274074554443","1.4712274074554443","1.9656484127044678","1.9656484127044678","1.9656484127044678","4.3059186935424805","4.3059186935424805","4.3059186935424805","15.4146728515625","15.4146728515625","15.4146728515625"
"44","11.44874382019043","11.44874382019043","11.44874382019043","4.562412261962891","4.562412261962891","4.562412261962891","1.7894079685211182","1.7894079685211182","1.7894079685211182","1.4772918224334717","1.4772918224334717","1.4772918224334717","1.4019562005996704","1.4019562005996704","1.4019562005996704","1.6812114715576172","1.6812114715576172","1.6812114715576172","4.335301876068115","4.335301876068115","4.335301876068115","12.395736694335938","12.395736694335938","12.395736694335938"
"46","10.548202514648438","10.548202514648438","10.548202514648438","2.6656224727630615","2.6656224727630615","2.6656224727630615","1.7066099643707275","1.7066099643707275","1.7066099643707275","1.4559472799301147","1.4559472799301147","1.4559472799301147","1.4115186929702759","1.4115186929702759","1.4115186929702759","1.8133244514465332","1.8133244514465332","1.8133244514465332","3.8740997314453125","3.8740997314453125","3.8740997314453125","5.8399810791015625","5.8399810791015625","5.8399810791015625"
"48","10.470856666564941","10.470856666564941","10.470856666564941","3.237421989440918","3.237421989440918","3.237421989440918","1.8247075080871582","1.8247075080871582","1.8247075080871582","1.4717950820922852","1.4717950820922852","1.4717950820922852","1.3974995613098145","1.3974995613098145","1.3974995613098145","1.6172444820404053","1.6172444820404053","1.6172444820404053","2.7783491611480713","2.7783491611480713","2.7783491611480713","5.345287799835205","5.345287799835205","5.345287799835205"
"50","8.25113296508789","8.25113296508789","8.25113296508789","3.4144957065582275","3.4144957065582275","3.4144957065582275","1.938353419303894","1.938353419303894","1.938353419303894","1.443454623222351","1.443454623222351","1.443454623222351","1.4011788368225098","1.4011788368225098","1.4011788368225098","1.642430305480957","1.642430305480957","1.642430305480957","5.264698028564453","5.264698028564453","5.264698028564453","11.39067268371582","11.39067268371582","11.39067268371582"
"52","7.456981182098389","7.456981182098389","7.456981182098389","2.592895030975342","2.592895030975342","2.592895030975342","1.8312621116638184","1.8312621116638184","1.8312621116638184","1.492849349975586","1.492849349975586","1.492849349975586","1.4329054355621338","1.4329054355621338","1.4329054355621338","1.5788342952728271","1.5788342952728271","1.5788342952728271","2.7772061824798584","2.7772061824798584","2.7772061824798584","6.584028244018555","6.584028244018555","6.584028244018555"
"54","6.454945087432861","6.454945087432861","6.454945087432861","3.2796144485473633","3.2796144485473633","3.2796144485473633","1.7168633937835693","1.7168633937835693","1.7168633937835693","1.4720704555511475","1.4720704555511475","1.4720704555511475","1.4133542776107788","1.4133542776107788","1.4133542776107788","1.639833688735962","1.639833688735962","1.639833688735962","4.350149154663086","4.350149154663086","4.350149154663086","8.450848579406738","8.450848579406738","8.450848579406738"
"56","6.128563404083252","6.128563404083252","6.128563404083252","2.6458611488342285","2.6458611488342285","2.6458611488342285","2.0608253479003906","2.0608253479003906","2.0608253479003906","1.4290549755096436","1.4290549755096436","1.4290549755096436","1.372603416442871","1.372603416442871","1.372603416442871","1.7578505277633667","1.7578505277633667","1.7578505277633667","2.894303798675537","2.894303798675537","2.894303798675537","7.640875816345215","7.640875816345215","7.640875816345215"
"58","9.784494400024414","9.784494400024414","9.784494400024414","4.7585225105285645","4.7585225105285645","4.7585225105285645","1.878589391708374","1.878589391708374","1.878589391708374","1.4531514644622803","1.4531514644622803","1.4531514644622803","1.4026789665222168","1.4026789665222168","1.4026789665222168","1.6937110424041748","1.6937110424041748","1.6937110424041748","2.58040714263916","2.58040714263916","2.58040714263916","10.902429580688477","10.902429580688477","10.902429580688477"
"60","6.759272575378418","6.759272575378418","6.759272575378418","3.120555877685547","3.120555877685547","3.120555877685547","1.8031482696533203","1.8031482696533203","1.8031482696533203","1.4779635667800903","1.4779635667800903","1.4779635667800903","1.4053990840911865","1.4053990840911865","1.4053990840911865","1.6902492046356201","1.6902492046356201","1.6902492046356201","2.671088933944702","2.671088933944702","2.671088933944702","9.034040451049805","9.034040451049805","9.034040451049805"
"62","7.617007255554199","7.617007255554199","7.617007255554199","2.4946646690368652","2.4946646690368652","2.4946646690368652","1.7919968366622925","1.7919968366622925","1.7919968366622925","1.4701646566390991","1.4701646566390991","1.4701646566390991","1.4104726314544678","1.4104726314544678","1.4104726314544678","1.7058868408203125","1.7058868408203125","1.7058868408203125","2.9035849571228027","2.9035849571228027","2.9035849571228027","8.794800758361816","8.794800758361816","8.794800758361816"
"64","6.005279541015625","6.005279541015625","6.005279541015625","2.5572121143341064","2.5572121143341064","2.5572121143341064","1.6833221912384033","1.6833221912384033","1.6833221912384033","1.4429658651351929","1.4429658651351929","1.4429658651351929","1.3731913566589355","1.3731913566589355","1.3731913566589355","1.5325138568878174","1.5325138568878174","1.5325138568878174","2.664822816848755","2.664822816848755","2.664822816848755","4.407149314880371","4.407149314880371","4.407149314880371"
"66","4.97144889831543","4.97144889831543","4.97144889831543","2.2058961391448975","2.2058961391448975","2.2058961391448975","1.6633466482162476","1.6633466482162476","1.6633466482162476","1.4459173679351807","1.4459173679351807","1.4459173679351807","1.3099720478057861","1.3099720478057861","1.3099720478057861","1.4931035041809082","1.4931035041809082","1.4931035041809082","2.883385181427002","2.883385181427002","2.883385181427002","8.079277038574219","8.079277038574219","8.079277038574219"
"68","6.193962574005127","6.193962574005127","6.193962574005127","4.86122989654541","4.86122989654541","4.86122989654541","1.6150689125061035","1.6150689125061035","1.6150689125061035","1.4498692750930786","1.4498692750930786","1.4498692750930786","1.348052978515625","1.348052978515625","1.348052978515625","1.5655543804168701","1.5655543804168701","1.5655543804168701","2.9778034687042236","2.9778034687042236","2.9778034687042236","4.695370197296143","4.695370197296143","4.695370197296143"
"70","6.732105255126953","6.732105255126953","6.732105255126953","2.796023368835449","2.796023368835449","2.796023368835449","1.6200475692749023","1.6200475692749023","1.6200475692749023","1.4380526542663574","1.4380526542663574","1.4380526542663574","1.3403524160385132","1.3403524160385132","1.3403524160385132","1.554440975189209","1.554440975189209","1.554440975189209","3.184856653213501","3.184856653213501","3.184856653213501","8.212627410888672","8.212627410888672","8.212627410888672"
"72","8.842119216918945","8.842119216918945","8.842119216918945","3.2991106510162354","3.2991106510162354","3.2991106510162354","1.737749695777893","1.737749695777893","1.737749695777893","1.4680036306381226","1.4680036306381226","1.4680036306381226","1.3445923328399658","1.3445923328399658","1.3445923328399658","1.6754505634307861","1.6754505634307861","1.6754505634307861","3.674759864807129","3.674759864807129","3.674759864807129","10.655622482299805","10.655622482299805","10.655622482299805"
"74","7.090749263763428","7.090749263763428","7.090749263763428","2.240994691848755","2.240994691848755","2.240994691848755","1.818512201309204","1.818512201309204","1.818512201309204","1.4630420207977295","1.4630420207977295","1.4630420207977295","1.3514832258224487","1.3514832258224487","1.3514832258224487","1.5046706199645996","1.5046706199645996","1.5046706199645996","3.3729143142700195","3.3729143142700195","3.3729143142700195","7.323405742645264","7.323405742645264","7.323405742645264"
"76","6.884122371673584","6.884122371673584","6.884122371673584","2.873823642730713","2.873823642730713","2.873823642730713","1.5921659469604492","1.5921659469604492","1.5921659469604492","1.4058291912078857","1.4058291912078857","1.4058291912078857","1.3163416385650635","1.3163416385650635","1.3163416385650635","1.4891831874847412","1.4891831874847412","1.4891831874847412","3.924713134765625","3.924713134765625","3.924713134765625","6.9042534828186035","6.9042534828186035","6.9042534828186035"
"78","5.0806145668029785","5.0806145668029785","5.0806145668029785","1.9984712600708008","1.9984712600708008","1.9984712600708008","1.6904091835021973","1.6904091835021973","1.6904091835021973","1.503666877746582","1.503666877746582","1.503666877746582","1.4087028503417969","1.4087028503417969","1.4087028503417969","1.6239683628082275","1.6239683628082275","1.6239683628082275","2.9991297721862793","2.9991297721862793","2.9991297721862793","5.345003128051758","5.345003128051758","5.345003128051758"
"80","5.344005584716797","5.344005584716797","5.344005584716797","2.0851354598999023","2.0851354598999023","2.0851354598999023","1.7694995403289795","1.7694995403289795","1.7694995403289795","1.5089019536972046","1.5089019536972046","1.5089019536972046","1.3640211820602417","1.3640211820602417","1.3640211820602417","1.6042039394378662","1.6042039394378662","1.6042039394378662","3.9639601707458496","3.9639601707458496","3.9639601707458496","6.122381687164307","6.122381687164307","6.122381687164307"
"82","8.287281036376953","8.287281036376953","8.287281036376953","2.1129915714263916","2.1129915714263916","2.1129915714263916","1.7511780261993408","1.7511780261993408","1.7511780261993408","1.5749436616897583","1.5749436616897583","1.5749436616897583","1.469351053237915","1.469351053237915","1.469351053237915","1.564253568649292","1.564253568649292","1.564253568649292","2.531296968460083","2.531296968460083","2.531296968460083","5.253167629241943","5.253167629241943","5.253167629241943"
"84","6.913300514221191","6.913300514221191","6.913300514221191","2.4230599403381348","2.4230599403381348","2.4230599403381348","1.6410517692565918","1.6410517692565918","1.6410517692565918","1.4652714729309082","1.4652714729309082","1.4652714729309082","1.3689873218536377","1.3689873218536377","1.3689873218536377","1.501315951347351","1.501315951347351","1.501315951347351","2.2420520782470703","2.2420520782470703","2.2420520782470703","7.223711967468262","7.223711967468262","7.223711967468262"
"86","5.563651084899902","5.563651084899902","5.563651084899902","3.987657308578491","3.987657308578491","3.987657308578491","1.7563722133636475","1.7563722133636475","1.7563722133636475","1.4569387435913086","1.4569387435913086","1.4569387435913086","1.3393144607543945","1.3393144607543945","1.3393144607543945","1.7232553958892822","1.7232553958892822","1.7232553958892822","3.4074437618255615","3.4074437618255615","3.4074437618255615","9.086763381958008","9.086763381958008","9.086763381958008"
"88","7.5612077713012695","7.5612077713012695","7.5612077713012695","5.064136981964111","5.064136981964111","5.064136981964111","2.1833791732788086","2.1833791732788086","2.1833791732788086","1.5321680307388306","1.5321680307388306","1.5321680307388306","1.4540343284606934","1.4540343284606934","1.4540343284606934","1.9375182390213013","1.9375182390213013","1.9375182390213013","4.144882678985596","4.144882678985596","4.144882678985596","10.728006362915039","10.728006362915039","10.728006362915039"
"90","3.9819984436035156","3.9819984436035156","3.9819984436035156","2.184182643890381","2.184182643890381","2.184182643890381","1.561224341392517","1.561224341392517","1.561224341392517","1.4495840072631836","1.4495840072631836","1.4495840072631836","1.3149017095565796","1.3149017095565796","1.3149017095565796","1.3977837562561035","1.3977837562561035","1.3977837562561035","2.5806450843811035","2.5806450843811035","2.5806450843811035","4.226956844329834","4.226956844329834","4.226956844329834"
"92","5.002073287963867","5.002073287963867","5.002073287963867","2.2204599380493164","2.2204599380493164","2.2204599380493164","1.5525022745132446","1.5525022745132446","1.5525022745132446","1.4622546434402466","1.4622546434402466","1.4622546434402466","1.366331934928894","1.366331934928894","1.366331934928894","1.849744439125061","1.849744439125061","1.849744439125061","3.010746479034424","3.010746479034424","3.010746479034424","8.044453620910645","8.044453620910645","8.044453620910645"
"94","7.782243728637695","7.782243728637695","7.782243728637695","2.5137970447540283","2.5137970447540283","2.5137970447540283","1.5146726369857788","1.5146726369857788","1.5146726369857788","1.427032709121704","1.427032709121704","1.427032709121704","1.3069067001342773","1.3069067001342773","1.3069067001342773","1.4649196863174438","1.4649196863174438","1.4649196863174438","2.6276051998138428","2.6276051998138428","2.6276051998138428","6.454420566558838","6.454420566558838","6.454420566558838"
"96","6.692002296447754","6.692002296447754","6.692002296447754","3.185197114944458","3.185197114944458","3.185197114944458","1.831331729888916","1.831331729888916","1.831331729888916","1.465090036392212","1.465090036392212","1.465090036392212","1.3824403285980225","1.3824403285980225","1.3824403285980225","1.6012518405914307","1.6012518405914307","1.6012518405914307","2.9015135765075684","2.9015135765075684","2.9015135765075684","9.77173900604248","9.77173900604248","9.77173900604248"
"98","5.257662296295166","5.257662296295166","5.257662296295166","2.0307493209838867","2.0307493209838867","2.0307493209838867","1.6391351222991943","1.6391351222991943","1.6391351222991943","1.4869060516357422","1.4869060516357422","1.4869060516357422","1.3656527996063232","1.3656527996063232","1.3656527996063232","1.506966471672058","1.506966471672058","1.506966471672058","2.6818771362304688","2.6818771362304688","2.6818771362304688","4.58625602722168","4.58625602722168","4.58625602722168"
"100","3.895535469055176","3.895535469055176","3.895535469055176","2.0584378242492676","2.0584378242492676","2.0584378242492676","1.6209697723388672","1.6209697723388672","1.6209697723388672","1.4592896699905396","1.4592896699905396","1.4592896699905396","1.340578556060791","1.340578556060791","1.340578556060791","1.4737268686294556","1.4737268686294556","1.4737268686294556","2.178689479827881","2.178689479827881","2.178689479827881","4.4133734703063965","4.4133734703063965","4.4133734703063965"
"102","598.2147827148438","598.2147827148438","598.2147827148438","1.935002088546753","1.935002088546753","1.935002088546753","1.8432234525680542","1.8432234525680542","1.8432234525680542","1.4662418365478516","1.4662418365478516","1.4662418365478516","1.3518760204315186","1.3518760204315186","1.3518760204315186","1.468217372894287","1.468217372894287","1.468217372894287","2.322786331176758","2.322786331176758","2.322786331176758","3.489532470703125","3.489532470703125","3.489532470703125"
"104","7.879605293273926","7.879605293273926","7.879605293273926","2.8558692932128906","2.8558692932128906","2.8558692932128906","1.646496057510376","1.646496057510376","1.646496057510376","1.4380438327789307","1.4380438327789307","1.4380438327789307","1.3569806814193726","1.3569806814193726","1.3569806814193726","1.4584238529205322","1.4584238529205322","1.4584238529205322","2.0496912002563477","2.0496912002563477","2.0496912002563477","5.023119926452637","5.023119926452637","5.023119926452637"
"106","4.025851249694824","4.025851249694824","4.025851249694824","2.1388919353485107","2.1388919353485107","2.1388919353485107","1.7588815689086914","1.7588815689086914","1.7588815689086914","1.4294121265411377","1.4294121265411377","1.4294121265411377","1.3143484592437744","1.3143484592437744","1.3143484592437744","1.4433071613311768","1.4433071613311768","1.4433071613311768","2.232675552368164","2.232675552368164","2.232675552368164","3.6553874015808105","3.6553874015808105","3.6553874015808105"
"108","4.95720100402832","4.95720100402832","4.95720100402832","1.8642091751098633","1.8642091751098633","1.8642091751098633","1.5934417247772217","1.5934417247772217","1.5934417247772217","1.465116024017334","1.465116024017334","1.465116024017334","1.3634779453277588","1.3634779453277588","1.3634779453277588","1.4593199491500854","1.4593199491500854","1.4593199491500854","2.061321258544922","2.061321258544922","2.061321258544922","5.428512096405029","5.428512096405029","5.428512096405029"
"110","5.824850082397461","5.824850082397461","5.824850082397461","1.928829312324524","1.928829312324524","1.928829312324524","1.5519407987594604","1.5519407987594604","1.5519407987594604","1.4381145238876343","1.4381145238876343","1.4381145238876343","1.332539439201355","1.332539439201355","1.332539439201355","1.4732698202133179","1.4732698202133179","1.4732698202133179","2.216768264770508","2.216768264770508","2.216768264770508","3.8793535232543945","3.8793535232543945","3.8793535232543945"
"112","3.8384108543395996","3.8384108543395996","3.8384108543395996","1.7358543872833252","1.7358543872833252","1.7358543872833252","1.5303590297698975","1.5303590297698975","1.5303590297698975","1.4386402368545532","1.4386402368545532","1.4386402368545532","1.3629980087280273","1.3629980087280273","1.3629980087280273","1.423708200454712","1.423708200454712","1.423708200454712","1.9323605298995972","1.9323605298995972","1.9323605298995972","4.32876443862915","4.32876443862915","4.32876443862915"
"114","5.5778117179870605","5.5778117179870605","5.5778117179870605","2.509842872619629","2.509842872619629","2.509842872619629","1.748909831047058","1.748909831047058","1.748909831047058","1.457761526107788","1.457761526107788","1.457761526107788","1.3601669073104858","1.3601669073104858","1.3601669073104858","1.5196352005004883","1.5196352005004883","1.5196352005004883","2.924844264984131","2.924844264984131","2.924844264984131","6.459362030029297","6.459362030029297","6.459362030029297"
"116","3.862464427947998","3.862464427947998","3.862464427947998","2.1383490562438965","2.1383490562438965","2.1383490562438965","1.5967824459075928","1.5967824459075928","1.5967824459075928","1.4409204721450806","1.4409204721450806","1.4409204721450806","1.3340024948120117","1.3340024948120117","1.3340024948120117","1.5010842084884644","1.5010842084884644","1.5010842084884644","2.4856998920440674","2.4856998920440674","2.4856998920440674","4.4739885330200195","4.4739885330200195","4.4739885330200195"
"118","4.344273090362549","4.344273090362549","4.344273090362549","2.1527562141418457","2.1527562141418457","2.1527562141418457","1.5786240100860596","1.5786240100860596","1.5786240100860596","1.4361562728881836","1.4361562728881836","1.4361562728881836","1.3466590642929077","1.3466590642929077","1.3466590642929077","1.5870108604431152","1.5870108604431152","1.5870108604431152","2.6034884452819824","2.6034884452819824","2.6034884452819824","3.8538570404052734","3.8538570404052734","3.8538570404052734"
"120","4.944832801818848","4.944832801818848","4.944832801818848","2.256763219833374","2.256763219833374","2.256763219833374","1.5500497817993164","1.5500497817993164","1.5500497817993164","1.4505723714828491","1.4505723714828491","1.4505723714828491","1.3024697303771973","1.3024697303771973","1.3024697303771973","1.3643372058868408","1.3643372058868408","1.3643372058868408","2.2773356437683105","2.2773356437683105","2.2773356437683105","4.5727643966674805","4.5727643966674805","4.5727643966674805"
"122","4.448644161224365","4.448644161224365","4.448644161224365","1.8164937496185303","1.8164937496185303","1.8164937496185303","1.5494966506958008","1.5494966506958008","1.5494966506958008","1.4414762258529663","1.4414762258529663","1.4414762258529663","1.3993479013442993","1.3993479013442993","1.3993479013442993","1.5428454875946045","1.5428454875946045","1.5428454875946045","1.9301929473876953","1.9301929473876953","1.9301929473876953","4.237648010253906","4.237648010253906","4.237648010253906"
"124","3.547250270843506","3.547250270843506","3.547250270843506","2.233112096786499","2.233112096786499","2.233112096786499","1.5398261547088623","1.5398261547088623","1.5398261547088623","1.415108323097229","1.415108323097229","1.415108323097229","1.3033413887023926","1.3033413887023926","1.3033413887023926","1.3686399459838867","1.3686399459838867","1.3686399459838867","2.279677629470825","2.279677629470825","2.279677629470825","3.870969295501709","3.870969295501709","3.870969295501709"
"126","3.262531280517578","3.262531280517578","3.262531280517578","2.1156980991363525","2.1156980991363525","2.1156980991363525","1.565385341644287","1.565385341644287","1.565385341644287","1.4082348346710205","1.4082348346710205","1.4082348346710205","1.3091042041778564","1.3091042041778564","1.3091042041778564","1.516754150390625","1.516754150390625","1.516754150390625","2.3321118354797363","2.3321118354797363","2.3321118354797363","4.09323787689209","4.09323787689209","4.09323787689209"
"128","2.92551851272583","2.92551851272583","2.92551851272583","2.1139674186706543","2.1139674186706543","2.1139674186706543","1.665653944015503","1.665653944015503","1.665653944015503","1.4170722961425781","1.4170722961425781","1.4170722961425781","1.3120546340942383","1.3120546340942383","1.3120546340942383","1.4748518466949463","1.4748518466949463","1.4748518466949463","1.7795095443725586","1.7795095443725586","1.7795095443725586","3.5946402549743652","3.5946402549743652","3.5946402549743652"
"130","3.201150894165039","3.201150894165039","3.201150894165039","2.025942802429199","2.025942802429199","2.025942802429199","1.5837154388427734","1.5837154388427734","1.5837154388427734","1.3984055519104004","1.3984055519104004","1.3984055519104004","1.2914594411849976","1.2914594411849976","1.2914594411849976","1.3672291040420532","1.3672291040420532","1.3672291040420532","1.8483165502548218","1.8483165502548218","1.8483165502548218","4.359968185424805","4.359968185424805","4.359968185424805"
"132","5.2904767990112305","5.2904767990112305","5.2904767990112305","3.711946487426758","3.711946487426758","3.711946487426758","1.5745488405227661","1.5745488405227661","1.5745488405227661","1.410956859588623","1.410956859588623","1.410956859588623","1.3422672748565674","1.3422672748565674","1.3422672748565674","1.5107033252716064","1.5107033252716064","1.5107033252716064","2.2073607444763184","2.2073607444763184","2.2073607444763184","3.970587968826294","3.970587968826294","3.970587968826294"
"134","4.731283187866211","4.731283187866211","4.731283187866211","1.702345848083496","1.702345848083496","1.702345848083496","1.5556660890579224","1.5556660890579224","1.5556660890579224","1.3966310024261475","1.3966310024261475","1.3966310024261475","1.286266565322876","1.286266565322876","1.286266565322876","1.3442578315734863","1.3442578315734863","1.3442578315734863","2.2293941974639893","2.2293941974639893","2.2293941974639893","4.328212738037109","4.328212738037109","4.328212738037109"
"136","3.7911062240600586","3.7911062240600586","3.7911062240600586","1.955639123916626","1.955639123916626","1.955639123916626","1.5270583629608154","1.5270583629608154","1.5270583629608154","1.3992648124694824","1.3992648124694824","1.3992648124694824","1.298287034034729","1.298287034034729","1.298287034034729","1.3680393695831299","1.3680393695831299","1.3680393695831299","1.7896926403045654","1.7896926403045654","1.7896926403045654","3.0171902179718018","3.0171902179718018","3.0171902179718018"
"138","3.524709463119507","3.524709463119507","3.524709463119507","1.9423609972000122","1.9423609972000122","1.9423609972000122","1.4926490783691406","1.4926490783691406","1.4926490783691406","1.4031038284301758","1.4031038284301758","1.4031038284301758","1.288295030593872","1.288295030593872","1.288295030593872","1.3562977313995361","1.3562977313995361","1.3562977313995361","1.6787199974060059","1.6787199974060059","1.6787199974060059","3.1095850467681885","3.1095850467681885","3.1095850467681885"
"140","2.542661666870117","2.542661666870117","2.542661666870117","1.8515644073486328","1.8515644073486328","1.8515644073486328","1.6600855588912964","1.6600855588912964","1.6600855588912964","1.4997166395187378","1.4997166395187378","1.4997166395187378","1.3299332857131958","1.3299332857131958","1.3299332857131958","1.3791990280151367","1.3791990280151367","1.3791990280151367","1.7726795673370361","1.7726795673370361","1.7726795673370361","3.0005972385406494","3.0005972385406494","3.0005972385406494"
"142","3.4203429222106934","3.4203429222106934","3.4203429222106934","1.8276876211166382","1.8276876211166382","1.8276876211166382","1.492220401763916","1.492220401763916","1.492220401763916","1.4011740684509277","1.4011740684509277","1.4011740684509277","1.3064448833465576","1.3064448833465576","1.3064448833465576","1.4506518840789795","1.4506518840789795","1.4506518840789795","1.7159156799316406","1.7159156799316406","1.7159156799316406","4.0057172775268555","4.0057172775268555","4.0057172775268555"
"144","5.176051616668701","5.176051616668701","5.176051616668701","2.496006965637207","2.496006965637207","2.496006965637207","1.4593255519866943","1.4593255519866943","1.4593255519866943","1.387420892715454","1.387420892715454","1.387420892715454","1.2724192142486572","1.2724192142486572","1.2724192142486572","1.367805004119873","1.367805004119873","1.367805004119873","1.831954002380371","1.831954002380371","1.831954002380371","2.9642748832702637","2.9642748832702637","2.9642748832702637"
"146","2.605257034301758","2.605257034301758","2.605257034301758","1.906808853149414","1.906808853149414","1.906808853149414","1.446958065032959","1.446958065032959","1.446958065032959","1.4226574897766113","1.4226574897766113","1.4226574897766113","1.3000328540802002","1.3000328540802002","1.3000328540802002","1.3731811046600342","1.3731811046600342","1.3731811046600342","1.797454595565796","1.797454595565796","1.797454595565796","3.969787120819092","3.969787120819092","3.969787120819092"
"148","3.7009525299072266","3.7009525299072266","3.7009525299072266","1.9266374111175537","1.9266374111175537","1.9266374111175537","1.511946678161621","1.511946678161621","1.511946678161621","1.4196738004684448","1.4196738004684448","1.4196738004684448","1.3303990364074707","1.3303990364074707","1.3303990364074707","1.3923265933990479","1.3923265933990479","1.3923265933990479","1.719290018081665","1.719290018081665","1.719290018081665","2.918027877807617","2.918027877807617","2.918027877807617"
"150","3.373462200164795","3.373462200164795","3.373462200164795","1.8348122835159302","1.8348122835159302","1.8348122835159302","1.4788475036621094","1.4788475036621094","1.4788475036621094","1.399759292602539","1.399759292602539","1.399759292602539","1.2876925468444824","1.2876925468444824","1.2876925468444824","1.329123616218567","1.329123616218567","1.329123616218567","1.6584515571594238","1.6584515571594238","1.6584515571594238","3.243265390396118","3.243265390396118","3.243265390396118"
"152","6.914742469787598","6.914742469787598","6.914742469787598","2.4818642139434814","2.4818642139434814","2.4818642139434814","1.6062779426574707","1.6062779426574707","1.6062779426574707","1.4686996936798096","1.4686996936798096","1.4686996936798096","1.3431594371795654","1.3431594371795654","1.3431594371795654","1.522339940071106","1.522339940071106","1.522339940071106","1.8744781017303467","1.8744781017303467","1.8744781017303467","3.8157243728637695","3.8157243728637695","3.8157243728637695"
"154","3.1178340911865234","3.1178340911865234","3.1178340911865234","1.695313811302185","1.695313811302185","1.695313811302185","1.5522470474243164","1.5522470474243164","1.5522470474243164","1.4605967998504639","1.4605967998504639","1.4605967998504639","1.3254575729370117","1.3254575729370117","1.3254575729370117","1.4113762378692627","1.4113762378692627","1.4113762378692627","1.7744505405426025","1.7744505405426025","1.7744505405426025","2.905803680419922","2.905803680419922","2.905803680419922"
"156","3.1652159690856934","3.1652159690856934","3.1652159690856934","1.9354714155197144","1.9354714155197144","1.9354714155197144","1.538859486579895","1.538859486579895","1.538859486579895","1.4392640590667725","1.4392640590667725","1.4392640590667725","1.3436310291290283","1.3436310291290283","1.3436310291290283","1.4450538158416748","1.4450538158416748","1.4450538158416748","1.7571368217468262","1.7571368217468262","1.7571368217468262","2.6012558937072754","2.6012558937072754","2.6012558937072754"
"158","3.362071990966797","3.362071990966797","3.362071990966797","1.8182343244552612","1.8182343244552612","1.8182343244552612","1.6380060911178589","1.6380060911178589","1.6380060911178589","1.4476802349090576","1.4476802349090576","1.4476802349090576","1.3411469459533691","1.3411469459533691","1.3411469459533691","1.486283302307129","1.486283302307129","1.486283302307129","1.9103541374206543","1.9103541374206543","1.9103541374206543","3.6727211475372314","3.6727211475372314","3.6727211475372314"
"160","2.8792550563812256","2.8792550563812256","2.8792550563812256","1.7303500175476074","1.7303500175476074","1.7303500175476074","1.4465246200561523","1.4465246200561523","1.4465246200561523","1.4129016399383545","1.4129016399383545","1.4129016399383545","1.3141120672225952","1.3141120672225952","1.3141120672225952","1.3577570915222168","1.3577570915222168","1.3577570915222168","1.6384694576263428","1.6384694576263428","1.6384694576263428","3.2278544902801514","3.2278544902801514","3.2278544902801514"
"162","6.984925270080566","6.984925270080566","6.984925270080566","1.9695920944213867","1.9695920944213867","1.9695920944213867","1.7431161403656006","1.7431161403656006","1.7431161403656006","1.4090702533721924","1.4090702533721924","1.4090702533721924","1.3231440782546997","1.3231440782546997","1.3231440782546997","1.3899345397949219","1.3899345397949219","1.3899345397949219","2.251408100128174","2.251408100128174","2.251408100128174","3.401459217071533","3.401459217071533","3.401459217071533"
"164","3.6478099822998047","3.6478099822998047","3.6478099822998047","1.6998250484466553","1.6998250484466553","1.6998250484466553","1.515011191368103","1.515011191368103","1.515011191368103","1.4654756784439087","1.4654756784439087","1.4654756784439087","1.3336944580078125","1.3336944580078125","1.3336944580078125","1.404468059539795","1.404468059539795","1.404468059539795","1.693398118019104","1.693398118019104","1.693398118019104","2.4389257431030273","2.4389257431030273","2.4389257431030273"
"166","2.820666790008545","2.820666790008545","2.820666790008545","1.9603419303894043","1.9603419303894043","1.9603419303894043","1.4809749126434326","1.4809749126434326","1.4809749126434326","1.3937841653823853","1.3937841653823853","1.3937841653823853","1.3109904527664185","1.3109904527664185","1.3109904527664185","1.3478493690490723","1.3478493690490723","1.3478493690490723","2.2283899784088135","2.2283899784088135","2.2283899784088135","3.6230111122131348","3.6230111122131348","3.6230111122131348"
"168","2.2425882816314697","2.2425882816314697","2.2425882816314697","1.7254420518875122","1.7254420518875122","1.7254420518875122","1.413407325744629","1.413407325744629","1.413407325744629","1.3820970058441162","1.3820970058441162","1.3820970058441162","1.2878520488739014","1.2878520488739014","1.2878520488739014","1.3459635972976685","1.3459635972976685","1.3459635972976685","1.5603642463684082","1.5603642463684082","1.5603642463684082","2.4687294960021973","2.4687294960021973","2.4687294960021973"
"170","2.1741254329681396","2.1741254329681396","2.1741254329681396","1.855196475982666","1.855196475982666","1.855196475982666","1.4667470455169678","1.4667470455169678","1.4667470455169678","1.3712817430496216","1.3712817430496216","1.3712817430496216","1.2659647464752197","1.2659647464752197","1.2659647464752197","1.3380179405212402","1.3380179405212402","1.3380179405212402","1.8223042488098145","1.8223042488098145","1.8223042488098145","2.7157273292541504","2.7157273292541504","2.7157273292541504"
"172","5.810029983520508","5.810029983520508","5.810029983520508","1.88010835647583","1.88010835647583","1.88010835647583","1.558138132095337","1.558138132095337","1.558138132095337","1.432599425315857","1.432599425315857","1.432599425315857","1.31528902053833","1.31528902053833","1.31528902053833","1.3881827592849731","1.3881827592849731","1.3881827592849731","1.6374428272247314","1.6374428272247314","1.6374428272247314","2.8159892559051514","2.8159892559051514","2.8159892559051514"
"174","2.6146085262298584","2.6146085262298584","2.6146085262298584","1.6887767314910889","1.6887767314910889","1.6887767314910889","1.4424524307250977","1.4424524307250977","1.4424524307250977","1.3841729164123535","1.3841729164123535","1.3841729164123535","1.3031384944915771","1.3031384944915771","1.3031384944915771","1.37152099609375","1.37152099609375","1.37152099609375","1.6993579864501953","1.6993579864501953","1.6993579864501953","2.9930288791656494","2.9930288791656494","2.9930288791656494"
"176","3.1702284812927246","3.1702284812927246","3.1702284812927246","2.2499945163726807","2.2499945163726807","2.2499945163726807","1.5301978588104248","1.5301978588104248","1.5301978588104248","1.4285496473312378","1.4285496473312378","1.4285496473312378","1.3179900646209717","1.3179900646209717","1.3179900646209717","1.4489250183105469","1.4489250183105469","1.4489250183105469","2.480273723602295","2.480273723602295","2.480273723602295","4.010683059692383","4.010683059692383","4.010683059692383"
"178","2.189821243286133","2.189821243286133","2.189821243286133","1.796844244003296","1.796844244003296","1.796844244003296","1.4993736743927002","1.4993736743927002","1.4993736743927002","1.4041383266448975","1.4041383266448975","1.4041383266448975","1.3160738945007324","1.3160738945007324","1.3160738945007324","1.3854496479034424","1.3854496479034424","1.3854496479034424","1.6689465045928955","1.6689465045928955","1.6689465045928955","2.772923707962036","2.772923707962036","2.772923707962036"
"180","2.816470146179199","2.816470146179199","2.816470146179199","2.1167454719543457","2.1167454719543457","2.1167454719543457","1.4757001399993896","1.4757001399993896","1.4757001399993896","1.4216833114624023","1.4216833114624023","1.4216833114624023","1.2971394062042236","1.2971394062042236","1.2971394062042236","1.3629913330078125","1.3629913330078125","1.3629913330078125","1.6774978637695312","1.6774978637695312","1.6774978637695312","3.1298320293426514","3.1298320293426514","3.1298320293426514"
"182","12.183228492736816","12.183228492736816","12.183228492736816","1.6726099252700806","1.6726099252700806","1.6726099252700806","1.41597318649292","1.41597318649292","1.41597318649292","1.4308724403381348","1.4308724403381348","1.4308724403381348","1.307844877243042","1.307844877243042","1.307844877243042","1.358397364616394","1.358397364616394","1.358397364616394","1.69088613986969","1.69088613986969","1.69088613986969","2.243076801300049","2.243076801300049","2.243076801300049"
"184","2.8432793617248535","2.8432793617248535","2.8432793617248535","1.8675620555877686","1.8675620555877686","1.8675620555877686","1.5030605792999268","1.5030605792999268","1.5030605792999268","1.4312429428100586","1.4312429428100586","1.4312429428100586","1.3363374471664429","1.3363374471664429","1.3363374471664429","1.4332926273345947","1.4332926273345947","1.4332926273345947","1.9843426942825317","1.9843426942825317","1.9843426942825317","3.226504325866699","3.226504325866699","3.226504325866699"
"186","3.34696102142334","3.34696102142334","3.34696102142334","1.8486409187316895","1.8486409187316895","1.8486409187316895","1.4913268089294434","1.4913268089294434","1.4913268089294434","1.3900701999664307","1.3900701999664307","1.3900701999664307","1.3026418685913086","1.3026418685913086","1.3026418685913086","1.3874084949493408","1.3874084949493408","1.3874084949493408","1.660062551498413","1.660062551498413","1.660062551498413","2.8215649127960205","2.8215649127960205","2.8215649127960205"
"188","2.8407511711120605","2.8407511711120605","2.8407511711120605","1.690903902053833","1.690903902053833","1.690903902053833","1.4721941947937012","1.4721941947937012","1.4721941947937012","1.3971469402313232","1.3971469402313232","1.3971469402313232","1.3088412284851074","1.3088412284851074","1.3088412284851074","1.391719102859497","1.391719102859497","1.391719102859497","1.6319859027862549","1.6319859027862549","1.6319859027862549","2.256398916244507","2.256398916244507","2.256398916244507"
"190","2.332477569580078","2.332477569580078","2.332477569580078","1.6793122291564941","1.6793122291564941","1.6793122291564941","1.4627504348754883","1.4627504348754883","1.4627504348754883","1.404872179031372","1.404872179031372","1.404872179031372","1.337562084197998","1.337562084197998","1.337562084197998","1.3754808902740479","1.3754808902740479","1.3754808902740479","1.6458243131637573","1.6458243131637573","1.6458243131637573","2.3051092624664307","2.3051092624664307","2.3051092624664307"
"192","2.890803813934326","2.890803813934326","2.890803813934326","1.7287014722824097","1.7287014722824097","1.7287014722824097","1.5285751819610596","1.5285751819610596","1.5285751819610596","1.4389468431472778","1.4389468431472778","1.4389468431472778","1.349940538406372","1.349940538406372","1.349940538406372","1.4223798513412476","1.4223798513412476","1.4223798513412476","1.7209255695343018","1.7209255695343018","1.7209255695343018","2.587463855743408","2.587463855743408","2.587463855743408"
"194","3.692171096801758","3.692171096801758","3.692171096801758","1.597179889678955","1.597179889678955","1.597179889678955","1.4792301654815674","1.4792301654815674","1.4792301654815674","1.370590090751648","1.370590090751648","1.370590090751648","1.2755177021026611","1.2755177021026611","1.2755177021026611","1.311753273010254","1.311753273010254","1.311753273010254","1.7611051797866821","1.7611051797866821","1.7611051797866821","3.23043155670166","3.23043155670166","3.23043155670166"
"196","2.938070774078369","2.938070774078369","2.938070774078369","1.9236960411071777","1.9236960411071777","1.9236960411071777","1.5327123403549194","1.5327123403549194","1.5327123403549194","1.4340484142303467","1.4340484142303467","1.4340484142303467","1.4220025539398193","1.4220025539398193","1.4220025539398193","1.4831591844558716","1.4831591844558716","1.4831591844558716","2.0038323402404785","2.0038323402404785","2.0038323402404785","3.7714345455169678","3.7714345455169678","3.7714345455169678"
"198","2.650583505630493","2.650583505630493","2.650583505630493","1.804793357849121","1.804793357849121","1.804793357849121","1.4380306005477905","1.4380306005477905","1.4380306005477905","1.4132194519042969","1.4132194519042969","1.4132194519042969","1.3316905498504639","1.3316905498504639","1.3316905498504639","1.3937647342681885","1.3937647342681885","1.3937647342681885","1.727921724319458","1.727921724319458","1.727921724319458","3.072864055633545","3.072864055633545","3.072864055633545"
"200","2.1579558849334717","2.1579558849334717","2.1579558849334717","1.6514579057693481","1.6514579057693481","1.6514579057693481","1.4601168632507324","1.4601168632507324","1.4601168632507324","1.4006404876708984","1.4006404876708984","1.4006404876708984","1.2976319789886475","1.2976319789886475","1.2976319789886475","1.3599473237991333","1.3599473237991333","1.3599473237991333","1.6654354333877563","1.6654354333877563","1.6654354333877563","2.283413887023926","2.283413887023926","2.283413887023926"
"202","2.138669967651367","2.138669967651367","2.138669967651367","1.5566108226776123","1.5566108226776123","1.5566108226776123","1.432037115097046","1.432037115097046","1.432037115097046","1.3814094066619873","1.3814094066619873","1.3814094066619873","1.3172961473464966","1.3172961473464966","1.3172961473464966","1.3623392581939697","1.3623392581939697","1.3623392581939697","1.6247366666793823","1.6247366666793823","1.6247366666793823","2.3234457969665527","2.3234457969665527","2.3234457969665527"
"204","2.4500210285186768","2.4500210285186768","2.4500210285186768","1.7132229804992676","1.7132229804992676","1.7132229804992676","1.4492332935333252","1.4492332935333252","1.4492332935333252","1.4197423458099365","1.4197423458099365","1.4197423458099365","1.3146902322769165","1.3146902322769165","1.3146902322769165","1.3644495010375977","1.3644495010375977","1.3644495010375977","1.7823710441589355","1.7823710441589355","1.7823710441589355","2.995950698852539","2.995950698852539","2.995950698852539"
"206","2.1321523189544678","2.1321523189544678","2.1321523189544678","1.5923471450805664","1.5923471450805664","1.5923471450805664","1.4532818794250488","1.4532818794250488","1.4532818794250488","1.3677992820739746","1.3677992820739746","1.3677992820739746","1.2890832424163818","1.2890832424163818","1.2890832424163818","1.3456666469573975","1.3456666469573975","1.3456666469573975","1.6183221340179443","1.6183221340179443","1.6183221340179443","2.130265712738037","2.130265712738037","2.130265712738037"
"208","2.2784817218780518","2.2784817218780518","2.2784817218780518","1.6661808490753174","1.6661808490753174","1.6661808490753174","1.4717589616775513","1.4717589616775513","1.4717589616775513","1.4010751247406006","1.4010751247406006","1.4010751247406006","1.3068252801895142","1.3068252801895142","1.3068252801895142","1.3251795768737793","1.3251795768737793","1.3251795768737793","1.5556554794311523","1.5556554794311523","1.5556554794311523","2.513810396194458","2.513810396194458","2.513810396194458"
"210","2.317134380340576","2.317134380340576","2.317134380340576","1.7082502841949463","1.7082502841949463","1.7082502841949463","1.4148414134979248","1.4148414134979248","1.4148414134979248","1.3830797672271729","1.3830797672271729","1.3830797672271729","1.332946538925171","1.332946538925171","1.332946538925171","1.3210573196411133","1.3210573196411133","1.3210573196411133","1.6475300788879395","1.6475300788879395","1.6475300788879395","2.66910457611084","2.66910457611084","2.66910457611084"
"212","4.0560407638549805","4.0560407638549805","4.0560407638549805","2.1367666721343994","2.1367666721343994","2.1367666721343994","1.6943740844726562","1.6943740844726562","1.6943740844726562","1.3992102146148682","1.3992102146148682","1.3992102146148682","1.342503547668457","1.342503547668457","1.342503547668457","1.5063844919204712","1.5063844919204712","1.5063844919204712","1.8873306512832642","1.8873306512832642","1.8873306512832642","2.530465602874756","2.530465602874756","2.530465602874756"
"214","2.5760374069213867","2.5760374069213867","2.5760374069213867","1.5890601873397827","1.5890601873397827","1.5890601873397827","1.4336905479431152","1.4336905479431152","1.4336905479431152","1.3867197036743164","1.3867197036743164","1.3867197036743164","1.287535309791565","1.287535309791565","1.287535309791565","1.3375952243804932","1.3375952243804932","1.3375952243804932","1.6189491748809814","1.6189491748809814","1.6189491748809814","2.043647289276123","2.043647289276123","2.043647289276123"
"216","2.777636766433716","2.777636766433716","2.777636766433716","1.7569997310638428","1.7569997310638428","1.7569997310638428","1.4250588417053223","1.4250588417053223","1.4250588417053223","1.379922866821289","1.379922866821289","1.379922866821289","1.2951250076293945","1.2951250076293945","1.2951250076293945","1.3414814472198486","1.3414814472198486","1.3414814472198486","1.7410078048706055","1.7410078048706055","1.7410078048706055","3.1971535682678223","3.1971535682678223","3.1971535682678223"
"218","2.120746612548828","2.120746612548828","2.120746612548828","1.769502878189087","1.769502878189087","1.769502878189087","1.5041981935501099","1.5041981935501099","1.5041981935501099","1.3995225429534912","1.3995225429534912","1.3995225429534912","1.3059217929840088","1.3059217929840088","1.3059217929840088","1.3949145078659058","1.3949145078659058","1.3949145078659058","1.563162088394165","1.563162088394165","1.563162088394165","2.020343780517578","2.020343780517578","2.020343780517578"
"220","2.56435227394104","2.56435227394104","2.56435227394104","1.620395302772522","1.620395302772522","1.620395302772522","1.4387097358703613","1.4387097358703613","1.4387097358703613","1.408401608467102","1.408401608467102","1.408401608467102","1.2957510948181152","1.2957510948181152","1.2957510948181152","1.32893967628479","1.32893967628479","1.32893967628479","1.6164919137954712","1.6164919137954712","1.6164919137954712","2.2282819747924805","2.2282819747924805","2.2282819747924805"
"222","2.1185498237609863","2.1185498237609863","2.1185498237609863","1.7283384799957275","1.7283384799957275","1.7283384799957275","1.4891326427459717","1.4891326427459717","1.4891326427459717","1.3789384365081787","1.3789384365081787","1.3789384365081787","1.311966061592102","1.311966061592102","1.311966061592102","1.3799450397491455","1.3799450397491455","1.3799450397491455","1.6102416515350342","1.6102416515350342","1.6102416515350342","2.2187602519989014","2.2187602519989014","2.2187602519989014"
"224","2.226499557495117","2.226499557495117","2.226499557495117","1.5463062524795532","1.5463062524795532","1.5463062524795532","1.4594471454620361","1.4594471454620361","1.4594471454620361","1.3652925491333008","1.3652925491333008","1.3652925491333008","1.2646081447601318","1.2646081447601318","1.2646081447601318","1.308443307876587","1.308443307876587","1.308443307876587","1.61726713180542","1.61726713180542","1.61726713180542","2.271243095397949","2.271243095397949","2.271243095397949"
"226","2.0724565982818604","2.0724565982818604","2.0724565982818604","1.7604401111602783","1.7604401111602783","1.7604401111602783","1.569274663925171","1.569274663925171","1.569274663925171","1.3769166469573975","1.3769166469573975","1.3769166469573975","1.341987133026123","1.341987133026123","1.341987133026123","1.3818625211715698","1.3818625211715698","1.3818625211715698","1.5964435338974","1.5964435338974","1.5964435338974","2.026494026184082","2.026494026184082","2.026494026184082"
"228","2.0087697505950928","2.0087697505950928","2.0087697505950928","1.6399166584014893","1.6399166584014893","1.6399166584014893","1.4477382898330688","1.4477382898330688","1.4477382898330688","1.38716459274292","1.38716459274292","1.38716459274292","1.3056790828704834","1.3056790828704834","1.3056790828704834","1.4150844812393188","1.4150844812393188","1.4150844812393188","1.64229154586792","1.64229154586792","1.64229154586792","2.06600284576416","2.06600284576416","2.06600284576416"
"230","1.8978019952774048","1.8978019952774048","1.8978019952774048","1.6548818349838257","1.6548818349838257","1.6548818349838257","1.4732022285461426","1.4732022285461426","1.4732022285461426","1.4003043174743652","1.4003043174743652","1.4003043174743652","1.3080551624298096","1.3080551624298096","1.3080551624298096","1.360243558883667","1.360243558883667","1.360243558883667","1.625084400177002","1.625084400177002","1.625084400177002","1.9300559759140015","1.9300559759140015","1.9300559759140015"