"Step","VOWELS_FILTER_b5_dual_waveform_bs16 - divergence_positive_s","VOWELS_FILTER_b5_dual_waveform_bs16 - divergence_positive_s__MIN","VOWELS_FILTER_b5_dual_waveform_bs16 - divergence_positive_s__MAX","VOWELS_FILTER_b1_dual_waveform_bs16 - divergence_positive_s","VOWELS_FILTER_b1_dual_waveform_bs16 - divergence_positive_s__MIN","VOWELS_FILTER_b1_dual_waveform_bs16 - divergence_positive_s__MAX","VOWELS_FILTER_b0.1_dual_waveform_bs16 - divergence_positive_s","VOWELS_FILTER_b0.1_dual_waveform_bs16 - divergence_positive_s__MIN","VOWELS_FILTER_b0.1_dual_waveform_bs16 - divergence_positive_s__MAX","VOWELS_FILTER_b0_dual_waveform_bs16 - divergence_positive_s","VOWELS_FILTER_b0_dual_waveform_bs16 - divergence_positive_s__MIN","VOWELS_FILTER_b0_dual_waveform_bs16 - divergence_positive_s__MAX","VOWELS_FILTER_b0_DUAL_bs16 - divergence_positive_s","VOWELS_FILTER_b0_DUAL_bs16 - divergence_positive_s__MIN","VOWELS_FILTER_b0_DUAL_bs16 - divergence_positive_s__MAX","VOWELS_FILTER_b0.1_DUAL_bs16 - divergence_positive_s","VOWELS_FILTER_b0.1_DUAL_bs16 - divergence_positive_s__MIN","VOWELS_FILTER_b0.1_DUAL_bs16 - divergence_positive_s__MAX","VOWELS_FILTER_b1_DUAL_bs16 - divergence_positive_s","VOWELS_FILTER_b1_DUAL_bs16 - divergence_positive_s__MIN","VOWELS_FILTER_b1_DUAL_bs16 - divergence_positive_s__MAX","VOWELS_FILTER_B5_DEFAULTS_DUAL_bs16 - divergence_positive_s","VOWELS_FILTER_B5_DEFAULTS_DUAL_bs16 - divergence_positive_s__MIN","VOWELS_FILTER_B5_DEFAULTS_DUAL_bs16 - divergence_positive_s__MAX"
"0","0.005077938549220562","0.005077938549220562","0.005077938549220562","0.006710786372423172","0.006710786372423172","0.006710786372423172","0.01769542135298252","0.01769542135298252","0.01769542135298252","0.26385778188705444","0.26385778188705444","0.26385778188705444","0.06602002680301666","0.06602002680301666","0.06602002680301666","0.007185400929301977","0.007185400929301977","0.007185400929301977","0.0042967163026332855","0.0042967163026332855","0.0042967163026332855","0.0037041245959699154","0.0037041245959699154","0.0037041245959699154"
"2","0.0008965306915342808","0.0008965306915342808","0.0008965306915342808","0.0018938600551337004","0.0018938600551337004","0.0018938600551337004","0.008322304114699364","0.008322304114699364","0.008322304114699364","0.28488457202911377","0.28488457202911377","0.28488457202911377","0.13796931505203247","0.13796931505203247","0.13796931505203247","0.004140693694353104","0.004140693694353104","0.004140693694353104","0.0014734817668795586","0.0014734817668795586","0.0014734817668795586","0.0009773962665349245","0.0009773962665349245","0.0009773962665349245"
"4","0.00045945154852233827","0.00045945154852233827","0.00045945154852233827","0.001332955784164369","0.001332955784164369","0.001332955784164369","0.010187245905399323","0.010187245905399323","0.010187245905399323","0.2914130687713623","0.2914130687713623","0.2914130687713623","0.2518824338912964","0.2518824338912964","0.2518824338912964","0.003791432362049818","0.003791432362049818","0.003791432362049818","0.0007807596120983362","0.0007807596120983362","0.0007807596120983362","0.0004382343904580921","0.0004382343904580921","0.0004382343904580921"
"6","0.000341953185852617","0.000341953185852617","0.000341953185852617","0.0015201442874968052","0.0015201442874968052","0.0015201442874968052","0.02360272966325283","0.02360272966325283","0.02360272966325283","0.29762154817581177","0.29762154817581177","0.29762154817581177","0.27211469411849976","0.27211469411849976","0.27211469411849976","0.016093216836452484","0.016093216836452484","0.016093216836452484","0.0007323349709622562","0.0007323349709622562","0.0007323349709622562","0.00031079616746865213","0.00031079616746865213","0.00031079616746865213"
"8","0.0003177164471708238","0.0003177164471708238","0.0003177164471708238","0.0022762937005609274","0.0022762937005609274","0.0022762937005609274","0.07298417389392853","0.07298417389392853","0.07298417389392853","0.28887176513671875","0.28887176513671875","0.28887176513671875","0.2771325707435608","0.2771325707435608","0.2771325707435608","0.03900226578116417","0.03900226578116417","0.03900226578116417","0.0007236110395751894","0.0007236110395751894","0.0007236110395751894","0.00017423839017283171","0.00017423839017283171","0.00017423839017283171"
"10","0.0004290868528187275","0.0004290868528187275","0.0004290868528187275","0.005102573893964291","0.005102573893964291","0.005102573893964291","0.1668853610754013","0.1668853610754013","0.1668853610754013","0.3131498694419861","0.3131498694419861","0.3131498694419861","0.300704687833786","0.300704687833786","0.300704687833786","0.07583402097225189","0.07583402097225189","0.07583402097225189","0.0014470343012362719","0.0014470343012362719","0.0014470343012362719","0.0001281331351492554","0.0001281331351492554","0.0001281331351492554"
"12","0.0005289316759444773","0.0005289316759444773","0.0005289316759444773","0.010673469863831997","0.010673469863831997","0.010673469863831997","0.15426073968410492","0.15426073968410492","0.15426073968410492","0.33117014169692993","0.33117014169692993","0.33117014169692993","0.3001691699028015","0.3001691699028015","0.3001691699028015","0.10769036412239075","0.10769036412239075","0.10769036412239075","0.0039467159658670425","0.0039467159658670425","0.0039467159658670425","0.00013588604633696377","0.00013588604633696377","0.00013588604633696377"
"14","0.0007645322475582361","0.0007645322475582361","0.0007645322475582361","0.0272834412753582","0.0272834412753582","0.0272834412753582","0.1752326935529709","0.1752326935529709","0.1752326935529709","0.32559555768966675","0.32559555768966675","0.32559555768966675","0.299007773399353","0.299007773399353","0.299007773399353","0.12952201068401337","0.12952201068401337","0.12952201068401337","0.00797930359840393","0.00797930359840393","0.00797930359840393","0.00012209490523673594","0.00012209490523673594","0.00012209490523673594"
"16","0.001170699018985033","0.001170699018985033","0.001170699018985033","0.06034731864929199","0.06034731864929199","0.06034731864929199","0.194610595703125","0.194610595703125","0.194610595703125","0.3262275755405426","0.3262275755405426","0.3262275755405426","0.30805352330207825","0.30805352330207825","0.30805352330207825","0.1431368887424469","0.1431368887424469","0.1431368887424469","0.015952493995428085","0.015952493995428085","0.015952493995428085","0.0001563213882036507","0.0001563213882036507","0.0001563213882036507"
"18","0.002134965732693672","0.002134965732693672","0.002134965732693672","0.10857276618480682","0.10857276618480682","0.10857276618480682","0.22006839513778687","0.22006839513778687","0.22006839513778687","0.3182377815246582","0.3182377815246582","0.3182377815246582","0.3139292597770691","0.3139292597770691","0.3139292597770691","0.15710213780403137","0.15710213780403137","0.15710213780403137","0.03168971836566925","0.03168971836566925","0.03168971836566925","0.00025327326147817075","0.00025327326147817075","0.00025327326147817075"
"20","0.0031405016779899597","0.0031405016779899597","0.0031405016779899597","0.1262669563293457","0.1262669563293457","0.1262669563293457","0.23038265109062195","0.23038265109062195","0.23038265109062195","0.3355998396873474","0.3355998396873474","0.3355998396873474","0.32338109612464905","0.32338109612464905","0.32338109612464905","0.1713092029094696","0.1713092029094696","0.1713092029094696","0.05773336812853813","0.05773336812853813","0.05773336812853813","0.00043218553764745593","0.00043218553764745593","0.00043218553764745593"
"22","0.00474728224799037","0.00474728224799037","0.00474728224799037","0.1455075740814209","0.1455075740814209","0.1455075740814209","0.2510468065738678","0.2510468065738678","0.2510468065738678","0.32800018787384033","0.32800018787384033","0.32800018787384033","0.31844058632850647","0.31844058632850647","0.31844058632850647","0.1765541285276413","0.1765541285276413","0.1765541285276413","0.07790075242519379","0.07790075242519379","0.07790075242519379","0.0007943000528030097","0.0007943000528030097","0.0007943000528030097"
"24","0.006743176840245724","0.006743176840245724","0.006743176840245724","0.16090965270996094","0.16090965270996094","0.16090965270996094","0.261828750371933","0.261828750371933","0.261828750371933","0.32683321833610535","0.32683321833610535","0.32683321833610535","0.3151111602783203","0.3151111602783203","0.3151111602783203","0.21362507343292236","0.21362507343292236","0.21362507343292236","0.10619315505027771","0.10619315505027771","0.10619315505027771","0.0017979716649278998","0.0017979716649278998","0.0017979716649278998"
"26","0.008848927915096283","0.008848927915096283","0.008848927915096283","0.1550302505493164","0.1550302505493164","0.1550302505493164","0.26257258653640747","0.26257258653640747","0.26257258653640747","0.3289441466331482","0.3289441466331482","0.3289441466331482","0.31382426619529724","0.31382426619529724","0.31382426619529724","0.23092292249202728","0.23092292249202728","0.23092292249202728","0.11686176061630249","0.11686176061630249","0.11686176061630249","0.004778202157467604","0.004778202157467604","0.004778202157467604"
"28","0.011833826079964638","0.011833826079964638","0.011833826079964638","0.16327132284641266","0.16327132284641266","0.16327132284641266","0.2604151666164398","0.2604151666164398","0.2604151666164398","0.32312458753585815","0.32312458753585815","0.32312458753585815","0.3223345875740051","0.3223345875740051","0.3223345875740051","0.22744643688201904","0.22744643688201904","0.22744643688201904","0.10959304869174957","0.10959304869174957","0.10959304869174957","0.007265129126608372","0.007265129126608372","0.007265129126608372"
"30","0.015085089020431042","0.015085089020431042","0.015085089020431042","0.18060830235481262","0.18060830235481262","0.18060830235481262","0.27322202920913696","0.27322202920913696","0.27322202920913696","0.32187050580978394","0.32187050580978394","0.32187050580978394","0.31621500849723816","0.31621500849723816","0.31621500849723816","0.24257266521453857","0.24257266521453857","0.24257266521453857","0.12205448746681213","0.12205448746681213","0.12205448746681213","0.013242851942777634","0.013242851942777634","0.013242851942777634"
"32","0.022181332111358643","0.022181332111358643","0.022181332111358643","0.1921762228012085","0.1921762228012085","0.1921762228012085","0.27036044001579285","0.27036044001579285","0.27036044001579285","0.32076072692871094","0.32076072692871094","0.32076072692871094","0.32280057668685913","0.32280057668685913","0.32280057668685913","0.24752163887023926","0.24752163887023926","0.24752163887023926","0.13103395700454712","0.13103395700454712","0.13103395700454712","0.02218969538807869","0.02218969538807869","0.02218969538807869"
"34","0.028429239988327026","0.028429239988327026","0.028429239988327026","0.18332217633724213","0.18332217633724213","0.18332217633724213","0.27518659830093384","0.27518659830093384","0.27518659830093384","0.3288511037826538","0.3288511037826538","0.3288511037826538","0.32159411907196045","0.32159411907196045","0.32159411907196045","0.25356870889663696","0.25356870889663696","0.25356870889663696","0.1343594342470169","0.1343594342470169","0.1343594342470169","0.03585018217563629","0.03585018217563629","0.03585018217563629"
"36","0.03977171331644058","0.03977171331644058","0.03977171331644058","0.1992301642894745","0.1992301642894745","0.1992301642894745","0.2795896530151367","0.2795896530151367","0.2795896530151367","0.3268403112888336","0.3268403112888336","0.3268403112888336","0.3150842785835266","0.3150842785835266","0.3150842785835266","0.24678358435630798","0.24678358435630798","0.24678358435630798","0.12651173770427704","0.12651173770427704","0.12651173770427704","0.0383542999625206","0.0383542999625206","0.0383542999625206"
"38","0.04323709011077881","0.04323709011077881","0.04323709011077881","0.19807645678520203","0.19807645678520203","0.19807645678520203","0.28486794233322144","0.28486794233322144","0.28486794233322144","0.33241185545921326","0.33241185545921326","0.33241185545921326","0.3278736472129822","0.3278736472129822","0.3278736472129822","0.25403571128845215","0.25403571128845215","0.25403571128845215","0.13084937632083893","0.13084937632083893","0.13084937632083893","0.04284707456827164","0.04284707456827164","0.04284707456827164"
"40","0.06480573117733002","0.06480573117733002","0.06480573117733002","0.21539746224880219","0.21539746224880219","0.21539746224880219","0.2820015549659729","0.2820015549659729","0.2820015549659729","0.3221531808376312","0.3221531808376312","0.3221531808376312","0.3175460994243622","0.3175460994243622","0.3175460994243622","0.2526852488517761","0.2526852488517761","0.2526852488517761","0.13237936794757843","0.13237936794757843","0.13237936794757843","0.05376184731721878","0.05376184731721878","0.05376184731721878"
"42","0.07592499256134033","0.07592499256134033","0.07592499256134033","0.21928124129772186","0.21928124129772186","0.21928124129772186","0.2874784469604492","0.2874784469604492","0.2874784469604492","0.3204915523529053","0.3204915523529053","0.3204915523529053","0.3176437318325043","0.3176437318325043","0.3176437318325043","0.25685662031173706","0.25685662031173706","0.25685662031173706","0.13859301805496216","0.13859301805496216","0.13859301805496216","0.06156013160943985","0.06156013160943985","0.06156013160943985"
"44","0.08108451217412949","0.08108451217412949","0.08108451217412949","0.21655027568340302","0.21655027568340302","0.21655027568340302","0.29318249225616455","0.29318249225616455","0.29318249225616455","0.32741042971611023","0.32741042971611023","0.32741042971611023","0.3149256110191345","0.3149256110191345","0.3149256110191345","0.27006995677948","0.27006995677948","0.27006995677948","0.13774827122688293","0.13774827122688293","0.13774827122688293","0.06809835135936737","0.06809835135936737","0.06809835135936737"
"46","0.08819284290075302","0.08819284290075302","0.08819284290075302","0.2278757393360138","0.2278757393360138","0.2278757393360138","0.30058932304382324","0.30058932304382324","0.30058932304382324","0.3185722827911377","0.3185722827911377","0.3185722827911377","0.3174254298210144","0.3174254298210144","0.3174254298210144","0.2763151228427887","0.2763151228427887","0.2763151228427887","0.14767885208129883","0.14767885208129883","0.14767885208129883","0.07379810512065887","0.07379810512065887","0.07379810512065887"
"48","0.08365397900342941","0.08365397900342941","0.08365397900342941","0.23623520135879517","0.23623520135879517","0.23623520135879517","0.299460232257843","0.299460232257843","0.299460232257843","0.312349408864975","0.312349408864975","0.312349408864975","0.3129138946533203","0.3129138946533203","0.3129138946533203","0.2763758897781372","0.2763758897781372","0.2763758897781372","0.14781631529331207","0.14781631529331207","0.14781631529331207","0.07687783241271973","0.07687783241271973","0.07687783241271973"
"50","0.08912098407745361","0.08912098407745361","0.08912098407745361","0.23381493985652924","0.23381493985652924","0.23381493985652924","0.2902413308620453","0.2902413308620453","0.2902413308620453","0.3199838101863861","0.3199838101863861","0.3199838101863861","0.32035064697265625","0.32035064697265625","0.32035064697265625","0.2669414281845093","0.2669414281845093","0.2669414281845093","0.15100254118442535","0.15100254118442535","0.15100254118442535","0.0821610614657402","0.0821610614657402","0.0821610614657402"
"52","0.106719970703125","0.106719970703125","0.106719970703125","0.2502490282058716","0.2502490282058716","0.2502490282058716","0.29862740635871887","0.29862740635871887","0.29862740635871887","0.3210892379283905","0.3210892379283905","0.3210892379283905","0.32083186507225037","0.32083186507225037","0.32083186507225037","0.28802812099456787","0.28802812099456787","0.28802812099456787","0.15766490995883942","0.15766490995883942","0.15766490995883942","0.09460087865591049","0.09460087865591049","0.09460087865591049"
"54","0.10091613978147507","0.10091613978147507","0.10091613978147507","0.2388986051082611","0.2388986051082611","0.2388986051082611","0.2955723702907562","0.2955723702907562","0.2955723702907562","0.3197450637817383","0.3197450637817383","0.3197450637817383","0.32228654623031616","0.32228654623031616","0.32228654623031616","0.2831699848175049","0.2831699848175049","0.2831699848175049","0.15918342769145966","0.15918342769145966","0.15918342769145966","0.09652943909168243","0.09652943909168243","0.09652943909168243"
"56","0.09664403647184372","0.09664403647184372","0.09664403647184372","0.2168203443288803","0.2168203443288803","0.2168203443288803","0.2851080894470215","0.2851080894470215","0.2851080894470215","0.32800793647766113","0.32800793647766113","0.32800793647766113","0.32522743940353394","0.32522743940353394","0.32522743940353394","0.2949141263961792","0.2949141263961792","0.2949141263961792","0.11090098321437836","0.11090098321437836","0.11090098321437836","0.08568216860294342","0.08568216860294342","0.08568216860294342"
"58","0.10717831552028656","0.10717831552028656","0.10717831552028656","0.23525255918502808","0.23525255918502808","0.23525255918502808","0.3103078007698059","0.3103078007698059","0.3103078007698059","0.3253001570701599","0.3253001570701599","0.3253001570701599","0.32401901483535767","0.32401901483535767","0.32401901483535767","0.2938227355480194","0.2938227355480194","0.2938227355480194","0.14400675892829895","0.14400675892829895","0.14400675892829895","0.0951545387506485","0.0951545387506485","0.0951545387506485"
"60","0.09932945668697357","0.09932945668697357","0.09932945668697357","0.21407437324523926","0.21407437324523926","0.21407437324523926","0.30358558893203735","0.30358558893203735","0.30358558893203735","0.3340979814529419","0.3340979814529419","0.3340979814529419","0.3276363015174866","0.3276363015174866","0.3276363015174866","0.29294294118881226","0.29294294118881226","0.29294294118881226","0.13597559928894043","0.13597559928894043","0.13597559928894043","0.09378894418478012","0.09378894418478012","0.09378894418478012"
"62","0.11746975034475327","0.11746975034475327","0.11746975034475327","0.24164879322052002","0.24164879322052002","0.24164879322052002","0.3018300235271454","0.3018300235271454","0.3018300235271454","0.32353854179382324","0.32353854179382324","0.32353854179382324","0.3193458318710327","0.3193458318710327","0.3193458318710327","0.2897852063179016","0.2897852063179016","0.2897852063179016","0.158218115568161","0.158218115568161","0.158218115568161","0.10339367389678955","0.10339367389678955","0.10339367389678955"
"64","0.12191048264503479","0.12191048264503479","0.12191048264503479","0.23399686813354492","0.23399686813354492","0.23399686813354492","0.29572877287864685","0.29572877287864685","0.29572877287864685","0.32612887024879456","0.32612887024879456","0.32612887024879456","0.3241172134876251","0.3241172134876251","0.3241172134876251","0.2919197976589203","0.2919197976589203","0.2919197976589203","0.16206017136573792","0.16206017136573792","0.16206017136573792","0.10706185549497604","0.10706185549497604","0.10706185549497604"
"66","0.1316225379705429","0.1316225379705429","0.1316225379705429","0.24067473411560059","0.24067473411560059","0.24067473411560059","0.3028130829334259","0.3028130829334259","0.3028130829334259","0.3190627098083496","0.3190627098083496","0.3190627098083496","0.3185673654079437","0.3185673654079437","0.3185673654079437","0.2952601909637451","0.2952601909637451","0.2952601909637451","0.16865381598472595","0.16865381598472595","0.16865381598472595","0.11254005879163742","0.11254005879163742","0.11254005879163742"
"68","0.11616399884223938","0.11616399884223938","0.11616399884223938","0.2235952913761139","0.2235952913761139","0.2235952913761139","0.2984940707683563","0.2984940707683563","0.2984940707683563","0.3254038393497467","0.3254038393497467","0.3254038393497467","0.32696637511253357","0.32696637511253357","0.32696637511253357","0.28845086693763733","0.28845086693763733","0.28845086693763733","0.16579407453536987","0.16579407453536987","0.16579407453536987","0.10727129876613617","0.10727129876613617","0.10727129876613617"
"70","0.1255778968334198","0.1255778968334198","0.1255778968334198","0.22898828983306885","0.22898828983306885","0.22898828983306885","0.2971537709236145","0.2971537709236145","0.2971537709236145","0.32346269488334656","0.32346269488334656","0.32346269488334656","0.31478753685951233","0.31478753685951233","0.31478753685951233","0.29579398036003113","0.29579398036003113","0.29579398036003113","0.16573229432106018","0.16573229432106018","0.16573229432106018","0.10845836251974106","0.10845836251974106","0.10845836251974106"
"72","0.12737175822257996","0.12737175822257996","0.12737175822257996","0.2373427450656891","0.2373427450656891","0.2373427450656891","0.297676682472229","0.297676682472229","0.297676682472229","0.32183191180229187","0.32183191180229187","0.32183191180229187","0.3249351382255554","0.3249351382255554","0.3249351382255554","0.2879714071750641","0.2879714071750641","0.2879714071750641","0.18266473710536957","0.18266473710536957","0.18266473710536957","0.11193858832120895","0.11193858832120895","0.11193858832120895"
"74","0.1392321139574051","0.1392321139574051","0.1392321139574051","0.2407054603099823","0.2407054603099823","0.2407054603099823","0.29479825496673584","0.29479825496673584","0.29479825496673584","0.324452668428421","0.324452668428421","0.324452668428421","0.3252803087234497","0.3252803087234497","0.3252803087234497","0.28987210988998413","0.28987210988998413","0.28987210988998413","0.17952528595924377","0.17952528595924377","0.17952528595924377","0.11614616215229034","0.11614616215229034","0.11614616215229034"
"76","0.13707667589187622","0.13707667589187622","0.13707667589187622","0.244710773229599","0.244710773229599","0.244710773229599","0.3098093867301941","0.3098093867301941","0.3098093867301941","0.31827494502067566","0.31827494502067566","0.31827494502067566","0.3181227147579193","0.3181227147579193","0.3181227147579193","0.3053893744945526","0.3053893744945526","0.3053893744945526","0.1906510591506958","0.1906510591506958","0.1906510591506958","0.11823873221874237","0.11823873221874237","0.11823873221874237"
"78","0.141421377658844","0.141421377658844","0.141421377658844","0.24025945365428925","0.24025945365428925","0.24025945365428925","0.30172574520111084","0.30172574520111084","0.30172574520111084","0.32608723640441895","0.32608723640441895","0.32608723640441895","0.320665180683136","0.320665180683136","0.320665180683136","0.30241501331329346","0.30241501331329346","0.30241501331329346","0.20815646648406982","0.20815646648406982","0.20815646648406982","0.12487824261188507","0.12487824261188507","0.12487824261188507"
"80","0.1411166787147522","0.1411166787147522","0.1411166787147522","0.23528902232646942","0.23528902232646942","0.23528902232646942","0.29602599143981934","0.29602599143981934","0.29602599143981934","0.3182979226112366","0.3182979226112366","0.3182979226112366","0.3193766474723816","0.3193766474723816","0.3193766474723816","0.29381927847862244","0.29381927847862244","0.29381927847862244","0.21597985923290253","0.21597985923290253","0.21597985923290253","0.12258023023605347","0.12258023023605347","0.12258023023605347"
"82","0.1404089629650116","0.1404089629650116","0.1404089629650116","0.2524045407772064","0.2524045407772064","0.2524045407772064","0.3110893666744232","0.3110893666744232","0.3110893666744232","0.31759870052337646","0.31759870052337646","0.31759870052337646","0.31991490721702576","0.31991490721702576","0.31991490721702576","0.304624080657959","0.304624080657959","0.304624080657959","0.21264749765396118","0.21264749765396118","0.21264749765396118","0.1158289909362793","0.1158289909362793","0.1158289909362793"
"84","0.13634631037712097","0.13634631037712097","0.13634631037712097","0.24901312589645386","0.24901312589645386","0.24901312589645386","0.3092232942581177","0.3092232942581177","0.3092232942581177","0.3252491354942322","0.3252491354942322","0.3252491354942322","0.3232576847076416","0.3232576847076416","0.3232576847076416","0.3019220530986786","0.3019220530986786","0.3019220530986786","0.2160794734954834","0.2160794734954834","0.2160794734954834","0.11980017274618149","0.11980017274618149","0.11980017274618149"
"86","0.14252521097660065","0.14252521097660065","0.14252521097660065","0.2430267035961151","0.2430267035961151","0.2430267035961151","0.2988092601299286","0.2988092601299286","0.2988092601299286","0.32315778732299805","0.32315778732299805","0.32315778732299805","0.3178711533546448","0.3178711533546448","0.3178711533546448","0.3064296841621399","0.3064296841621399","0.3064296841621399","0.2150416374206543","0.2150416374206543","0.2150416374206543","0.12456425279378891","0.12456425279378891","0.12456425279378891"
"88","0.13567066192626953","0.13567066192626953","0.13567066192626953","0.24171417951583862","0.24171417951583862","0.24171417951583862","0.29259732365608215","0.29259732365608215","0.29259732365608215","0.3409315049648285","0.3409315049648285","0.3409315049648285","0.3393792510032654","0.3393792510032654","0.3393792510032654","0.2924242317676544","0.2924242317676544","0.2924242317676544","0.21260395646095276","0.21260395646095276","0.21260395646095276","0.10870649665594101","0.10870649665594101","0.10870649665594101"
"90","0.15603163838386536","0.15603163838386536","0.15603163838386536","0.2665219008922577","0.2665219008922577","0.2665219008922577","0.31719374656677246","0.31719374656677246","0.31719374656677246","0.31993138790130615","0.31993138790130615","0.31993138790130615","0.3217868208885193","0.3217868208885193","0.3217868208885193","0.30878502130508423","0.30878502130508423","0.30878502130508423","0.23829275369644165","0.23829275369644165","0.23829275369644165","0.12640663981437683","0.12640663981437683","0.12640663981437683"
"92","0.15609273314476013","0.15609273314476013","0.15609273314476013","0.25671815872192383","0.25671815872192383","0.25671815872192383","0.3054577112197876","0.3054577112197876","0.3054577112197876","0.322270929813385","0.322270929813385","0.322270929813385","0.3286300301551819","0.3286300301551819","0.3286300301551819","0.2932508885860443","0.2932508885860443","0.2932508885860443","0.2413260042667389","0.2413260042667389","0.2413260042667389","0.1265784204006195","0.1265784204006195","0.1265784204006195"
"94","0.15839707851409912","0.15839707851409912","0.15839707851409912","0.2570567727088928","0.2570567727088928","0.2570567727088928","0.3100695013999939","0.3100695013999939","0.3100695013999939","0.3196350634098053","0.3196350634098053","0.3196350634098053","0.3200165629386902","0.3200165629386902","0.3200165629386902","0.3048083782196045","0.3048083782196045","0.3048083782196045","0.2433028221130371","0.2433028221130371","0.2433028221130371","0.12536591291427612","0.12536591291427612","0.12536591291427612"
"96","0.1601295918226242","0.1601295918226242","0.1601295918226242","0.2520716190338135","0.2520716190338135","0.2520716190338135","0.30098193883895874","0.30098193883895874","0.30098193883895874","0.3253079056739807","0.3253079056739807","0.3253079056739807","0.31871047616004944","0.31871047616004944","0.31871047616004944","0.3043767213821411","0.3043767213821411","0.3043767213821411","0.23912744224071503","0.23912744224071503","0.23912744224071503","0.1281975358724594","0.1281975358724594","0.1281975358724594"
"98","0.16919028759002686","0.16919028759002686","0.16919028759002686","0.25307098031044006","0.25307098031044006","0.25307098031044006","0.3001893162727356","0.3001893162727356","0.3001893162727356","0.33308330178260803","0.33308330178260803","0.33308330178260803","0.3252023160457611","0.3252023160457611","0.3252023160457611","0.30398744344711304","0.30398744344711304","0.30398744344711304","0.2425994873046875","0.2425994873046875","0.2425994873046875","0.13436880707740784","0.13436880707740784","0.13436880707740784"
"100","0.1673574447631836","0.1673574447631836","0.1673574447631836","0.25959891080856323","0.25959891080856323","0.25959891080856323","0.3105737268924713","0.3105737268924713","0.3105737268924713","0.3232181966304779","0.3232181966304779","0.3232181966304779","0.3202872574329376","0.3202872574329376","0.3202872574329376","0.30885547399520874","0.30885547399520874","0.30885547399520874","0.23318225145339966","0.23318225145339966","0.23318225145339966","0.13060936331748962","0.13060936331748962","0.13060936331748962"
"102","0.17217335104942322","0.17217335104942322","0.17217335104942322","0.26340681314468384","0.26340681314468384","0.26340681314468384","0.30653443932533264","0.30653443932533264","0.30653443932533264","0.3265783190727234","0.3265783190727234","0.3265783190727234","0.32606035470962524","0.32606035470962524","0.32606035470962524","0.3058810830116272","0.3058810830116272","0.3058810830116272","0.23850977420806885","0.23850977420806885","0.23850977420806885","0.13340051472187042","0.13340051472187042","0.13340051472187042"
"104","0.16858041286468506","0.16858041286468506","0.16858041286468506","0.2539541721343994","0.2539541721343994","0.2539541721343994","0.30224642157554626","0.30224642157554626","0.30224642157554626","0.32648706436157227","0.32648706436157227","0.32648706436157227","0.32483136653900146","0.32483136653900146","0.32483136653900146","0.3084307312965393","0.3084307312965393","0.3084307312965393","0.2263340801000595","0.2263340801000595","0.2263340801000595","0.12977305054664612","0.12977305054664612","0.12977305054664612"
"106","0.18238747119903564","0.18238747119903564","0.18238747119903564","0.26216790080070496","0.26216790080070496","0.26216790080070496","0.3048712909221649","0.3048712909221649","0.3048712909221649","0.327431857585907","0.327431857585907","0.327431857585907","0.3266507387161255","0.3266507387161255","0.3266507387161255","0.30875569581985474","0.30875569581985474","0.30875569581985474","0.2284211963415146","0.2284211963415146","0.2284211963415146","0.14222250878810883","0.14222250878810883","0.14222250878810883"
"108","0.17642728984355927","0.17642728984355927","0.17642728984355927","0.25500544905662537","0.25500544905662537","0.25500544905662537","0.3006335496902466","0.3006335496902466","0.3006335496902466","0.32736244797706604","0.32736244797706604","0.32736244797706604","0.3168805241584778","0.3168805241584778","0.3168805241584778","0.30570459365844727","0.30570459365844727","0.30570459365844727","0.22576968371868134","0.22576968371868134","0.22576968371868134","0.1324114203453064","0.1324114203453064","0.1324114203453064"
"110","0.17342422902584076","0.17342422902584076","0.17342422902584076","0.27110129594802856","0.27110129594802856","0.27110129594802856","0.30681517720222473","0.30681517720222473","0.30681517720222473","0.32671576738357544","0.32671576738357544","0.32671576738357544","0.32299500703811646","0.32299500703811646","0.32299500703811646","0.3120590150356293","0.3120590150356293","0.3120590150356293","0.2482919692993164","0.2482919692993164","0.2482919692993164","0.135703906416893","0.135703906416893","0.135703906416893"
"112","0.17470960319042206","0.17470960319042206","0.17470960319042206","0.2592041790485382","0.2592041790485382","0.2592041790485382","0.30876538157463074","0.30876538157463074","0.30876538157463074","0.3296719193458557","0.3296719193458557","0.3296719193458557","0.32834190130233765","0.32834190130233765","0.32834190130233765","0.3097415566444397","0.3097415566444397","0.3097415566444397","0.23660755157470703","0.23660755157470703","0.23660755157470703","0.12834987044334412","0.12834987044334412","0.12834987044334412"
"114","0.18272864818572998","0.18272864818572998","0.18272864818572998","0.2577977776527405","0.2577977776527405","0.2577977776527405","0.2945968508720398","0.2945968508720398","0.2945968508720398","0.3258459270000458","0.3258459270000458","0.3258459270000458","0.3161427080631256","0.3161427080631256","0.3161427080631256","0.3050267696380615","0.3050267696380615","0.3050267696380615","0.24013745784759521","0.24013745784759521","0.24013745784759521","0.144352525472641","0.144352525472641","0.144352525472641"
"116","0.18459556996822357","0.18459556996822357","0.18459556996822357","0.2600995898246765","0.2600995898246765","0.2600995898246765","0.30428218841552734","0.30428218841552734","0.30428218841552734","0.33055585622787476","0.33055585622787476","0.33055585622787476","0.32672587037086487","0.32672587037086487","0.32672587037086487","0.31512242555618286","0.31512242555618286","0.31512242555618286","0.2342953383922577","0.2342953383922577","0.2342953383922577","0.13997069001197815","0.13997069001197815","0.13997069001197815"
"118","0.19573959708213806","0.19573959708213806","0.19573959708213806","0.2821848392486572","0.2821848392486572","0.2821848392486572","0.312707781791687","0.312707781791687","0.312707781791687","0.3241218626499176","0.3241218626499176","0.3241218626499176","0.32148873805999756","0.32148873805999756","0.32148873805999756","0.31838107109069824","0.31838107109069824","0.31838107109069824","0.266060471534729","0.266060471534729","0.266060471534729","0.14298096299171448","0.14298096299171448","0.14298096299171448"
"120","0.1792834997177124","0.1792834997177124","0.1792834997177124","0.267458438873291","0.267458438873291","0.267458438873291","0.32140442728996277","0.32140442728996277","0.32140442728996277","0.3337053060531616","0.3337053060531616","0.3337053060531616","0.3232007920742035","0.3232007920742035","0.3232007920742035","0.319766640663147","0.319766640663147","0.319766640663147","0.2622329890727997","0.2622329890727997","0.2622329890727997","0.15005174279212952","0.15005174279212952","0.15005174279212952"
"122","0.17343604564666748","0.17343604564666748","0.17343604564666748","0.2623000741004944","0.2623000741004944","0.2623000741004944","0.30269551277160645","0.30269551277160645","0.30269551277160645","0.3225048780441284","0.3225048780441284","0.3225048780441284","0.32409000396728516","0.32409000396728516","0.32409000396728516","0.3006666302680969","0.3006666302680969","0.3006666302680969","0.2349650114774704","0.2349650114774704","0.2349650114774704","0.13143685460090637","0.13143685460090637","0.13143685460090637"
"124","0.20921459794044495","0.20921459794044495","0.20921459794044495","0.2824198603630066","0.2824198603630066","0.2824198603630066","0.30843937397003174","0.30843937397003174","0.30843937397003174","0.3213362395763397","0.3213362395763397","0.3213362395763397","0.32139694690704346","0.32139694690704346","0.32139694690704346","0.31748902797698975","0.31748902797698975","0.31748902797698975","0.260987251996994","0.260987251996994","0.260987251996994","0.15100988745689392","0.15100988745689392","0.15100988745689392"
"126","0.17891190946102142","0.17891190946102142","0.17891190946102142","0.2792823612689972","0.2792823612689972","0.2792823612689972","0.3149977922439575","0.3149977922439575","0.3149977922439575","0.32446834444999695","0.32446834444999695","0.32446834444999695","0.3196793794631958","0.3196793794631958","0.3196793794631958","0.31491175293922424","0.31491175293922424","0.31491175293922424","0.2591480016708374","0.2591480016708374","0.2591480016708374","0.13499990105628967","0.13499990105628967","0.13499990105628967"
"128","0.19293735921382904","0.19293735921382904","0.19293735921382904","0.2675306797027588","0.2675306797027588","0.2675306797027588","0.3118533194065094","0.3118533194065094","0.3118533194065094","0.3215107321739197","0.3215107321739197","0.3215107321739197","0.3157423734664917","0.3157423734664917","0.3157423734664917","0.31398263573646545","0.31398263573646545","0.31398263573646545","0.2596922516822815","0.2596922516822815","0.2596922516822815","0.14800915122032166","0.14800915122032166","0.14800915122032166"
"130","0.19657191634178162","0.19657191634178162","0.19657191634178162","0.28087037801742554","0.28087037801742554","0.28087037801742554","0.31167563796043396","0.31167563796043396","0.31167563796043396","0.32306116819381714","0.32306116819381714","0.32306116819381714","0.32497847080230713","0.32497847080230713","0.32497847080230713","0.3174366056919098","0.3174366056919098","0.3174366056919098","0.26587527990341187","0.26587527990341187","0.26587527990341187","0.15277723968029022","0.15277723968029022","0.15277723968029022"
"132","0.18381580710411072","0.18381580710411072","0.18381580710411072","0.2739427089691162","0.2739427089691162","0.2739427089691162","0.31709182262420654","0.31709182262420654","0.31709182262420654","0.3313934803009033","0.3313934803009033","0.3313934803009033","0.3220471143722534","0.3220471143722534","0.3220471143722534","0.31780481338500977","0.31780481338500977","0.31780481338500977","0.2602140009403229","0.2602140009403229","0.2602140009403229","0.1443740874528885","0.1443740874528885","0.1443740874528885"
"134","0.2001582831144333","0.2001582831144333","0.2001582831144333","0.282180517911911","0.282180517911911","0.282180517911911","0.3129640817642212","0.3129640817642212","0.3129640817642212","0.31998932361602783","0.31998932361602783","0.31998932361602783","0.3202788233757019","0.3202788233757019","0.3202788233757019","0.3183366656303406","0.3183366656303406","0.3183366656303406","0.2662210166454315","0.2662210166454315","0.2662210166454315","0.1498742401599884","0.1498742401599884","0.1498742401599884"
"136","0.20661184191703796","0.20661184191703796","0.20661184191703796","0.28080686926841736","0.28080686926841736","0.28080686926841736","0.3150694966316223","0.3150694966316223","0.3150694966316223","0.31805914640426636","0.31805914640426636","0.31805914640426636","0.3210184872150421","0.3210184872150421","0.3210184872150421","0.3141430616378784","0.3141430616378784","0.3141430616378784","0.267864465713501","0.267864465713501","0.267864465713501","0.1603209376335144","0.1603209376335144","0.1603209376335144"
"138","0.2023783028125763","0.2023783028125763","0.2023783028125763","0.2861242890357971","0.2861242890357971","0.2861242890357971","0.31647375226020813","0.31647375226020813","0.31647375226020813","0.324119508266449","0.324119508266449","0.324119508266449","0.3218068480491638","0.3218068480491638","0.3218068480491638","0.3192804455757141","0.3192804455757141","0.3192804455757141","0.2683413028717041","0.2683413028717041","0.2683413028717041","0.15253418684005737","0.15253418684005737","0.15253418684005737"
"140","0.20665743947029114","0.20665743947029114","0.20665743947029114","0.2690470516681671","0.2690470516681671","0.2690470516681671","0.3161628842353821","0.3161628842353821","0.3161628842353821","0.3240705728530884","0.3240705728530884","0.3240705728530884","0.32054603099823","0.32054603099823","0.32054603099823","0.31687992811203003","0.31687992811203003","0.31687992811203003","0.2662753462791443","0.2662753462791443","0.2662753462791443","0.16108545660972595","0.16108545660972595","0.16108545660972595"
"142","0.21185800433158875","0.21185800433158875","0.21185800433158875","0.2778134047985077","0.2778134047985077","0.2778134047985077","0.3121935725212097","0.3121935725212097","0.3121935725212097","0.32483920454978943","0.32483920454978943","0.32483920454978943","0.3238131105899811","0.3238131105899811","0.3238131105899811","0.3181760311126709","0.3181760311126709","0.3181760311126709","0.26961642503738403","0.26961642503738403","0.26961642503738403","0.1501089632511139","0.1501089632511139","0.1501089632511139"
"144","0.20173834264278412","0.20173834264278412","0.20173834264278412","0.2776004672050476","0.2776004672050476","0.2776004672050476","0.3192169666290283","0.3192169666290283","0.3192169666290283","0.3212096393108368","0.3212096393108368","0.3212096393108368","0.32313740253448486","0.32313740253448486","0.32313740253448486","0.31743571162223816","0.31743571162223816","0.31743571162223816","0.27474772930145264","0.27474772930145264","0.27474772930145264","0.15362605452537537","0.15362605452537537","0.15362605452537537"
"146","0.2072480320930481","0.2072480320930481","0.2072480320930481","0.273057222366333","0.273057222366333","0.273057222366333","0.3164075016975403","0.3164075016975403","0.3164075016975403","0.32989680767059326","0.32989680767059326","0.32989680767059326","0.32806599140167236","0.32806599140167236","0.32806599140167236","0.32512885332107544","0.32512885332107544","0.32512885332107544","0.27775734663009644","0.27775734663009644","0.27775734663009644","0.15849900245666504","0.15849900245666504","0.15849900245666504"
"148","0.20324695110321045","0.20324695110321045","0.20324695110321045","0.27506327629089355","0.27506327629089355","0.27506327629089355","0.3118509352207184","0.3118509352207184","0.3118509352207184","0.32896098494529724","0.32896098494529724","0.32896098494529724","0.3206132650375366","0.3206132650375366","0.3206132650375366","0.31480154395103455","0.31480154395103455","0.31480154395103455","0.2684118151664734","0.2684118151664734","0.2684118151664734","0.15227991342544556","0.15227991342544556","0.15227991342544556"
"150","0.19372743368148804","0.19372743368148804","0.19372743368148804","0.2758181691169739","0.2758181691169739","0.2758181691169739","0.3138962388038635","0.3138962388038635","0.3138962388038635","0.32804441452026367","0.32804441452026367","0.32804441452026367","0.3296841084957123","0.3296841084957123","0.3296841084957123","0.3232007622718811","0.3232007622718811","0.3232007622718811","0.2765997648239136","0.2765997648239136","0.2765997648239136","0.1594904065132141","0.1594904065132141","0.1594904065132141"
"152","0.21344000101089478","0.21344000101089478","0.21344000101089478","0.28454330563545227","0.28454330563545227","0.28454330563545227","0.31482553482055664","0.31482553482055664","0.31482553482055664","0.3212868273258209","0.3212868273258209","0.3212868273258209","0.3212476968765259","0.3212476968765259","0.3212476968765259","0.3190334141254425","0.3190334141254425","0.3190334141254425","0.2808547616004944","0.2808547616004944","0.2808547616004944","0.1623767465353012","0.1623767465353012","0.1623767465353012"
"154","0.209377259016037","0.209377259016037","0.209377259016037","0.2800518274307251","0.2800518274307251","0.2800518274307251","0.31915655732154846","0.31915655732154846","0.31915655732154846","0.31944090127944946","0.31944090127944946","0.31944090127944946","0.31984421610832214","0.31984421610832214","0.31984421610832214","0.3130858242511749","0.3130858242511749","0.3130858242511749","0.2648650109767914","0.2648650109767914","0.2648650109767914","0.11706344783306122","0.11706344783306122","0.11706344783306122"
"156","0.20960968732833862","0.20960968732833862","0.20960968732833862","0.2817380726337433","0.2817380726337433","0.2817380726337433","0.3147406578063965","0.3147406578063965","0.3147406578063965","0.32652366161346436","0.32652366161346436","0.32652366161346436","0.3252367675304413","0.3252367675304413","0.3252367675304413","0.3210643231868744","0.3210643231868744","0.3210643231868744","0.2731574773788452","0.2731574773788452","0.2731574773788452","0.16047541797161102","0.16047541797161102","0.16047541797161102"
"158","0.2040400207042694","0.2040400207042694","0.2040400207042694","0.28681057691574097","0.28681057691574097","0.28681057691574097","0.312358021736145","0.312358021736145","0.312358021736145","0.3193908929824829","0.3193908929824829","0.3193908929824829","0.3195289671421051","0.3195289671421051","0.3195289671421051","0.31518983840942383","0.31518983840942383","0.31518983840942383","0.2744715213775635","0.2744715213775635","0.2744715213775635","0.16011792421340942","0.16011792421340942","0.16011792421340942"
"160","0.19450907409191132","0.19450907409191132","0.19450907409191132","0.2827114462852478","0.2827114462852478","0.2827114462852478","0.3154030740261078","0.3154030740261078","0.3154030740261078","0.32989269495010376","0.32989269495010376","0.32989269495010376","0.31929004192352295","0.31929004192352295","0.31929004192352295","0.31700706481933594","0.31700706481933594","0.31700706481933594","0.2813534736633301","0.2813534736633301","0.2813534736633301","0.1625368297100067","0.1625368297100067","0.1625368297100067"
"162","0.19688865542411804","0.19688865542411804","0.19688865542411804","0.28714632987976074","0.28714632987976074","0.28714632987976074","0.3074774146080017","0.3074774146080017","0.3074774146080017","0.32714614272117615","0.32714614272117615","0.32714614272117615","0.3233621120452881","0.3233621120452881","0.3233621120452881","0.3245520293712616","0.3245520293712616","0.3245520293712616","0.28718602657318115","0.28718602657318115","0.28718602657318115","0.1665159910917282","0.1665159910917282","0.1665159910917282"
"164","0.20682810246944427","0.20682810246944427","0.20682810246944427","0.2859436571598053","0.2859436571598053","0.2859436571598053","0.32071787118911743","0.32071787118911743","0.32071787118911743","0.3276693820953369","0.3276693820953369","0.3276693820953369","0.3201506733894348","0.3201506733894348","0.3201506733894348","0.31981992721557617","0.31981992721557617","0.31981992721557617","0.2823775112628937","0.2823775112628937","0.2823775112628937","0.1723211258649826","0.1723211258649826","0.1723211258649826"
"166","0.21676497161388397","0.21676497161388397","0.21676497161388397","0.2908294200897217","0.2908294200897217","0.2908294200897217","0.3182918429374695","0.3182918429374695","0.3182918429374695","0.32328736782073975","0.32328736782073975","0.32328736782073975","0.32198697328567505","0.32198697328567505","0.32198697328567505","0.3196401000022888","0.3196401000022888","0.3196401000022888","0.2838518023490906","0.2838518023490906","0.2838518023490906","0.17976254224777222","0.17976254224777222","0.17976254224777222"
"168","0.2027202695608139","0.2027202695608139","0.2027202695608139","0.29394662380218506","0.29394662380218506","0.29394662380218506","0.3181617856025696","0.3181617856025696","0.3181617856025696","0.321711003780365","0.321711003780365","0.321711003780365","0.3226301670074463","0.3226301670074463","0.3226301670074463","0.32280588150024414","0.32280588150024414","0.32280588150024414","0.2875247895717621","0.2875247895717621","0.2875247895717621","0.17054663598537445","0.17054663598537445","0.17054663598537445"
"170","0.21252059936523438","0.21252059936523438","0.21252059936523438","0.2966082990169525","0.2966082990169525","0.2966082990169525","0.31908148527145386","0.31908148527145386","0.31908148527145386","0.31755954027175903","0.31755954027175903","0.31755954027175903","0.3182717561721802","0.3182717561721802","0.3182717561721802","0.3183690905570984","0.3183690905570984","0.3183690905570984","0.29033413529396057","0.29033413529396057","0.29033413529396057","0.17823639512062073","0.17823639512062073","0.17823639512062073"
"172","0.21586072444915771","0.21586072444915771","0.21586072444915771","0.2938527464866638","0.2938527464866638","0.2938527464866638","0.31631115078926086","0.31631115078926086","0.31631115078926086","0.31972235441207886","0.31972235441207886","0.31972235441207886","0.3202565014362335","0.3202565014362335","0.3202565014362335","0.3185240626335144","0.3185240626335144","0.3185240626335144","0.28626298904418945","0.28626298904418945","0.28626298904418945","0.18951955437660217","0.18951955437660217","0.18951955437660217"
"174","0.21445190906524658","0.21445190906524658","0.21445190906524658","0.2943689525127411","0.2943689525127411","0.2943689525127411","0.31803011894226074","0.31803011894226074","0.31803011894226074","0.3195009231567383","0.3195009231567383","0.3195009231567383","0.3192516267299652","0.3192516267299652","0.3192516267299652","0.31798431277275085","0.31798431277275085","0.31798431277275085","0.28917598724365234","0.28917598724365234","0.28917598724365234","0.18039417266845703","0.18039417266845703","0.18039417266845703"
"176","0.2003766894340515","0.2003766894340515","0.2003766894340515","0.2777579426765442","0.2777579426765442","0.2777579426765442","0.32013607025146484","0.32013607025146484","0.32013607025146484","0.32251033186912537","0.32251033186912537","0.32251033186912537","0.32425805926322937","0.32425805926322937","0.32425805926322937","0.32037776708602905","0.32037776708602905","0.32037776708602905","0.2766616940498352","0.2766616940498352","0.2766616940498352","0.18832866847515106","0.18832866847515106","0.18832866847515106"
"178","0.20919165015220642","0.20919165015220642","0.20919165015220642","0.2937932014465332","0.2937932014465332","0.2937932014465332","0.3202739953994751","0.3202739953994751","0.3202739953994751","0.3239459693431854","0.3239459693431854","0.3239459693431854","0.32515889406204224","0.32515889406204224","0.32515889406204224","0.32243335247039795","0.32243335247039795","0.32243335247039795","0.2844116687774658","0.2844116687774658","0.2844116687774658","0.18681156635284424","0.18681156635284424","0.18681156635284424"
"180","0.20420920848846436","0.20420920848846436","0.20420920848846436","0.28774839639663696","0.28774839639663696","0.28774839639663696","0.3229757249355316","0.3229757249355316","0.3229757249355316","0.3234986364841461","0.3234986364841461","0.3234986364841461","0.3235868513584137","0.3235868513584137","0.3235868513584137","0.32069656252861023","0.32069656252861023","0.32069656252861023","0.285280704498291","0.285280704498291","0.285280704498291","0.18828114867210388","0.18828114867210388","0.18828114867210388"
"182","0.2023649513721466","0.2023649513721466","0.2023649513721466","0.2920841872692108","0.2920841872692108","0.2920841872692108","0.31889694929122925","0.31889694929122925","0.31889694929122925","0.32239025831222534","0.32239025831222534","0.32239025831222534","0.3222866654396057","0.3222866654396057","0.3222866654396057","0.3191417157649994","0.3191417157649994","0.3191417157649994","0.2863331139087677","0.2863331139087677","0.2863331139087677","0.19148235023021698","0.19148235023021698","0.19148235023021698"
"184","0.20735834538936615","0.20735834538936615","0.20735834538936615","0.2842726707458496","0.2842726707458496","0.2842726707458496","0.3119044303894043","0.3119044303894043","0.3119044303894043","0.3220519721508026","0.3220519721508026","0.3220519721508026","0.3236674964427948","0.3236674964427948","0.3236674964427948","0.3173287510871887","0.3173287510871887","0.3173287510871887","0.2819424867630005","0.2819424867630005","0.2819424867630005","0.19055597484111786","0.19055597484111786","0.19055597484111786"
"186","0.20389370620250702","0.20389370620250702","0.20389370620250702","0.2897033393383026","0.2897033393383026","0.2897033393383026","0.31637486815452576","0.31637486815452576","0.31637486815452576","0.3181385099887848","0.3181385099887848","0.3181385099887848","0.3207945227622986","0.3207945227622986","0.3207945227622986","0.31604623794555664","0.31604623794555664","0.31604623794555664","0.28283625841140747","0.28283625841140747","0.28283625841140747","0.1967325657606125","0.1967325657606125","0.1967325657606125"
"188","0.21167528629302979","0.21167528629302979","0.21167528629302979","0.29637300968170166","0.29637300968170166","0.29637300968170166","0.3218443989753723","0.3218443989753723","0.3218443989753723","0.32300716638565063","0.32300716638565063","0.32300716638565063","0.32493460178375244","0.32493460178375244","0.32493460178375244","0.32049262523651123","0.32049262523651123","0.32049262523651123","0.2901279926300049","0.2901279926300049","0.2901279926300049","0.2026468813419342","0.2026468813419342","0.2026468813419342"
"190","0.21131281554698944","0.21131281554698944","0.21131281554698944","0.2847363352775574","0.2847363352775574","0.2847363352775574","0.31948035955429077","0.31948035955429077","0.31948035955429077","0.31740933656692505","0.31740933656692505","0.31740933656692505","0.3225735127925873","0.3225735127925873","0.3225735127925873","0.3190675377845764","0.3190675377845764","0.3190675377845764","0.28323543071746826","0.28323543071746826","0.28323543071746826","0.21384261548519135","0.21384261548519135","0.21384261548519135"
"192","0.20344746112823486","0.20344746112823486","0.20344746112823486","0.28616154193878174","0.28616154193878174","0.28616154193878174","0.32136499881744385","0.32136499881744385","0.32136499881744385","0.3292493224143982","0.3292493224143982","0.3292493224143982","0.331198126077652","0.331198126077652","0.331198126077652","0.32731926441192627","0.32731926441192627","0.32731926441192627","0.2787306606769562","0.2787306606769562","0.2787306606769562","0.18732747435569763","0.18732747435569763","0.18732747435569763"
"194","0.2157214730978012","0.2157214730978012","0.2157214730978012","0.3017871081829071","0.3017871081829071","0.3017871081829071","0.31930872797966003","0.31930872797966003","0.31930872797966003","0.3236314654350281","0.3236314654350281","0.3236314654350281","0.3243734836578369","0.3243734836578369","0.3243734836578369","0.32385382056236267","0.32385382056236267","0.32385382056236267","0.29633408784866333","0.29633408784866333","0.29633408784866333","0.2144443690776825","0.2144443690776825","0.2144443690776825"
"196","0.20527683198451996","0.20527683198451996","0.20527683198451996","0.2877185344696045","0.2877185344696045","0.2877185344696045","0.3211213946342468","0.3211213946342468","0.3211213946342468","0.3210808336734772","0.3210808336734772","0.3210808336734772","0.32168495655059814","0.32168495655059814","0.32168495655059814","0.3209826350212097","0.3209826350212097","0.3209826350212097","0.2813257575035095","0.2813257575035095","0.2813257575035095","0.1992788165807724","0.1992788165807724","0.1992788165807724"
"198","0.21358166635036469","0.21358166635036469","0.21358166635036469","0.2815021276473999","0.2815021276473999","0.2815021276473999","0.31833088397979736","0.31833088397979736","0.31833088397979736","0.33534711599349976","0.33534711599349976","0.33534711599349976","0.33140018582344055","0.33140018582344055","0.33140018582344055","0.3315901756286621","0.3315901756286621","0.3315901756286621","0.2738606929779053","0.2738606929779053","0.2738606929779053","0.19439440965652466","0.19439440965652466","0.19439440965652466"
"200","0.2223975956439972","0.2223975956439972","0.2223975956439972","0.29629698395729065","0.29629698395729065","0.29629698395729065","0.3191674053668976","0.3191674053668976","0.3191674053668976","0.31834957003593445","0.31834957003593445","0.31834957003593445","0.31913700699806213","0.31913700699806213","0.31913700699806213","0.3187072277069092","0.3187072277069092","0.3187072277069092","0.291454553604126","0.291454553604126","0.291454553604126","0.2286776602268219","0.2286776602268219","0.2286776602268219"
"202","0.2254703938961029","0.2254703938961029","0.2254703938961029","0.2993726432323456","0.2993726432323456","0.2993726432323456","0.32149264216423035","0.32149264216423035","0.32149264216423035","0.31927987933158875","0.31927987933158875","0.31927987933158875","0.32085320353507996","0.32085320353507996","0.32085320353507996","0.32102352380752563","0.32102352380752563","0.32102352380752563","0.29380473494529724","0.29380473494529724","0.29380473494529724","0.22961418330669403","0.22961418330669403","0.22961418330669403"
"204","0.22033171355724335","0.22033171355724335","0.22033171355724335","0.2800455093383789","0.2800455093383789","0.2800455093383789","0.32123681902885437","0.32123681902885437","0.32123681902885437","0.32664716243743896","0.32664716243743896","0.32664716243743896","0.3226088881492615","0.3226088881492615","0.3226088881492615","0.32242894172668457","0.32242894172668457","0.32242894172668457","0.284925639629364","0.284925639629364","0.284925639629364","0.21374526619911194","0.21374526619911194","0.21374526619911194"
"206","0.22241148352622986","0.22241148352622986","0.22241148352622986","0.30024993419647217","0.30024993419647217","0.30024993419647217","0.32311755418777466","0.32311755418777466","0.32311755418777466","0.32363826036453247","0.32363826036453247","0.32363826036453247","0.3222781717777252","0.3222781717777252","0.3222781717777252","0.3224945664405823","0.3224945664405823","0.3224945664405823","0.2922593057155609","0.2922593057155609","0.2922593057155609","0.20471487939357758","0.20471487939357758","0.20471487939357758"
"208","0.22781062126159668","0.22781062126159668","0.22781062126159668","0.290976345539093","0.290976345539093","0.290976345539093","0.3185252249240875","0.3185252249240875","0.3185252249240875","0.3256744146347046","0.3256744146347046","0.3256744146347046","0.3322184383869171","0.3322184383869171","0.3322184383869171","0.3283824920654297","0.3283824920654297","0.3283824920654297","0.2934778928756714","0.2934778928756714","0.2934778928756714","0.2113504260778427","0.2113504260778427","0.2113504260778427"
"210","0.23659813404083252","0.23659813404083252","0.23659813404083252","0.30001482367515564","0.30001482367515564","0.30001482367515564","0.3176344633102417","0.3176344633102417","0.3176344633102417","0.32463544607162476","0.32463544607162476","0.32463544607162476","0.32470375299453735","0.32470375299453735","0.32470375299453735","0.32235607504844666","0.32235607504844666","0.32235607504844666","0.300304114818573","0.300304114818573","0.300304114818573","0.22518935799598694","0.22518935799598694","0.22518935799598694"
"212","0.23051242530345917","0.23051242530345917","0.23051242530345917","0.29245540499687195","0.29245540499687195","0.29245540499687195","0.32092970609664917","0.32092970609664917","0.32092970609664917","0.3174079358577728","0.3174079358577728","0.3174079358577728","0.3235969543457031","0.3235969543457031","0.3235969543457031","0.3178110718727112","0.3178110718727112","0.3178110718727112","0.29187366366386414","0.29187366366386414","0.29187366366386414","0.22410935163497925","0.22410935163497925","0.22410935163497925"
"214","0.22881865501403809","0.22881865501403809","0.22881865501403809","0.30011266469955444","0.30011266469955444","0.30011266469955444","0.3188282251358032","0.3188282251358032","0.3188282251358032","0.3191635012626648","0.3191635012626648","0.3191635012626648","0.32190197706222534","0.32190197706222534","0.32190197706222534","0.31996482610702515","0.31996482610702515","0.31996482610702515","0.2943493127822876","0.2943493127822876","0.2943493127822876","0.21206462383270264","0.21206462383270264","0.21206462383270264"
"216","0.2298593968153","0.2298593968153","0.2298593968153","0.28909769654273987","0.28909769654273987","0.28909769654273987","0.319754421710968","0.319754421710968","0.319754421710968","0.3307015895843506","0.3307015895843506","0.3307015895843506","0.3269879221916199","0.3269879221916199","0.3269879221916199","0.3265670835971832","0.3265670835971832","0.3265670835971832","0.2861430048942566","0.2861430048942566","0.2861430048942566","0.1983514428138733","0.1983514428138733","0.1983514428138733"
"218","0.23963317275047302","0.23963317275047302","0.23963317275047302","0.2979041039943695","0.2979041039943695","0.2979041039943695","0.31764596700668335","0.31764596700668335","0.31764596700668335","0.32379308342933655","0.32379308342933655","0.32379308342933655","0.32313939929008484","0.32313939929008484","0.32313939929008484","0.31989985704421997","0.31989985704421997","0.31989985704421997","0.296524316072464","0.296524316072464","0.296524316072464","0.21684449911117554","0.21684449911117554","0.21684449911117554"
"220","0.24117211997509003","0.24117211997509003","0.24117211997509003","0.30466529726982117","0.30466529726982117","0.30466529726982117","0.3216058611869812","0.3216058611869812","0.3216058611869812","0.319003164768219","0.319003164768219","0.319003164768219","0.3209187686443329","0.3209187686443329","0.3209187686443329","0.31816256046295166","0.31816256046295166","0.31816256046295166","0.30051302909851074","0.30051302909851074","0.30051302909851074","0.2189820408821106","0.2189820408821106","0.2189820408821106"
"222","0.23679369688034058","0.23679369688034058","0.23679369688034058","0.29652151465415955","0.29652151465415955","0.29652151465415955","0.31898000836372375","0.31898000836372375","0.31898000836372375","0.32317230105400085","0.32317230105400085","0.32317230105400085","0.32225409150123596","0.32225409150123596","0.32225409150123596","0.32406431436538696","0.32406431436538696","0.32406431436538696","0.29213643074035645","0.29213643074035645","0.29213643074035645","0.22762435674667358","0.22762435674667358","0.22762435674667358"
"224","0.23859739303588867","0.23859739303588867","0.23859739303588867","0.3036807179450989","0.3036807179450989","0.3036807179450989","0.3195178210735321","0.3195178210735321","0.3195178210735321","0.31901681423187256","0.31901681423187256","0.31901681423187256","0.31768447160720825","0.31768447160720825","0.31768447160720825","0.31944021582603455","0.31944021582603455","0.31944021582603455","0.29956120252609253","0.29956120252609253","0.29956120252609253","0.22303709387779236","0.22303709387779236","0.22303709387779236"
"226","0.24559339880943298","0.24559339880943298","0.24559339880943298","0.2948039174079895","0.2948039174079895","0.2948039174079895","0.32200759649276733","0.32200759649276733","0.32200759649276733","0.3263464570045471","0.3263464570045471","0.3263464570045471","0.32450759410858154","0.32450759410858154","0.32450759410858154","0.31914231181144714","0.31914231181144714","0.31914231181144714","0.29330265522003174","0.29330265522003174","0.29330265522003174","0.22067664563655853","0.22067664563655853","0.22067664563655853"
"228","0.23877017199993134","0.23877017199993134","0.23877017199993134","0.2993938624858856","0.2993938624858856","0.2993938624858856","0.3140634596347809","0.3140634596347809","0.3140634596347809","0.3209967315196991","0.3209967315196991","0.3209967315196991","0.3211222290992737","0.3211222290992737","0.3211222290992737","0.3157520294189453","0.3157520294189453","0.3157520294189453","0.2950638234615326","0.2950638234615326","0.2950638234615326","0.2212916612625122","0.2212916612625122","0.2212916612625122"
"230","0.24231921136379242","0.24231921136379242","0.24231921136379242","0.29016947746276855","0.29016947746276855","0.29016947746276855","0.3180856704711914","0.3180856704711914","0.3180856704711914","0.32409965991973877","0.32409965991973877","0.32409965991973877","0.3259128928184509","0.3259128928184509","0.3259128928184509","0.3248937129974365","0.3248937129974365","0.3248937129974365","0.29001885652542114","0.29001885652542114","0.29001885652542114","0.2213895320892334","0.2213895320892334","0.2213895320892334"