"Step","VOWELS_FILTER_b40_DUAL_bs16 - divergence_negative_z","VOWELS_FILTER_b40_DUAL_bs16 - divergence_negative_z__MIN","VOWELS_FILTER_b40_DUAL_bs16 - divergence_negative_z__MAX","VOWELS_FILTER_b20_DUAL_bs16 - divergence_negative_z","VOWELS_FILTER_b20_DUAL_bs16 - divergence_negative_z__MIN","VOWELS_FILTER_b20_DUAL_bs16 - divergence_negative_z__MAX","VOWELS_FILTER_b10_DUAL_bs16 - divergence_negative_z","VOWELS_FILTER_b10_DUAL_bs16 - divergence_negative_z__MIN","VOWELS_FILTER_b10_DUAL_bs16 - divergence_negative_z__MAX","VOWELS_FILTER_b0_DUAL_bs16 - divergence_negative_z","VOWELS_FILTER_b0_DUAL_bs16 - divergence_negative_z__MIN","VOWELS_FILTER_b0_DUAL_bs16 - divergence_negative_z__MAX","VOWELS_FILTER_b0.1_DUAL_bs16 - divergence_negative_z","VOWELS_FILTER_b0.1_DUAL_bs16 - divergence_negative_z__MIN","VOWELS_FILTER_b0.1_DUAL_bs16 - divergence_negative_z__MAX","VOWELS_FILTER_b1_DUAL_bs16 - divergence_negative_z","VOWELS_FILTER_b1_DUAL_bs16 - divergence_negative_z__MIN","VOWELS_FILTER_b1_DUAL_bs16 - divergence_negative_z__MAX","VOWELS_FILTER_B5_DEFAULTS_DUAL_bs16 - divergence_negative_z","VOWELS_FILTER_B5_DEFAULTS_DUAL_bs16 - divergence_negative_z__MIN","VOWELS_FILTER_B5_DEFAULTS_DUAL_bs16 - divergence_negative_z__MAX"
"0","0.04014100134372711","0.04014100134372711","0.04014100134372711","0.04014584422111511","0.04014584422111511","0.04014584422111511","0.04015554487705231","0.04015554487705231","0.04015554487705231","0.061187222599983215","0.061187222599983215","0.061187222599983215","0.04764888435602188","0.04764888435602188","0.04764888435602188","0.041524358093738556","0.041524358093738556","0.041524358093738556","0.04017428308725357","0.04017428308725357","0.04017428308725357"
"2","0.026049740612506866","0.026049740612506866","0.026049740612506866","0.026080643758177757","0.026080643758177757","0.026080643758177757","0.026139024645090103","0.026139024645090103","0.026139024645090103","0.14348666369915009","0.14348666369915009","0.14348666369915009","0.04200802370905876","0.04200802370905876","0.04200802370905876","0.03067619726061821","0.03067619726061821","0.03067619726061821","0.02626064233481884","0.02626064233481884","0.02626064233481884"
"4","0.016225704923272133","0.016225704923272133","0.016225704923272133","0.016336876899003983","0.016336876899003983","0.016336876899003983","0.016537707298994064","0.016537707298994064","0.016537707298994064","0.5310396552085876","0.5310396552085876","0.5310396552085876","0.045527391135692596","0.045527391135692596","0.045527391135692596","0.022691577672958374","0.022691577672958374","0.022691577672958374","0.01695697009563446","0.01695697009563446","0.01695697009563446"
"6","0.011928613297641277","0.011928613297641277","0.011928613297641277","0.01217749621719122","0.01217749621719122","0.01217749621719122","0.012765638530254364","0.012765638530254364","0.012765638530254364","0.31771719455718994","0.31771719455718994","0.31771719455718994","0.5339933633804321","0.5339933633804321","0.5339933633804321","0.02587151899933815","0.02587151899933815","0.02587151899933815","0.014202545396983624","0.014202545396983624","0.014202545396983624"
"8","0.008903266862034798","0.008903266862034798","0.008903266862034798","0.009669270366430283","0.009669270366430283","0.009669270366430283","0.011785331182181835","0.011785331182181835","0.011785331182181835","0.5367791652679443","0.5367791652679443","0.5367791652679443","0.7300031185150146","0.7300031185150146","0.7300031185150146","0.09397169947624207","0.09397169947624207","0.09397169947624207","0.019426992163062096","0.019426992163062096","0.019426992163062096"
"10","0.008111884817481041","0.008111884817481041","0.008111884817481041","0.010511403903365135","0.010511403903365135","0.010511403903365135","0.019741764292120934","0.019741764292120934","0.019741764292120934","0.6417630910873413","0.6417630910873413","0.6417630910873413","0.7637211680412292","0.7637211680412292","0.7637211680412292","0.5127254724502563","0.5127254724502563","0.5127254724502563","0.048832714557647705","0.048832714557647705","0.048832714557647705"
"12","0.008839256130158901","0.008839256130158901","0.008839256130158901","0.017038892954587936","0.017038892954587936","0.017038892954587936","0.040093570947647095","0.040093570947647095","0.040093570947647095","0.7133549451828003","0.7133549451828003","0.7133549451828003","0.7747703790664673","0.7747703790664673","0.7747703790664673","0.7024911642074585","0.7024911642074585","0.7024911642074585","0.09073479473590851","0.09073479473590851","0.09073479473590851"
"14","0.012911325320601463","0.012911325320601463","0.012911325320601463","0.02816125378012657","0.02816125378012657","0.02816125378012657","0.05914419889450073","0.05914419889450073","0.05914419889450073","0.7391731142997742","0.7391731142997742","0.7391731142997742","0.7788114547729492","0.7788114547729492","0.7788114547729492","0.7057706117630005","0.7057706117630005","0.7057706117630005","0.13460257649421692","0.13460257649421692","0.13460257649421692"
"16","0.017847508192062378","0.017847508192062378","0.017847508192062378","0.03692076355218887","0.03692076355218887","0.03692076355218887","0.0764840692281723","0.0764840692281723","0.0764840692281723","0.7364482879638672","0.7364482879638672","0.7364482879638672","0.755385160446167","0.755385160446167","0.755385160446167","0.7166041135787964","0.7166041135787964","0.7166041135787964","0.1849091500043869","0.1849091500043869","0.1849091500043869"
"18","0.022838130593299866","0.022838130593299866","0.022838130593299866","0.047229357063770294","0.047229357063770294","0.047229357063770294","0.09903441369533539","0.09903441369533539","0.09903441369533539","0.8152419924736023","0.8152419924736023","0.8152419924736023","0.8666696548461914","0.8666696548461914","0.8666696548461914","0.8280674815177917","0.8280674815177917","0.8280674815177917","0.2543516755104065","0.2543516755104065","0.2543516755104065"
"20","0.0248329546302557","0.0248329546302557","0.0248329546302557","0.05137401446700096","0.05137401446700096","0.05137401446700096","0.11150822043418884","0.11150822043418884","0.11150822043418884","0.7971329092979431","0.7971329092979431","0.7971329092979431","0.7859453558921814","0.7859453558921814","0.7859453558921814","0.7500583529472351","0.7500583529472351","0.7500583529472351","0.28455984592437744","0.28455984592437744","0.28455984592437744"
"22","0.0304679274559021","0.0304679274559021","0.0304679274559021","0.06315243244171143","0.06315243244171143","0.06315243244171143","0.1402844786643982","0.1402844786643982","0.1402844786643982","0.8443279266357422","0.8443279266357422","0.8443279266357422","0.8125409483909607","0.8125409483909607","0.8125409483909607","0.7698273658752441","0.7698273658752441","0.7698273658752441","0.36249643564224243","0.36249643564224243","0.36249643564224243"
"24","0.03017720952630043","0.03017720952630043","0.03017720952630043","0.0609029158949852","0.0609029158949852","0.0609029158949852","0.1537209153175354","0.1537209153175354","0.1537209153175354","0.8390278816223145","0.8390278816223145","0.8390278816223145","0.8512372970581055","0.8512372970581055","0.8512372970581055","0.7876520156860352","0.7876520156860352","0.7876520156860352","0.3909847140312195","0.3909847140312195","0.3909847140312195"
"26","0.03423897922039032","0.03423897922039032","0.03423897922039032","0.06910684704780579","0.06910684704780579","0.06910684704780579","0.17746596038341522","0.17746596038341522","0.17746596038341522","0.8509935736656189","0.8509935736656189","0.8509935736656189","0.8246025443077087","0.8246025443077087","0.8246025443077087","0.7795619368553162","0.7795619368553162","0.7795619368553162","0.43616852164268494","0.43616852164268494","0.43616852164268494"
"28","0.036503370851278305","0.036503370851278305","0.036503370851278305","0.07302602380514145","0.07302602380514145","0.07302602380514145","0.18111209571361542","0.18111209571361542","0.18111209571361542","0.8856456279754639","0.8856456279754639","0.8856456279754639","0.815363347530365","0.815363347530365","0.815363347530365","0.7945687770843506","0.7945687770843506","0.7945687770843506","0.45125484466552734","0.45125484466552734","0.45125484466552734"
"30","0.03345007076859474","0.03345007076859474","0.03345007076859474","0.06549350172281265","0.06549350172281265","0.06549350172281265","0.17905686795711517","0.17905686795711517","0.17905686795711517","0.8585677146911621","0.8585677146911621","0.8585677146911621","0.8037382960319519","0.8037382960319519","0.8037382960319519","0.7498619556427002","0.7498619556427002","0.7498619556427002","0.4246804118156433","0.4246804118156433","0.4246804118156433"
"32","0.03514843434095383","0.03514843434095383","0.03514843434095383","0.08306784182786942","0.08306784182786942","0.08306784182786942","0.1849941909313202","0.1849941909313202","0.1849941909313202","0.8683081865310669","0.8683081865310669","0.8683081865310669","0.7895144820213318","0.7895144820213318","0.7895144820213318","0.7416437864303589","0.7416437864303589","0.7416437864303589","0.42911896109580994","0.42911896109580994","0.42911896109580994"
"34","0.03924857825040817","0.03924857825040817","0.03924857825040817","0.07400798797607422","0.07400798797607422","0.07400798797607422","0.23032145202159882","0.23032145202159882","0.23032145202159882","0.9020888209342957","0.9020888209342957","0.9020888209342957","0.8782389163970947","0.8782389163970947","0.8782389163970947","0.7954617738723755","0.7954617738723755","0.7954617738723755","0.5304869413375854","0.5304869413375854","0.5304869413375854"
"36","0.03849580138921738","0.03849580138921738","0.03849580138921738","0.08712367713451385","0.08712367713451385","0.08712367713451385","0.17618463933467865","0.17618463933467865","0.17618463933467865","0.9053401947021484","0.9053401947021484","0.9053401947021484","0.8174645900726318","0.8174645900726318","0.8174645900726318","0.7086629867553711","0.7086629867553711","0.7086629867553711","0.3762546479701996","0.3762546479701996","0.3762546479701996"
"38","0.04281841218471527","0.04281841218471527","0.04281841218471527","0.10402175039052963","0.10402175039052963","0.10402175039052963","0.24576377868652344","0.24576377868652344","0.24576377868652344","0.8896422386169434","0.8896422386169434","0.8896422386169434","0.8708243370056152","0.8708243370056152","0.8708243370056152","0.7858235239982605","0.7858235239982605","0.7858235239982605","0.4888807237148285","0.4888807237148285","0.4888807237148285"
"40","0.044079169631004333","0.044079169631004333","0.044079169631004333","0.09880304336547852","0.09880304336547852","0.09880304336547852","0.24507848918437958","0.24507848918437958","0.24507848918437958","0.8834118843078613","0.8834118843078613","0.8834118843078613","0.8268582820892334","0.8268582820892334","0.8268582820892334","0.7181956171989441","0.7181956171989441","0.7181956171989441","0.5751344561576843","0.5751344561576843","0.5751344561576843"
"42","0.04414775222539902","0.04414775222539902","0.04414775222539902","0.10305728763341904","0.10305728763341904","0.10305728763341904","0.27545875310897827","0.27545875310897827","0.27545875310897827","0.8259758353233337","0.8259758353233337","0.8259758353233337","0.7819474935531616","0.7819474935531616","0.7819474935531616","0.6949238181114197","0.6949238181114197","0.6949238181114197","0.6169451475143433","0.6169451475143433","0.6169451475143433"
"44","0.05227307975292206","0.05227307975292206","0.05227307975292206","0.11824242770671844","0.11824242770671844","0.11824242770671844","0.3037879467010498","0.3037879467010498","0.3037879467010498","0.8839680552482605","0.8839680552482605","0.8839680552482605","0.8543298244476318","0.8543298244476318","0.8543298244476318","0.6966085433959961","0.6966085433959961","0.6966085433959961","0.6197539567947388","0.6197539567947388","0.6197539567947388"
"46","0.06109429523348808","0.06109429523348808","0.06109429523348808","0.145461767911911","0.145461767911911","0.145461767911911","0.36973875761032104","0.36973875761032104","0.36973875761032104","0.9017392992973328","0.9017392992973328","0.9017392992973328","0.8861335515975952","0.8861335515975952","0.8861335515975952","0.823289155960083","0.823289155960083","0.823289155960083","0.6731345653533936","0.6731345653533936","0.6731345653533936"
"48","0.05787215754389763","0.05787215754389763","0.05787215754389763","0.15343832969665527","0.15343832969665527","0.15343832969665527","0.40764594078063965","0.40764594078063965","0.40764594078063965","0.929160475730896","0.929160475730896","0.929160475730896","0.9025976657867432","0.9025976657867432","0.9025976657867432","0.7318416833877563","0.7318416833877563","0.7318416833877563","0.6172993183135986","0.6172993183135986","0.6172993183135986"
"50","0.0618867389857769","0.0618867389857769","0.0618867389857769","0.1728793829679489","0.1728793829679489","0.1728793829679489","0.44540390372276306","0.44540390372276306","0.44540390372276306","0.9239718317985535","0.9239718317985535","0.9239718317985535","0.8947691321372986","0.8947691321372986","0.8947691321372986","0.7477034330368042","0.7477034330368042","0.7477034330368042","0.6430238485336304","0.6430238485336304","0.6430238485336304"
"52","0.07982254028320312","0.07982254028320312","0.07982254028320312","0.21194931864738464","0.21194931864738464","0.21194931864738464","0.4888983964920044","0.4888983964920044","0.4888983964920044","0.877464771270752","0.877464771270752","0.877464771270752","0.8710572719573975","0.8710572719573975","0.8710572719573975","0.831108570098877","0.831108570098877","0.831108570098877","0.767939567565918","0.767939567565918","0.767939567565918"
"54","0.0746932253241539","0.0746932253241539","0.0746932253241539","0.16109047830104828","0.16109047830104828","0.16109047830104828","0.4406495988368988","0.4406495988368988","0.4406495988368988","0.9085356593132019","0.9085356593132019","0.9085356593132019","0.8804186582565308","0.8804186582565308","0.8804186582565308","0.7870603799819946","0.7870603799819946","0.7870603799819946","0.6933349370956421","0.6933349370956421","0.6933349370956421"
"56","0.08441722393035889","0.08441722393035889","0.08441722393035889","0.1454765796661377","0.1454765796661377","0.1454765796661377","0.488330602645874","0.488330602645874","0.488330602645874","0.9596583843231201","0.9596583843231201","0.9596583843231201","0.9424043893814087","0.9424043893814087","0.9424043893814087","0.7709041833877563","0.7709041833877563","0.7709041833877563","0.5937458276748657","0.5937458276748657","0.5937458276748657"
"58","0.09700237959623337","0.09700237959623337","0.09700237959623337","0.24205271899700165","0.24205271899700165","0.24205271899700165","0.5921677350997925","0.5921677350997925","0.5921677350997925","0.8884471654891968","0.8884471654891968","0.8884471654891968","0.8662562370300293","0.8662562370300293","0.8662562370300293","0.7824450731277466","0.7824450731277466","0.7824450731277466","0.38535770773887634","0.38535770773887634","0.38535770773887634"
"60","0.09925898909568787","0.09925898909568787","0.09925898909568787","0.3003349304199219","0.3003349304199219","0.3003349304199219","0.636152982711792","0.636152982711792","0.636152982711792","0.8801776766777039","0.8801776766777039","0.8801776766777039","0.8344518542289734","0.8344518542289734","0.8344518542289734","0.7459928393363953","0.7459928393363953","0.7459928393363953","0.5377534627914429","0.5377534627914429","0.5377534627914429"
"62","0.07822395861148834","0.07822395861148834","0.07822395861148834","0.22597943246364594","0.22597943246364594","0.22597943246364594","0.5842633247375488","0.5842633247375488","0.5842633247375488","0.9501441717147827","0.9501441717147827","0.9501441717147827","0.8770370483398438","0.8770370483398438","0.8770370483398438","0.7528802752494812","0.7528802752494812","0.7528802752494812","0.4408249258995056","0.4408249258995056","0.4408249258995056"
"64","0.12928132712841034","0.12928132712841034","0.12928132712841034","0.2709745168685913","0.2709745168685913","0.2709745168685913","0.6334964036941528","0.6334964036941528","0.6334964036941528","0.9432623386383057","0.9432623386383057","0.9432623386383057","0.8890530467033386","0.8890530467033386","0.8890530467033386","0.7574992179870605","0.7574992179870605","0.7574992179870605","0.6557303667068481","0.6557303667068481","0.6557303667068481"
"66","0.12093254923820496","0.12093254923820496","0.12093254923820496","0.35441315174102783","0.35441315174102783","0.35441315174102783","0.6241433620452881","0.6241433620452881","0.6241433620452881","0.9293400645256042","0.9293400645256042","0.9293400645256042","0.8781867027282715","0.8781867027282715","0.8781867027282715","0.7577166557312012","0.7577166557312012","0.7577166557312012","0.6745824813842773","0.6745824813842773","0.6745824813842773"
"68","0.14407502114772797","0.14407502114772797","0.14407502114772797","0.4342721700668335","0.4342721700668335","0.4342721700668335","0.6132931709289551","0.6132931709289551","0.6132931709289551","0.976645827293396","0.976645827293396","0.976645827293396","0.9565970301628113","0.9565970301628113","0.9565970301628113","0.7884504199028015","0.7884504199028015","0.7884504199028015","0.7005528807640076","0.7005528807640076","0.7005528807640076"
"70","0.08624076843261719","0.08624076843261719","0.08624076843261719","0.35176873207092285","0.35176873207092285","0.35176873207092285","0.5887157320976257","0.5887157320976257","0.5887157320976257","0.9479586482048035","0.9479586482048035","0.9479586482048035","0.9110561609268188","0.9110561609268188","0.9110561609268188","0.8420230746269226","0.8420230746269226","0.8420230746269226","0.7156373858451843","0.7156373858451843","0.7156373858451843"
"72","0.07460658252239227","0.07460658252239227","0.07460658252239227","0.3729190528392792","0.3729190528392792","0.3729190528392792","0.6821925044059753","0.6821925044059753","0.6821925044059753","0.9671362638473511","0.9671362638473511","0.9671362638473511","0.9224730730056763","0.9224730730056763","0.9224730730056763","0.7771279811859131","0.7771279811859131","0.7771279811859131","0.6565754413604736","0.6565754413604736","0.6565754413604736"
"74","0.15881910920143127","0.15881910920143127","0.15881910920143127","0.35087713599205017","0.35087713599205017","0.35087713599205017","0.6589856147766113","0.6589856147766113","0.6589856147766113","0.9278075098991394","0.9278075098991394","0.9278075098991394","0.8921036124229431","0.8921036124229431","0.8921036124229431","0.7381865382194519","0.7381865382194519","0.7381865382194519","0.648838460445404","0.648838460445404","0.648838460445404"
"76","0.10139044374227524","0.10139044374227524","0.10139044374227524","0.5011956691741943","0.5011956691741943","0.5011956691741943","0.6164226531982422","0.6164226531982422","0.6164226531982422","0.9861814379692078","0.9861814379692078","0.9861814379692078","0.9466298818588257","0.9466298818588257","0.9466298818588257","0.4488765001296997","0.4488765001296997","0.4488765001296997","0.6549350619316101","0.6549350619316101","0.6549350619316101"
"78","0.15348775684833527","0.15348775684833527","0.15348775684833527","0.33336830139160156","0.33336830139160156","0.33336830139160156","0.694205641746521","0.694205641746521","0.694205641746521","0.8177469968795776","0.8177469968795776","0.8177469968795776","0.8077279925346375","0.8077279925346375","0.8077279925346375","0.7579018473625183","0.7579018473625183","0.7579018473625183","0.6043797135353088","0.6043797135353088","0.6043797135353088"
"80","0.2310813069343567","0.2310813069343567","0.2310813069343567","0.2703501880168915","0.2703501880168915","0.2703501880168915","0.6079509854316711","0.6079509854316711","0.6079509854316711","0.9507464170455933","0.9507464170455933","0.9507464170455933","0.9286567568778992","0.9286567568778992","0.9286567568778992","0.7600271105766296","0.7600271105766296","0.7600271105766296","0.773699939250946","0.773699939250946","0.773699939250946"
"82","0.19319812953472137","0.19319812953472137","0.19319812953472137","0.5797271728515625","0.5797271728515625","0.5797271728515625","0.703875720500946","0.703875720500946","0.703875720500946","0.7158629298210144","0.7158629298210144","0.7158629298210144","0.7261583209037781","0.7261583209037781","0.7261583209037781","0.7577173113822937","0.7577173113822937","0.7577173113822937","0.7229546308517456","0.7229546308517456","0.7229546308517456"
"84","0.11430124938488007","0.11430124938488007","0.11430124938488007","0.5602149367332458","0.5602149367332458","0.5602149367332458","0.6796755790710449","0.6796755790710449","0.6796755790710449","0.8677783012390137","0.8677783012390137","0.8677783012390137","0.8474199175834656","0.8474199175834656","0.8474199175834656","0.746901273727417","0.746901273727417","0.746901273727417","0.7023735046386719","0.7023735046386719","0.7023735046386719"
"86","0.13975217938423157","0.13975217938423157","0.13975217938423157","0.3499720096588135","0.3499720096588135","0.3499720096588135","0.6649783849716187","0.6649783849716187","0.6649783849716187","0.9498084783554077","0.9498084783554077","0.9498084783554077","0.8854670524597168","0.8854670524597168","0.8854670524597168","0.7826709747314453","0.7826709747314453","0.7826709747314453","0.7023755311965942","0.7023755311965942","0.7023755311965942"
"88","0.231989324092865","0.231989324092865","0.231989324092865","0.3834846615791321","0.3834846615791321","0.3834846615791321","0.5710515975952148","0.5710515975952148","0.5710515975952148","0.7977215647697449","0.7977215647697449","0.7977215647697449","0.7971104979515076","0.7971104979515076","0.7971104979515076","0.7078700065612793","0.7078700065612793","0.7078700065612793","0.6592576503753662","0.6592576503753662","0.6592576503753662"
"90","0.2707051932811737","0.2707051932811737","0.2707051932811737","0.5350359678268433","0.5350359678268433","0.5350359678268433","0.623521089553833","0.623521089553833","0.623521089553833","0.9344186186790466","0.9344186186790466","0.9344186186790466","0.9228732585906982","0.9228732585906982","0.9228732585906982","0.7693667411804199","0.7693667411804199","0.7693667411804199","0.7193292379379272","0.7193292379379272","0.7193292379379272"
"92","0.2826675772666931","0.2826675772666931","0.2826675772666931","0.5264430642127991","0.5264430642127991","0.5264430642127991","0.5976871848106384","0.5976871848106384","0.5976871848106384","0.9188050627708435","0.9188050627708435","0.9188050627708435","0.919620156288147","0.919620156288147","0.919620156288147","0.77266925573349","0.77266925573349","0.77266925573349","0.7236554026603699","0.7236554026603699","0.7236554026603699"
"94","0.24482983350753784","0.24482983350753784","0.24482983350753784","0.5067883729934692","0.5067883729934692","0.5067883729934692","0.7052673697471619","0.7052673697471619","0.7052673697471619","0.9780389070510864","0.9780389070510864","0.9780389070510864","0.9568338394165039","0.9568338394165039","0.9568338394165039","0.7711042761802673","0.7711042761802673","0.7711042761802673","0.7502301931381226","0.7502301931381226","0.7502301931381226"
"96","0.2831897735595703","0.2831897735595703","0.2831897735595703","0.5356755256652832","0.5356755256652832","0.5356755256652832","0.6454187631607056","0.6454187631607056","0.6454187631607056","0.8410203456878662","0.8410203456878662","0.8410203456878662","0.8494248390197754","0.8494248390197754","0.8494248390197754","0.7694858312606812","0.7694858312606812","0.7694858312606812","0.7354222536087036","0.7354222536087036","0.7354222536087036"
"98","0.38798126578330994","0.38798126578330994","0.38798126578330994","0.6543236970901489","0.6543236970901489","0.6543236970901489","0.6913840174674988","0.6913840174674988","0.6913840174674988","0.9119439125061035","0.9119439125061035","0.9119439125061035","0.8790737986564636","0.8790737986564636","0.8790737986564636","0.8017404079437256","0.8017404079437256","0.8017404079437256","0.7590295076370239","0.7590295076370239","0.7590295076370239"
"100","0.38936638832092285","0.38936638832092285","0.38936638832092285","0.5901014804840088","0.5901014804840088","0.5901014804840088","0.6898071765899658","0.6898071765899658","0.6898071765899658","0.9062673449516296","0.9062673449516296","0.9062673449516296","0.893752932548523","0.893752932548523","0.893752932548523","0.8011845350265503","0.8011845350265503","0.8011845350265503","0.658501148223877","0.658501148223877","0.658501148223877"
"102","0.3125489056110382","0.3125489056110382","0.3125489056110382","0.6200762987136841","0.6200762987136841","0.6200762987136841","0.6390262842178345","0.6390262842178345","0.6390262842178345","0.8940266966819763","0.8940266966819763","0.8940266966819763","0.8873103857040405","0.8873103857040405","0.8873103857040405","0.8077609539031982","0.8077609539031982","0.8077609539031982","0.7278423309326172","0.7278423309326172","0.7278423309326172"
"104","0.342883825302124","0.342883825302124","0.342883825302124","0.44329187273979187","0.44329187273979187","0.44329187273979187","0.6830357909202576","0.6830357909202576","0.6830357909202576","0.866387128829956","0.866387128829956","0.866387128829956","0.8550834655761719","0.8550834655761719","0.8550834655761719","0.7760138511657715","0.7760138511657715","0.7760138511657715","0.7343475818634033","0.7343475818634033","0.7343475818634033"
"106","0.37039417028427124","0.37039417028427124","0.37039417028427124","0.5279476642608643","0.5279476642608643","0.5279476642608643","0.6203564405441284","0.6203564405441284","0.6203564405441284","0.9474540948867798","0.9474540948867798","0.9474540948867798","0.8959993720054626","0.8959993720054626","0.8959993720054626","0.8838633894920349","0.8838633894920349","0.8838633894920349","0.7720000147819519","0.7720000147819519","0.7720000147819519"
"108","0.41996893286705017","0.41996893286705017","0.41996893286705017","0.5155514478683472","0.5155514478683472","0.5155514478683472","0.6337244510650635","0.6337244510650635","0.6337244510650635","0.8987284898757935","0.8987284898757935","0.8987284898757935","0.8684281706809998","0.8684281706809998","0.8684281706809998","0.7732855677604675","0.7732855677604675","0.7732855677604675","0.7710639238357544","0.7710639238357544","0.7710639238357544"
"110","0.38238510489463806","0.38238510489463806","0.38238510489463806","0.6178364753723145","0.6178364753723145","0.6178364753723145","0.6465376615524292","0.6465376615524292","0.6465376615524292","0.9958745837211609","0.9958745837211609","0.9958745837211609","0.9812474250793457","0.9812474250793457","0.9812474250793457","0.8303775191307068","0.8303775191307068","0.8303775191307068","0.7911356687545776","0.7911356687545776","0.7911356687545776"
"112","0.3373189866542816","0.3373189866542816","0.3373189866542816","0.6778414249420166","0.6778414249420166","0.6778414249420166","0.6307519674301147","0.6307519674301147","0.6307519674301147","0.9115220308303833","0.9115220308303833","0.9115220308303833","0.9208791255950928","0.9208791255950928","0.9208791255950928","0.8601670265197754","0.8601670265197754","0.8601670265197754","0.7424274682998657","0.7424274682998657","0.7424274682998657"
"114","0.45040163397789","0.45040163397789","0.45040163397789","0.5607908368110657","0.5607908368110657","0.5607908368110657","0.6523829102516174","0.6523829102516174","0.6523829102516174","0.9164137244224548","0.9164137244224548","0.9164137244224548","0.8417489528656006","0.8417489528656006","0.8417489528656006","0.7934025526046753","0.7934025526046753","0.7934025526046753","0.6805059909820557","0.6805059909820557","0.6805059909820557"
"116","0.4166888892650604","0.4166888892650604","0.4166888892650604","0.5438210368156433","0.5438210368156433","0.5438210368156433","0.6082488894462585","0.6082488894462585","0.6082488894462585","0.933330774307251","0.933330774307251","0.933330774307251","0.8631893396377563","0.8631893396377563","0.8631893396377563","0.8181917071342468","0.8181917071342468","0.8181917071342468","0.770681619644165","0.770681619644165","0.770681619644165"
"118","0.3883701264858246","0.3883701264858246","0.3883701264858246","0.593937873840332","0.593937873840332","0.593937873840332","0.5842480659484863","0.5842480659484863","0.5842480659484863","0.8914913535118103","0.8914913535118103","0.8914913535118103","0.8558246493339539","0.8558246493339539","0.8558246493339539","0.8061822652816772","0.8061822652816772","0.8061822652816772","0.7152096629142761","0.7152096629142761","0.7152096629142761"
"120","0.48380202054977417","0.48380202054977417","0.48380202054977417","0.6143722534179688","0.6143722534179688","0.6143722534179688","0.6740724444389343","0.6740724444389343","0.6740724444389343","0.9528538584709167","0.9528538584709167","0.9528538584709167","0.9576653838157654","0.9576653838157654","0.9576653838157654","0.8106760382652283","0.8106760382652283","0.8106760382652283","0.7385059595108032","0.7385059595108032","0.7385059595108032"
"122","0.4322969317436218","0.4322969317436218","0.4322969317436218","0.6191188097000122","0.6191188097000122","0.6191188097000122","0.6530938148498535","0.6530938148498535","0.6530938148498535","0.8452584147453308","0.8452584147453308","0.8452584147453308","0.8475226163864136","0.8475226163864136","0.8475226163864136","0.7882494926452637","0.7882494926452637","0.7882494926452637","0.761748731136322","0.761748731136322","0.761748731136322"
"124","0.4515990912914276","0.4515990912914276","0.4515990912914276","0.5970282554626465","0.5970282554626465","0.5970282554626465","0.647040605545044","0.647040605545044","0.647040605545044","0.9773011207580566","0.9773011207580566","0.9773011207580566","0.917120635509491","0.917120635509491","0.917120635509491","0.8401901125907898","0.8401901125907898","0.8401901125907898","0.7527584433555603","0.7527584433555603","0.7527584433555603"
"126","0.41614842414855957","0.41614842414855957","0.41614842414855957","0.6305822134017944","0.6305822134017944","0.6305822134017944","0.6574565172195435","0.6574565172195435","0.6574565172195435","0.999498724937439","0.999498724937439","0.999498724937439","0.9819080829620361","0.9819080829620361","0.9819080829620361","0.8672444224357605","0.8672444224357605","0.8672444224357605","0.7692837715148926","0.7692837715148926","0.7692837715148926"
"128","0.5187382698059082","0.5187382698059082","0.5187382698059082","0.657456636428833","0.657456636428833","0.657456636428833","0.7288179397583008","0.7288179397583008","0.7288179397583008","0.9523228406906128","0.9523228406906128","0.9523228406906128","0.8732132911682129","0.8732132911682129","0.8732132911682129","0.8222082853317261","0.8222082853317261","0.8222082853317261","0.7882003784179688","0.7882003784179688","0.7882003784179688"
"130","0.33903416991233826","0.33903416991233826","0.33903416991233826","0.6368136405944824","0.6368136405944824","0.6368136405944824","0.6499980092048645","0.6499980092048645","0.6499980092048645","0.992010772228241","0.992010772228241","0.992010772228241","0.9702317118644714","0.9702317118644714","0.9702317118644714","0.8846043348312378","0.8846043348312378","0.8846043348312378","0.8149980306625366","0.8149980306625366","0.8149980306625366"
"132","0.5154111385345459","0.5154111385345459","0.5154111385345459","0.6860021948814392","0.6860021948814392","0.6860021948814392","0.679074764251709","0.679074764251709","0.679074764251709","0.9488157033920288","0.9488157033920288","0.9488157033920288","0.9482244849205017","0.9482244849205017","0.9482244849205017","0.8330782651901245","0.8330782651901245","0.8330782651901245","0.7794525623321533","0.7794525623321533","0.7794525623321533"
"134","0.3834924101829529","0.3834924101829529","0.3834924101829529","0.7117225527763367","0.7117225527763367","0.7117225527763367","0.7420968413352966","0.7420968413352966","0.7420968413352966","0.9598619937896729","0.9598619937896729","0.9598619937896729","0.9397567510604858","0.9397567510604858","0.9397567510604858","0.8881438970565796","0.8881438970565796","0.8881438970565796","0.7779797315597534","0.7779797315597534","0.7779797315597534"
"136","0.4577358663082123","0.4577358663082123","0.4577358663082123","0.6724667549133301","0.6724667549133301","0.6724667549133301","0.7069408297538757","0.7069408297538757","0.7069408297538757","0.9342635869979858","0.9342635869979858","0.9342635869979858","0.9292291402816772","0.9292291402816772","0.9292291402816772","0.873222291469574","0.873222291469574","0.873222291469574","0.7969175577163696","0.7969175577163696","0.7969175577163696"
"138","0.3875774145126343","0.3875774145126343","0.3875774145126343","0.6134738922119141","0.6134738922119141","0.6134738922119141","0.2590704560279846","0.2590704560279846","0.2590704560279846","0.9561118483543396","0.9561118483543396","0.9561118483543396","0.9519332647323608","0.9519332647323608","0.9519332647323608","0.8502117991447449","0.8502117991447449","0.8502117991447449","0.7776551246643066","0.7776551246643066","0.7776551246643066"
"140","0.4860321879386902","0.4860321879386902","0.4860321879386902","0.6665661931037903","0.6665661931037903","0.6665661931037903","0.6460497379302979","0.6460497379302979","0.6460497379302979","0.9522775411605835","0.9522775411605835","0.9522775411605835","0.9583061933517456","0.9583061933517456","0.9583061933517456","0.8764349818229675","0.8764349818229675","0.8764349818229675","0.7648267149925232","0.7648267149925232","0.7648267149925232"
"142","0.5100612640380859","0.5100612640380859","0.5100612640380859","0.3060764968395233","0.3060764968395233","0.3060764968395233","0.6333227157592773","0.6333227157592773","0.6333227157592773","0.9447342157363892","0.9447342157363892","0.9447342157363892","0.8939504027366638","0.8939504027366638","0.8939504027366638","0.8284215927124023","0.8284215927124023","0.8284215927124023","0.8445262908935547","0.8445262908935547","0.8445262908935547"
"144","0.5018060803413391","0.5018060803413391","0.5018060803413391","0.38622936606407166","0.38622936606407166","0.38622936606407166","0.7321593165397644","0.7321593165397644","0.7321593165397644","0.9705778360366821","0.9705778360366821","0.9705778360366821","0.9769756197929382","0.9769756197929382","0.9769756197929382","0.8699082136154175","0.8699082136154175","0.8699082136154175","0.7355830073356628","0.7355830073356628","0.7355830073356628"
"146","0.5534368753433228","0.5534368753433228","0.5534368753433228","0.45873451232910156","0.45873451232910156","0.45873451232910156","0.7419392466545105","0.7419392466545105","0.7419392466545105","0.9874817728996277","0.9874817728996277","0.9874817728996277","0.9902130961418152","0.9902130961418152","0.9902130961418152","0.8675333261489868","0.8675333261489868","0.8675333261489868","0.7993910312652588","0.7993910312652588","0.7993910312652588"
"148","0.5561589598655701","0.5561589598655701","0.5561589598655701","0.4815756678581238","0.4815756678581238","0.4815756678581238","0.7088629603385925","0.7088629603385925","0.7088629603385925","0.9530724883079529","0.9530724883079529","0.9530724883079529","0.9174849390983582","0.9174849390983582","0.9174849390983582","0.8694785833358765","0.8694785833358765","0.8694785833358765","0.8313507437705994","0.8313507437705994","0.8313507437705994"
"150","0.5321008563041687","0.5321008563041687","0.5321008563041687","0.5430004596710205","0.5430004596710205","0.5430004596710205","0.6947051286697388","0.6947051286697388","0.6947051286697388","0.9706191420555115","0.9706191420555115","0.9706191420555115","0.9714983701705933","0.9714983701705933","0.9714983701705933","0.8466612100601196","0.8466612100601196","0.8466612100601196","0.7918004393577576","0.7918004393577576","0.7918004393577576"
"152","0.5624246597290039","0.5624246597290039","0.5624246597290039","0.5603855848312378","0.5603855848312378","0.5603855848312378","0.7233614921569824","0.7233614921569824","0.7233614921569824","0.902963399887085","0.902963399887085","0.902963399887085","0.8025388717651367","0.8025388717651367","0.8025388717651367","0.8267714977264404","0.8267714977264404","0.8267714977264404","0.7265681624412537","0.7265681624412537","0.7265681624412537"
"154","0.585995078086853","0.585995078086853","0.585995078086853","0.576235294342041","0.576235294342041","0.576235294342041","0.709902286529541","0.709902286529541","0.709902286529541","0.9083654284477234","0.9083654284477234","0.9083654284477234","0.8700620532035828","0.8700620532035828","0.8700620532035828","0.8041755557060242","0.8041755557060242","0.8041755557060242","0.7853816747665405","0.7853816747665405","0.7853816747665405"
"156","0.5571279525756836","0.5571279525756836","0.5571279525756836","0.5586631298065186","0.5586631298065186","0.5586631298065186","0.7289975881576538","0.7289975881576538","0.7289975881576538","0.9165489077568054","0.9165489077568054","0.9165489077568054","0.8707540035247803","0.8707540035247803","0.8707540035247803","0.866599440574646","0.866599440574646","0.866599440574646","0.7615083456039429","0.7615083456039429","0.7615083456039429"
"158","0.501514196395874","0.501514196395874","0.501514196395874","0.6440263986587524","0.6440263986587524","0.6440263986587524","0.6929974555969238","0.6929974555969238","0.6929974555969238","0.9007827639579773","0.9007827639579773","0.9007827639579773","0.8398102521896362","0.8398102521896362","0.8398102521896362","0.7945655584335327","0.7945655584335327","0.7945655584335327","0.8027933835983276","0.8027933835983276","0.8027933835983276"
"160","0.6460247039794922","0.6460247039794922","0.6460247039794922","0.5224871635437012","0.5224871635437012","0.5224871635437012","0.7208415269851685","0.7208415269851685","0.7208415269851685","0.9193935394287109","0.9193935394287109","0.9193935394287109","0.9032634496688843","0.9032634496688843","0.9032634496688843","0.8439716100692749","0.8439716100692749","0.8439716100692749","0.7776791453361511","0.7776791453361511","0.7776791453361511"
"162","0.5797944068908691","0.5797944068908691","0.5797944068908691","0.5303821563720703","0.5303821563720703","0.5303821563720703","0.6700603365898132","0.6700603365898132","0.6700603365898132","0.9169497489929199","0.9169497489929199","0.9169497489929199","0.8933116793632507","0.8933116793632507","0.8933116793632507","0.7950387001037598","0.7950387001037598","0.7950387001037598","0.7834574580192566","0.7834574580192566","0.7834574580192566"
"164","0.5606379508972168","0.5606379508972168","0.5606379508972168","0.5288846492767334","0.5288846492767334","0.5288846492767334","0.7254198789596558","0.7254198789596558","0.7254198789596558","0.8932940363883972","0.8932940363883972","0.8932940363883972","0.8372041583061218","0.8372041583061218","0.8372041583061218","0.7833434343338013","0.7833434343338013","0.7833434343338013","0.6616145968437195","0.6616145968437195","0.6616145968437195"
"166","0.5008443593978882","0.5008443593978882","0.5008443593978882","0.4390178620815277","0.4390178620815277","0.4390178620815277","0.6901696920394897","0.6901696920394897","0.6901696920394897","0.9617123603820801","0.9617123603820801","0.9617123603820801","0.9144441485404968","0.9144441485404968","0.9144441485404968","0.8187915086746216","0.8187915086746216","0.8187915086746216","0.78363436460495","0.78363436460495","0.78363436460495"
"168","0.5844243168830872","0.5844243168830872","0.5844243168830872","0.5875182151794434","0.5875182151794434","0.5875182151794434","0.7128790616989136","0.7128790616989136","0.7128790616989136","0.9884363412857056","0.9884363412857056","0.9884363412857056","0.9917402267456055","0.9917402267456055","0.9917402267456055","0.9462389349937439","0.9462389349937439","0.9462389349937439","0.8520051836967468","0.8520051836967468","0.8520051836967468"
"170","0.5891963243484497","0.5891963243484497","0.5891963243484497","0.6511274576187134","0.6511274576187134","0.6511274576187134","0.5993546843528748","0.5993546843528748","0.5993546843528748","0.986890435218811","0.986890435218811","0.986890435218811","0.9258089065551758","0.9258089065551758","0.9258089065551758","0.8378052711486816","0.8378052711486816","0.8378052711486816","0.8767521381378174","0.8767521381378174","0.8767521381378174"
"172","0.5837085247039795","0.5837085247039795","0.5837085247039795","0.5925811529159546","0.5925811529159546","0.5925811529159546","0.7220810651779175","0.7220810651779175","0.7220810651779175","0.9462229609489441","0.9462229609489441","0.9462229609489441","0.8891887664794922","0.8891887664794922","0.8891887664794922","0.8762754797935486","0.8762754797935486","0.8762754797935486","0.7708133459091187","0.7708133459091187","0.7708133459091187"
"174","0.6729404330253601","0.6729404330253601","0.6729404330253601","0.6356019973754883","0.6356019973754883","0.6356019973754883","0.8267471194267273","0.8267471194267273","0.8267471194267273","0.9406630992889404","0.9406630992889404","0.9406630992889404","0.9506571292877197","0.9506571292877197","0.9506571292877197","0.8586430549621582","0.8586430549621582","0.8586430549621582","0.8204537630081177","0.8204537630081177","0.8204537630081177"
"176","0.19274035096168518","0.19274035096168518","0.19274035096168518","0.6183589696884155","0.6183589696884155","0.6183589696884155","0.7651242017745972","0.7651242017745972","0.7651242017745972","0.9461774230003357","0.9461774230003357","0.9461774230003357","0.9550603628158569","0.9550603628158569","0.9550603628158569","0.8781956434249878","0.8781956434249878","0.8781956434249878","0.8796863555908203","0.8796863555908203","0.8796863555908203"
"178","0.3156898617744446","0.3156898617744446","0.3156898617744446","0.575287401676178","0.575287401676178","0.575287401676178","0.7541179060935974","0.7541179060935974","0.7541179060935974","0.9710831046104431","0.9710831046104431","0.9710831046104431","0.9353797435760498","0.9353797435760498","0.9353797435760498","0.9182319045066833","0.9182319045066833","0.9182319045066833","0.8882188200950623","0.8882188200950623","0.8882188200950623"
"180","0.3475535809993744","0.3475535809993744","0.3475535809993744","0.6891940832138062","0.6891940832138062","0.6891940832138062","0.7373099327087402","0.7373099327087402","0.7373099327087402","0.9428150653839111","0.9428150653839111","0.9428150653839111","0.9003453254699707","0.9003453254699707","0.9003453254699707","0.8647782802581787","0.8647782802581787","0.8647782802581787","0.7983934283256531","0.7983934283256531","0.7983934283256531"
"182","0.3765406012535095","0.3765406012535095","0.3765406012535095","0.6190940141677856","0.6190940141677856","0.6190940141677856","0.7602109909057617","0.7602109909057617","0.7602109909057617","0.9567708373069763","0.9567708373069763","0.9567708373069763","0.9569720029830933","0.9569720029830933","0.9569720029830933","0.8972923159599304","0.8972923159599304","0.8972923159599304","0.8265889883041382","0.8265889883041382","0.8265889883041382"
"184","0.39461907744407654","0.39461907744407654","0.39461907744407654","0.6354051828384399","0.6354051828384399","0.6354051828384399","0.710494875907898","0.710494875907898","0.710494875907898","0.9299668073654175","0.9299668073654175","0.9299668073654175","0.9228739738464355","0.9228739738464355","0.9228739738464355","0.8077346682548523","0.8077346682548523","0.8077346682548523","0.8365035057067871","0.8365035057067871","0.8365035057067871"
"186","0.42747148871421814","0.42747148871421814","0.42747148871421814","0.6009805202484131","0.6009805202484131","0.6009805202484131","0.8038468360900879","0.8038468360900879","0.8038468360900879","0.957009494304657","0.957009494304657","0.957009494304657","0.9163458347320557","0.9163458347320557","0.9163458347320557","0.8943753242492676","0.8943753242492676","0.8943753242492676","0.8491414785385132","0.8491414785385132","0.8491414785385132"
"188","0.38376376032829285","0.38376376032829285","0.38376376032829285","0.7342915534973145","0.7342915534973145","0.7342915534973145","0.8115792274475098","0.8115792274475098","0.8115792274475098","0.923923671245575","0.923923671245575","0.923923671245575","0.8831827044487","0.8831827044487","0.8831827044487","0.886497437953949","0.886497437953949","0.886497437953949","0.8355259299278259","0.8355259299278259","0.8355259299278259"
"190","0.5072623491287231","0.5072623491287231","0.5072623491287231","0.6507750749588013","0.6507750749588013","0.6507750749588013","0.7515925765037537","0.7515925765037537","0.7515925765037537","0.9542179107666016","0.9542179107666016","0.9542179107666016","0.9196507334709167","0.9196507334709167","0.9196507334709167","0.8325095176696777","0.8325095176696777","0.8325095176696777","0.7812950015068054","0.7812950015068054","0.7812950015068054"
"192","0.49845489859580994","0.49845489859580994","0.49845489859580994","0.608472466468811","0.608472466468811","0.608472466468811","0.7612618207931519","0.7612618207931519","0.7612618207931519","0.9260958433151245","0.9260958433151245","0.9260958433151245","0.9045089483261108","0.9045089483261108","0.9045089483261108","0.8268194198608398","0.8268194198608398","0.8268194198608398","0.8080090284347534","0.8080090284347534","0.8080090284347534"
"194","0.4615509510040283","0.4615509510040283","0.4615509510040283","0.6182301044464111","0.6182301044464111","0.6182301044464111","0.7616333365440369","0.7616333365440369","0.7616333365440369","0.9666492342948914","0.9666492342948914","0.9666492342948914","0.9420375227928162","0.9420375227928162","0.9420375227928162","0.931272029876709","0.931272029876709","0.931272029876709","0.8346652984619141","0.8346652984619141","0.8346652984619141"
"196","0.4578849673271179","0.4578849673271179","0.4578849673271179","0.6364029049873352","0.6364029049873352","0.6364029049873352","0.7941455841064453","0.7941455841064453","0.7941455841064453","0.8004714846611023","0.8004714846611023","0.8004714846611023","0.8074300289154053","0.8074300289154053","0.8074300289154053","0.7489217519760132","0.7489217519760132","0.7489217519760132","0.8339051008224487","0.8339051008224487","0.8339051008224487"
"198","0.44872307777404785","0.44872307777404785","0.44872307777404785","0.6018674373626709","0.6018674373626709","0.6018674373626709","0.7222491502761841","0.7222491502761841","0.7222491502761841","0.9959537982940674","0.9959537982940674","0.9959537982940674","0.9493275880813599","0.9493275880813599","0.9493275880813599","0.8812750577926636","0.8812750577926636","0.8812750577926636","0.8511193990707397","0.8511193990707397","0.8511193990707397"
"200","0.5223463773727417","0.5223463773727417","0.5223463773727417","0.599822998046875","0.599822998046875","0.599822998046875","0.6873055696487427","0.6873055696487427","0.6873055696487427","0.9745221138000488","0.9745221138000488","0.9745221138000488","0.9618613123893738","0.9618613123893738","0.9618613123893738","0.8123083114624023","0.8123083114624023","0.8123083114624023","0.8597579002380371","0.8597579002380371","0.8597579002380371"
"202","0.5344929099082947","0.5344929099082947","0.5344929099082947","0.6391144394874573","0.6391144394874573","0.6391144394874573","0.8509806990623474","0.8509806990623474","0.8509806990623474","0.9717655181884766","0.9717655181884766","0.9717655181884766","0.9354619383811951","0.9354619383811951","0.9354619383811951","0.8452844619750977","0.8452844619750977","0.8452844619750977","0.7564732432365417","0.7564732432365417","0.7564732432365417"
"204","0.51206374168396","0.51206374168396","0.51206374168396","0.7169389724731445","0.7169389724731445","0.7169389724731445","0.6899063587188721","0.6899063587188721","0.6899063587188721","0.9387621879577637","0.9387621879577637","0.9387621879577637","0.9517247676849365","0.9517247676849365","0.9517247676849365","0.7468657493591309","0.7468657493591309","0.7468657493591309","0.80291748046875","0.80291748046875","0.80291748046875"
"206","0.4146617352962494","0.4146617352962494","0.4146617352962494","0.5674761533737183","0.5674761533737183","0.5674761533737183","0.8369247317314148","0.8369247317314148","0.8369247317314148","0.963943362236023","0.963943362236023","0.963943362236023","0.9334295988082886","0.9334295988082886","0.9334295988082886","0.8746275901794434","0.8746275901794434","0.8746275901794434","0.8512313365936279","0.8512313365936279","0.8512313365936279"
"208","0.6023226976394653","0.6023226976394653","0.6023226976394653","0.6894359588623047","0.6894359588623047","0.6894359588623047","0.7330077886581421","0.7330077886581421","0.7330077886581421","0.9599494934082031","0.9599494934082031","0.9599494934082031","0.9445003271102905","0.9445003271102905","0.9445003271102905","0.8889484405517578","0.8889484405517578","0.8889484405517578","0.8915514349937439","0.8915514349937439","0.8915514349937439"
"210","0.47721073031425476","0.47721073031425476","0.47721073031425476","0.7099536657333374","0.7099536657333374","0.7099536657333374","0.7196303606033325","0.7196303606033325","0.7196303606033325","0.9794861078262329","0.9794861078262329","0.9794861078262329","0.9696556925773621","0.9696556925773621","0.9696556925773621","0.8496999144554138","0.8496999144554138","0.8496999144554138","0.8801018595695496","0.8801018595695496","0.8801018595695496"
"212","0.38281840085983276","0.38281840085983276","0.38281840085983276","0.7091838121414185","0.7091838121414185","0.7091838121414185","0.7452186346054077","0.7452186346054077","0.7452186346054077","0.9365535974502563","0.9365535974502563","0.9365535974502563","0.8956782817840576","0.8956782817840576","0.8956782817840576","0.8478658199310303","0.8478658199310303","0.8478658199310303","0.7504242658615112","0.7504242658615112","0.7504242658615112"
"214","0.4107910096645355","0.4107910096645355","0.4107910096645355","0.7115215063095093","0.7115215063095093","0.7115215063095093","0.7593817710876465","0.7593817710876465","0.7593817710876465","0.950356125831604","0.950356125831604","0.950356125831604","0.9586812257766724","0.9586812257766724","0.9586812257766724","0.8355004787445068","0.8355004787445068","0.8355004787445068","0.8444662094116211","0.8444662094116211","0.8444662094116211"
"216","0.5074522495269775","0.5074522495269775","0.5074522495269775","0.8095226287841797","0.8095226287841797","0.8095226287841797","0.6810721755027771","0.6810721755027771","0.6810721755027771","0.9869449138641357","0.9869449138641357","0.9869449138641357","0.9582743048667908","0.9582743048667908","0.9582743048667908","0.8709723353385925","0.8709723353385925","0.8709723353385925","0.7474650740623474","0.7474650740623474","0.7474650740623474"
"218","0.5793544054031372","0.5793544054031372","0.5793544054031372","0.6552466750144958","0.6552466750144958","0.6552466750144958","0.6970994472503662","0.6970994472503662","0.6970994472503662","0.9358325004577637","0.9358325004577637","0.9358325004577637","0.8687700033187866","0.8687700033187866","0.8687700033187866","0.8954035043716431","0.8954035043716431","0.8954035043716431","0.8355731964111328","0.8355731964111328","0.8355731964111328"
"220","0.5738426446914673","0.5738426446914673","0.5738426446914673","0.6797401309013367","0.6797401309013367","0.6797401309013367","0.8087859153747559","0.8087859153747559","0.8087859153747559","0.9295980334281921","0.9295980334281921","0.9295980334281921","0.9087302088737488","0.9087302088737488","0.9087302088737488","0.8800653219223022","0.8800653219223022","0.8800653219223022","0.8699290156364441","0.8699290156364441","0.8699290156364441"
"222","0.6159704923629761","0.6159704923629761","0.6159704923629761","0.6360167860984802","0.6360167860984802","0.6360167860984802","0.829984188079834","0.829984188079834","0.829984188079834","0.9619694948196411","0.9619694948196411","0.9619694948196411","0.9065505266189575","0.9065505266189575","0.9065505266189575","0.8988900184631348","0.8988900184631348","0.8988900184631348","0.7826446294784546","0.7826446294784546","0.7826446294784546"
"224","0.6412533521652222","0.6412533521652222","0.6412533521652222","0.6839545965194702","0.6839545965194702","0.6839545965194702","0.7722153067588806","0.7722153067588806","0.7722153067588806","0.9704468250274658","0.9704468250274658","0.9704468250274658","0.9656037092208862","0.9656037092208862","0.9656037092208862","0.8549247980117798","0.8549247980117798","0.8549247980117798","0.8240670561790466","0.8240670561790466","0.8240670561790466"
"226","0.5679160356521606","0.5679160356521606","0.5679160356521606","0.6277856826782227","0.6277856826782227","0.6277856826782227","0.6784356832504272","0.6784356832504272","0.6784356832504272","0.873182475566864","0.873182475566864","0.873182475566864","0.8798012137413025","0.8798012137413025","0.8798012137413025","0.8387885093688965","0.8387885093688965","0.8387885093688965","0.838381290435791","0.838381290435791","0.838381290435791"
"228","0.6542637348175049","0.6542637348175049","0.6542637348175049","0.7268450260162354","0.7268450260162354","0.7268450260162354","0.7713068723678589","0.7713068723678589","0.7713068723678589","0.9405019283294678","0.9405019283294678","0.9405019283294678","0.9334722757339478","0.9334722757339478","0.9334722757339478","0.9218614101409912","0.9218614101409912","0.9218614101409912","0.8470292091369629","0.8470292091369629","0.8470292091369629"
"230","0.5782784819602966","0.5782784819602966","0.5782784819602966","0.7431870698928833","0.7431870698928833","0.7431870698928833","0.760701060295105","0.760701060295105","0.760701060295105","0.9792448282241821","0.9792448282241821","0.9792448282241821","0.9653713703155518","0.9653713703155518","0.9653713703155518","0.8330169916152954","0.8330169916152954","0.8330169916152954","0.8639059066772461","0.8639059066772461","0.8639059066772461"