"Step","VOWELS_FILTER_b40_DUAL_bs16 - divergence_negative_s","VOWELS_FILTER_b40_DUAL_bs16 - divergence_negative_s__MIN","VOWELS_FILTER_b40_DUAL_bs16 - divergence_negative_s__MAX","VOWELS_FILTER_b20_DUAL_bs16 - divergence_negative_s","VOWELS_FILTER_b20_DUAL_bs16 - divergence_negative_s__MIN","VOWELS_FILTER_b20_DUAL_bs16 - divergence_negative_s__MAX","VOWELS_FILTER_b10_DUAL_bs16 - divergence_negative_s","VOWELS_FILTER_b10_DUAL_bs16 - divergence_negative_s__MIN","VOWELS_FILTER_b10_DUAL_bs16 - divergence_negative_s__MAX","VOWELS_FILTER_b0_DUAL_bs16 - divergence_negative_s","VOWELS_FILTER_b0_DUAL_bs16 - divergence_negative_s__MIN","VOWELS_FILTER_b0_DUAL_bs16 - divergence_negative_s__MAX","VOWELS_FILTER_b0.1_DUAL_bs16 - divergence_negative_s","VOWELS_FILTER_b0.1_DUAL_bs16 - divergence_negative_s__MIN","VOWELS_FILTER_b0.1_DUAL_bs16 - divergence_negative_s__MAX","VOWELS_FILTER_b1_DUAL_bs16 - divergence_negative_s","VOWELS_FILTER_b1_DUAL_bs16 - divergence_negative_s__MIN","VOWELS_FILTER_b1_DUAL_bs16 - divergence_negative_s__MAX","VOWELS_FILTER_B5_DEFAULTS_DUAL_bs16 - divergence_negative_s","VOWELS_FILTER_B5_DEFAULTS_DUAL_bs16 - divergence_negative_s__MIN","VOWELS_FILTER_B5_DEFAULTS_DUAL_bs16 - divergence_negative_s__MAX"
"0","0.00263175624422729","0.00263175624422729","0.00263175624422729","0.00263477535918355","0.00263477535918355","0.00263477535918355","0.002640667837113142","0.002640667837113142","0.002640667837113142","0.15676242113113403","0.15676242113113403","0.15676242113113403","0.005082381423562765","0.005082381423562765","0.005082381423562765","0.003097464796155691","0.003097464796155691","0.003097464796155691","0.002651937073096633","0.002651937073096633","0.002651937073096633"
"2","0.0003397391992621124","0.0003397391992621124","0.0003397391992621124","0.0003437614068388939","0.0003437614068388939","0.0003437614068388939","0.000352098373696208","0.000352098373696208","0.000352098373696208","0.312801718711853","0.312801718711853","0.312801718711853","0.0027231439016759396","0.0027231439016759396","0.0027231439016759396","0.0006740146200172603","0.0006740146200172603","0.0006740146200172603","0.0003694633487612009","0.0003694633487612009","0.0003694633487612009"
"4","0.00015821022680029273","0.00015821022680029273","0.00015821022680029273","0.00016377690189983696","0.00016377690189983696","0.00016377690189983696","0.00017481084796600044","0.00017481084796600044","0.00017481084796600044","0.552905261516571","0.552905261516571","0.552905261516571","0.005413790699094534","0.005413790699094534","0.005413790699094534","0.0005461302935145795","0.0005461302935145795","0.0005461302935145795","0.0001998628576984629","0.0001998628576984629","0.0001998628576984629"
"6","0.00010411470429971814","0.00010411470429971814","0.00010411470429971814","0.00011007623834302649","0.00011007623834302649","0.00011007623834302649","0.00012471350783016533","0.00012471350783016533","0.00012471350783016533","0.5774141550064087","0.5774141550064087","0.5774141550064087","0.036752358078956604","0.036752358078956604","0.036752358078956604","0.0007500493666157126","0.0007500493666157126","0.0007500493666157126","0.00016201831749640405","0.00016201831749640405","0.00016201831749640405"
"8","0.000045937325921840966","0.000045937325921840966","0.000045937325921840966","0.0000514957464474719","0.0000514957464474719","0.0000514957464474719","0.00006712969479849562","0.00006712969479849562","0.00006712969479849562","0.6052169799804688","0.6052169799804688","0.6052169799804688","0.10168592631816864","0.10168592631816864","0.10168592631816864","0.00126469018869102","0.00126469018869102","0.00126469018869102","0.00011117756366729736","0.00011117756366729736","0.00011117756366729736"
"10","0.00003710706005222164","0.00003710706005222164","0.00003710706005222164","0.00004427281237440184","0.00004427281237440184","0.00004427281237440184","0.00006427105836337432","0.00006427105836337432","0.00006427105836337432","0.6448749303817749","0.6448749303817749","0.6448749303817749","0.19288024306297302","0.19288024306297302","0.19288024306297302","0.0035691335797309875","0.0035691335797309875","0.0035691335797309875","0.00013066759856883436","0.00013066759856883436","0.00013066759856883436"
"12","0.00003540138277458027","0.00003540138277458027","0.00003540138277458027","0.00004395242649479769","0.00004395242649479769","0.00004395242649479769","0.00007139845547499135","0.00007139845547499135","0.00007139845547499135","0.616418719291687","0.616418719291687","0.616418719291687","0.2405310571193695","0.2405310571193695","0.2405310571193695","0.009432658553123474","0.009432658553123474","0.009432658553123474","0.00016928811965044588","0.00016928811965044588","0.00016928811965044588"
"14","0.00001913337837322615","0.00001913337837322615","0.00001913337837322615","0.00002786265940812882","0.00002786265940812882","0.00002786265940812882","0.00006165063678054139","0.00006165063678054139","0.00006165063678054139","0.6181589365005493","0.6181589365005493","0.6181589365005493","0.2962619662284851","0.2962619662284851","0.2962619662284851","0.021310169249773026","0.021310169249773026","0.021310169249773026","0.00021098300931043923","0.00021098300931043923","0.00021098300931043923"
"16","0.000012943950423505157","0.000012943950423505157","0.000012943950423505157","0.000024522767489543185","0.000024522767489543185","0.000024522767489543185","0.0000762400304665789","0.0000762400304665789","0.0000762400304665789","0.6529435515403748","0.6529435515403748","0.6529435515403748","0.3358413577079773","0.3358413577079773","0.3358413577079773","0.0454375296831131","0.0454375296831131","0.0454375296831131","0.00035444810055196285","0.00035444810055196285","0.00035444810055196285"
"18","0.000015186028576863464","0.000015186028576863464","0.000015186028576863464","0.00003153423313051462","0.00003153423313051462","0.00003153423313051462","0.00011565751628950238","0.00011565751628950238","0.00011565751628950238","0.6718035936355591","0.6718035936355591","0.6718035936355591","0.35732364654541016","0.35732364654541016","0.35732364654541016","0.08843936771154404","0.08843936771154404","0.08843936771154404","0.0006401182617992163","0.0006401182617992163","0.0006401182617992163"
"20","0.00001499580957897706","0.00001499580957897706","0.00001499580957897706","0.00003476659185253084","0.00003476659185253084","0.00003476659185253084","0.00014586902398150414","0.00014586902398150414","0.00014586902398150414","0.6260160803794861","0.6260160803794861","0.6260160803794861","0.32135099172592163","0.32135099172592163","0.32135099172592163","0.12625543773174286","0.12625543773174286","0.12625543773174286","0.0009562629275023937","0.0009562629275023937","0.0009562629275023937"
"22","0.000013040078556514345","0.000013040078556514345","0.000013040078556514345","0.00004343390901340172","0.00004343390901340172","0.00004343390901340172","0.00023875752231106162","0.00023875752231106162","0.00023875752231106162","0.6547180414199829","0.6547180414199829","0.6547180414199829","0.37239035964012146","0.37239035964012146","0.37239035964012146","0.1944369524717331","0.1944369524717331","0.1944369524717331","0.0021007300820201635","0.0021007300820201635","0.0021007300820201635"
"24","0.000013687024875252973","0.000013687024875252973","0.000013687024875252973","0.00006040615699021146","0.00006040615699021146","0.00006040615699021146","0.00040708156302571297","0.00040708156302571297","0.00040708156302571297","0.6655916571617126","0.6655916571617126","0.6655916571617126","0.4057771563529968","0.4057771563529968","0.4057771563529968","0.2454145848751068","0.2454145848751068","0.2454145848751068","0.004701649770140648","0.004701649770140648","0.004701649770140648"
"26","0.00002107581531163305","0.00002107581531163305","0.00002107581531163305","0.00010166037827730179","0.00010166037827730179","0.00010166037827730179","0.0007925210520625114","0.0007925210520625114","0.0007925210520625114","0.665289044380188","0.665289044380188","0.665289044380188","0.4457063376903534","0.4457063376903534","0.4457063376903534","0.2850915789604187","0.2850915789604187","0.2850915789604187","0.013125772587954998","0.013125772587954998","0.013125772587954998"
"28","0.000019739447452593595","0.000019739447452593595","0.000019739447452593595","0.00011633135727606714","0.00011633135727606714","0.00011633135727606714","0.0011178378481417894","0.0011178378481417894","0.0011178378481417894","0.6753033399581909","0.6753033399581909","0.6753033399581909","0.4334484040737152","0.4334484040737152","0.4334484040737152","0.26945167779922485","0.26945167779922485","0.26945167779922485","0.020311830565333366","0.020311830565333366","0.020311830565333366"
"30","0.00002524508090573363","0.00002524508090573363","0.00002524508090573363","0.00017724283679854125","0.00017724283679854125","0.00017724283679854125","0.0021813407074660063","0.0021813407074660063","0.0021813407074660063","0.6810455322265625","0.6810455322265625","0.6810455322265625","0.4760146141052246","0.4760146141052246","0.4760146141052246","0.29053956270217896","0.29053956270217896","0.29053956270217896","0.03647657483816147","0.03647657483816147","0.03647657483816147"
"32","0.00003362120332894847","0.00003362120332894847","0.00003362120332894847","0.000293340184725821","0.000293340184725821","0.000293340184725821","0.004299834370613098","0.004299834370613098","0.004299834370613098","0.6803227663040161","0.6803227663040161","0.6803227663040161","0.49453067779541016","0.49453067779541016","0.49453067779541016","0.3118368983268738","0.3118368983268738","0.3118368983268738","0.06159627437591553","0.06159627437591553","0.06159627437591553"
"34","0.000055910910305101424","0.000055910910305101424","0.000055910910305101424","0.0005992738297209144","0.0005992738297209144","0.0005992738297209144","0.010026901960372925","0.010026901960372925","0.010026901960372925","0.680478572845459","0.680478572845459","0.680478572845459","0.5320734977722168","0.5320734977722168","0.5320734977722168","0.3169102072715759","0.3169102072715759","0.3169102072715759","0.09603208303451538","0.09603208303451538","0.09603208303451538"
"36","0.00007321854354813695","0.00007321854354813695","0.00007321854354813695","0.0009159420151263475","0.0009159420151263475","0.0009159420151263475","0.012530247680842876","0.012530247680842876","0.012530247680842876","0.6781023740768433","0.6781023740768433","0.6781023740768433","0.5375831127166748","0.5375831127166748","0.5375831127166748","0.3141609728336334","0.3141609728336334","0.3141609728336334","0.10531927645206451","0.10531927645206451","0.10531927645206451"
"38","0.00010401563486084342","0.00010401563486084342","0.00010401563486084342","0.0013169361045584083","0.0013169361045584083","0.0013169361045584083","0.01541737001389265","0.01541737001389265","0.01541737001389265","0.6765395998954773","0.6765395998954773","0.6765395998954773","0.5213413834571838","0.5213413834571838","0.5213413834571838","0.30831649899482727","0.30831649899482727","0.30831649899482727","0.11269678175449371","0.11269678175449371","0.11269678175449371"
"40","0.00014733003627043217","0.00014733003627043217","0.00014733003627043217","0.00192253477871418","0.00192253477871418","0.00192253477871418","0.020923592150211334","0.020923592150211334","0.020923592150211334","0.666343629360199","0.666343629360199","0.666343629360199","0.5483312606811523","0.5483312606811523","0.5483312606811523","0.3094230890274048","0.3094230890274048","0.3094230890274048","0.1352018415927887","0.1352018415927887","0.1352018415927887"
"42","0.0002644688356667757","0.0002644688356667757","0.0002644688356667757","0.003355290275067091","0.003355290275067091","0.003355290275067091","0.04157530516386032","0.04157530516386032","0.04157530516386032","0.6838580369949341","0.6838580369949341","0.6838580369949341","0.5722761154174805","0.5722761154174805","0.5722761154174805","0.3428874611854553","0.3428874611854553","0.3428874611854553","0.16707180440425873","0.16707180440425873","0.16707180440425873"
"44","0.00044019377673976123","0.00044019377673976123","0.00044019377673976123","0.004964942112565041","0.004964942112565041","0.004964942112565041","0.054002683609724045","0.054002683609724045","0.054002683609724045","0.6790332794189453","0.6790332794189453","0.6790332794189453","0.5923287272453308","0.5923287272453308","0.5923287272453308","0.3359266519546509","0.3359266519546509","0.3359266519546509","0.1787610501050949","0.1787610501050949","0.1787610501050949"
"46","0.0006261428934521973","0.0006261428934521973","0.0006261428934521973","0.006127539556473494","0.006127539556473494","0.006127539556473494","0.0655323714017868","0.0655323714017868","0.0655323714017868","0.6868211627006531","0.6868211627006531","0.6868211627006531","0.6101411581039429","0.6101411581039429","0.6101411581039429","0.34663981199264526","0.34663981199264526","0.34663981199264526","0.1900542974472046","0.1900542974472046","0.1900542974472046"
"48","0.0009389739716425538","0.0009389739716425538","0.0009389739716425538","0.008237887173891068","0.008237887173891068","0.008237887173891068","0.07688726484775543","0.07688726484775543","0.07688726484775543","0.6778297424316406","0.6778297424316406","0.6778297424316406","0.6063002347946167","0.6063002347946167","0.6063002347946167","0.3560219407081604","0.3560219407081604","0.3560219407081604","0.20496486127376556","0.20496486127376556","0.20496486127376556"
"50","0.001134084421209991","0.001134084421209991","0.001134084421209991","0.008946401998400688","0.008946401998400688","0.008946401998400688","0.08208289742469788","0.08208289742469788","0.08208289742469788","0.6797431707382202","0.6797431707382202","0.6797431707382202","0.5861037969589233","0.5861037969589233","0.5861037969589233","0.35338926315307617","0.35338926315307617","0.35338926315307617","0.20307175815105438","0.20307175815105438","0.20307175815105438"
"52","0.0018323295516893268","0.0018323295516893268","0.0018323295516893268","0.015366017818450928","0.015366017818450928","0.015366017818450928","0.11806055903434753","0.11806055903434753","0.11806055903434753","0.6879527568817139","0.6879527568817139","0.6879527568817139","0.6300817728042603","0.6300817728042603","0.6300817728042603","0.3688139319419861","0.3688139319419861","0.3688139319419861","0.2477814257144928","0.2477814257144928","0.2477814257144928"
"54","0.002198176458477974","0.002198176458477974","0.002198176458477974","0.016049494966864586","0.016049494966864586","0.016049494966864586","0.1257202923297882","0.1257202923297882","0.1257202923297882","0.6842219829559326","0.6842219829559326","0.6842219829559326","0.6146894693374634","0.6146894693374634","0.6146894693374634","0.36658644676208496","0.36658644676208496","0.36658644676208496","0.24552422761917114","0.24552422761917114","0.24552422761917114"
"56","0.0021883673034608364","0.0021883673034608364","0.0021883673034608364","0.014903485774993896","0.014903485774993896","0.014903485774993896","0.11510355770587921","0.11510355770587921","0.11510355770587921","0.6806692481040955","0.6806692481040955","0.6806692481040955","0.5959998369216919","0.5959998369216919","0.5959998369216919","0.2520580291748047","0.2520580291748047","0.2520580291748047","0.21223294734954834","0.21223294734954834","0.21223294734954834"
"58","0.0029066214337944984","0.0029066214337944984","0.0029066214337944984","0.020581088960170746","0.020581088960170746","0.020581088960170746","0.12925216555595398","0.12925216555595398","0.12925216555595398","0.6738278269767761","0.6738278269767761","0.6738278269767761","0.6344098448753357","0.6344098448753357","0.6344098448753357","0.32809120416641235","0.32809120416641235","0.32809120416641235","0.23755407333374023","0.23755407333374023","0.23755407333374023"
"60","0.003509433474391699","0.003509433474391699","0.003509433474391699","0.024514909833669662","0.024514909833669662","0.024514909833669662","0.14513222873210907","0.14513222873210907","0.14513222873210907","0.6783811450004578","0.6783811450004578","0.6783811450004578","0.6064523458480835","0.6064523458480835","0.6064523458480835","0.32196930050849915","0.32196930050849915","0.32196930050849915","0.23240141570568085","0.23240141570568085","0.23240141570568085"
"62","0.004198235459625721","0.004198235459625721","0.004198235459625721","0.030185464769601822","0.030185464769601822","0.030185464769601822","0.1639249175786972","0.1639249175786972","0.1639249175786972","0.6770786643028259","0.6770786643028259","0.6770786643028259","0.6197720766067505","0.6197720766067505","0.6197720766067505","0.3596869111061096","0.3596869111061096","0.3596869111061096","0.255681574344635","0.255681574344635","0.255681574344635"
"64","0.005058721173554659","0.005058721173554659","0.005058721173554659","0.033480480313301086","0.033480480313301086","0.033480480313301086","0.17107629776000977","0.17107629776000977","0.17107629776000977","0.6814476251602173","0.6814476251602173","0.6814476251602173","0.6297990083694458","0.6297990083694458","0.6297990083694458","0.3765990436077118","0.3765990436077118","0.3765990436077118","0.2691516578197479","0.2691516578197479","0.2691516578197479"
"66","0.005739716347306967","0.005739716347306967","0.005739716347306967","0.03812622278928757","0.03812622278928757","0.03812622278928757","0.18663251399993896","0.18663251399993896","0.18663251399993896","0.6886762380599976","0.6886762380599976","0.6886762380599976","0.6482698917388916","0.6482698917388916","0.6482698917388916","0.38420170545578003","0.38420170545578003","0.38420170545578003","0.2817286550998688","0.2817286550998688","0.2817286550998688"
"68","0.006136465817689896","0.006136465817689896","0.006136465817689896","0.03939216956496239","0.03939216956496239","0.03939216956496239","0.17395107448101044","0.17395107448101044","0.17395107448101044","0.6809496283531189","0.6809496283531189","0.6809496283531189","0.6207877397537231","0.6207877397537231","0.6207877397537231","0.3623603582382202","0.3623603582382202","0.3623603582382202","0.2630631923675537","0.2630631923675537","0.2630631923675537"
"70","0.007301247678697109","0.007301247678697109","0.007301247678697109","0.05172839015722275","0.05172839015722275","0.05172839015722275","0.1893971860408783","0.1893971860408783","0.1893971860408783","0.6829611659049988","0.6829611659049988","0.6829611659049988","0.6467286348342896","0.6467286348342896","0.6467286348342896","0.3784725069999695","0.3784725069999695","0.3784725069999695","0.2775684595108032","0.2775684595108032","0.2775684595108032"
"72","0.008115652948617935","0.008115652948617935","0.008115652948617935","0.052025895565748215","0.052025895565748215","0.052025895565748215","0.19151870906352997","0.19151870906352997","0.19151870906352997","0.6762906908988953","0.6762906908988953","0.6762906908988953","0.6184094548225403","0.6184094548225403","0.6184094548225403","0.39444106817245483","0.39444106817245483","0.39444106817245483","0.2673826217651367","0.2673826217651367","0.2673826217651367"
"74","0.008982827886939049","0.008982827886939049","0.008982827886939049","0.05714574456214905","0.05714574456214905","0.05714574456214905","0.19503095746040344","0.19503095746040344","0.19503095746040344","0.6800767779350281","0.6800767779350281","0.6800767779350281","0.6301984786987305","0.6301984786987305","0.6301984786987305","0.388244092464447","0.388244092464447","0.388244092464447","0.27908098697662354","0.27908098697662354","0.27908098697662354"
"76","0.01236007735133171","0.01236007735133171","0.01236007735133171","0.07869783788919449","0.07869783788919449","0.07869783788919449","0.2163950651884079","0.2163950651884079","0.2163950651884079","0.6894850730895996","0.6894850730895996","0.6894850730895996","0.666022539138794","0.666022539138794","0.666022539138794","0.4082593321800232","0.4082593321800232","0.4082593321800232","0.2971327304840088","0.2971327304840088","0.2971327304840088"
"78","0.011190171353518963","0.011190171353518963","0.011190171353518963","0.07548141479492188","0.07548141479492188","0.07548141479492188","0.22458867728710175","0.22458867728710175","0.22458867728710175","0.6840134859085083","0.6840134859085083","0.6840134859085083","0.6560763120651245","0.6560763120651245","0.6560763120651245","0.42796754837036133","0.42796754837036133","0.42796754837036133","0.3009072542190552","0.3009072542190552","0.3009072542190552"
"80","0.013983188197016716","0.013983188197016716","0.013983188197016716","0.0820007473230362","0.0820007473230362","0.0820007473230362","0.21648156642913818","0.21648156642913818","0.21648156642913818","0.6714920401573181","0.6714920401573181","0.6714920401573181","0.6277352571487427","0.6277352571487427","0.6277352571487427","0.42304033041000366","0.42304033041000366","0.42304033041000366","0.2977624535560608","0.2977624535560608","0.2977624535560608"
"82","0.01422668993473053","0.01422668993473053","0.01422668993473053","0.09227804839611053","0.09227804839611053","0.09227804839611053","0.20938920974731445","0.20938920974731445","0.20938920974731445","0.6879662275314331","0.6879662275314331","0.6879662275314331","0.6624883413314819","0.6624883413314819","0.6624883413314819","0.43323612213134766","0.43323612213134766","0.43323612213134766","0.2897353768348694","0.2897353768348694","0.2897353768348694"
"84","0.016897130757570267","0.016897130757570267","0.016897130757570267","0.10036559402942657","0.10036559402942657","0.10036559402942657","0.22032561898231506","0.22032561898231506","0.22032561898231506","0.6881000399589539","0.6881000399589539","0.6881000399589539","0.6513035297393799","0.6513035297393799","0.6513035297393799","0.44042444229125977","0.44042444229125977","0.44042444229125977","0.2952807545661926","0.2952807545661926","0.2952807545661926"
"86","0.020950697362422943","0.020950697362422943","0.020950697362422943","0.11537822335958481","0.11537822335958481","0.11537822335958481","0.2408125102519989","0.2408125102519989","0.2408125102519989","0.6858394145965576","0.6858394145965576","0.6858394145965576","0.6610385179519653","0.6610385179519653","0.6610385179519653","0.4377043843269348","0.4377043843269348","0.4377043843269348","0.3142874836921692","0.3142874836921692","0.3142874836921692"
"88","0.016988268122076988","0.016988268122076988","0.016988268122076988","0.0985969826579094","0.0985969826579094","0.0985969826579094","0.19822946190834045","0.19822946190834045","0.19822946190834045","0.6805012226104736","0.6805012226104736","0.6805012226104736","0.5956432819366455","0.5956432819366455","0.5956432819366455","0.3958364725112915","0.3958364725112915","0.3958364725112915","0.2603924870491028","0.2603924870491028","0.2603924870491028"
"90","0.02330377697944641","0.02330377697944641","0.02330377697944641","0.13306179642677307","0.13306179642677307","0.13306179642677307","0.25191131234169006","0.25191131234169006","0.25191131234169006","0.6916466951370239","0.6916466951370239","0.6916466951370239","0.6732996702194214","0.6732996702194214","0.6732996702194214","0.46735167503356934","0.46735167503356934","0.46735167503356934","0.31789812445640564","0.31789812445640564","0.31789812445640564"
"92","0.02568376623094082","0.02568376623094082","0.02568376623094082","0.1395675241947174","0.1395675241947174","0.1395675241947174","0.24556967616081238","0.24556967616081238","0.24556967616081238","0.6813651323318481","0.6813651323318481","0.6813651323318481","0.6238682866096497","0.6238682866096497","0.6238682866096497","0.4598270058631897","0.4598270058631897","0.4598270058631897","0.3116210699081421","0.3116210699081421","0.3116210699081421"
"94","0.027679188176989555","0.027679188176989555","0.027679188176989555","0.13841578364372253","0.13841578364372253","0.13841578364372253","0.23711517453193665","0.23711517453193665","0.23711517453193665","0.689998984336853","0.689998984336853","0.689998984336853","0.6647214293479919","0.6647214293479919","0.6647214293479919","0.47606992721557617","0.47606992721557617","0.47606992721557617","0.3073452115058899","0.3073452115058899","0.3073452115058899"
"96","0.03189310058951378","0.03189310058951378","0.03189310058951378","0.16108830273151398","0.16108830273151398","0.16108830273151398","0.2582872807979584","0.2582872807979584","0.2582872807979584","0.6866061687469482","0.6866061687469482","0.6866061687469482","0.6642358303070068","0.6642358303070068","0.6642358303070068","0.4775717854499817","0.4775717854499817","0.4775717854499817","0.32210084795951843","0.32210084795951843","0.32210084795951843"
"98","0.04065591096878052","0.04065591096878052","0.04065591096878052","0.18635404109954834","0.18635404109954834","0.18635404109954834","0.2885594964027405","0.2885594964027405","0.2885594964027405","0.6807443499565125","0.6807443499565125","0.6807443499565125","0.6599564552307129","0.6599564552307129","0.6599564552307129","0.5037007331848145","0.5037007331848145","0.5037007331848145","0.33638501167297363","0.33638501167297363","0.33638501167297363"
"100","0.036950163543224335","0.036950163543224335","0.036950163543224335","0.16520273685455322","0.16520273685455322","0.16520273685455322","0.26730021834373474","0.26730021834373474","0.26730021834373474","0.6854982376098633","0.6854982376098633","0.6854982376098633","0.6543992161750793","0.6543992161750793","0.6543992161750793","0.4908944070339203","0.4908944070339203","0.4908944070339203","0.3269835412502289","0.3269835412502289","0.3269835412502289"
"102","0.03825217857956886","0.03825217857956886","0.03825217857956886","0.17023788392543793","0.17023788392543793","0.17023788392543793","0.27159184217453003","0.27159184217453003","0.27159184217453003","0.6866453886032104","0.6866453886032104","0.6866453886032104","0.6571320295333862","0.6571320295333862","0.6571320295333862","0.5091094374656677","0.5091094374656677","0.5091094374656677","0.3266940414905548","0.3266940414905548","0.3266940414905548"
"104","0.037700265645980835","0.037700265645980835","0.037700265645980835","0.1623690277338028","0.1623690277338028","0.1623690277338028","0.25595158338546753","0.25595158338546753","0.25595158338546753","0.6861476302146912","0.6861476302146912","0.6861476302146912","0.6555711030960083","0.6555711030960083","0.6555711030960083","0.5123350620269775","0.5123350620269775","0.5123350620269775","0.31001442670822144","0.31001442670822144","0.31001442670822144"
"106","0.04620286077260971","0.04620286077260971","0.04620286077260971","0.18749408423900604","0.18749408423900604","0.18749408423900604","0.284285306930542","0.284285306930542","0.284285306930542","0.685966968536377","0.685966968536377","0.685966968536377","0.6602057218551636","0.6602057218551636","0.6602057218551636","0.5154832005500793","0.5154832005500793","0.5154832005500793","0.3432905077934265","0.3432905077934265","0.3432905077934265"
"108","0.04805377125740051","0.04805377125740051","0.04805377125740051","0.1877550333738327","0.1877550333738327","0.1877550333738327","0.27719470858573914","0.27719470858573914","0.27719470858573914","0.6797935366630554","0.6797935366630554","0.6797935366630554","0.6522715091705322","0.6522715091705322","0.6522715091705322","0.5168254375457764","0.5168254375457764","0.5168254375457764","0.33060264587402344","0.33060264587402344","0.33060264587402344"
"110","0.047511667013168335","0.047511667013168335","0.047511667013168335","0.1868235468864441","0.1868235468864441","0.1868235468864441","0.28398486971855164","0.28398486971855164","0.28398486971855164","0.6795464754104614","0.6795464754104614","0.6795464754104614","0.6599299907684326","0.6599299907684326","0.6599299907684326","0.5372983813285828","0.5372983813285828","0.5372983813285828","0.3278360962867737","0.3278360962867737","0.3278360962867737"
"112","0.05150572583079338","0.05150572583079338","0.05150572583079338","0.18442541360855103","0.18442541360855103","0.18442541360855103","0.2647235095500946","0.2647235095500946","0.2647235095500946","0.6794644594192505","0.6794644594192505","0.6794644594192505","0.6459635496139526","0.6459635496139526","0.6459635496139526","0.5341379046440125","0.5341379046440125","0.5341379046440125","0.3132374882698059","0.3132374882698059","0.3132374882698059"
"114","0.056014083325862885","0.056014083325862885","0.056014083325862885","0.20099537074565887","0.20099537074565887","0.20099537074565887","0.2870551347732544","0.2870551347732544","0.2870551347732544","0.6742815971374512","0.6742815971374512","0.6742815971374512","0.6456165313720703","0.6456165313720703","0.6456165313720703","0.5224098563194275","0.5224098563194275","0.5224098563194275","0.340930312871933","0.340930312871933","0.340930312871933"
"116","0.06463582813739777","0.06463582813739777","0.06463582813739777","0.2106514871120453","0.2106514871120453","0.2106514871120453","0.294802725315094","0.294802725315094","0.294802725315094","0.6836885213851929","0.6836885213851929","0.6836885213851929","0.6493205428123474","0.6493205428123474","0.6493205428123474","0.5360105633735657","0.5360105633735657","0.5360105633735657","0.3410186469554901","0.3410186469554901","0.3410186469554901"
"118","0.06925847381353378","0.06925847381353378","0.06925847381353378","0.21612893044948578","0.21612893044948578","0.21612893044948578","0.2963327169418335","0.2963327169418335","0.2963327169418335","0.685926616191864","0.685926616191864","0.685926616191864","0.6741929054260254","0.6741929054260254","0.6741929054260254","0.565862238407135","0.565862238407135","0.565862238407135","0.3405454754829407","0.3405454754829407","0.3405454754829407"
"120","0.07360943406820297","0.07360943406820297","0.07360943406820297","0.23432695865631104","0.23432695865631104","0.23432695865631104","0.3104194104671478","0.3104194104671478","0.3104194104671478","0.6850624084472656","0.6850624084472656","0.6850624084472656","0.6777598261833191","0.6777598261833191","0.6777598261833191","0.5937802791595459","0.5937802791595459","0.5937802791595459","0.34900742769241333","0.34900742769241333","0.34900742769241333"
"122","0.06669530272483826","0.06669530272483826","0.06669530272483826","0.2024995982646942","0.2024995982646942","0.2024995982646942","0.26679515838623047","0.26679515838623047","0.26679515838623047","0.6780080795288086","0.6780080795288086","0.6780080795288086","0.6369550824165344","0.6369550824165344","0.6369550824165344","0.5201549530029297","0.5201549530029297","0.5201549530029297","0.3194136321544647","0.3194136321544647","0.3194136321544647"
"124","0.08878518640995026","0.08878518640995026","0.08878518640995026","0.24244332313537598","0.24244332313537598","0.24244332313537598","0.3165552020072937","0.3165552020072937","0.3165552020072937","0.6861304044723511","0.6861304044723511","0.6861304044723511","0.6756963729858398","0.6756963729858398","0.6756963729858398","0.5896947979927063","0.5896947979927063","0.5896947979927063","0.36200475692749023","0.36200475692749023","0.36200475692749023"
"126","0.07555481046438217","0.07555481046438217","0.07555481046438217","0.21952109038829803","0.21952109038829803","0.21952109038829803","0.2952183485031128","0.2952183485031128","0.2952183485031128","0.679217517375946","0.679217517375946","0.679217517375946","0.6557778120040894","0.6557778120040894","0.6557778120040894","0.5727711915969849","0.5727711915969849","0.5727711915969849","0.3269813656806946","0.3269813656806946","0.3269813656806946"
"128","0.09487676620483398","0.09487676620483398","0.09487676620483398","0.2459023892879486","0.2459023892879486","0.2459023892879486","0.3130316436290741","0.3130316436290741","0.3130316436290741","0.6868013143539429","0.6868013143539429","0.6868013143539429","0.6761107444763184","0.6761107444763184","0.6761107444763184","0.588448166847229","0.588448166847229","0.588448166847229","0.35694441199302673","0.35694441199302673","0.35694441199302673"
"130","0.09825488179922104","0.09825488179922104","0.09825488179922104","0.24704663455486298","0.24704663455486298","0.24704663455486298","0.31396687030792236","0.31396687030792236","0.31396687030792236","0.6893439292907715","0.6893439292907715","0.6893439292907715","0.6715244054794312","0.6715244054794312","0.6715244054794312","0.5953056216239929","0.5953056216239929","0.5953056216239929","0.3571876883506775","0.3571876883506775","0.3571876883506775"
"132","0.09808187186717987","0.09808187186717987","0.09808187186717987","0.24001553654670715","0.24001553654670715","0.24001553654670715","0.3009553551673889","0.3009553551673889","0.3009553551673889","0.6714884638786316","0.6714884638786316","0.6714884638786316","0.657770574092865","0.657770574092865","0.657770574092865","0.5744046568870544","0.5744046568870544","0.5744046568870544","0.3394843339920044","0.3394843339920044","0.3394843339920044"
"134","0.11203642189502716","0.11203642189502716","0.11203642189502716","0.261565625667572","0.261565625667572","0.261565625667572","0.312896192073822","0.312896192073822","0.312896192073822","0.6907628774642944","0.6907628774642944","0.6907628774642944","0.680682897567749","0.680682897567749","0.680682897567749","0.600361704826355","0.600361704826355","0.600361704826355","0.35836824774742126","0.35836824774742126","0.35836824774742126"
"136","0.12016502022743225","0.12016502022743225","0.12016502022743225","0.2732628583908081","0.2732628583908081","0.2732628583908081","0.3298896551132202","0.3298896551132202","0.3298896551132202","0.6903078556060791","0.6903078556060791","0.6903078556060791","0.6757673621177673","0.6757673621177673","0.6757673621177673","0.5993970632553101","0.5993970632553101","0.5993970632553101","0.3739815354347229","0.3739815354347229","0.3739815354347229"
"138","0.11941608786582947","0.11941608786582947","0.11941608786582947","0.2619648873806","0.2619648873806","0.2619648873806","0.3251960277557373","0.3251960277557373","0.3251960277557373","0.6895458102226257","0.6895458102226257","0.6895458102226257","0.677682101726532","0.677682101726532","0.677682101726532","0.6026049256324768","0.6026049256324768","0.6026049256324768","0.366264283657074","0.366264283657074","0.366264283657074"
"140","0.1343790590763092","0.1343790590763092","0.1343790590763092","0.2770063877105713","0.2770063877105713","0.2770063877105713","0.3342403769493103","0.3342403769493103","0.3342403769493103","0.6870826482772827","0.6870826482772827","0.6870826482772827","0.6810480952262878","0.6810480952262878","0.6810480952262878","0.6002520322799683","0.6002520322799683","0.6002520322799683","0.3741576075553894","0.3741576075553894","0.3741576075553894"
"142","0.12573426961898804","0.12573426961898804","0.12573426961898804","0.2714645564556122","0.2714645564556122","0.2714645564556122","0.32774901390075684","0.32774901390075684","0.32774901390075684","0.6842416524887085","0.6842416524887085","0.6842416524887085","0.6705693602561951","0.6705693602561951","0.6705693602561951","0.597380518913269","0.597380518913269","0.597380518913269","0.3620677888393402","0.3620677888393402","0.3620677888393402"
"144","0.13694289326667786","0.13694289326667786","0.13694289326667786","0.26157301664352417","0.26157301664352417","0.26157301664352417","0.33384788036346436","0.33384788036346436","0.33384788036346436","0.6889204978942871","0.6889204978942871","0.6889204978942871","0.6737912893295288","0.6737912893295288","0.6737912893295288","0.6193209886550903","0.6193209886550903","0.6193209886550903","0.36061549186706543","0.36061549186706543","0.36061549186706543"
"146","0.14027360081672668","0.14027360081672668","0.14027360081672668","0.2822878360748291","0.2822878360748291","0.2822878360748291","0.33144411444664","0.33144411444664","0.33144411444664","0.6870512962341309","0.6870512962341309","0.6870512962341309","0.682502269744873","0.682502269744873","0.682502269744873","0.6225928068161011","0.6225928068161011","0.6225928068161011","0.36465129256248474","0.36465129256248474","0.36465129256248474"
"148","0.1302575170993805","0.1302575170993805","0.1302575170993805","0.25383079051971436","0.25383079051971436","0.25383079051971436","0.3204787075519562","0.3204787075519562","0.3204787075519562","0.6801344752311707","0.6801344752311707","0.6801344752311707","0.6671346426010132","0.6671346426010132","0.6671346426010132","0.5997797846794128","0.5997797846794128","0.5997797846794128","0.3494254946708679","0.3494254946708679","0.3494254946708679"
"150","0.1495063155889511","0.1495063155889511","0.1495063155889511","0.26534003019332886","0.26534003019332886","0.26534003019332886","0.31231093406677246","0.31231093406677246","0.31231093406677246","0.6858983039855957","0.6858983039855957","0.6858983039855957","0.6773449778556824","0.6773449778556824","0.6773449778556824","0.6233011484146118","0.6233011484146118","0.6233011484146118","0.3555557131767273","0.3555557131767273","0.3555557131767273"
"152","0.16268812119960785","0.16268812119960785","0.16268812119960785","0.2832963168621063","0.2832963168621063","0.2832963168621063","0.3447219133377075","0.3447219133377075","0.3447219133377075","0.6836945414543152","0.6836945414543152","0.6836945414543152","0.6806403994560242","0.6806403994560242","0.6806403994560242","0.6305491924285889","0.6305491924285889","0.6305491924285889","0.37005746364593506","0.37005746364593506","0.37005746364593506"
"154","0.1598713994026184","0.1598713994026184","0.1598713994026184","0.2831594944000244","0.2831594944000244","0.2831594944000244","0.33387768268585205","0.33387768268585205","0.33387768268585205","0.6858815550804138","0.6858815550804138","0.6858815550804138","0.6711533069610596","0.6711533069610596","0.6711533069610596","0.5987040400505066","0.5987040400505066","0.5987040400505066","0.2777765691280365","0.2777765691280365","0.2777765691280365"
"156","0.17865440249443054","0.17865440249443054","0.17865440249443054","0.29002147912979126","0.29002147912979126","0.29002147912979126","0.33008021116256714","0.33008021116256714","0.33008021116256714","0.6856979131698608","0.6856979131698608","0.6856979131698608","0.664219081401825","0.664219081401825","0.664219081401825","0.5985937118530273","0.5985937118530273","0.5985937118530273","0.371182918548584","0.371182918548584","0.371182918548584"
"158","0.17285999655723572","0.17285999655723572","0.17285999655723572","0.2825770974159241","0.2825770974159241","0.2825770974159241","0.32658106088638306","0.32658106088638306","0.32658106088638306","0.6790558695793152","0.6790558695793152","0.6790558695793152","0.6611853241920471","0.6611853241920471","0.6611853241920471","0.6000276803970337","0.6000276803970337","0.6000276803970337","0.36102819442749023","0.36102819442749023","0.36102819442749023"
"160","0.1921463906764984","0.1921463906764984","0.1921463906764984","0.2989959716796875","0.2989959716796875","0.2989959716796875","0.3422677516937256","0.3422677516937256","0.3422677516937256","0.6894197463989258","0.6894197463989258","0.6894197463989258","0.6828060150146484","0.6828060150146484","0.6828060150146484","0.6281678676605225","0.6281678676605225","0.6281678676605225","0.3761814534664154","0.3761814534664154","0.3761814534664154"
"162","0.19168494641780853","0.19168494641780853","0.19168494641780853","0.29448315501213074","0.29448315501213074","0.29448315501213074","0.34800827503204346","0.34800827503204346","0.34800827503204346","0.6870644092559814","0.6870644092559814","0.6870644092559814","0.6828832030296326","0.6828832030296326","0.6828832030296326","0.6343817114830017","0.6343817114830017","0.6343817114830017","0.37760087847709656","0.37760087847709656","0.37760087847709656"
"164","0.2148292064666748","0.2148292064666748","0.2148292064666748","0.3114861249923706","0.3114861249923706","0.3114861249923706","0.34942007064819336","0.34942007064819336","0.34942007064819336","0.6887749433517456","0.6887749433517456","0.6887749433517456","0.6792661547660828","0.6792661547660828","0.6792661547660828","0.6219273805618286","0.6219273805618286","0.6219273805618286","0.388111412525177","0.388111412525177","0.388111412525177"
"166","0.2111864984035492","0.2111864984035492","0.2111864984035492","0.3134255111217499","0.3134255111217499","0.3134255111217499","0.3564305305480957","0.3564305305480957","0.3564305305480957","0.6896549463272095","0.6896549463272095","0.6896549463272095","0.681842029094696","0.681842029094696","0.681842029094696","0.6299201250076294","0.6299201250076294","0.6299201250076294","0.40112370252609253","0.40112370252609253","0.40112370252609253"
"168","0.20694313943386078","0.20694313943386078","0.20694313943386078","0.29901131987571716","0.29901131987571716","0.29901131987571716","0.3497319221496582","0.3497319221496582","0.3497319221496582","0.6876732707023621","0.6876732707023621","0.6876732707023621","0.6864161491394043","0.6864161491394043","0.6864161491394043","0.6423593163490295","0.6423593163490295","0.6423593163490295","0.3832870423793793","0.3832870423793793","0.3832870423793793"
"170","0.23357443511486053","0.23357443511486053","0.23357443511486053","0.317030131816864","0.317030131816864","0.317030131816864","0.3574194610118866","0.3574194610118866","0.3574194610118866","0.6900651454925537","0.6900651454925537","0.6900651454925537","0.6879017353057861","0.6879017353057861","0.6879017353057861","0.6450499296188354","0.6450499296188354","0.6450499296188354","0.3998672366142273","0.3998672366142273","0.3998672366142273"
"172","0.2292313426733017","0.2292313426733017","0.2292313426733017","0.3192927837371826","0.3192927837371826","0.3192927837371826","0.36040565371513367","0.36040565371513367","0.36040565371513367","0.6891239881515503","0.6891239881515503","0.6891239881515503","0.6777738928794861","0.6777738928794861","0.6777738928794861","0.6317876577377319","0.6317876577377319","0.6317876577377319","0.4085983633995056","0.4085983633995056","0.4085983633995056"
"174","0.2418428361415863","0.2418428361415863","0.2418428361415863","0.32470792531967163","0.32470792531967163","0.32470792531967163","0.3604907691478729","0.3604907691478729","0.3604907691478729","0.6902875900268555","0.6902875900268555","0.6902875900268555","0.6848143339157104","0.6848143339157104","0.6848143339157104","0.6397173404693604","0.6397173404693604","0.6397173404693604","0.40362024307250977","0.40362024307250977","0.40362024307250977"
"176","0.2165001481771469","0.2165001481771469","0.2165001481771469","0.30338162183761597","0.30338162183761597","0.30338162183761597","0.3506898880004883","0.3506898880004883","0.3506898880004883","0.6851602792739868","0.6851602792739868","0.6851602792739868","0.6675512194633484","0.6675512194633484","0.6675512194633484","0.6079109311103821","0.6079109311103821","0.6079109311103821","0.4009076952934265","0.4009076952934265","0.4009076952934265"
"178","0.24353449046611786","0.24353449046611786","0.24353449046611786","0.3178962171077728","0.3178962171077728","0.3178962171077728","0.36797064542770386","0.36797064542770386","0.36797064542770386","0.6861768960952759","0.6861768960952759","0.6861768960952759","0.6799182891845703","0.6799182891845703","0.6799182891845703","0.6206871271133423","0.6206871271133423","0.6206871271133423","0.3990018367767334","0.3990018367767334","0.3990018367767334"
"180","0.253824919462204","0.253824919462204","0.253824919462204","0.32880041003227234","0.32880041003227234","0.32880041003227234","0.3641303777694702","0.3641303777694702","0.3641303777694702","0.6887442469596863","0.6887442469596863","0.6887442469596863","0.6777949333190918","0.6777949333190918","0.6777949333190918","0.6295738220214844","0.6295738220214844","0.6295738220214844","0.40919995307922363","0.40919995307922363","0.40919995307922363"
"182","0.2465701550245285","0.2465701550245285","0.2465701550245285","0.3183836340904236","0.3183836340904236","0.3183836340904236","0.3490090072154999","0.3490090072154999","0.3490090072154999","0.6868427991867065","0.6868427991867065","0.6868427991867065","0.6810359954833984","0.6810359954833984","0.6810359954833984","0.6398172378540039","0.6398172378540039","0.6398172378540039","0.395608127117157","0.395608127117157","0.395608127117157"
"184","0.2579646706581116","0.2579646706581116","0.2579646706581116","0.3256458342075348","0.3256458342075348","0.3256458342075348","0.35500368475914","0.35500368475914","0.35500368475914","0.6779178977012634","0.6779178977012634","0.6779178977012634","0.658514678478241","0.658514678478241","0.658514678478241","0.6041659116744995","0.6041659116744995","0.6041659116744995","0.40491533279418945","0.40491533279418945","0.40491533279418945"
"186","0.262614905834198","0.262614905834198","0.262614905834198","0.32711049914360046","0.32711049914360046","0.32711049914360046","0.3610817790031433","0.3610817790031433","0.3610817790031433","0.6865816116333008","0.6865816116333008","0.6865816116333008","0.6708828806877136","0.6708828806877136","0.6708828806877136","0.621345579624176","0.621345579624176","0.621345579624176","0.41523799300193787","0.41523799300193787","0.41523799300193787"
"188","0.27396291494369507","0.27396291494369507","0.27396291494369507","0.3355832099914551","0.3355832099914551","0.3355832099914551","0.36352643370628357","0.36352643370628357","0.36352643370628357","0.6904878616333008","0.6904878616333008","0.6904878616333008","0.6822408437728882","0.6822408437728882","0.6822408437728882","0.6390251517295837","0.6390251517295837","0.6390251517295837","0.42834243178367615","0.42834243178367615","0.42834243178367615"
"190","0.27200451493263245","0.27200451493263245","0.27200451493263245","0.339230477809906","0.339230477809906","0.339230477809906","0.37206947803497314","0.37206947803497314","0.37206947803497314","0.6847068071365356","0.6847068071365356","0.6847068071365356","0.6729177236557007","0.6729177236557007","0.6729177236557007","0.6211673617362976","0.6211673617362976","0.6211673617362976","0.42884862422943115","0.42884862422943115","0.42884862422943115"
"192","0.26684316992759705","0.26684316992759705","0.26684316992759705","0.3205365538597107","0.3205365538597107","0.3205365538597107","0.3564804792404175","0.3564804792404175","0.3564804792404175","0.6833216547966003","0.6833216547966003","0.6833216547966003","0.6695711016654968","0.6695711016654968","0.6695711016654968","0.5972594618797302","0.5972594618797302","0.5972594618797302","0.40397584438323975","0.40397584438323975","0.40397584438323975"
"194","0.290624737739563","0.290624737739563","0.290624737739563","0.34565481543540955","0.34565481543540955","0.34565481543540955","0.37422245740890503","0.37422245740890503","0.37422245740890503","0.6910644769668579","0.6910644769668579","0.6910644769668579","0.6879419088363647","0.6879419088363647","0.6879419088363647","0.644631564617157","0.644631564617157","0.644631564617157","0.43648332357406616","0.43648332357406616","0.43648332357406616"
"196","0.2720299959182739","0.2720299959182739","0.2720299959182739","0.32759714126586914","0.32759714126586914","0.32759714126586914","0.3524237871170044","0.3524237871170044","0.3524237871170044","0.6780206561088562","0.6780206561088562","0.6780206561088562","0.6608368754386902","0.6608368754386902","0.6608368754386902","0.6034812927246094","0.6034812927246094","0.6034812927246094","0.41489338874816895","0.41489338874816895","0.41489338874816895"
"198","0.2663874328136444","0.2663874328136444","0.2663874328136444","0.3075452744960785","0.3075452744960785","0.3075452744960785","0.36613425612449646","0.36613425612449646","0.36613425612449646","0.6778694987297058","0.6778694987297058","0.6778694987297058","0.6598639488220215","0.6598639488220215","0.6598639488220215","0.5743482112884521","0.5743482112884521","0.5743482112884521","0.38354915380477905","0.38354915380477905","0.38354915380477905"
"200","0.3064025044441223","0.3064025044441223","0.3064025044441223","0.3579905927181244","0.3579905927181244","0.3579905927181244","0.38684770464897156","0.38684770464897156","0.38684770464897156","0.6827131509780884","0.6827131509780884","0.6827131509780884","0.6759763956069946","0.6759763956069946","0.6759763956069946","0.6376774311065674","0.6376774311065674","0.6376774311065674","0.45843327045440674","0.45843327045440674","0.45843327045440674"
"202","0.31504741311073303","0.31504741311073303","0.31504741311073303","0.35750576853752136","0.35750576853752136","0.35750576853752136","0.3842430114746094","0.3842430114746094","0.3842430114746094","0.6904539465904236","0.6904539465904236","0.6904539465904236","0.6894952058792114","0.6894952058792114","0.6894952058792114","0.6502088904380798","0.6502088904380798","0.6502088904380798","0.464160293340683","0.464160293340683","0.464160293340683"
"204","0.30018672347068787","0.30018672347068787","0.30018672347068787","0.3474807143211365","0.3474807143211365","0.3474807143211365","0.3753458857536316","0.3753458857536316","0.3753458857536316","0.6851770281791687","0.6851770281791687","0.6851770281791687","0.6797856092453003","0.6797856092453003","0.6797856092453003","0.6287176609039307","0.6287176609039307","0.6287176609039307","0.44773563742637634","0.44773563742637634","0.44773563742637634"
"206","0.3008498251438141","0.3008498251438141","0.3008498251438141","0.33823809027671814","0.33823809027671814","0.33823809027671814","0.3731261193752289","0.3731261193752289","0.3731261193752289","0.6882595419883728","0.6882595419883728","0.6882595419883728","0.6849275827407837","0.6849275827407837","0.6849275827407837","0.638558030128479","0.638558030128479","0.638558030128479","0.4355778694152832","0.4355778694152832","0.4355778694152832"
"208","0.2974523901939392","0.2974523901939392","0.2974523901939392","0.3338097929954529","0.3338097929954529","0.3338097929954529","0.34982356429100037","0.34982356429100037","0.34982356429100037","0.6848001480102539","0.6848001480102539","0.6848001480102539","0.6771213412284851","0.6771213412284851","0.6771213412284851","0.6488610506057739","0.6488610506057739","0.6488610506057739","0.43224281072616577","0.43224281072616577","0.43224281072616577"
"210","0.31622737646102905","0.31622737646102905","0.31622737646102905","0.35261332988739014","0.35261332988739014","0.35261332988739014","0.3746283948421478","0.3746283948421478","0.3746283948421478","0.6870543360710144","0.6870543360710144","0.6870543360710144","0.6859983801841736","0.6859983801841736","0.6859983801841736","0.6615065336227417","0.6615065336227417","0.6615065336227417","0.4701100289821625","0.4701100289821625","0.4701100289821625"
"212","0.3259755074977875","0.3259755074977875","0.3259755074977875","0.36565956473350525","0.36565956473350525","0.36565956473350525","0.38975900411605835","0.38975900411605835","0.38975900411605835","0.6782717704772949","0.6782717704772949","0.6782717704772949","0.6631467938423157","0.6631467938423157","0.6631467938423157","0.625645101070404","0.625645101070404","0.625645101070404","0.47567081451416016","0.47567081451416016","0.47567081451416016"
"214","0.31944239139556885","0.31944239139556885","0.31944239139556885","0.3545762002468109","0.3545762002468109","0.3545762002468109","0.37539780139923096","0.37539780139923096","0.37539780139923096","0.6909179091453552","0.6909179091453552","0.6909179091453552","0.6853665113449097","0.6853665113449097","0.6853665113449097","0.6476972103118896","0.6476972103118896","0.6476972103118896","0.47889822721481323","0.47889822721481323","0.47889822721481323"
"216","0.3006153404712677","0.3006153404712677","0.3006153404712677","0.3306249976158142","0.3306249976158142","0.3306249976158142","0.38115596771240234","0.38115596771240234","0.38115596771240234","0.6837848424911499","0.6837848424911499","0.6837848424911499","0.680269718170166","0.680269718170166","0.680269718170166","0.6153830289840698","0.6153830289840698","0.6153830289840698","0.4473213851451874","0.4473213851451874","0.4473213851451874"
"218","0.3324393928050995","0.3324393928050995","0.3324393928050995","0.36913391947746277","0.36913391947746277","0.36913391947746277","0.3949669301509857","0.3949669301509857","0.3949669301509857","0.6870726346969604","0.6870726346969604","0.6870726346969604","0.6786874532699585","0.6786874532699585","0.6786874532699585","0.6445156931877136","0.6445156931877136","0.6445156931877136","0.4994075298309326","0.4994075298309326","0.4994075298309326"
"220","0.33719131350517273","0.33719131350517273","0.33719131350517273","0.3699217736721039","0.3699217736721039","0.3699217736721039","0.3941928744316101","0.3941928744316101","0.3941928744316101","0.6906375885009766","0.6906375885009766","0.6906375885009766","0.6895556449890137","0.6895556449890137","0.6895556449890137","0.6625075340270996","0.6625075340270996","0.6625075340270996","0.5028479695320129","0.5028479695320129","0.5028479695320129"
"222","0.3208599090576172","0.3208599090576172","0.3208599090576172","0.34215980768203735","0.34215980768203735","0.34215980768203735","0.37482261657714844","0.37482261657714844","0.37482261657714844","0.6818298697471619","0.6818298697471619","0.6818298697471619","0.6714348196983337","0.6714348196983337","0.6714348196983337","0.6225376129150391","0.6225376129150391","0.6225376129150391","0.47347062826156616","0.47347062826156616","0.47347062826156616"
"224","0.34279319643974304","0.34279319643974304","0.34279319643974304","0.3664158284664154","0.3664158284664154","0.3664158284664154","0.3929034471511841","0.3929034471511841","0.3929034471511841","0.6891311407089233","0.6891311407089233","0.6891311407089233","0.6875764727592468","0.6875764727592468","0.6875764727592468","0.6604990363121033","0.6604990363121033","0.6604990363121033","0.5057945847511292","0.5057945847511292","0.5057945847511292"
"226","0.3314659595489502","0.3314659595489502","0.3314659595489502","0.3613382577896118","0.3613382577896118","0.3613382577896118","0.3826894760131836","0.3826894760131836","0.3826894760131836","0.6844584345817566","0.6844584345817566","0.6844584345817566","0.6729700565338135","0.6729700565338135","0.6729700565338135","0.6442567110061646","0.6442567110061646","0.6442567110061646","0.4984856843948364","0.4984856843948364","0.4984856843948364"
"228","0.33336353302001953","0.33336353302001953","0.33336353302001953","0.36121925711631775","0.36121925711631775","0.36121925711631775","0.3878287672996521","0.3878287672996521","0.3878287672996521","0.6848030090332031","0.6848030090332031","0.6848030090332031","0.6730296015739441","0.6730296015739441","0.6730296015739441","0.6445193290710449","0.6445193290710449","0.6445193290710449","0.49671170115470886","0.49671170115470886","0.49671170115470886"
"230","0.3533500134944916","0.3533500134944916","0.3533500134944916","0.3690234124660492","0.3690234124660492","0.3690234124660492","0.4036838412284851","0.4036838412284851","0.4036838412284851","0.6860160231590271","0.6860160231590271","0.6860160231590271","0.6803178787231445","0.6803178787231445","0.6803178787231445","0.6288564801216125","0.6288564801216125","0.6288564801216125","0.5024874806404114","0.5024874806404114","0.5024874806404114"