"Step","VOWELS_FILTER_b40_DUAL_bs16 - cross_entropy_positive_z","VOWELS_FILTER_b40_DUAL_bs16 - cross_entropy_positive_z__MIN","VOWELS_FILTER_b40_DUAL_bs16 - cross_entropy_positive_z__MAX","VOWELS_FILTER_b20_DUAL_bs16 - cross_entropy_positive_z","VOWELS_FILTER_b20_DUAL_bs16 - cross_entropy_positive_z__MIN","VOWELS_FILTER_b20_DUAL_bs16 - cross_entropy_positive_z__MAX","VOWELS_FILTER_b10_DUAL_bs16 - cross_entropy_positive_z","VOWELS_FILTER_b10_DUAL_bs16 - cross_entropy_positive_z__MIN","VOWELS_FILTER_b10_DUAL_bs16 - cross_entropy_positive_z__MAX","VOWELS_FILTER_b0_DUAL_bs16 - cross_entropy_positive_z","VOWELS_FILTER_b0_DUAL_bs16 - cross_entropy_positive_z__MIN","VOWELS_FILTER_b0_DUAL_bs16 - cross_entropy_positive_z__MAX","VOWELS_FILTER_b0.1_DUAL_bs16 - cross_entropy_positive_z","VOWELS_FILTER_b0.1_DUAL_bs16 - cross_entropy_positive_z__MIN","VOWELS_FILTER_b0.1_DUAL_bs16 - cross_entropy_positive_z__MAX","VOWELS_FILTER_b1_DUAL_bs16 - cross_entropy_positive_z","VOWELS_FILTER_b1_DUAL_bs16 - cross_entropy_positive_z__MIN","VOWELS_FILTER_b1_DUAL_bs16 - cross_entropy_positive_z__MAX","VOWELS_FILTER_B5_DEFAULTS_DUAL_bs16 - cross_entropy_positive_z","VOWELS_FILTER_B5_DEFAULTS_DUAL_bs16 - cross_entropy_positive_z__MIN","VOWELS_FILTER_B5_DEFAULTS_DUAL_bs16 - cross_entropy_positive_z__MAX"
"0","0.13337038457393646","0.13337038457393646","0.13337038457393646","0.1333809643983841","0.1333809643983841","0.1333809643983841","0.13340383768081665","0.13340383768081665","0.13340383768081665","0.18129053711891174","0.18129053711891174","0.18129053711891174","0.15305127203464508","0.15305127203464508","0.15305127203464508","0.13722848892211914","0.13722848892211914","0.13722848892211914","0.1334482729434967","0.1334482729434967","0.1334482729434967"
"2","0.0901976227760315","0.0901976227760315","0.0901976227760315","0.09027079492807388","0.09027079492807388","0.09027079492807388","0.09040644764900208","0.09040644764900208","0.09040644764900208","0.34661003947257996","0.34661003947257996","0.34661003947257996","0.13631214201450348","0.13631214201450348","0.13631214201450348","0.10368604212999344","0.10368604212999344","0.10368604212999344","0.09069515764713287","0.09069515764713287","0.09069515764713287"
"4","0.06126784533262253","0.06126784533262253","0.06126784533262253","0.06151684746146202","0.06151684746146202","0.06151684746146202","0.06194455176591873","0.06194455176591873","0.06194455176591873","1.4543918371200562","1.4543918371200562","1.4543918371200562","0.13329575955867767","0.13329575955867767","0.13329575955867767","0.07869791984558105","0.07869791984558105","0.07869791984558105","0.06281927973031998","0.06281927973031998","0.06281927973031998"
"6","0.046571046113967896","0.046571046113967896","0.046571046113967896","0.04705202206969261","0.04705202206969261","0.04705202206969261","0.048226162791252136","0.048226162791252136","0.048226162791252136","0.7593487501144409","0.7593487501144409","0.7593487501144409","1.081352949142456","1.081352949142456","1.081352949142456","0.07621157169342041","0.07621157169342041","0.07621157169342041","0.050982121378183365","0.050982121378183365","0.050982121378183365"
"8","0.03658616915345192","0.03658616915345192","0.03658616915345192","0.03803128004074097","0.03803128004074097","0.03803128004074097","0.04193924367427826","0.04193924367427826","0.04193924367427826","1.3905125856399536","1.3905125856399536","1.3905125856399536","1.6160744428634644","1.6160744428634644","1.6160744428634644","0.18536409735679626","0.18536409735679626","0.18536409735679626","0.05563700199127197","0.05563700199127197","0.05563700199127197"
"10","0.0323997400701046","0.0323997400701046","0.0323997400701046","0.03692808002233505","0.03692808002233505","0.03692808002233505","0.053978610783815384","0.053978610783815384","0.053978610783815384","1.82907235622406","1.82907235622406","1.82907235622406","1.732846736907959","1.732846736907959","1.732846736907959","1.0508966445922852","1.0508966445922852","1.0508966445922852","0.10755343735218048","0.10755343735218048","0.10755343735218048"
"12","0.03097626194357872","0.03097626194357872","0.03097626194357872","0.046165455132722855","0.046165455132722855","0.046165455132722855","0.0886203944683075","0.0886203944683075","0.0886203944683075","1.8336460590362549","1.8336460590362549","1.8336460590362549","1.7450501918792725","1.7450501918792725","1.7450501918792725","1.5187554359436035","1.5187554359436035","1.5187554359436035","0.1823662519454956","0.1823662519454956","0.1823662519454956"
"14","0.0377611368894577","0.0377611368894577","0.0377611368894577","0.06850504875183105","0.06850504875183105","0.06850504875183105","0.13034825026988983","0.13034825026988983","0.13034825026988983","8.044257164001465","8.044257164001465","8.044257164001465","1.7665150165557861","1.7665150165557861","1.7665150165557861","7.690898895263672","7.690898895263672","7.690898895263672","0.28288939595222473","0.28288939595222473","0.28288939595222473"
"16","0.04657916724681854","0.04657916724681854","0.04657916724681854","0.08451028913259506","0.08451028913259506","0.08451028913259506","0.162684366106987","0.162684366106987","0.162684366106987","1.772141695022583","1.772141695022583","1.772141695022583","1.664397954940796","1.664397954940796","1.664397954940796","1.5473785400390625","1.5473785400390625","1.5473785400390625","0.3801647424697876","0.3801647424697876","0.3801647424697876"
"18","0.05737317353487015","0.05737317353487015","0.05737317353487015","0.10879893600940704","0.10879893600940704","0.10879893600940704","0.21799340844154358","0.21799340844154358","0.21799340844154358","1.8622772693634033","1.8622772693634033","1.8622772693634033","2.0273611545562744","2.0273611545562744","2.0273611545562744","1.8281558752059937","1.8281558752059937","1.8281558752059937","0.5577297210693359","0.5577297210693359","0.5577297210693359"
"20","0.06057465076446533","0.06057465076446533","0.06057465076446533","0.11667183041572571","0.11667183041572571","0.11667183041572571","0.24423018097877502","0.24423018097877502","0.24423018097877502","1.7843873500823975","1.7843873500823975","1.7843873500823975","1.6623752117156982","1.6623752117156982","1.6623752117156982","1.5920943021774292","1.5920943021774292","1.5920943021774292","0.6323193311691284","0.6323193311691284","0.6323193311691284"
"22","0.07178682088851929","0.07178682088851929","0.07178682088851929","0.13940811157226562","0.13940811157226562","0.13940811157226562","0.2999621331691742","0.2999621331691742","0.2999621331691742","1.8399029970169067","1.8399029970169067","1.8399029970169067","1.7688602209091187","1.7688602209091187","1.7688602209091187","1.6517951488494873","1.6517951488494873","1.6517951488494873","0.7965244650840759","0.7965244650840759","0.7965244650840759"
"24","0.07136997580528259","0.07136997580528259","0.07136997580528259","0.13717105984687805","0.13717105984687805","0.13717105984687805","0.32972627878189087","0.32972627878189087","0.32972627878189087","1.7505383491516113","1.7505383491516113","1.7505383491516113","1.874722957611084","1.874722957611084","1.874722957611084","1.718179702758789","1.718179702758789","1.718179702758789","0.8483567237854004","0.8483567237854004","0.8483567237854004"
"26","0.08077871799468994","0.08077871799468994","0.08077871799468994","0.15684819221496582","0.15684819221496582","0.15684819221496582","0.39087530970573425","0.39087530970573425","0.39087530970573425","1.8010895252227783","1.8010895252227783","1.8010895252227783","1.7966976165771484","1.7966976165771484","1.7966976165771484","1.6764837503433228","1.6764837503433228","1.6764837503433228","0.9738460779190063","0.9738460779190063","0.9738460779190063"
"28","0.08607160300016403","0.08607160300016403","0.08607160300016403","0.16316811740398407","0.16316811740398407","0.16316811740398407","0.39127445220947266","0.39127445220947266","0.39127445220947266","1.8189231157302856","1.8189231157302856","1.8189231157302856","1.8260760307312012","1.8260760307312012","1.8260760307312012","1.797908067703247","1.797908067703247","1.797908067703247","0.9654619693756104","0.9654619693756104","0.9654619693756104"
"30","0.08173470944166183","0.08173470944166183","0.08173470944166183","0.15624573826789856","0.15624573826789856","0.15624573826789856","0.4032962918281555","0.4032962918281555","0.4032962918281555","1.6895642280578613","1.6895642280578613","1.6895642280578613","1.7751550674438477","1.7751550674438477","1.7751550674438477","1.618667721748352","1.618667721748352","1.618667721748352","0.9079999327659607","0.9079999327659607","0.9079999327659607"
"32","0.08582668751478195","0.08582668751478195","0.08582668751478195","0.19317948818206787","0.19317948818206787","0.19317948818206787","0.40509355068206787","0.40509355068206787","0.40509355068206787","1.6685396432876587","1.6685396432876587","1.6685396432876587","1.6920151710510254","1.6920151710510254","1.6920151710510254","1.550972819328308","1.550972819328308","1.550972819328308","0.8787918090820312","0.8787918090820312","0.8787918090820312"
"34","0.0948270708322525","0.0948270708322525","0.0948270708322525","0.17835378646850586","0.17835378646850586","0.17835378646850586","0.511147677898407","0.511147677898407","0.511147677898407","1.7227771282196045","1.7227771282196045","1.7227771282196045","1.8951716423034668","1.8951716423034668","1.8951716423034668","1.7671871185302734","1.7671871185302734","1.7671871185302734","1.1439299583435059","1.1439299583435059","1.1439299583435059"
"36","0.09578795731067657","0.09578795731067657","0.09578795731067657","0.207078218460083","0.207078218460083","0.207078218460083","0.40130773186683655","0.40130773186683655","0.40130773186683655","1.667074203491211","1.667074203491211","1.667074203491211","1.5476371049880981","1.5476371049880981","1.5476371049880981","1.4541049003601074","1.4541049003601074","1.4541049003601074","0.7757700085639954","0.7757700085639954","0.7757700085639954"
"38","0.10829559713602066","0.10829559713602066","0.10829559713602066","0.24861642718315125","0.24861642718315125","0.24861642718315125","0.5582789778709412","0.5582789778709412","0.5582789778709412","1.6594343185424805","1.6594343185424805","1.6594343185424805","1.657547950744629","1.657547950744629","1.657547950744629","1.7437844276428223","1.7437844276428223","1.7437844276428223","1.0111687183380127","1.0111687183380127","1.0111687183380127"
"40","0.1062663123011589","0.1062663123011589","0.1062663123011589","0.2266184240579605","0.2266184240579605","0.2266184240579605","0.5302733778953552","0.5302733778953552","0.5302733778953552","1.6442742347717285","1.6442742347717285","1.6442742347717285","1.5361554622650146","1.5361554622650146","1.5361554622650146","1.5509917736053467","1.5509917736053467","1.5509917736053467","1.2491424083709717","1.2491424083709717","1.2491424083709717"
"42","0.11286693066358566","0.11286693066358566","0.11286693066358566","0.24715879559516907","0.24715879559516907","0.24715879559516907","0.6402192115783691","0.6402192115783691","0.6402192115783691","1.520923137664795","1.520923137664795","1.520923137664795","1.4267516136169434","1.4267516136169434","1.4267516136169434","1.4464774131774902","1.4464774131774902","1.4464774131774902","1.388397455215454","1.388397455215454","1.388397455215454"
"44","0.12388382852077484","0.12388382852077484","0.12388382852077484","0.2611125707626343","0.2611125707626343","0.2611125707626343","0.626618504524231","0.626618504524231","0.626618504524231","1.5159823894500732","1.5159823894500732","1.5159823894500732","1.444471001625061","1.444471001625061","1.444471001625061","1.500492811203003","1.500492811203003","1.500492811203003","1.3227269649505615","1.3227269649505615","1.3227269649505615"
"46","0.14165550470352173","0.14165550470352173","0.14165550470352173","0.312873899936676","0.312873899936676","0.312873899936676","0.7337239384651184","0.7337239384651184","0.7337239384651184","1.6239348649978638","1.6239348649978638","1.6239348649978638","1.5525896549224854","1.5525896549224854","1.5525896549224854","1.7980706691741943","1.7980706691741943","1.7980706691741943","1.38309645652771","1.38309645652771","1.38309645652771"
"48","0.14004258811473846","0.14004258811473846","0.14004258811473846","0.33909347653388977","0.33909347653388977","0.33909347653388977","0.8541299104690552","0.8541299104690552","0.8541299104690552","1.6416449546813965","1.6416449546813965","1.6416449546813965","1.5768789052963257","1.5768789052963257","1.5768789052963257","1.6422512531280518","1.6422512531280518","1.6422512531280518","1.3579609394073486","1.3579609394073486","1.3579609394073486"
"50","0.14492851495742798","0.14492851495742798","0.14492851495742798","0.36915212869644165","0.36915212869644165","0.36915212869644165","0.9041383266448975","0.9041383266448975","0.9041383266448975","1.6256139278411865","1.6256139278411865","1.6256139278411865","1.5170212984085083","1.5170212984085083","1.5170212984085083","1.5940430164337158","1.5940430164337158","1.5940430164337158","1.3589414358139038","1.3589414358139038","1.3589414358139038"
"52","0.18984490633010864","0.18984490633010864","0.18984490633010864","0.4366934895515442","0.4366934895515442","0.4366934895515442","0.9560692310333252","0.9560692310333252","0.9560692310333252","1.5966482162475586","1.5966482162475586","1.5966482162475586","1.5501270294189453","1.5501270294189453","1.5501270294189453","1.8965637683868408","1.8965637683868408","1.8965637683868408","1.6678850650787354","1.6678850650787354","1.6678850650787354"
"54","0.17448976635932922","0.17448976635932922","0.17448976635932922","0.31675097346305847","0.31675097346305847","0.31675097346305847","0.846589982509613","0.846589982509613","0.846589982509613","1.618090271949768","1.618090271949768","1.618090271949768","1.5617125034332275","1.5617125034332275","1.5617125034332275","1.754124402999878","1.754124402999878","1.754124402999878","1.479384422302246","1.479384422302246","1.479384422302246"
"56","0.19793398678302765","0.19793398678302765","0.19793398678302765","0.2848106622695923","0.2848106622695923","0.2848106622695923","0.969910740852356","0.969910740852356","0.969910740852356","1.6390745639801025","1.6390745639801025","1.6390745639801025","1.6025341749191284","1.6025341749191284","1.6025341749191284","1.665686845779419","1.665686845779419","1.665686845779419","1.2499583959579468","1.2499583959579468","1.2499583959579468"
"58","0.21952837705612183","0.21952837705612183","0.21952837705612183","0.4721040725708008","0.4721040725708008","0.4721040725708008","1.1975864171981812","1.1975864171981812","1.1975864171981812","1.4460450410842896","1.4460450410842896","1.4460450410842896","1.44752836227417","1.44752836227417","1.44752836227417","1.69439697265625","1.69439697265625","1.69439697265625","1.0208810567855835","1.0208810567855835","1.0208810567855835"
"60","0.22622957825660706","0.22622957825660706","0.22622957825660706","0.5933685302734375","0.5933685302734375","0.5933685302734375","1.356400489807129","1.356400489807129","1.356400489807129","1.4488052129745483","1.4488052129745483","1.4488052129745483","1.4246902465820312","1.4246902465820312","1.4246902465820312","1.6973413228988647","1.6973413228988647","1.6973413228988647","1.2705270051956177","1.2705270051956177","1.2705270051956177"
"62","0.17495191097259521","0.17495191097259521","0.17495191097259521","0.42612311244010925","0.42612311244010925","0.42612311244010925","1.2836196422576904","1.2836196422576904","1.2836196422576904","1.7019387483596802","1.7019387483596802","1.7019387483596802","1.6314491033554077","1.6314491033554077","1.6314491033554077","1.9141767024993896","1.9141767024993896","1.9141767024993896","0.9561053514480591","0.9561053514480591","0.9561053514480591"
"64","0.2789580821990967","0.2789580821990967","0.2789580821990967","0.5044972896575928","0.5044972896575928","0.5044972896575928","1.3045580387115479","1.3045580387115479","1.3045580387115479","1.5820602178573608","1.5820602178573608","1.5820602178573608","1.4806771278381348","1.4806771278381348","1.4806771278381348","1.5992919206619263","1.5992919206619263","1.5992919206619263","1.4194202423095703","1.4194202423095703","1.4194202423095703"
"66","0.26235997676849365","0.26235997676849365","0.26235997676849365","0.6955764293670654","0.6955764293670654","0.6955764293670654","1.356308937072754","1.356308937072754","1.356308937072754","1.4271025657653809","1.4271025657653809","1.4271025657653809","1.3697569370269775","1.3697569370269775","1.3697569370269775","1.700787901878357","1.700787901878357","1.700787901878357","1.4551140069961548","1.4551140069961548","1.4551140069961548"
"68","0.291001558303833","0.291001558303833","0.291001558303833","0.8470494747161865","0.8470494747161865","0.8470494747161865","1.276738166809082","1.276738166809082","1.276738166809082","1.6062500476837158","1.6062500476837158","1.6062500476837158","1.683465838432312","1.683465838432312","1.683465838432312","1.7745906114578247","1.7745906114578247","1.7745906114578247","1.456104040145874","1.456104040145874","1.456104040145874"
"70","0.1756076067686081","0.1756076067686081","0.1756076067686081","0.6630404591560364","0.6630404591560364","0.6630404591560364","1.22609543800354","1.22609543800354","1.22609543800354","1.557163953781128","1.557163953781128","1.557163953781128","1.5905003547668457","1.5905003547668457","1.5905003547668457","1.9163180589675903","1.9163180589675903","1.9163180589675903","1.5129249095916748","1.5129249095916748","1.5129249095916748"
"72","0.1478503793478012","0.1478503793478012","0.1478503793478012","0.7177302837371826","0.7177302837371826","0.7177302837371826","1.555321455001831","1.555321455001831","1.555321455001831","1.5594874620437622","1.5594874620437622","1.5594874620437622","1.5158917903900146","1.5158917903900146","1.5158917903900146","1.7402809858322144","1.7402809858322144","1.7402809858322144","1.3449591398239136","1.3449591398239136","1.3449591398239136"
"74","0.32147836685180664","0.32147836685180664","0.32147836685180664","0.6727470755577087","0.6727470755577087","0.6727470755577087","1.6007870435714722","1.6007870435714722","1.6007870435714722","1.4720587730407715","1.4720587730407715","1.4720587730407715","1.4575376510620117","1.4575376510620117","1.4575376510620117","1.7373517751693726","1.7373517751693726","1.7373517751693726","1.3239216804504395","1.3239216804504395","1.3239216804504395"
"76","0.18664506077766418","0.18664506077766418","0.18664506077766418","0.9684876203536987","0.9684876203536987","0.9684876203536987","1.3356152772903442","1.3356152772903442","1.3356152772903442","1.6375044584274292","1.6375044584274292","1.6375044584274292","1.6384832859039307","1.6384832859039307","1.6384832859039307","1.7937989234924316","1.7937989234924316","1.7937989234924316","1.320343017578125","1.320343017578125","1.320343017578125"
"78","0.2988930344581604","0.2988930344581604","0.2988930344581604","0.6206178069114685","0.6206178069114685","0.6206178069114685","1.4813578128814697","1.4813578128814697","1.4813578128814697","1.2775464057922363","1.2775464057922363","1.2775464057922363","1.3577072620391846","1.3577072620391846","1.3577072620391846","1.8275617361068726","1.8275617361068726","1.8275617361068726","1.1957600116729736","1.1957600116729736","1.1957600116729736"
"80","0.46394574642181396","0.46394574642181396","0.46394574642181396","0.49413448572158813","0.49413448572158813","0.49413448572158813","1.3302913904190063","1.3302913904190063","1.3302913904190063","1.5282329320907593","1.5282329320907593","1.5282329320907593","1.521472692489624","1.521472692489624","1.521472692489624","1.7471601963043213","1.7471601963043213","1.7471601963043213","1.6821123361587524","1.6821123361587524","1.6821123361587524"
"82","0.357366681098938","0.357366681098938","0.357366681098938","1.1637349128723145","1.1637349128723145","1.1637349128723145","1.5675468444824219","1.5675468444824219","1.5675468444824219","1.0721232891082764","1.0721232891082764","1.0721232891082764","1.1735881567001343","1.1735881567001343","1.1735881567001343","1.8015689849853516","1.8015689849853516","1.8015689849853516","1.5755336284637451","1.5755336284637451","1.5755336284637451"
"84","0.1982802003622055","0.1982802003622055","0.1982802003622055","1.081322193145752","1.081322193145752","1.081322193145752","1.3928874731063843","1.3928874731063843","1.3928874731063843","1.3578846454620361","1.3578846454620361","1.3578846454620361","1.3532794713974","1.3532794713974","1.3532794713974","1.6180545091629028","1.6180545091629028","1.6180545091629028","1.4547345638275146","1.4547345638275146","1.4547345638275146"
"86","0.2562507390975952","0.2562507390975952","0.2562507390975952","0.8057020306587219","0.8057020306587219","0.8057020306587219","1.4061598777770996","1.4061598777770996","1.4061598777770996","1.5742628574371338","1.5742628574371338","1.5742628574371338","1.4438427686691284","1.4438427686691284","1.4438427686691284","1.7413159608840942","1.7413159608840942","1.7413159608840942","1.4138541221618652","1.4138541221618652","1.4138541221618652"
"88","0.4284951686859131","0.4284951686859131","0.4284951686859131","0.7707951068878174","0.7707951068878174","0.7707951068878174","1.2063250541687012","1.2063250541687012","1.2063250541687012","1.2036254405975342","1.2036254405975342","1.2036254405975342","1.2662341594696045","1.2662341594696045","1.2662341594696045","1.5710477828979492","1.5710477828979492","1.5710477828979492","1.3606973886489868","1.3606973886489868","1.3606973886489868"
"90","0.5080546140670776","0.5080546140670776","0.5080546140670776","1.1254724264144897","1.1254724264144897","1.1254724264144897","1.3731164932250977","1.3731164932250977","1.3731164932250977","1.4526206254959106","1.4526206254959106","1.4526206254959106","1.5024921894073486","1.5024921894073486","1.5024921894073486","1.7777316570281982","1.7777316570281982","1.7777316570281982","1.462332844734192","1.462332844734192","1.462332844734192"
"92","0.5209680795669556","0.5209680795669556","0.5209680795669556","1.1127700805664062","1.1127700805664062","1.1127700805664062","1.2670302391052246","1.2670302391052246","1.2670302391052246","1.4748671054840088","1.4748671054840088","1.4748671054840088","1.555931568145752","1.555931568145752","1.555931568145752","1.6545686721801758","1.6545686721801758","1.6545686721801758","1.423919439315796","1.423919439315796","1.423919439315796"
"94","0.4196394085884094","0.4196394085884094","0.4196394085884094","0.9936468601226807","0.9936468601226807","0.9936468601226807","1.5846903324127197","1.5846903324127197","1.5846903324127197","1.5747623443603516","1.5747623443603516","1.5747623443603516","1.5644150972366333","1.5644150972366333","1.5644150972366333","1.644330382347107","1.644330382347107","1.644330382347107","1.5017844438552856","1.5017844438552856","1.5017844438552856"
"96","0.5123792886734009","0.5123792886734009","0.5123792886734009","1.065534234046936","1.065534234046936","1.065534234046936","1.3416838645935059","1.3416838645935059","1.3416838645935059","1.3292557001113892","1.3292557001113892","1.3292557001113892","1.425715446472168","1.425715446472168","1.425715446472168","1.643646240234375","1.643646240234375","1.643646240234375","1.5242884159088135","1.5242884159088135","1.5242884159088135"
"98","0.721990704536438","0.721990704536438","0.721990704536438","1.4064805507659912","1.4064805507659912","1.4064805507659912","1.5050417184829712","1.5050417184829712","1.5050417184829712","1.4627424478530884","1.4627424478530884","1.4627424478530884","1.4904993772506714","1.4904993772506714","1.4904993772506714","1.73661208152771","1.73661208152771","1.73661208152771","1.5953961610794067","1.5953961610794067","1.5953961610794067"
"100","0.7461862564086914","0.7461862564086914","0.7461862564086914","1.2263940572738647","1.2263940572738647","1.2263940572738647","1.5501476526260376","1.5501476526260376","1.5501476526260376","1.418712854385376","1.418712854385376","1.418712854385376","1.4739017486572266","1.4739017486572266","1.4739017486572266","1.711581826210022","1.711581826210022","1.711581826210022","1.2872004508972168","1.2872004508972168","1.2872004508972168"
"102","0.5506240725517273","0.5506240725517273","0.5506240725517273","1.2802014350891113","1.2802014350891113","1.2802014350891113","1.3133788108825684","1.3133788108825684","1.3133788108825684","1.3808958530426025","1.3808958530426025","1.3808958530426025","1.3860599994659424","1.3860599994659424","1.3860599994659424","1.6503653526306152","1.6503653526306152","1.6503653526306152","1.4890879392623901","1.4890879392623901","1.4890879392623901"
"104","0.6057592630386353","0.6057592630386353","0.6057592630386353","0.8374024629592896","0.8374024629592896","0.8374024629592896","1.4846186637878418","1.4846186637878418","1.4846186637878418","1.3055579662322998","1.3055579662322998","1.3055579662322998","1.339293360710144","1.339293360710144","1.339293360710144","1.581676721572876","1.581676721572876","1.581676721572876","1.4869093894958496","1.4869093894958496","1.4869093894958496"
"106","0.6807608604431152","0.6807608604431152","0.6807608604431152","1.044567584991455","1.044567584991455","1.044567584991455","1.2706472873687744","1.2706472873687744","1.2706472873687744","1.4525542259216309","1.4525542259216309","1.4525542259216309","1.4102168083190918","1.4102168083190918","1.4102168083190918","1.8939379453659058","1.8939379453659058","1.8939379453659058","1.6295411586761475","1.6295411586761475","1.6295411586761475"
"108","0.7905902862548828","0.7905902862548828","0.7905902862548828","1.0330580472946167","1.0330580472946167","1.0330580472946167","1.3618619441986084","1.3618619441986084","1.3618619441986084","1.4474941492080688","1.4474941492080688","1.4474941492080688","1.407898187637329","1.407898187637329","1.407898187637329","1.7361136674880981","1.7361136674880981","1.7361136674880981","1.5479838848114014","1.5479838848114014","1.5479838848114014"
"110","0.7067841291427612","0.7067841291427612","0.7067841291427612","1.335549235343933","1.335549235343933","1.335549235343933","1.3847943544387817","1.3847943544387817","1.3847943544387817","1.6235928535461426","1.6235928535461426","1.6235928535461426","1.7666045427322388","1.7666045427322388","1.7666045427322388","1.6650075912475586","1.6650075912475586","1.6650075912475586","1.5935354232788086","1.5935354232788086","1.5935354232788086"
"112","0.603240966796875","0.603240966796875","0.603240966796875","1.4556870460510254","1.4556870460510254","1.4556870460510254","1.2771105766296387","1.2771105766296387","1.2771105766296387","1.4336150884628296","1.4336150884628296","1.4336150884628296","1.4679585695266724","1.4679585695266724","1.4679585695266724","1.8158506155014038","1.8158506155014038","1.8158506155014038","1.4667197465896606","1.4667197465896606","1.4667197465896606"
"114","0.8631502389907837","0.8631502389907837","0.8631502389907837","1.1327993869781494","1.1327993869781494","1.1327993869781494","1.375350832939148","1.375350832939148","1.375350832939148","1.4658234119415283","1.4658234119415283","1.4658234119415283","1.3967901468276978","1.3967901468276978","1.3967901468276978","1.6262537240982056","1.6262537240982056","1.6262537240982056","1.287081003189087","1.287081003189087","1.287081003189087"
"116","0.8207643032073975","0.8207643032073975","0.8207643032073975","1.1324987411499023","1.1324987411499023","1.1324987411499023","1.6159543991088867","1.6159543991088867","1.6159543991088867","1.4507710933685303","1.4507710933685303","1.4507710933685303","1.3650834560394287","1.3650834560394287","1.3650834560394287","1.6262773275375366","1.6262773275375366","1.6262773275375366","1.520275592803955","1.520275592803955","1.520275592803955"
"118","0.6965259909629822","0.6965259909629822","0.6965259909629822","1.196921706199646","1.196921706199646","1.196921706199646","1.2983745336532593","1.2983745336532593","1.2983745336532593","1.3700388669967651","1.3700388669967651","1.3700388669967651","1.2933547496795654","1.2933547496795654","1.2933547496795654","1.6914623975753784","1.6914623975753784","1.6914623975753784","1.5095981359481812","1.5095981359481812","1.5095981359481812"
"120","0.9187062382698059","0.9187062382698059","0.9187062382698059","1.255083441734314","1.255083441734314","1.255083441734314","1.5608125925064087","1.5608125925064087","1.5608125925064087","1.4382773637771606","1.4382773637771606","1.4382773637771606","1.480015516281128","1.480015516281128","1.480015516281128","1.5974434614181519","1.5974434614181519","1.5974434614181519","1.3963005542755127","1.3963005542755127","1.3963005542755127"
"122","0.8217487335205078","0.8217487335205078","0.8217487335205078","1.2606217861175537","1.2606217861175537","1.2606217861175537","1.363097906112671","1.363097906112671","1.363097906112671","1.3129888772964478","1.3129888772964478","1.3129888772964478","1.3664718866348267","1.3664718866348267","1.3664718866348267","1.6466975212097168","1.6466975212097168","1.6466975212097168","1.5954678058624268","1.5954678058624268","1.5954678058624268"
"124","0.9025241732597351","0.9025241732597351","0.9025241732597351","1.2665278911590576","1.2665278911590576","1.2665278911590576","1.4421281814575195","1.4421281814575195","1.4421281814575195","1.5374042987823486","1.5374042987823486","1.5374042987823486","1.4168437719345093","1.4168437719345093","1.4168437719345093","1.6179896593093872","1.6179896593093872","1.6179896593093872","1.415313720703125","1.415313720703125","1.415313720703125"
"126","0.7597707509994507","0.7597707509994507","0.7597707509994507","1.2649608850479126","1.2649608850479126","1.2649608850479126","1.3855502605438232","1.3855502605438232","1.3855502605438232","1.5932729244232178","1.5932729244232178","1.5932729244232178","1.6709644794464111","1.6709644794464111","1.6709644794464111","1.7359323501586914","1.7359323501586914","1.7359323501586914","1.458107829093933","1.458107829093933","1.458107829093933"
"128","1.046067237854004","1.046067237854004","1.046067237854004","1.475599765777588","1.475599765777588","1.475599765777588","1.6286561489105225","1.6286561489105225","1.6286561489105225","1.5177472829818726","1.5177472829818726","1.5177472829818726","1.442805528640747","1.442805528640747","1.442805528640747","1.6686148643493652","1.6686148643493652","1.6686148643493652","1.5807502269744873","1.5807502269744873","1.5807502269744873"
"130","0.639487624168396","0.639487624168396","0.639487624168396","1.3906655311584473","1.3906655311584473","1.3906655311584473","1.4228687286376953","1.4228687286376953","1.4228687286376953","1.5489388704299927","1.5489388704299927","1.5489388704299927","1.5790841579437256","1.5790841579437256","1.5790841579437256","1.7573268413543701","1.7573268413543701","1.7573268413543701","1.6578584909439087","1.6578584909439087","1.6578584909439087"
"132","1.048092007637024","1.048092007637024","1.048092007637024","1.5217777490615845","1.5217777490615845","1.5217777490615845","1.4997777938842773","1.4997777938842773","1.4997777938842773","1.4248944520950317","1.4248944520950317","1.4248944520950317","1.5046942234039307","1.5046942234039307","1.5046942234039307","1.6518512964248657","1.6518512964248657","1.6518512964248657","1.567950963973999","1.567950963973999","1.567950963973999"
"134","0.715989351272583","0.715989351272583","0.715989351272583","1.626302719116211","1.626302719116211","1.626302719116211","1.6489477157592773","1.6489477157592773","1.6489477157592773","1.461047887802124","1.461047887802124","1.461047887802124","1.4668612480163574","1.4668612480163574","1.4668612480163574","1.7115263938903809","1.7115263938903809","1.7115263938903809","1.5410656929016113","1.5410656929016113","1.5410656929016113"
"136","0.907245397567749","0.907245397567749","0.907245397567749","1.4730151891708374","1.4730151891708374","1.4730151891708374","1.555904746055603","1.555904746055603","1.555904746055603","1.4097107648849487","1.4097107648849487","1.4097107648849487","1.4776633977890015","1.4776633977890015","1.4776633977890015","1.7866054773330688","1.7866054773330688","1.7866054773330688","1.644433856010437","1.644433856010437","1.644433856010437"
"138","0.7397202849388123","0.7397202849388123","0.7397202849388123","1.2894833087921143","1.2894833087921143","1.2894833087921143","0.6493310928344727","0.6493310928344727","0.6493310928344727","1.4425959587097168","1.4425959587097168","1.4425959587097168","1.517850399017334","1.517850399017334","1.517850399017334","1.6327943801879883","1.6327943801879883","1.6327943801879883","1.5364055633544922","1.5364055633544922","1.5364055633544922"
"140","0.9321148991584778","0.9321148991584778","0.9321148991584778","1.384516954421997","1.384516954421997","1.384516954421997","1.5099457502365112","1.5099457502365112","1.5099457502365112","1.5466474294662476","1.5466474294662476","1.5466474294662476","1.6028878688812256","1.6028878688812256","1.6028878688812256","1.8506677150726318","1.8506677150726318","1.8506677150726318","1.5175225734710693","1.5175225734710693","1.5175225734710693"
"142","1.011264443397522","1.011264443397522","1.011264443397522","1.4022983312606812","1.4022983312606812","1.4022983312606812","1.3356733322143555","1.3356733322143555","1.3356733322143555","1.423912525177002","1.423912525177002","1.423912525177002","1.3860349655151367","1.3860349655151367","1.3860349655151367","1.5952448844909668","1.5952448844909668","1.5952448844909668","1.668717861175537","1.668717861175537","1.668717861175537"
"144","1.0642073154449463","1.0642073154449463","1.0642073154449463","1.1775468587875366","1.1775468587875366","1.1775468587875366","1.6877679824829102","1.6877679824829102","1.6877679824829102","1.4278680086135864","1.4278680086135864","1.4278680086135864","1.5503535270690918","1.5503535270690918","1.5503535270690918","1.553043007850647","1.553043007850647","1.553043007850647","1.3733679056167603","1.3733679056167603","1.3733679056167603"
"146","1.1243878602981567","1.1243878602981567","1.1243878602981567","1.237874150276184","1.237874150276184","1.237874150276184","1.747288465499878","1.747288465499878","1.747288465499878","1.5310808420181274","1.5310808420181274","1.5310808420181274","1.6932716369628906","1.6932716369628906","1.6932716369628906","1.6529064178466797","1.6529064178466797","1.6529064178466797","1.5050828456878662","1.5050828456878662","1.5050828456878662"
"148","1.1544945240020752","1.1544945240020752","1.1544945240020752","1.1074631214141846","1.1074631214141846","1.1074631214141846","1.5161577463150024","1.5161577463150024","1.5161577463150024","1.512671947479248","1.512671947479248","1.512671947479248","1.472723364830017","1.472723364830017","1.472723364830017","1.702174186706543","1.702174186706543","1.702174186706543","1.7270232439041138","1.7270232439041138","1.7270232439041138"
"150","1.1101038455963135","1.1101038455963135","1.1101038455963135","1.1928367614746094","1.1928367614746094","1.1928367614746094","1.532924771308899","1.532924771308899","1.532924771308899","1.4232254028320312","1.4232254028320312","1.4232254028320312","1.4974992275238037","1.4974992275238037","1.4974992275238037","1.50813889503479","1.50813889503479","1.50813889503479","1.450429916381836","1.450429916381836","1.450429916381836"
"152","1.2346413135528564","1.2346413135528564","1.2346413135528564","1.2602200508117676","1.2602200508117676","1.2602200508117676","1.6242610216140747","1.6242610216140747","1.6242610216140747","1.392293095588684","1.392293095588684","1.392293095588684","1.2552555799484253","1.2552555799484253","1.2552555799484253","1.584531307220459","1.584531307220459","1.584531307220459","1.407074213027954","1.407074213027954","1.407074213027954"
"154","1.2272861003875732","1.2272861003875732","1.2272861003875732","1.2269635200500488","1.2269635200500488","1.2269635200500488","1.6192817687988281","1.6192817687988281","1.6192817687988281","1.3864191770553589","1.3864191770553589","1.3864191770553589","1.4124140739440918","1.4124140739440918","1.4124140739440918","1.5364066362380981","1.5364066362380981","1.5364066362380981","1.5463290214538574","1.5463290214538574","1.5463290214538574"
"156","1.1143605709075928","1.1143605709075928","1.1143605709075928","1.1851067543029785","1.1851067543029785","1.1851067543029785","1.5735359191894531","1.5735359191894531","1.5735359191894531","1.4426981210708618","1.4426981210708618","1.4426981210708618","1.4196467399597168","1.4196467399597168","1.4196467399597168","1.7553277015686035","1.7553277015686035","1.7553277015686035","1.5674660205841064","1.5674660205841064","1.5674660205841064"
"158","0.9622066020965576","0.9622066020965576","0.9622066020965576","1.4106156826019287","1.4106156826019287","1.4106156826019287","1.474220871925354","1.474220871925354","1.474220871925354","1.3697036504745483","1.3697036504745483","1.3697036504745483","1.3139597177505493","1.3139597177505493","1.3139597177505493","1.472622275352478","1.472622275352478","1.472622275352478","1.5802539587020874","1.5802539587020874","1.5802539587020874"
"160","1.284379243850708","1.284379243850708","1.284379243850708","1.071219801902771","1.071219801902771","1.071219801902771","1.5715962648391724","1.5715962648391724","1.5715962648391724","1.4079022407531738","1.4079022407531738","1.4079022407531738","1.3935565948486328","1.3935565948486328","1.3935565948486328","1.6616780757904053","1.6616780757904053","1.6616780757904053","1.586451530456543","1.586451530456543","1.586451530456543"
"162","1.1308605670928955","1.1308605670928955","1.1308605670928955","1.0516412258148193","1.0516412258148193","1.0516412258148193","1.3761777877807617","1.3761777877807617","1.3761777877807617","1.3904716968536377","1.3904716968536377","1.3904716968536377","1.375461459159851","1.375461459159851","1.375461459159851","1.532459020614624","1.532459020614624","1.532459020614624","1.487121343612671","1.487121343612671","1.487121343612671"
"164","1.124016523361206","1.124016523361206","1.124016523361206","1.0777864456176758","1.0777864456176758","1.0777864456176758","1.5494542121887207","1.5494542121887207","1.5494542121887207","1.363686442375183","1.363686442375183","1.363686442375183","1.2728652954101562","1.2728652954101562","1.2728652954101562","1.499000906944275","1.499000906944275","1.499000906944275","1.3125100135803223","1.3125100135803223","1.3125100135803223"
"166","0.9645516872406006","0.9645516872406006","0.9645516872406006","0.8648712635040283","0.8648712635040283","0.8648712635040283","1.454270601272583","1.454270601272583","1.454270601272583","1.5278581380844116","1.5278581380844116","1.5278581380844116","1.3821371793746948","1.3821371793746948","1.3821371793746948","1.6247979402542114","1.6247979402542114","1.6247979402542114","1.6205401420593262","1.6205401420593262","1.6205401420593262"
"168","1.1465699672698975","1.1465699672698975","1.1465699672698975","1.1824305057525635","1.1824305057525635","1.1824305057525635","1.5025925636291504","1.5025925636291504","1.5025925636291504","1.527787208557129","1.527787208557129","1.527787208557129","1.6113195419311523","1.6113195419311523","1.6113195419311523","1.89191734790802","1.89191734790802","1.89191734790802","1.6471160650253296","1.6471160650253296","1.6471160650253296"
"170","1.276802897453308","1.276802897453308","1.276802897453308","1.398451805114746","1.398451805114746","1.398451805114746","1.2118251323699951","1.2118251323699951","1.2118251323699951","1.4920614957809448","1.4920614957809448","1.4920614957809448","1.402186632156372","1.402186632156372","1.402186632156372","1.544731855392456","1.544731855392456","1.544731855392456","1.7976984977722168","1.7976984977722168","1.7976984977722168"
"172","1.2348517179489136","1.2348517179489136","1.2348517179489136","1.2382595539093018","1.2382595539093018","1.2382595539093018","1.5740020275115967","1.5740020275115967","1.5740020275115967","1.4937362670898438","1.4937362670898438","1.4937362670898438","1.382774829864502","1.382774829864502","1.382774829864502","1.7230398654937744","1.7230398654937744","1.7230398654937744","1.448884129524231","1.448884129524231","1.448884129524231"
"174","1.4614088535308838","1.4614088535308838","1.4614088535308838","1.3134136199951172","1.3134136199951172","1.3134136199951172","1.999415397644043","1.999415397644043","1.999415397644043","1.4524282217025757","1.4524282217025757","1.4524282217025757","1.5916060209274292","1.5916060209274292","1.5916060209274292","1.5597903728485107","1.5597903728485107","1.5597903728485107","1.6147267818450928","1.6147267818450928","1.6147267818450928"
"176","0.598303496837616","0.598303496837616","0.598303496837616","1.2581140995025635","1.2581140995025635","1.2581140995025635","1.6709495782852173","1.6709495782852173","1.6709495782852173","1.4609302282333374","1.4609302282333374","1.4609302282333374","1.5802967548370361","1.5802967548370361","1.5802967548370361","1.7946140766143799","1.7946140766143799","1.7946140766143799","1.8772644996643066","1.8772644996643066","1.8772644996643066"
"178","1.0642132759094238","1.0642132759094238","1.0642132759094238","1.1441869735717773","1.1441869735717773","1.1441869735717773","1.6238665580749512","1.6238665580749512","1.6238665580749512","1.5370028018951416","1.5370028018951416","1.5370028018951416","1.5506577491760254","1.5506577491760254","1.5506577491760254","1.8142461776733398","1.8142461776733398","1.8142461776733398","1.797078013420105","1.797078013420105","1.797078013420105"
"180","1.040800929069519","1.040800929069519","1.040800929069519","1.3923616409301758","1.3923616409301758","1.3923616409301758","1.6718491315841675","1.6718491315841675","1.6718491315841675","1.4115369319915771","1.4115369319915771","1.4115369319915771","1.3494415283203125","1.3494415283203125","1.3494415283203125","1.5517902374267578","1.5517902374267578","1.5517902374267578","1.4639892578125","1.4639892578125","1.4639892578125"
"182","0.9933666586875916","0.9933666586875916","0.9933666586875916","1.2385042905807495","1.2385042905807495","1.2385042905807495","1.7378566265106201","1.7378566265106201","1.7378566265106201","1.4756064414978027","1.4756064414978027","1.4756064414978027","1.5370306968688965","1.5370306968688965","1.5370306968688965","1.6851012706756592","1.6851012706756592","1.6851012706756592","1.571101427078247","1.571101427078247","1.571101427078247"
"184","1.0064337253570557","1.0064337253570557","1.0064337253570557","1.265965461730957","1.265965461730957","1.265965461730957","1.5876893997192383","1.5876893997192383","1.5876893997192383","1.428154706954956","1.428154706954956","1.428154706954956","1.4787310361862183","1.4787310361862183","1.4787310361862183","1.5118176937103271","1.5118176937103271","1.5118176937103271","1.6647181510925293","1.6647181510925293","1.6647181510925293"
"186","0.9901625514030457","0.9901625514030457","0.9901625514030457","1.2215242385864258","1.2215242385864258","1.2215242385864258","1.7399975061416626","1.7399975061416626","1.7399975061416626","1.480441689491272","1.480441689491272","1.480441689491272","1.4607212543487549","1.4607212543487549","1.4607212543487549","1.6773505210876465","1.6773505210876465","1.6773505210876465","1.6533892154693604","1.6533892154693604","1.6533892154693604"
"188","0.825514554977417","0.825514554977417","0.825514554977417","1.5687518119812012","1.5687518119812012","1.5687518119812012","1.7807031869888306","1.7807031869888306","1.7807031869888306","1.3886265754699707","1.3886265754699707","1.3886265754699707","1.3688193559646606","1.3688193559646606","1.3688193559646606","1.7445387840270996","1.7445387840270996","1.7445387840270996","1.628603219985962","1.628603219985962","1.628603219985962"
"190","1.1570489406585693","1.1570489406585693","1.1570489406585693","1.3958966732025146","1.3958966732025146","1.3958966732025146","1.6116023063659668","1.6116023063659668","1.6116023063659668","1.554015874862671","1.554015874862671","1.554015874862671","1.460969090461731","1.460969090461731","1.460969090461731","1.5108709335327148","1.5108709335327148","1.5108709335327148","1.5245270729064941","1.5245270729064941","1.5245270729064941"
"192","1.0583072900772095","1.0583072900772095","1.0583072900772095","1.2073231935501099","1.2073231935501099","1.2073231935501099","1.6798466444015503","1.6798466444015503","1.6798466444015503","1.4534356594085693","1.4534356594085693","1.4534356594085693","1.5028860569000244","1.5028860569000244","1.5028860569000244","1.5709364414215088","1.5709364414215088","1.5709364414215088","1.566964864730835","1.566964864730835","1.566964864730835"
"194","0.9348678588867188","0.9348678588867188","0.9348678588867188","1.2125805616378784","1.2125805616378784","1.2125805616378784","1.6203720569610596","1.6203720569610596","1.6203720569610596","1.4274743795394897","1.4274743795394897","1.4274743795394897","1.3926823139190674","1.3926823139190674","1.3926823139190674","1.6850508451461792","1.6850508451461792","1.6850508451461792","1.5326731204986572","1.5326731204986572","1.5326731204986572"
"196","0.9221298694610596","0.9221298694610596","0.9221298694610596","1.3182600736618042","1.3182600736618042","1.3182600736618042","1.8517863750457764","1.8517863750457764","1.8517863750457764","1.2284739017486572","1.2284739017486572","1.2284739017486572","1.2707653045654297","1.2707653045654297","1.2707653045654297","1.6078689098358154","1.6078689098358154","1.6078689098358154","1.7239940166473389","1.7239940166473389","1.7239940166473389"
"198","0.8561515212059021","0.8561515212059021","0.8561515212059021","1.1831247806549072","1.1831247806549072","1.1831247806549072","1.6031930446624756","1.6031930446624756","1.6031930446624756","1.5873640775680542","1.5873640775680542","1.5873640775680542","1.4114313125610352","1.4114313125610352","1.4114313125610352","1.6021333932876587","1.6021333932876587","1.6021333932876587","1.5897598266601562","1.5897598266601562","1.5897598266601562"
"200","1.0762823820114136","1.0762823820114136","1.0762823820114136","1.1693060398101807","1.1693060398101807","1.1693060398101807","1.444135069847107","1.444135069847107","1.444135069847107","1.5091102123260498","1.5091102123260498","1.5091102123260498","1.573489785194397","1.573489785194397","1.573489785194397","1.4544605016708374","1.4544605016708374","1.4544605016708374","1.6581743955612183","1.6581743955612183","1.6581743955612183"
"202","1.1439530849456787","1.1439530849456787","1.1439530849456787","1.2779309749603271","1.2779309749603271","1.2779309749603271","2.1594464778900146","2.1594464778900146","2.1594464778900146","1.5889105796813965","1.5889105796813965","1.5889105796813965","1.5686638355255127","1.5686638355255127","1.5686638355255127","1.5607762336730957","1.5607762336730957","1.5607762336730957","1.3877861499786377","1.3877861499786377","1.3877861499786377"
"204","1.026399850845337","1.026399850845337","1.026399850845337","1.5576000213623047","1.5576000213623047","1.5576000213623047","1.4696640968322754","1.4696640968322754","1.4696640968322754","1.4379167556762695","1.4379167556762695","1.4379167556762695","1.5526132583618164","1.5526132583618164","1.5526132583618164","1.2757776975631714","1.2757776975631714","1.2757776975631714","1.4694626331329346","1.4694626331329346","1.4694626331329346"
"206","0.8305763602256775","0.8305763602256775","0.8305763602256775","1.1196775436401367","1.1196775436401367","1.1196775436401367","1.9400763511657715","1.9400763511657715","1.9400763511657715","1.456634283065796","1.456634283065796","1.456634283065796","1.4647870063781738","1.4647870063781738","1.4647870063781738","1.5653159618377686","1.5653159618377686","1.5653159618377686","1.590938687324524","1.590938687324524","1.590938687324524"
"208","1.2871124744415283","1.2871124744415283","1.2871124744415283","1.5047721862792969","1.5047721862792969","1.5047721862792969","1.5920829772949219","1.5920829772949219","1.5920829772949219","1.4275747537612915","1.4275747537612915","1.4275747537612915","1.3875298500061035","1.3875298500061035","1.3875298500061035","1.715895175933838","1.715895175933838","1.715895175933838","1.6798864603042603","1.6798864603042603","1.6798864603042603"
"210","0.9497053027153015","0.9497053027153015","0.9497053027153015","1.536368489265442","1.536368489265442","1.536368489265442","1.557155728340149","1.557155728340149","1.557155728340149","1.6200124025344849","1.6200124025344849","1.6200124025344849","1.521921157836914","1.521921157836914","1.521921157836914","1.6232273578643799","1.6232273578643799","1.6232273578643799","1.8430492877960205","1.8430492877960205","1.8430492877960205"
"212","0.7549146413803101","0.7549146413803101","0.7549146413803101","1.5235702991485596","1.5235702991485596","1.5235702991485596","1.6198699474334717","1.6198699474334717","1.6198699474334717","1.462144374847412","1.462144374847412","1.462144374847412","1.4790650606155396","1.4790650606155396","1.4790650606155396","1.6176677942276","1.6176677942276","1.6176677942276","1.397278070449829","1.397278070449829","1.397278070449829"
"214","0.77064448595047","0.77064448595047","0.77064448595047","1.540502667427063","1.540502667427063","1.540502667427063","1.6338059902191162","1.6338059902191162","1.6338059902191162","1.4268434047698975","1.4268434047698975","1.4268434047698975","1.5544099807739258","1.5544099807739258","1.5544099807739258","1.512366533279419","1.512366533279419","1.512366533279419","1.5835275650024414","1.5835275650024414","1.5835275650024414"
"216","1.0169057846069336","1.0169057846069336","1.0169057846069336","1.821972370147705","1.821972370147705","1.821972370147705","1.4461076259613037","1.4461076259613037","1.4461076259613037","1.500369906425476","1.500369906425476","1.500369906425476","1.4904170036315918","1.4904170036315918","1.4904170036315918","1.5756542682647705","1.5756542682647705","1.5756542682647705","1.317730188369751","1.317730188369751","1.317730188369751"
"218","1.1829638481140137","1.1829638481140137","1.1829638481140137","1.316390872001648","1.316390872001648","1.316390872001648","1.5331141948699951","1.5331141948699951","1.5331141948699951","1.4041972160339355","1.4041972160339355","1.4041972160339355","1.3312029838562012","1.3312029838562012","1.3312029838562012","1.7237505912780762","1.7237505912780762","1.7237505912780762","1.6258494853973389","1.6258494853973389","1.6258494853973389"
"220","1.117835283279419","1.117835283279419","1.117835283279419","1.362889051437378","1.362889051437378","1.362889051437378","1.8668394088745117","1.8668394088745117","1.8668394088745117","1.3808162212371826","1.3808162212371826","1.3808162212371826","1.3836374282836914","1.3836374282836914","1.3836374282836914","1.7240252494812012","1.7240252494812012","1.7240252494812012","1.695269227027893","1.695269227027893","1.695269227027893"
"222","1.31107759475708","1.31107759475708","1.31107759475708","1.2561180591583252","1.2561180591583252","1.2561180591583252","1.8480920791625977","1.8480920791625977","1.8480920791625977","1.4892690181732178","1.4892690181732178","1.4892690181732178","1.3714830875396729","1.3714830875396729","1.3714830875396729","1.6389427185058594","1.6389427185058594","1.6389427185058594","1.455809473991394","1.455809473991394","1.455809473991394"
"224","1.3291423320770264","1.3291423320770264","1.3291423320770264","1.3640773296356201","1.3640773296356201","1.3640773296356201","1.702957034111023","1.702957034111023","1.702957034111023","1.4355828762054443","1.4355828762054443","1.4355828762054443","1.4813733100891113","1.4813733100891113","1.4813733100891113","1.4896163940429688","1.4896163940429688","1.4896163940429688","1.5006861686706543","1.5006861686706543","1.5006861686706543"
"226","1.12482750415802","1.12482750415802","1.12482750415802","1.2386105060577393","1.2386105060577393","1.2386105060577393","1.4418758153915405","1.4418758153915405","1.4418758153915405","1.280510425567627","1.280510425567627","1.280510425567627","1.317814588546753","1.317814588546753","1.317814588546753","1.5356028079986572","1.5356028079986572","1.5356028079986572","1.5687464475631714","1.5687464475631714","1.5687464475631714"
"228","1.3585188388824463","1.3585188388824463","1.3585188388824463","1.5743420124053955","1.5743420124053955","1.5743420124053955","1.7167861461639404","1.7167861461639404","1.7167861461639404","1.4219844341278076","1.4219844341278076","1.4219844341278076","1.4993772506713867","1.4993772506713867","1.4993772506713867","1.812538743019104","1.812538743019104","1.812538743019104","1.6112656593322754","1.6112656593322754","1.6112656593322754"
"230","1.153249979019165","1.153249979019165","1.153249979019165","1.5845551490783691","1.5845551490783691","1.5845551490783691","1.6608185768127441","1.6608185768127441","1.6608185768127441","1.535387635231018","1.535387635231018","1.535387635231018","1.5987595319747925","1.5987595319747925","1.5987595319747925","1.554957389831543","1.554957389831543","1.554957389831543","1.6959487199783325","1.6959487199783325","1.6959487199783325"