"Step","VOWELS_FILTER_b40_DUAL_bs16 - decomposition_loss_z","VOWELS_FILTER_b40_DUAL_bs16 - decomposition_loss_z__MIN","VOWELS_FILTER_b40_DUAL_bs16 - decomposition_loss_z__MAX","VOWELS_FILTER_b20_DUAL_bs16 - decomposition_loss_z","VOWELS_FILTER_b20_DUAL_bs16 - decomposition_loss_z__MIN","VOWELS_FILTER_b20_DUAL_bs16 - decomposition_loss_z__MAX","VOWELS_FILTER_b10_DUAL_bs16 - decomposition_loss_z","VOWELS_FILTER_b10_DUAL_bs16 - decomposition_loss_z__MIN","VOWELS_FILTER_b10_DUAL_bs16 - decomposition_loss_z__MAX","VOWELS_FILTER_b0_DUAL_bs16 - decomposition_loss_z","VOWELS_FILTER_b0_DUAL_bs16 - decomposition_loss_z__MIN","VOWELS_FILTER_b0_DUAL_bs16 - decomposition_loss_z__MAX","VOWELS_FILTER_b0.1_DUAL_bs16 - decomposition_loss_z","VOWELS_FILTER_b0.1_DUAL_bs16 - decomposition_loss_z__MIN","VOWELS_FILTER_b0.1_DUAL_bs16 - decomposition_loss_z__MAX","VOWELS_FILTER_b1_DUAL_bs16 - decomposition_loss_z","VOWELS_FILTER_b1_DUAL_bs16 - decomposition_loss_z__MIN","VOWELS_FILTER_b1_DUAL_bs16 - decomposition_loss_z__MAX","VOWELS_FILTER_B5_DEFAULTS_DUAL_bs16 - decomposition_loss_z","VOWELS_FILTER_B5_DEFAULTS_DUAL_bs16 - decomposition_loss_z__MIN","VOWELS_FILTER_B5_DEFAULTS_DUAL_bs16 - decomposition_loss_z__MAX"
"0","3.2695417404174805","3.2695417404174805","3.2695417404174805","3.269425392150879","3.269425392150879","3.269425392150879","3.2691891193389893","3.2691891193389893","3.2691891193389893","2.864694595336914","2.864694595336914","2.864694595336914","3.1062655448913574","3.1062655448913574","3.1062655448913574","3.2374470233917236","3.2374470233917236","3.2374470233917236","3.268738269805908","3.268738269805908","3.268738269805908"
"2","3.6811063289642334","3.6811063289642334","3.6811063289642334","3.6799426078796387","3.6799426078796387","3.6799426078796387","3.677746534347534","3.677746534347534","3.677746534347534","2.111143112182617","2.111143112182617","2.111143112182617","3.2202765941619873","3.2202765941619873","3.2202765941619873","3.522082805633545","3.522082805633545","3.522082805633545","3.673189401626587","3.673189401626587","3.673189401626587"
"4","4.150717258453369","4.150717258453369","4.150717258453369","4.143976211547852","4.143976211547852","4.143976211547852","4.131899833679199","4.131899833679199","4.131899833679199","1.2669934034347534","1.2669934034347534","1.2669934034347534","3.14045786857605","3.14045786857605","3.14045786857605","3.8201026916503906","3.8201026916503906","3.8201026916503906","4.107125759124756","4.107125759124756","4.107125759124756"
"6","4.450509071350098","4.450509071350098","4.450509071350098","4.430194854736328","4.430194854736328","4.430194854736328","4.38378381729126","4.38378381729126","4.38378381729126","1.4355968236923218","1.4355968236923218","1.4355968236923218","1.0603841543197632","1.0603841543197632","1.0603841543197632","3.691675901412964","3.691675901412964","3.691675901412964","4.279103755950928","4.279103755950928","4.279103755950928"
"8","4.740551471710205","4.740551471710205","4.740551471710205","4.658987522125244","4.658987522125244","4.658987522125244","4.463779449462891","4.463779449462891","4.463779449462891","1.1194648742675781","1.1194648742675781","1.1194648742675781","0.8903061151504517","0.8903061151504517","0.8903061151504517","2.469028949737549","2.469028949737549","2.469028949737549","3.9729409217834473","3.9729409217834473","3.9729409217834473"
"10","4.838093280792236","4.838093280792236","4.838093280792236","4.580831527709961","4.580831527709961","4.580831527709961","3.95676851272583","3.95676851272583","3.95676851272583","1.1108590364456177","1.1108590364456177","1.1108590364456177","0.8695859909057617","0.8695859909057617","0.8695859909057617","1.0784915685653687","1.0784915685653687","1.0784915685653687","3.0709314346313477","3.0709314346313477","3.0709314346313477"
"12","4.749283313751221","4.749283313751221","4.749283313751221","4.099675178527832","4.099675178527832","4.099675178527832","3.2603752613067627","3.2603752613067627","3.2603752613067627","0.9746043682098389","0.9746043682098389","0.9746043682098389","0.8637309670448303","0.8637309670448303","0.8637309670448303","0.9095142483711243","0.9095142483711243","0.9095142483711243","2.4790472984313965","2.4790472984313965","2.4790472984313965"
"14","4.371776580810547","4.371776580810547","4.371776580810547","3.6054329872131348","3.6054329872131348","3.6054329872131348","2.8867878913879395","2.8867878913879395","2.8867878913879395","3.012007474899292","3.012007474899292","3.012007474899292","0.8563038110733032","0.8563038110733032","0.8563038110733032","2.9411206245422363","2.9411206245422363","2.9411206245422363","2.1219370365142822","2.1219370365142822","2.1219370365142822"
"16","4.055215358734131","4.055215358734131","4.055215358734131","3.3427352905273438","3.3427352905273438","3.3427352905273438","2.6415562629699707","2.6415562629699707","2.6415562629699707","0.9187096357345581","0.9187096357345581","0.9187096357345581","0.8596885800361633","0.8596885800361633","0.8596885800361633","0.8852866291999817","0.8852866291999817","0.8852866291999817","1.836803913116455","1.836803913116455","1.836803913116455"
"18","3.807460308074951","3.807460308074951","3.807460308074951","3.0985701084136963","3.0985701084136963","3.0985701084136963","2.3964366912841797","2.3964366912841797","2.3964366912841797","0.8362283706665039","0.8362283706665039","0.8362283706665039","0.8300595283508301","0.8300595283508301","0.8300595283508301","0.8142915964126587","0.8142915964126587","0.8142915964126587","1.5773773193359375","1.5773773193359375","1.5773773193359375"
"20","3.7227137088775635","3.7227137088775635","3.7227137088775635","3.015892267227173","3.015892267227173","3.015892267227173","2.285464286804199","2.285464286804199","2.285464286804199","0.8369684219360352","0.8369684219360352","0.8369684219360352","0.8110401630401611","0.8110401630401611","0.8110401630401611","0.8414292335510254","0.8414292335510254","0.8414292335510254","1.4846785068511963","1.4846785068511963","1.4846785068511963"
"22","3.5238037109375","3.5238037109375","3.5238037109375","2.8184704780578613","2.8184704780578613","2.8184704780578613","2.074833631515503","2.074833631515503","2.074833631515503","0.7888422012329102","0.7888422012329102","0.7888422012329102","0.8104625940322876","0.8104625940322876","0.8104625940322876","0.8329883813858032","0.8329883813858032","0.8329883813858032","1.296554446220398","1.296554446220398","1.296554446220398"
"24","3.531437873840332","3.531437873840332","3.531437873840332","2.850743532180786","2.850743532180786","2.850743532180786","1.991218090057373","1.991218090057373","1.991218090057373","0.7667860984802246","0.7667860984802246","0.7667860984802246","0.7986926436424255","0.7986926436424255","0.7986926436424255","0.830670952796936","0.830670952796936","0.830670952796936","1.236745834350586","1.236745834350586","1.236745834350586"
"26","3.405616283416748","3.405616283416748","3.405616283416748","2.7285871505737305","2.7285871505737305","2.7285871505737305","1.866037130355835","1.866037130355835","1.866037130355835","0.7732129693031311","0.7732129693031311","0.7732129693031311","0.802546501159668","0.802546501159668","0.802546501159668","0.8252079486846924","0.8252079486846924","0.8252079486846924","1.1665940284729004","1.1665940284729004","1.1665940284729004"
"28","3.344304323196411","3.344304323196411","3.344304323196411","2.67716383934021","2.67716383934021","2.67716383934021","1.8480513095855713","1.8480513095855713","1.8480513095855713","0.7336973547935486","0.7336973547935486","0.7336973547935486","0.8318098187446594","0.8318098187446594","0.8318098187446594","0.8524750471115112","0.8524750471115112","0.8524750471115112","1.1329002380371094","1.1329002380371094","1.1329002380371094"
"30","3.4326090812683105","3.4326090812683105","3.4326090812683105","2.7863614559173584","2.7863614559173584","2.7863614559173584","1.8674572706222534","1.8674572706222534","1.8674572706222534","0.7256151437759399","0.7256151437759399","0.7256151437759399","0.835689902305603","0.835689902305603","0.835689902305603","0.8668938875198364","0.8668938875198364","0.8668938875198364","1.1805899143218994","1.1805899143218994","1.1805899143218994"
"32","3.387120485305786","3.387120485305786","3.387120485305786","2.5626211166381836","2.5626211166381836","2.5626211166381836","1.8319718837738037","1.8319718837738037","1.8319718837738037","0.7058520913124084","0.7058520913124084","0.7058520913124084","0.8138769268989563","0.8138769268989563","0.8138769268989563","0.8359454870223999","0.8359454870223999","0.8359454870223999","1.1495909690856934","1.1495909690856934","1.1495909690856934"
"34","3.2763097286224365","3.2763097286224365","3.2763097286224365","2.6723315715789795","2.6723315715789795","2.6723315715789795","1.6529017686843872","1.6529017686843872","1.6529017686843872","0.6830700039863586","0.6830700039863586","0.6830700039863586","0.773994505405426","0.773994505405426","0.773994505405426","0.8398061990737915","0.8398061990737915","0.8398061990737915","1.0396617650985718","1.0396617650985718","1.0396617650985718"
"36","3.2953524589538574","3.2953524589538574","3.2953524589538574","2.5157675743103027","2.5157675743103027","2.5157675743103027","1.8771580457687378","1.8771580457687378","1.8771580457687378","0.6606342792510986","0.6606342792510986","0.6606342792510986","0.7280784845352173","0.7280784845352173","0.7280784845352173","0.8527594208717346","0.8527594208717346","0.8527594208717346","1.2516493797302246","1.2516493797302246","1.2516493797302246"
"38","3.19437837600708","3.19437837600708","3.19437837600708","2.3542659282684326","2.3542659282684326","2.3542659282684326","1.5996854305267334","1.5996854305267334","1.5996854305267334","0.6751955151557922","0.6751955151557922","0.6751955151557922","0.7005516290664673","0.7005516290664673","0.7005516290664673","0.8456413745880127","0.8456413745880127","0.8456413745880127","1.0713083744049072","1.0713083744049072","1.0713083744049072"
"40","3.1628530025482178","3.1628530025482178","3.1628530025482178","2.3958401679992676","2.3958401679992676","2.3958401679992676","1.5940865278244019","1.5940865278244019","1.5940865278244019","0.68411785364151","0.68411785364151","0.68411785364151","0.7183243036270142","0.7183243036270142","0.7183243036270142","0.8736855983734131","0.8736855983734131","0.8736855983734131","1.0073513984680176","1.0073513984680176","1.0073513984680176"
"42","3.1686010360717773","3.1686010360717773","3.1686010360717773","2.3664650917053223","2.3664650917053223","2.3664650917053223","1.5144613981246948","1.5144613981246948","1.5144613981246948","0.7073821425437927","0.7073821425437927","0.7073821425437927","0.7350566387176514","0.7350566387176514","0.7350566387176514","0.8639134764671326","0.8639134764671326","0.8639134764671326","0.9769929647445679","0.9769929647445679","0.9769929647445679"
"44","2.9986751079559326","2.9986751079559326","2.9986751079559326","2.228830337524414","2.228830337524414","2.228830337524414","1.4152663946151733","1.4152663946151733","1.4152663946151733","0.6332627534866333","0.6332627534866333","0.6332627534866333","0.6513487100601196","0.6513487100601196","0.6513487100601196","0.9013318419456482","0.9013318419456482","0.9013318419456482","0.9695703983306885","0.9695703983306885","0.9695703983306885"
"46","2.849008798599243","2.849008798599243","2.849008798599243","2.0401041507720947","2.0401041507720947","2.0401041507720947","1.2591166496276855","1.2591166496276855","1.2591166496276855","0.6528612375259399","0.6528612375259399","0.6528612375259399","0.6493610143661499","0.6493610143661499","0.6493610143661499","0.815281867980957","0.815281867980957","0.815281867980957","0.903351366519928","0.903351366519928","0.903351366519928"
"48","2.9041006565093994","2.9041006565093994","2.9041006565093994","1.9961705207824707","1.9961705207824707","1.9961705207824707","1.1987837553024292","1.1987837553024292","1.1987837553024292","0.6256643533706665","0.6256643533706665","0.6256643533706665","0.6378713846206665","0.6378713846206665","0.6378713846206665","0.894066572189331","0.894066572189331","0.894066572189331","0.9642489552497864","0.9642489552497864","0.9642489552497864"
"50","2.843292713165283","2.843292713165283","2.843292713165283","1.8906148672103882","1.8906148672103882","1.8906148672103882","1.1245977878570557","1.1245977878570557","1.1245977878570557","0.6256435513496399","0.6256435513496399","0.6256435513496399","0.625952422618866","0.625952422618866","0.625952422618866","0.8461483120918274","0.8461483120918274","0.8461483120918274","0.9242563247680664","0.9242563247680664","0.9242563247680664"
"52","2.5978455543518066","2.5978455543518066","2.5978455543518066","1.7054625749588013","1.7054625749588013","1.7054625749588013","1.0474331378936768","1.0474331378936768","1.0474331378936768","0.6701985001564026","0.6701985001564026","0.6701985001564026","0.6621295213699341","0.6621295213699341","0.6621295213699341","0.8345788717269897","0.8345788717269897","0.8345788717269897","0.8396555781364441","0.8396555781364441","0.8396555781364441"
"54","2.6630589962005615","2.6630589962005615","2.6630589962005615","1.942450761795044","1.942450761795044","1.942450761795044","1.120036244392395","1.120036244392395","1.120036244392395","0.6426857709884644","0.6426857709884644","0.6426857709884644","0.6607451438903809","0.6607451438903809","0.6607451438903809","0.8500627279281616","0.8500627279281616","0.8500627279281616","0.8921962976455688","0.8921962976455688","0.8921962976455688"
"56","2.5474531650543213","2.5474531650543213","2.5474531650543213","2.03354549407959","2.03354549407959","2.03354549407959","1.0564988851547241","1.0564988851547241","1.0564988851547241","0.5903804302215576","0.5903804302215576","0.5903804302215576","0.5977667570114136","0.5977667570114136","0.5977667570114136","0.8305158019065857","0.8305158019065857","0.8305158019065857","0.9620075225830078","0.9620075225830078","0.9620075225830078"
"58","2.41762375831604","2.41762375831604","2.41762375831604","1.5883032083511353","1.5883032083511353","1.5883032083511353","0.9509050846099854","0.9509050846099854","0.9509050846099854","0.6066127419471741","0.6066127419471741","0.6066127419471741","0.633364200592041","0.633364200592041","0.633364200592041","0.833280622959137","0.833280622959137","0.833280622959137","1.3108694553375244","1.3108694553375244","1.3108694553375244"
"60","2.3944201469421387","2.3944201469421387","2.3944201469421387","1.4127215147018433","1.4127215147018433","1.4127215147018433","0.9234492778778076","0.9234492778778076","0.9234492778778076","0.6149641871452332","0.6149641871452332","0.6149641871452332","0.6662089824676514","0.6662089824676514","0.6662089824676514","0.878031849861145","0.878031849861145","0.878031849861145","1.060662031173706","1.060662031173706","1.060662031173706"
"62","2.6158297061920166","2.6158297061920166","2.6158297061920166","1.6427589654922485","1.6427589654922485","1.6427589654922485","1.0084729194641113","1.0084729194641113","1.0084729194641113","0.6216272115707397","0.6216272115707397","0.6216272115707397","0.6860869526863098","0.6860869526863098","0.6860869526863098","0.9624449610710144","0.9624449610710144","0.9624449610710144","1.1762824058532715","1.1762824058532715","1.1762824058532715"
"64","2.1506094932556152","2.1506094932556152","2.1506094932556152","1.4877463579177856","1.4877463579177856","1.4877463579177856","0.913489818572998","0.913489818572998","0.913489818572998","0.5897324085235596","0.5897324085235596","0.5897324085235596","0.6203629970550537","0.6203629970550537","0.6203629970550537","0.8264260292053223","0.8264260292053223","0.8264260292053223","0.9149119257926941","0.9149119257926941","0.9149119257926941"
"66","2.2119948863983154","2.2119948863983154","2.2119948863983154","1.2821946144104004","1.2821946144104004","1.2821946144104004","0.9583759903907776","0.9583759903907776","0.9583759903907776","0.5513893365859985","0.5513893365859985","0.5513893365859985","0.5970007181167603","0.5970007181167603","0.5970007181167603","0.8678790330886841","0.8678790330886841","0.8678790330886841","0.8984930515289307","0.8984930515289307","0.8984930515289307"
"68","2.0483007431030273","2.0483007431030273","2.0483007431030273","1.1307305097579956","1.1307305097579956","1.1307305097579956","0.9315322637557983","0.9315322637557983","0.9315322637557983","0.5614679455757141","0.5614679455757141","0.5614679455757141","0.6096836924552917","0.6096836924552917","0.6096836924552917","0.8443424701690674","0.8443424701690674","0.8443424701690674","0.8598688244819641","0.8598688244819641","0.8598688244819641"
"70","2.5199944972991943","2.5199944972991943","2.5199944972991943","1.2809572219848633","1.2809572219848633","1.2809572219848633","0.9771199822425842","0.9771199822425842","0.9771199822425842","0.5780001282691956","0.5780001282691956","0.5780001282691956","0.637901782989502","0.637901782989502","0.637901782989502","0.8244380950927734","0.8244380950927734","0.8244380950927734","0.862491250038147","0.862491250038147","0.862491250038147"
"72","2.6596016883850098","2.6596016883850098","2.6596016883850098","1.2456527948379517","1.2456527948379517","1.2456527948379517","0.9374988079071045","0.9374988079071045","0.9374988079071045","0.5548509359359741","0.5548509359359741","0.5548509359359741","0.5928109884262085","0.5928109884262085","0.5928109884262085","0.8530477285385132","0.8530477285385132","0.8530477285385132","0.8893203735351562","0.8893203735351562","0.8893203735351562"
"74","1.961364507675171","1.961364507675171","1.961364507675171","1.3163069486618042","1.3163069486618042","1.3163069486618042","0.9906167984008789","0.9906167984008789","0.9906167984008789","0.5680637359619141","0.5680637359619141","0.5680637359619141","0.6049181222915649","0.6049181222915649","0.6049181222915649","0.9021571278572083","0.9021571278572083","0.9021571278572083","0.9132645726203918","0.9132645726203918","0.9132645726203918"
"76","2.3759264945983887","2.3759264945983887","2.3759264945983887","1.0437815189361572","1.0437815189361572","1.0437815189361572","0.9777817130088806","0.9777817130088806","0.9777817130088806","0.5603119134902954","0.5603119134902954","0.5603119134902954","0.6053471565246582","0.6053471565246582","0.6053471565246582","1.517330288887024","1.517330288887024","1.517330288887024","0.8949042558670044","0.8949042558670044","0.8949042558670044"
"78","1.993210792541504","1.993210792541504","1.993210792541504","1.3438332080841064","1.3438332080841064","1.3438332080841064","0.8765084743499756","0.8765084743499756","0.8765084743499756","0.6385745406150818","0.6385745406150818","0.6385745406150818","0.6826415061950684","0.6826415061950684","0.6826415061950684","0.9048532247543335","0.9048532247543335","0.9048532247543335","0.9231058359146118","0.9231058359146118","0.9231058359146118"
"80","1.640217661857605","1.640217661857605","1.640217661857605","1.513490915298462","1.513490915298462","1.513490915298462","0.9689120054244995","0.9689120054244995","0.9689120054244995","0.5618833899497986","0.5618833899497986","0.5618833899497986","0.5886110067367554","0.5886110067367554","0.5886110067367554","0.8688245415687561","0.8688245415687561","0.8688245415687561","0.8350381851196289","0.8350381851196289","0.8350381851196289"
"82","1.7908403873443604","1.7908403873443604","1.7908403873443604","0.9631422162055969","0.9631422162055969","0.9631422162055969","0.9072383046150208","0.9072383046150208","0.9072383046150208","0.7079542279243469","0.7079542279243469","0.7079542279243469","0.7359419465065002","0.7359419465065002","0.7359419465065002","0.9037556648254395","0.9037556648254395","0.9037556648254395","0.8774018883705139","0.8774018883705139","0.8774018883705139"
"84","2.2817375659942627","2.2817375659942627","2.2817375659942627","0.9766877293586731","0.9766877293586731","0.9766877293586731","0.8871644735336304","0.8871644735336304","0.8871644735336304","0.601770281791687","0.601770281791687","0.601770281791687","0.6277680397033691","0.6277680397033691","0.6277680397033691","0.8532190918922424","0.8532190918922424","0.8532190918922424","0.856992244720459","0.856992244720459","0.856992244720459"
"86","2.0715527534484863","2.0715527534484863","2.0715527534484863","1.3429282903671265","1.3429282903671265","1.3429282903671265","0.8982428312301636","0.8982428312301636","0.8982428312301636","0.5787506699562073","0.5787506699562073","0.5787506699562073","0.6156444549560547","0.6156444549560547","0.6156444549560547","0.8401271104812622","0.8401271104812622","0.8401271104812622","0.8481475710868835","0.8481475710868835","0.8481475710868835"
"88","1.677808165550232","1.677808165550232","1.677808165550232","1.2937911748886108","1.2937911748886108","1.2937911748886108","1.0695921182632446","1.0695921182632446","1.0695921182632446","0.6421288251876831","0.6421288251876831","0.6421288251876831","0.6705223917961121","0.6705223917961121","0.6705223917961121","0.9087885618209839","0.9087885618209839","0.9087885618209839","0.9176228046417236","0.9176228046417236","0.9176228046417236"
"90","1.5215572118759155","1.5215572118759155","1.5215572118759155","1.049731969833374","1.049731969833374","1.049731969833374","0.9874186515808105","0.9874186515808105","0.9874186515808105","0.5569947957992554","0.5569947957992554","0.5569947957992554","0.5883034467697144","0.5883034467697144","0.5883034467697144","0.8808208107948303","0.8808208107948303","0.8808208107948303","0.83174067735672","0.83174067735672","0.83174067735672"
"92","1.4864493608474731","1.4864493608474731","1.4864493608474731","1.0535564422607422","1.0535564422607422","1.0535564422607422","0.9760551452636719","0.9760551452636719","0.9760551452636719","0.5792161226272583","0.5792161226272583","0.5792161226272583","0.608975887298584","0.608975887298584","0.608975887298584","0.824907124042511","0.824907124042511","0.824907124042511","0.8218129873275757","0.8218129873275757","0.8218129873275757"
"94","1.6181377172470093","1.6181377172470093","1.6181377172470093","1.0665243864059448","1.0665243864059448","1.0665243864059448","0.9049780368804932","0.9049780368804932","0.9049780368804932","0.5487585067749023","0.5487585067749023","0.5487585067749023","0.5698273777961731","0.5698273777961731","0.5698273777961731","0.8243171572685242","0.8243171572685242","0.8243171572685242","0.8078500032424927","0.8078500032424927","0.8078500032424927"
"96","1.4956297874450684","1.4956297874450684","1.4956297874450684","1.027318000793457","1.027318000793457","1.027318000793457","0.9252095818519592","0.9252095818519592","0.9252095818519592","0.6209458112716675","0.6209458112716675","0.6209458112716675","0.6460092067718506","0.6460092067718506","0.6460092067718506","0.8227632641792297","0.8227632641792297","0.8227632641792297","0.8397290706634521","0.8397290706634521","0.8397290706634521"
"98","1.2217673063278198","1.2217673063278198","1.2217673063278198","0.9193853735923767","0.9193853735923767","0.9193853735923767","0.8993845582008362","0.8993845582008362","0.8993845582008362","0.5843909382820129","0.5843909382820129","0.5843909382820129","0.6344938278198242","0.6344938278198242","0.6344938278198242","0.8133899569511414","0.8133899569511414","0.8133899569511414","0.8386280536651611","0.8386280536651611","0.8386280536651611"
"100","1.2661786079406738","1.2661786079406738","1.2661786079406738","1.0055049657821655","1.0055049657821655","1.0055049657821655","0.9590839147567749","0.9590839147567749","0.9590839147567749","0.5746470093727112","0.5746470093727112","0.5746470093727112","0.610177218914032","0.610177218914032","0.610177218914032","0.8051201105117798","0.8051201105117798","0.8051201105117798","0.8689419627189636","0.8689419627189636","0.8689419627189636"
"102","1.4294947385787964","1.4294947385787964","1.4294947385787964","0.944234311580658","0.944234311580658","0.944234311580658","0.9227700233459473","0.9227700233459473","0.9227700233459473","0.5776408910751343","0.5776408910751343","0.5776408910751343","0.5896565914154053","0.5896565914154053","0.5896565914154053","0.7708727121353149","0.7708727121353149","0.7708727121353149","0.8377598524093628","0.8377598524093628","0.8377598524093628"
"104","1.3280309438705444","1.3280309438705444","1.3280309438705444","1.1368517875671387","1.1368517875671387","1.1368517875671387","0.9111678600311279","0.9111678600311279","0.9111678600311279","0.5834589004516602","0.5834589004516602","0.5834589004516602","0.6140256524085999","0.6140256524085999","0.6140256524085999","0.7883513569831848","0.7883513569831848","0.7883513569831848","0.8235887289047241","0.8235887289047241","0.8235887289047241"
"106","1.2736756801605225","1.2736756801605225","1.2736756801605225","1.0239588022232056","1.0239588022232056","1.0239588022232056","0.9254132509231567","0.9254132509231567","0.9254132509231567","0.5399879217147827","0.5399879217147827","0.5399879217147827","0.5866068601608276","0.5866068601608276","0.5866068601608276","0.7652015686035156","0.7652015686035156","0.7652015686035156","0.8196830153465271","0.8196830153465271","0.8196830153465271"
"108","1.1801754236221313","1.1801754236221313","1.1801754236221313","1.0542590618133545","1.0542590618133545","1.0542590618133545","0.9385894536972046","0.9385894536972046","0.9385894536972046","0.5934893488883972","0.5934893488883972","0.5934893488883972","0.6173533201217651","0.6173533201217651","0.6173533201217651","0.8537102341651917","0.8537102341651917","0.8537102341651917","0.7960322499275208","0.7960322499275208","0.7960322499275208"
"110","1.2913403511047363","1.2913403511047363","1.2913403511047363","0.9821839928627014","0.9821839928627014","0.9821839928627014","0.9439554810523987","0.9439554810523987","0.9439554810523987","0.5453829765319824","0.5453829765319824","0.5453829765319824","0.6109172105789185","0.6109172105789185","0.6109172105789185","0.7501547336578369","0.7501547336578369","0.7501547336578369","0.7850716710090637","0.7850716710090637","0.7850716710090637"
"112","1.3550828695297241","1.3550828695297241","1.3550828695297241","0.9111246466636658","0.9111246466636658","0.9111246466636658","0.9271485805511475","0.9271485805511475","0.9271485805511475","0.5731799602508545","0.5731799602508545","0.5731799602508545","0.5761001110076904","0.5761001110076904","0.5761001110076904","0.7672272324562073","0.7672272324562073","0.7672272324562073","0.818945050239563","0.818945050239563","0.818945050239563"
"114","1.1377304792404175","1.1377304792404175","1.1377304792404175","0.9959213137626648","0.9959213137626648","0.9959213137626648","0.9158262610435486","0.9158262610435486","0.9158262610435486","0.5799208879470825","0.5799208879470825","0.5799208879470825","0.6446483731269836","0.6446483731269836","0.6446483731269836","0.7875957489013672","0.7875957489013672","0.7875957489013672","0.8434544205665588","0.8434544205665588","0.8434544205665588"
"116","1.2337623834609985","1.2337623834609985","1.2337623834609985","1.0592396259307861","1.0592396259307861","1.0592396259307861","1.0590001344680786","1.0590001344680786","1.0590001344680786","0.5545430183410645","0.5545430183410645","0.5545430183410645","0.6110889315605164","0.6110889315605164","0.6110889315605164","0.7568972110748291","0.7568972110748291","0.7568972110748291","0.7941254377365112","0.7941254377365112","0.7941254377365112"
"118","1.2432934045791626","1.2432934045791626","1.2432934045791626","0.9727148413658142","0.9727148413658142","0.9727148413658142","0.9949005246162415","0.9949005246162415","0.9949005246162415","0.5789264440536499","0.5789264440536499","0.5789264440536499","0.6006959080696106","0.6006959080696106","0.6006959080696106","0.7981603741645813","0.7981603741645813","0.7981603741645813","0.8662984371185303","0.8662984371185303","0.8662984371185303"
"120","1.0781006813049316","1.0781006813049316","1.0781006813049316","0.9363585114479065","0.9363585114479065","0.9363585114479065","0.9406126141548157","0.9406126141548157","0.9406126141548157","0.5306245684623718","0.5306245684623718","0.5306245684623718","0.5394628643989563","0.5394628643989563","0.5394628643989563","0.7526522278785706","0.7526522278785706","0.7526522278785706","0.7828326225280762","0.7828326225280762","0.7828326225280762"
"122","1.144432544708252","1.144432544708252","1.144432544708252","0.9183809161186218","0.9183809161186218","0.9183809161186218","0.9071965217590332","0.9071965217590332","0.9071965217590332","0.6133191585540771","0.6133191585540771","0.6133191585540771","0.6284881234169006","0.6284881234169006","0.6284881234169006","0.8063876628875732","0.8063876628875732","0.8063876628875732","0.8426172733306885","0.8426172733306885","0.8426172733306885"
"124","1.2045413255691528","1.2045413255691528","1.2045413255691528","0.9974981546401978","0.9974981546401978","0.9974981546401978","0.9479387402534485","0.9479387402534485","0.9479387402534485","0.5364810228347778","0.5364810228347778","0.5364810228347778","0.5681605935096741","0.5681605935096741","0.5681605935096741","0.7252115607261658","0.7252115607261658","0.7252115607261658","0.7838156223297119","0.7838156223297119","0.7838156223297119"
"126","1.1856614351272583","1.1856614351272583","1.1856614351272583","0.9093016982078552","0.9093016982078552","0.9093016982078552","0.9137047529220581","0.9137047529220581","0.9137047529220581","0.5315425992012024","0.5315425992012024","0.5315425992012024","0.576348066329956","0.576348066329956","0.576348066329956","0.7302796244621277","0.7302796244621277","0.7302796244621277","0.7598714828491211","0.7598714828491211","0.7598714828491211"
"128","1.1189863681793213","1.1189863681793213","1.1189863681793213","0.9823119044303894","0.9823119044303894","0.9823119044303894","0.8936578035354614","0.8936578035354614","0.8936578035354614","0.5559892654418945","0.5559892654418945","0.5559892654418945","0.6245853304862976","0.6245853304862976","0.6245853304862976","0.764074444770813","0.764074444770813","0.764074444770813","0.7811803817749023","0.7811803817749023","0.7811803817749023"
"130","1.461021900177002","1.461021900177002","1.461021900177002","0.991023063659668","0.991023063659668","0.991023063659668","0.9553351402282715","0.9553351402282715","0.9553351402282715","0.5247251391410828","0.5247251391410828","0.5247251391410828","0.5584256649017334","0.5584256649017334","0.5584256649017334","0.7161462306976318","0.7161462306976318","0.7161462306976318","0.7722170352935791","0.7722170352935791","0.7722170352935791"
"132","1.0593278408050537","1.0593278408050537","1.0593278408050537","0.9168552756309509","0.9168552756309509","0.9168552756309509","0.9130204319953918","0.9130204319953918","0.9130204319953918","0.5305555462837219","0.5305555462837219","0.5305555462837219","0.5587815046310425","0.5587815046310425","0.5587815046310425","0.7408863306045532","0.7408863306045532","0.7408863306045532","0.7841775417327881","0.7841775417327881","0.7841775417327881"
"134","1.2922028303146362","1.2922028303146362","1.2922028303146362","0.9161199331283569","0.9161199331283569","0.9161199331283569","0.8745583891868591","0.8745583891868591","0.8745583891868591","0.5292071104049683","0.5292071104049683","0.5292071104049683","0.5545387268066406","0.5545387268066406","0.5545387268066406","0.6980355978012085","0.6980355978012085","0.6980355978012085","0.7751743793487549","0.7751743793487549","0.7751743793487549"
"136","1.1535283327102661","1.1535283327102661","1.1535283327102661","0.927529513835907","0.927529513835907","0.927529513835907","0.8953976631164551","0.8953976631164551","0.8953976631164551","0.539484977722168","0.539484977722168","0.539484977722168","0.5686455965042114","0.5686455965042114","0.5686455965042114","0.7410339713096619","0.7410339713096619","0.7410339713096619","0.7942983508110046","0.7942983508110046","0.7942983508110046"
"138","1.2462832927703857","1.2462832927703857","1.2462832927703857","0.9584682583808899","0.9584682583808899","0.9584682583808899","1.5819597244262695","1.5819597244262695","1.5819597244262695","0.5272325277328491","0.5272325277328491","0.5272325277328491","0.5586663484573364","0.5586663484573364","0.5586663484573364","0.7151454091072083","0.7151454091072083","0.7151454091072083","0.7741720676422119","0.7741720676422119","0.7741720676422119"
"140","1.0975899696350098","1.0975899696350098","1.0975899696350098","0.9205142259597778","0.9205142259597778","0.9205142259597778","0.9691413044929504","0.9691413044929504","0.9691413044929504","0.56630539894104","0.56630539894104","0.56630539894104","0.5789800882339478","0.5789800882339478","0.5789800882339478","0.75776207447052","0.75776207447052","0.75776207447052","0.7948957681655884","0.7948957681655884","0.7948957681655884"
"142","1.093222737312317","1.093222737312317","1.093222737312317","1.6794469356536865","1.6794469356536865","1.6794469356536865","0.9439293742179871","0.9439293742179871","0.9439293742179871","0.5337533950805664","0.5337533950805664","0.5337533950805664","0.5801293253898621","0.5801293253898621","0.5801293253898621","0.7335858345031738","0.7335858345031738","0.7335858345031738","0.7374619841575623","0.7374619841575623","0.7374619841575623"
"144","1.112474799156189","1.112474799156189","1.112474799156189","1.361297845840454","1.361297845840454","1.361297845840454","0.8928407430648804","0.8928407430648804","0.8928407430648804","0.506753146648407","0.506753146648407","0.506753146648407","0.5421531200408936","0.5421531200408936","0.5421531200408936","0.6628285050392151","0.6628285050392151","0.6628285050392151","0.7776352167129517","0.7776352167129517","0.7776352167129517"
"146","1.017308235168457","1.017308235168457","1.017308235168457","1.2373764514923096","1.2373764514923096","1.2373764514923096","0.9059560298919678","0.9059560298919678","0.9059560298919678","0.5232294797897339","0.5232294797897339","0.5232294797897339","0.5746017694473267","0.5746017694473267","0.5746017694473267","0.6982501745223999","0.6982501745223999","0.6982501745223999","0.7353206276893616","0.7353206276893616","0.7353206276893616"
"148","1.0391919612884521","1.0391919612884521","1.0391919612884521","1.1318044662475586","1.1318044662475586","1.1318044662475586","0.8750751614570618","0.8750751614570618","0.8750751614570618","0.5541176795959473","0.5541176795959473","0.5541176795959473","0.5842012166976929","0.5842012166976929","0.5842012166976929","0.7148697376251221","0.7148697376251221","0.7148697376251221","0.7699375152587891","0.7699375152587891","0.7699375152587891"
"150","1.0839354991912842","1.0839354991912842","1.0839354991912842","1.0347626209259033","1.0347626209259033","1.0347626209259033","0.9031323194503784","0.9031323194503784","0.9031323194503784","0.504889726638794","0.504889726638794","0.504889726638794","0.5296355485916138","0.5296355485916138","0.5296355485916138","0.6780821084976196","0.6780821084976196","0.6780821084976196","0.7246706485748291","0.7246706485748291","0.7246706485748291"
"152","1.0450482368469238","1.0450482368469238","1.0450482368469238","1.0285481214523315","1.0285481214523315","1.0285481214523315","0.89026939868927","0.89026939868927","0.89026939868927","0.571086585521698","0.571086585521698","0.571086585521698","0.646939754486084","0.646939754486084","0.646939754486084","0.730052649974823","0.730052649974823","0.730052649974823","0.8025215864181519","0.8025215864181519","0.8025215864181519"
"154","0.9831140041351318","0.9831140041351318","0.9831140041351318","1.0026936531066895","1.0026936531066895","1.0026936531066895","0.9177864193916321","0.9177864193916321","0.9177864193916321","0.5611246228218079","0.5611246228218079","0.5611246228218079","0.6144483089447021","0.6144483089447021","0.6144483089447021","0.7423198223114014","0.7423198223114014","0.7423198223114014","0.7683530449867249","0.7683530449867249","0.7683530449867249"
"156","0.9970675706863403","0.9970675706863403","0.9970675706863403","1.0310428142547607","1.0310428142547607","1.0310428142547607","0.8614482283592224","0.8614482283592224","0.8614482283592224","0.570124626159668","0.570124626159668","0.570124626159668","0.6185963153839111","0.6185963153839111","0.6185963153839111","0.737555980682373","0.737555980682373","0.737555980682373","0.8213022351264954","0.8213022351264954","0.8213022351264954"
"158","1.057708501815796","1.057708501815796","1.057708501815796","0.9391535520553589","0.9391535520553589","0.9391535520553589","0.8888092041015625","0.8888092041015625","0.8888092041015625","0.564491331577301","0.564491331577301","0.564491331577301","0.6178956031799316","0.6178956031799316","0.6178956031799316","0.7326952815055847","0.7326952815055847","0.7326952815055847","0.758002758026123","0.758002758026123","0.758002758026123"
"160","0.8935001492500305","0.8935001492500305","0.8935001492500305","1.0458717346191406","1.0458717346191406","1.0458717346191406","0.8801535367965698","0.8801535367965698","0.8801535367965698","0.5567032098770142","0.5567032098770142","0.5567032098770142","0.571744978427887","0.571744978427887","0.571744978427887","0.7328591346740723","0.7328591346740723","0.7328591346740723","0.7993158102035522","0.7993158102035522","0.7993158102035522"
"162","0.9577234983444214","0.9577234983444214","0.9577234983444214","1.00537109375","1.00537109375","1.00537109375","0.8887797594070435","0.8887797594070435","0.8887797594070435","0.554311215877533","0.554311215877533","0.554311215877533","0.5754058361053467","0.5754058361053467","0.5754058361053467","0.7540574073791504","0.7540574073791504","0.7540574073791504","0.7496542930603027","0.7496542930603027","0.7496542930603027"
"164","0.9947075843811035","0.9947075843811035","0.9947075843811035","1.0200293064117432","1.0200293064117432","1.0200293064117432","0.8640873432159424","0.8640873432159424","0.8640873432159424","0.5738444328308105","0.5738444328308105","0.5738444328308105","0.6200869083404541","0.6200869083404541","0.6200869083404541","0.7623778581619263","0.7623778581619263","0.7623778581619263","0.8860706090927124","0.8860706090927124","0.8860706090927124"
"166","1.0866451263427734","1.0866451263427734","1.0866451263427734","1.1602323055267334","1.1602323055267334","1.1602323055267334","0.9114596843719482","0.9114596843719482","0.9114596843719482","0.5501810908317566","0.5501810908317566","0.5501810908317566","0.5549273490905762","0.5549273490905762","0.5549273490905762","0.758643627166748","0.758643627166748","0.758643627166748","0.7990055680274963","0.7990055680274963","0.7990055680274963"
"168","0.9927050471305847","0.9927050471305847","0.9927050471305847","0.952418863773346","0.952418863773346","0.952418863773346","0.8672139048576355","0.8672139048576355","0.8672139048576355","0.5212382078170776","0.5212382078170776","0.5212382078170776","0.5456447005271912","0.5456447005271912","0.5456447005271912","0.6888518333435059","0.6888518333435059","0.6888518333435059","0.7152731418609619","0.7152731418609619","0.7152731418609619"
"170","1.0040956735610962","1.0040956735610962","1.0040956735610962","0.937982439994812","0.937982439994812","0.937982439994812","0.9502730369567871","0.9502730369567871","0.9502730369567871","0.5108200311660767","0.5108200311660767","0.5108200311660767","0.5477277636528015","0.5477277636528015","0.5477277636528015","0.7091822028160095","0.7091822028160095","0.7091822028160095","0.7397198677062988","0.7397198677062988","0.7397198677062988"
"172","1.0022594928741455","1.0022594928741455","1.0022594928741455","0.9573992490768433","0.9573992490768433","0.9573992490768433","0.8743517398834229","0.8743517398834229","0.8743517398834229","0.555812418460846","0.555812418460846","0.555812418460846","0.5841580033302307","0.5841580033302307","0.5841580033302307","0.7146957516670227","0.7146957516670227","0.7146957516670227","0.7580329179763794","0.7580329179763794","0.7580329179763794"
"174","0.9232132434844971","0.9232132434844971","0.9232132434844971","0.9198634028434753","0.9198634028434753","0.9198634028434753","0.8877612352371216","0.8877612352371216","0.8877612352371216","0.5475621223449707","0.5475621223449707","0.5475621223449707","0.5847708582878113","0.5847708582878113","0.5847708582878113","0.6808550357818604","0.6808550357818604","0.6808550357818604","0.7508128881454468","0.7508128881454468","0.7508128881454468"
"176","1.9133398532867432","1.9133398532867432","1.9133398532867432","0.9341777563095093","0.9341777563095093","0.9341777563095093","0.8438147902488708","0.8438147902488708","0.8438147902488708","0.5442945957183838","0.5442945957183838","0.5442945957183838","0.5760341286659241","0.5760341286659241","0.5760341286659241","0.736500084400177","0.736500084400177","0.736500084400177","0.7645851373672485","0.7645851373672485","0.7645851373672485"
"178","1.5420018434524536","1.5420018434524536","1.5420018434524536","0.9595082402229309","0.9595082402229309","0.9595082402229309","0.8500279188156128","0.8500279188156128","0.8500279188156128","0.5430154800415039","0.5430154800415039","0.5430154800415039","0.5893803238868713","0.5893803238868713","0.5893803238868713","0.694507896900177","0.694507896900177","0.694507896900177","0.7244405746459961","0.7244405746459961","0.7244405746459961"
"180","1.4288702011108398","1.4288702011108398","1.4288702011108398","0.8654160499572754","0.8654160499572754","0.8654160499572754","0.8790786266326904","0.8790786266326904","0.8790786266326904","0.531991720199585","0.531991720199585","0.531991720199585","0.5636723041534424","0.5636723041534424","0.5636723041534424","0.6708457469940186","0.6708457469940186","0.6708457469940186","0.7189939022064209","0.7189939022064209","0.7189939022064209"
"182","1.32736337184906","1.32736337184906","1.32736337184906","0.9284106492996216","0.9284106492996216","0.9284106492996216","0.8755186796188354","0.8755186796188354","0.8755186796188354","0.5394387245178223","0.5394387245178223","0.5394387245178223","0.5602664947509766","0.5602664947509766","0.5602664947509766","0.6777142882347107","0.6777142882347107","0.6777142882347107","0.7198116183280945","0.7198116183280945","0.7198116183280945"
"184","1.2943600416183472","1.2943600416183472","1.2943600416183472","0.9048390984535217","0.9048390984535217","0.9048390984535217","0.9001059532165527","0.9001059532165527","0.9001059532165527","0.5508663654327393","0.5508663654327393","0.5508663654327393","0.5768989324569702","0.5768989324569702","0.5768989324569702","0.729739785194397","0.729739785194397","0.729739785194397","0.74521404504776","0.74521404504776","0.74521404504776"
"186","1.2084250450134277","1.2084250450134277","1.2084250450134277","0.9396258592605591","0.9396258592605591","0.9396258592605591","0.8113381266593933","0.8113381266593933","0.8113381266593933","0.5384153127670288","0.5384153127670288","0.5384153127670288","0.5801174640655518","0.5801174640655518","0.5801174640655518","0.6774699091911316","0.6774699091911316","0.6774699091911316","0.7229450345039368","0.7229450345039368","0.7229450345039368"
"188","1.2632325887680054","1.2632325887680054","1.2632325887680054","0.8605954051017761","0.8605954051017761","0.8605954051017761","0.8162832856178284","0.8162832856178284","0.8162832856178284","0.5444268584251404","0.5444268584251404","0.5444268584251404","0.5857842564582825","0.5857842564582825","0.5857842564582825","0.710046648979187","0.710046648979187","0.710046648979187","0.7286379337310791","0.7286379337310791","0.7286379337310791"
"190","1.0864284038543701","1.0864284038543701","1.0864284038543701","0.9251127243041992","0.9251127243041992","0.9251127243041992","0.8372728824615479","0.8372728824615479","0.8372728824615479","0.5671661496162415","0.5671661496162415","0.5671661496162415","0.57713782787323","0.57713782787323","0.57713782787323","0.6945916414260864","0.6945916414260864","0.6945916414260864","0.772715151309967","0.772715151309967","0.772715151309967"
"192","1.0734506845474243","1.0734506845474243","1.0734506845474243","0.9341081380844116","0.9341081380844116","0.9341081380844116","0.8488790988922119","0.8488790988922119","0.8488790988922119","0.5630340576171875","0.5630340576171875","0.5630340576171875","0.60541832447052","0.60541832447052","0.60541832447052","0.7248964309692383","0.7248964309692383","0.7248964309692383","0.7487678527832031","0.7487678527832031","0.7487678527832031"
"194","1.1051530838012695","1.1051530838012695","1.1051530838012695","0.9147485494613647","0.9147485494613647","0.9147485494613647","0.8360158801078796","0.8360158801078796","0.8360158801078796","0.5112795829772949","0.5112795829772949","0.5112795829772949","0.5272159576416016","0.5272159576416016","0.5272159576416016","0.6363110542297363","0.6363110542297363","0.6363110542297363","0.6967269778251648","0.6967269778251648","0.6967269778251648"
"196","1.1179693937301636","1.1179693937301636","1.1179693937301636","0.9525808095932007","0.9525808095932007","0.9525808095932007","0.875334620475769","0.875334620475769","0.875334620475769","0.6421492099761963","0.6421492099761963","0.6421492099761963","0.6485114693641663","0.6485114693641663","0.6485114693641663","0.8572943806648254","0.8572943806648254","0.8572943806648254","0.771979033946991","0.771979033946991","0.771979033946991"
"198","1.1045845746994019","1.1045845746994019","1.1045845746994019","0.933427095413208","0.933427095413208","0.933427095413208","0.8885698318481445","0.8885698318481445","0.8885698318481445","0.5331833362579346","0.5331833362579346","0.5331833362579346","0.5278209447860718","0.5278209447860718","0.5278209447860718","0.6670740246772766","0.6670740246772766","0.6670740246772766","0.7022413611412048","0.7022413611412048","0.7022413611412048"
"200","1.0448588132858276","1.0448588132858276","1.0448588132858276","0.9469826817512512","0.9469826817512512","0.9469826817512512","0.8757370710372925","0.8757370710372925","0.8757370710372925","0.5294895172119141","0.5294895172119141","0.5294895172119141","0.5658060312271118","0.5658060312271118","0.5658060312271118","0.7019017338752747","0.7019017338752747","0.7019017338752747","0.7152876853942871","0.7152876853942871","0.7152876853942871"
"202","1.0295275449752808","1.0295275449752808","1.0295275449752808","0.8940560817718506","0.8940560817718506","0.8940560817718506","0.8956820964813232","0.8956820964813232","0.8956820964813232","0.5593670606613159","0.5593670606613159","0.5593670606613159","0.5952262878417969","0.5952262878417969","0.5952262878417969","0.6985684633255005","0.6985684633255005","0.6985684633255005","0.7535338401794434","0.7535338401794434","0.7535338401794434"
"204","1.0337045192718506","1.0337045192718506","1.0337045192718506","0.8769410848617554","0.8769410848617554","0.8769410848617554","0.8754431009292603","0.8754431009292603","0.8754431009292603","0.5456732511520386","0.5456732511520386","0.5456732511520386","0.5725574493408203","0.5725574493408203","0.5725574493408203","0.7325749397277832","0.7325749397277832","0.7325749397277832","0.7234517931938171","0.7234517931938171","0.7234517931938171"
"206","1.187551736831665","1.187551736831665","1.187551736831665","0.9620532989501953","0.9620532989501953","0.9620532989501953","0.8377869129180908","0.8377869129180908","0.8377869129180908","0.5239531993865967","0.5239531993865967","0.5239531993865967","0.5629127621650696","0.5629127621650696","0.5629127621650696","0.6632084250450134","0.6632084250450134","0.6632084250450134","0.7026588916778564","0.7026588916778564","0.7026588916778564"
"208","0.961165189743042","0.961165189743042","0.961165189743042","0.9446433186531067","0.9446433186531067","0.9446433186531067","0.8674042224884033","0.8674042224884033","0.8674042224884033","0.5181195735931396","0.5181195735931396","0.5181195735931396","0.5221672058105469","0.5221672058105469","0.5221672058105469","0.6980233192443848","0.6980233192443848","0.6980233192443848","0.6809067130088806","0.6809067130088806","0.6809067130088806"
"210","1.0856066942214966","1.0856066942214966","1.0856066942214966","0.8785594701766968","0.8785594701766968","0.8785594701766968","0.8713913559913635","0.8713913559913635","0.8713913559913635","0.5616771578788757","0.5616771578788757","0.5616771578788757","0.5389539003372192","0.5389539003372192","0.5389539003372192","0.7142665982246399","0.7142665982246399","0.7142665982246399","0.7541362047195435","0.7541362047195435","0.7541362047195435"
"212","1.2291274070739746","1.2291274070739746","1.2291274070739746","0.8719601631164551","0.8719601631164551","0.8719601631164551","0.8546919822692871","0.8546919822692871","0.8546919822692871","0.5548697710037231","0.5548697710037231","0.5548697710037231","0.6115288734436035","0.6115288734436035","0.6115288734436035","0.713627815246582","0.713627815246582","0.713627815246582","0.7653940916061401","0.7653940916061401","0.7653940916061401"
"214","1.1816174983978271","1.1816174983978271","1.1816174983978271","0.8771747350692749","0.8771747350692749","0.8771747350692749","0.8346562385559082","0.8346562385559082","0.8346562385559082","0.5282856225967407","0.5282856225967407","0.5282856225967407","0.5630725622177124","0.5630725622177124","0.5630725622177124","0.695068895816803","0.695068895816803","0.695068895816803","0.7058146595954895","0.7058146595954895","0.7058146595954895"
"216","1.0370924472808838","1.0370924472808838","1.0370924472808838","0.8347564339637756","0.8347564339637756","0.8347564339637756","0.8987307548522949","0.8987307548522949","0.8987307548522949","0.5135464072227478","0.5135464072227478","0.5135464072227478","0.5430329442024231","0.5430329442024231","0.5430329442024231","0.6731812357902527","0.6731812357902527","0.6731812357902527","0.738512396812439","0.738512396812439","0.738512396812439"
"218","0.9562114477157593","0.9562114477157593","0.9562114477157593","0.8847976922988892","0.8847976922988892","0.8847976922988892","0.8957989811897278","0.8957989811897278","0.8957989811897278","0.5374308824539185","0.5374308824539185","0.5374308824539185","0.5919562578201294","0.5919562578201294","0.5919562578201294","0.6912961602210999","0.6912961602210999","0.6912961602210999","0.7301873564720154","0.7301873564720154","0.7301873564720154"
"220","0.9587363600730896","0.9587363600730896","0.9587363600730896","0.8768633604049683","0.8768633604049683","0.8768633604049683","0.8511651754379272","0.8511651754379272","0.8511651754379272","0.5367569327354431","0.5367569327354431","0.5367569327354431","0.5634793043136597","0.5634793043136597","0.5634793043136597","0.7111867070198059","0.7111867070198059","0.7111867070198059","0.714453399181366","0.714453399181366","0.714453399181366"
"222","0.9509446024894714","0.9509446024894714","0.9509446024894714","0.9036790132522583","0.9036790132522583","0.9036790132522583","0.8176845908164978","0.8176845908164978","0.8176845908164978","0.5360013246536255","0.5360013246536255","0.5360013246536255","0.56327223777771","0.56327223777771","0.56327223777771","0.6580551266670227","0.6580551266670227","0.6580551266670227","0.7430024147033691","0.7430024147033691","0.7430024147033691"
"224","0.9089511036872864","0.9089511036872864","0.9089511036872864","0.8566431403160095","0.8566431403160095","0.8566431403160095","0.8459553718566895","0.8459553718566895","0.8459553718566895","0.5094625949859619","0.5094625949859619","0.5094625949859619","0.5323717594146729","0.5323717594146729","0.5323717594146729","0.6600730419158936","0.6600730419158936","0.6600730419158936","0.7078239917755127","0.7078239917755127","0.7078239917755127"
"226","0.962771475315094","0.962771475315094","0.962771475315094","0.9009568691253662","0.9009568691253662","0.9009568691253662","0.8933663368225098","0.8933663368225098","0.8933663368225098","0.5674351453781128","0.5674351453781128","0.5674351453781128","0.5753685832023621","0.5753685832023621","0.5753685832023621","0.7017569541931152","0.7017569541931152","0.7017569541931152","0.7112654447555542","0.7112654447555542","0.7112654447555542"
"228","0.9141585230827332","0.9141585230827332","0.9141585230827332","0.8662248849868774","0.8662248849868774","0.8662248849868774","0.8496056199073792","0.8496056199073792","0.8496056199073792","0.5368552803993225","0.5368552803993225","0.5368552803993225","0.57451331615448","0.57451331615448","0.57451331615448","0.6891828179359436","0.6891828179359436","0.6891828179359436","0.717853307723999","0.717853307723999","0.717853307723999"
"230","0.9731879234313965","0.9731879234313965","0.9731879234313965","0.847637414932251","0.847637414932251","0.847637414932251","0.8480647206306458","0.8480647206306458","0.8480647206306458","0.5337216854095459","0.5337216854095459","0.5337216854095459","0.5697103142738342","0.5697103142738342","0.5697103142738342","0.7131513357162476","0.7131513357162476","0.7131513357162476","0.7249301671981812","0.7249301671981812","0.7249301671981812"