"Step","VOWELS_FILTER_b40_DUAL_bs16 - decomposition_loss_s","VOWELS_FILTER_b40_DUAL_bs16 - decomposition_loss_s__MIN","VOWELS_FILTER_b40_DUAL_bs16 - decomposition_loss_s__MAX","VOWELS_FILTER_b20_DUAL_bs16 - decomposition_loss_s","VOWELS_FILTER_b20_DUAL_bs16 - decomposition_loss_s__MIN","VOWELS_FILTER_b20_DUAL_bs16 - decomposition_loss_s__MAX","VOWELS_FILTER_b10_DUAL_bs16 - decomposition_loss_s","VOWELS_FILTER_b10_DUAL_bs16 - decomposition_loss_s__MIN","VOWELS_FILTER_b10_DUAL_bs16 - decomposition_loss_s__MAX","VOWELS_FILTER_b0_DUAL_bs16 - decomposition_loss_s","VOWELS_FILTER_b0_DUAL_bs16 - decomposition_loss_s__MIN","VOWELS_FILTER_b0_DUAL_bs16 - decomposition_loss_s__MAX","VOWELS_FILTER_b0.1_DUAL_bs16 - decomposition_loss_s","VOWELS_FILTER_b0.1_DUAL_bs16 - decomposition_loss_s__MIN","VOWELS_FILTER_b0.1_DUAL_bs16 - decomposition_loss_s__MAX","VOWELS_FILTER_b1_DUAL_bs16 - decomposition_loss_s","VOWELS_FILTER_b1_DUAL_bs16 - decomposition_loss_s__MIN","VOWELS_FILTER_b1_DUAL_bs16 - decomposition_loss_s__MAX","VOWELS_FILTER_B5_DEFAULTS_DUAL_bs16 - decomposition_loss_s","VOWELS_FILTER_B5_DEFAULTS_DUAL_bs16 - decomposition_loss_s__MIN","VOWELS_FILTER_B5_DEFAULTS_DUAL_bs16 - decomposition_loss_s__MAX"
"0","6.4174418449401855","6.4174418449401855","6.4174418449401855","6.415992736816406","6.415992736816406","6.415992736816406","6.413078784942627","6.413078784942627","6.413078784942627","2.248979091644287","2.248979091644287","2.248979091644287","5.683969497680664","5.683969497680664","5.683969497680664","6.221219062805176","6.221219062805176","6.221219062805176","6.407443046569824","6.407443046569824","6.407443046569824"
"2","8.048248291015625","8.048248291015625","8.048248291015625","8.037232398986816","8.037232398986816","8.037232398986816","8.014938354492188","8.014938354492188","8.014938354492188","1.586595058441162","1.586595058441162","1.586595058441162","6.040907382965088","6.040907382965088","6.040907382965088","7.389357566833496","7.389357566833496","7.389357566833496","7.970300197601318","7.970300197601318","7.970300197601318"
"4","8.798484802246094","8.798484802246094","8.798484802246094","8.765900611877441","8.765900611877441","8.765900611877441","8.705205917358398","8.705205917358398","8.705205917358398","0.923192024230957","0.923192024230957","0.923192024230957","5.459938049316406","5.459938049316406","5.459938049316406","7.6333208084106445","7.6333208084106445","7.6333208084106445","8.581694602966309","8.581694602966309","8.581694602966309"
"6","9.36038589477539","9.36038589477539","9.36038589477539","9.304476737976074","9.304476737976074","9.304476737976074","9.17670726776123","9.17670726776123","9.17670726776123","0.9354646801948547","0.9354646801948547","0.9354646801948547","3.7310631275177","3.7310631275177","3.7310631275177","7.4481635093688965","7.4481635093688965","7.4481635093688965","8.917428970336914","8.917428970336914","8.917428970336914"
"8","10.05620288848877","10.05620288848877","10.05620288848877","9.951081275939941","9.951081275939941","9.951081275939941","9.711432456970215","9.711432456970215","9.711432456970215","0.8520066738128662","0.8520066738128662","0.8520066738128662","2.6780850887298584","2.6780850887298584","2.6780850887298584","6.998898983001709","6.998898983001709","6.998898983001709","9.257857322692871","9.257857322692871","9.257857322692871"
"10","10.382576942443848","10.382576942443848","10.382576942443848","10.191041946411133","10.191041946411133","10.191041946411133","9.810824394226074","9.810824394226074","9.810824394226074","0.8096152544021606","0.8096152544021606","0.8096152544021606","2.0456156730651855","2.0456156730651855","2.0456156730651855","5.976059913635254","5.976059913635254","5.976059913635254","9.129951477050781","9.129951477050781","9.129951477050781"
"12","10.537055015563965","10.537055015563965","10.537055015563965","10.289246559143066","10.289246559143066","10.289246559143066","9.770362854003906","9.770362854003906","9.770362854003906","0.8811497688293457","0.8811497688293457","0.8811497688293457","1.915906548500061","1.915906548500061","1.915906548500061","5.078575134277344","5.078575134277344","5.078575134277344","8.911849975585938","8.911849975585938","8.911849975585938"
"14","11.035225868225098","11.035225868225098","11.035225868225098","10.65400505065918","10.65400505065918","10.65400505065918","9.90091323852539","9.90091323852539","9.90091323852539","0.8793025016784668","0.8793025016784668","0.8793025016784668","1.652692198753357","1.652692198753357","1.652692198753357","4.228410243988037","4.228410243988037","4.228410243988037","8.750749588012695","8.750749588012695","8.750749588012695"
"16","11.334897994995117","11.334897994995117","11.334897994995117","10.777386665344238","10.777386665344238","10.777386665344238","9.761466026306152","9.761466026306152","9.761466026306152","0.805924654006958","0.805924654006958","0.805924654006958","1.5599803924560547","1.5599803924560547","1.5599803924560547","3.5075550079345703","3.5075550079345703","3.5075550079345703","8.311767578125","8.311767578125","8.311767578125"
"18","11.336015701293945","11.336015701293945","11.336015701293945","10.610790252685547","10.610790252685547","10.610790252685547","9.376348495483398","9.376348495483398","9.376348495483398","0.7814210653305054","0.7814210653305054","0.7814210653305054","1.4523162841796875","1.4523162841796875","1.4523162841796875","2.7973146438598633","2.7973146438598633","2.7973146438598633","7.706797122955322","7.706797122955322","7.706797122955322"
"20","11.393350601196289","11.393350601196289","11.393350601196289","10.531785011291504","10.531785011291504","10.531785011291504","9.15444278717041","9.15444278717041","9.15444278717041","0.9042254090309143","0.9042254090309143","0.9042254090309143","1.7302032709121704","1.7302032709121704","1.7302032709121704","2.6847853660583496","2.6847853660583496","2.6847853660583496","7.359455108642578","7.359455108642578","7.359455108642578"
"22","11.428384780883789","11.428384780883789","11.428384780883789","10.359734535217285","10.359734535217285","10.359734535217285","8.783927917480469","8.783927917480469","8.783927917480469","0.8332654237747192","0.8332654237747192","0.8332654237747192","1.5089221000671387","1.5089221000671387","1.5089221000671387","2.1929190158843994","2.1929190158843994","2.1929190158843994","6.674402713775635","6.674402713775635","6.674402713775635"
"24","11.404303550720215","11.404303550720215","11.404303550720215","10.094014167785645","10.094014167785645","10.094014167785645","8.284533500671387","8.284533500671387","8.284533500671387","0.7901807427406311","0.7901807427406311","0.7901807427406311","1.4341577291488647","1.4341577291488647","1.4341577291488647","1.9746479988098145","1.9746479988098145","1.9746479988098145","5.8647260665893555","5.8647260665893555","5.8647260665893555"
"26","11.048001289367676","11.048001289367676","11.048001289367676","9.551121711730957","9.551121711730957","9.551121711730957","7.549644947052002","7.549644947052002","7.549644947052002","0.790328860282898","0.790328860282898","0.790328860282898","1.2356581687927246","1.2356581687927246","1.2356581687927246","1.7141939401626587","1.7141939401626587","1.7141939401626587","4.788440704345703","4.788440704345703","4.788440704345703"
"28","11.052632331848145","11.052632331848145","11.052632331848145","9.381099700927734","9.381099700927734","9.381099700927734","7.155345916748047","7.155345916748047","7.155345916748047","0.7859611511230469","0.7859611511230469","0.7859611511230469","1.2378084659576416","1.2378084659576416","1.2378084659576416","1.7664655447006226","1.7664655447006226","1.7664655447006226","4.255443572998047","4.255443572998047","4.255443572998047"
"30","10.85496997833252","10.85496997833252","10.85496997833252","8.978856086730957","8.978856086730957","8.978856086730957","6.4524407386779785","6.4524407386779785","6.4524407386779785","0.7660298347473145","0.7660298347473145","0.7660298347473145","1.1162060499191284","1.1162060499191284","1.1162060499191284","1.656984806060791","1.656984806060791","1.656984806060791","3.6325299739837646","3.6325299739837646","3.6325299739837646"
"32","10.642311096191406","10.642311096191406","10.642311096191406","8.581836700439453","8.581836700439453","8.581836700439453","5.899049758911133","5.899049758911133","5.899049758911133","0.7774606943130493","0.7774606943130493","0.7774606943130493","1.1122385263442993","1.1122385263442993","1.1122385263442993","1.7331225872039795","1.7331225872039795","1.7331225872039795","3.232222557067871","3.232222557067871","3.232222557067871"
"34","10.126392364501953","10.126392364501953","10.126392364501953","7.83090353012085","7.83090353012085","7.83090353012085","5.08320426940918","5.08320426940918","5.08320426940918","0.7776206135749817","0.7776206135749817","0.7776206135749817","0.9945530295372009","0.9945530295372009","0.9945530295372009","1.5907176733016968","1.5907176733016968","1.5907176733016968","2.735344648361206","2.735344648361206","2.735344648361206"
"36","9.892903327941895","9.892903327941895","9.892903327941895","7.3907060623168945","7.3907060623168945","7.3907060623168945","4.757115364074707","4.757115364074707","4.757115364074707","0.7699810266494751","0.7699810266494751","0.7699810266494751","0.9682452082633972","0.9682452082633972","0.9682452082633972","1.6118379831314087","1.6118379831314087","1.6118379831314087","2.6008784770965576","2.6008784770965576","2.6008784770965576"
"38","9.557485580444336","9.557485580444336","9.557485580444336","7.098628044128418","7.098628044128418","7.098628044128418","4.68057107925415","4.68057107925415","4.68057107925415","0.79440838098526","0.79440838098526","0.79440838098526","1.0570683479309082","1.0570683479309082","1.0570683479309082","1.75717031955719","1.75717031955719","1.75717031955719","2.7158942222595215","2.7158942222595215","2.7158942222595215"
"40","9.207736015319824","9.207736015319824","9.207736015319824","6.6431169509887695","6.6431169509887695","6.6431169509887695","4.247819423675537","4.247819423675537","4.247819423675537","0.797478437423706","0.797478437423706","0.797478437423706","0.9739536643028259","0.9739536643028259","0.9739536643028259","1.6216177940368652","1.6216177940368652","1.6216177940368652","2.4154467582702637","2.4154467582702637","2.4154467582702637"
"42","8.573087692260742","8.573087692260742","8.573087692260742","6.004974842071533","6.004974842071533","6.004974842071533","3.4786317348480225","3.4786317348480225","3.4786317348480225","0.7638452053070068","0.7638452053070068","0.7638452053070068","0.8939511179924011","0.8939511179924011","0.8939511179924011","1.5345574617385864","1.5345574617385864","1.5345574617385864","2.1620302200317383","2.1620302200317383","2.1620302200317383"
"44","8.086926460266113","8.086926460266113","8.086926460266113","5.658736228942871","5.658736228942871","5.658736228942871","3.2392587661743164","3.2392587661743164","3.2392587661743164","0.7686934471130371","0.7686934471130371","0.7686934471130371","0.8864994645118713","0.8864994645118713","0.8864994645118713","1.4638558626174927","1.4638558626174927","1.4638558626174927","2.0543813705444336","2.0543813705444336","2.0543813705444336"
"46","7.684401035308838","7.684401035308838","7.684401035308838","5.395897388458252","5.395897388458252","5.395897388458252","3.024116277694702","3.024116277694702","3.024116277694702","0.7586574554443359","0.7586574554443359","0.7586574554443359","0.8343483209609985","0.8343483209609985","0.8343483209609985","1.4818437099456787","1.4818437099456787","1.4818437099456787","2.0228192806243896","2.0228192806243896","2.0228192806243896"
"48","7.29952335357666","7.29952335357666","7.29952335357666","5.119155406951904","5.119155406951904","5.119155406951904","2.878976345062256","2.878976345062256","2.878976345062256","0.7718352675437927","0.7718352675437927","0.7718352675437927","0.8851091265678406","0.8851091265678406","0.8851091265678406","1.5160044431686401","1.5160044431686401","1.5160044431686401","1.975566029548645","1.975566029548645","1.975566029548645"
"50","7.1539201736450195","7.1539201736450195","7.1539201736450195","5.0709123611450195","5.0709123611450195","5.0709123611450195","2.862889289855957","2.862889289855957","2.862889289855957","0.7755352258682251","0.7755352258682251","0.7755352258682251","0.9010836482048035","0.9010836482048035","0.9010836482048035","1.5753579139709473","1.5753579139709473","1.5753579139709473","2.0072267055511475","2.0072267055511475","2.0072267055511475"
"52","6.640761852264404","6.640761852264404","6.640761852264404","4.497592449188232","4.497592449188232","4.497592449188232","2.4728424549102783","2.4728424549102783","2.4728424549102783","0.7627069354057312","0.7627069354057312","0.7627069354057312","0.8263468146324158","0.8263468146324158","0.8263468146324158","1.4586440324783325","1.4586440324783325","1.4586440324783325","1.8075979948043823","1.8075979948043823","1.8075979948043823"
"54","6.467441558837891","6.467441558837891","6.467441558837891","4.468862533569336","4.468862533569336","4.468862533569336","2.4313137531280518","2.4313137531280518","2.4313137531280518","0.7706685066223145","0.7706685066223145","0.7706685066223145","0.8661825060844421","0.8661825060844421","0.8661825060844421","1.4888794422149658","1.4888794422149658","1.4888794422149658","1.8333903551101685","1.8333903551101685","1.8333903551101685"
"56","6.479129314422607","6.479129314422607","6.479129314422607","4.5540385246276855","4.5540385246276855","4.5540385246276855","2.5362298488616943","2.5362298488616943","2.5362298488616943","0.7822229862213135","0.7822229862213135","0.7822229862213135","0.951734185218811","0.951734185218811","0.951734185218811","1.8217921257019043","1.8217921257019043","1.8217921257019043","1.9854258298873901","1.9854258298873901","1.9854258298873901"
"58","6.127810001373291","6.127810001373291","6.127810001373291","4.175685882568359","4.175685882568359","4.175685882568359","2.373356819152832","2.373356819152832","2.373356819152832","0.796066164970398","0.796066164970398","0.796066164970398","0.8271340131759644","0.8271340131759644","0.8271340131759644","1.5105960369110107","1.5105960369110107","1.5105960369110107","1.8199766874313354","1.8199766874313354","1.8199766874313354"
"60","5.9381794929504395","5.9381794929504395","5.9381794929504395","4.0315022468566895","4.0315022468566895","4.0315022468566895","2.300971746444702","2.300971746444702","2.300971746444702","0.7904349565505981","0.7904349565505981","0.7904349565505981","0.9158191680908203","0.9158191680908203","0.9158191680908203","1.542710781097412","1.542710781097412","1.542710781097412","1.8873698711395264","1.8873698711395264","1.8873698711395264"
"62","5.9007720947265625","5.9007720947265625","5.9007720947265625","3.8951222896575928","3.8951222896575928","3.8951222896575928","2.2232329845428467","2.2232329845428467","2.2232329845428467","0.7888453602790833","0.7888453602790833","0.7888453602790833","0.9637616872787476","0.9637616872787476","0.9637616872787476","1.5522487163543701","1.5522487163543701","1.5522487163543701","1.835093379020691","1.835093379020691","1.835093379020691"
"64","5.6427741050720215","5.6427741050720215","5.6427741050720215","3.744699001312256","3.744699001312256","3.744699001312256","2.138437271118164","2.138437271118164","2.138437271118164","0.783458948135376","0.783458948135376","0.783458948135376","0.8544397950172424","0.8544397950172424","0.8544397950172424","1.4396886825561523","1.4396886825561523","1.4396886825561523","1.7413687705993652","1.7413687705993652","1.7413687705993652"
"66","5.519238471984863","5.519238471984863","5.519238471984863","3.6121585369110107","3.6121585369110107","3.6121585369110107","2.0735385417938232","2.0735385417938232","2.0735385417938232","0.7585826516151428","0.7585826516151428","0.7585826516151428","0.8021152019500732","0.8021152019500732","0.8021152019500732","1.4370824098587036","1.4370824098587036","1.4370824098587036","1.7228670120239258","1.7228670120239258","1.7228670120239258"
"68","5.417595863342285","5.417595863342285","5.417595863342285","3.554286241531372","3.554286241531372","3.554286241531372","2.1100642681121826","2.1100642681121826","2.1100642681121826","0.7865849733352661","0.7865849733352661","0.7865849733352661","0.8612446188926697","0.8612446188926697","0.8612446188926697","1.4563236236572266","1.4563236236572266","1.4563236236572266","1.748600721359253","1.748600721359253","1.748600721359253"
"70","5.198516845703125","5.198516845703125","5.198516845703125","3.245485544204712","3.245485544204712","3.245485544204712","1.9918339252471924","1.9918339252471924","1.9918339252471924","0.7623522877693176","0.7623522877693176","0.7623522877693176","0.8213856220245361","0.8213856220245361","0.8213856220245361","1.3150527477264404","1.3150527477264404","1.3150527477264404","1.6430025100708008","1.6430025100708008","1.6430025100708008"
"72","5.201228618621826","5.201228618621826","5.201228618621826","3.3416953086853027","3.3416953086853027","3.3416953086853027","2.0683960914611816","2.0683960914611816","2.0683960914611816","0.7897413969039917","0.7897413969039917","0.7897413969039917","0.8838571310043335","0.8838571310043335","0.8838571310043335","1.346403956413269","1.346403956413269","1.346403956413269","1.7810602188110352","1.7810602188110352","1.7810602188110352"
"74","5.058533191680908","5.058533191680908","5.058533191680908","3.215130567550659","3.215130567550659","3.215130567550659","2.020496129989624","2.020496129989624","2.020496129989624","0.7834194898605347","0.7834194898605347","0.7834194898605347","0.835412859916687","0.835412859916687","0.835412859916687","1.3227263689041138","1.3227263689041138","1.3227263689041138","1.7115734815597534","1.7115734815597534","1.7115734815597534"
"76","4.681292533874512","4.681292533874512","4.681292533874512","2.8263919353485107","2.8263919353485107","2.8263919353485107","1.8712800741195679","1.8712800741195679","1.8712800741195679","0.7560296654701233","0.7560296654701233","0.7560296654701233","0.7764132022857666","0.7764132022857666","0.7764132022857666","1.2523996829986572","1.2523996829986572","1.2523996829986572","1.6070927381515503","1.6070927381515503","1.6070927381515503"
"78","4.870841026306152","4.870841026306152","4.870841026306152","2.962308883666992","2.962308883666992","2.962308883666992","1.893355369567871","1.893355369567871","1.893355369567871","0.7701283693313599","0.7701283693313599","0.7701283693313599","0.7948179841041565","0.7948179841041565","0.7948179841041565","1.2460609674453735","1.2460609674453735","1.2460609674453735","1.6311115026474","1.6311115026474","1.6311115026474"
"80","4.6276421546936035","4.6276421546936035","4.6276421546936035","2.864375352859497","2.864375352859497","2.864375352859497","1.95625901222229","1.95625901222229","1.95625901222229","0.8021377921104431","0.8021377921104431","0.8021377921104431","0.9236794710159302","0.9236794710159302","0.9236794710159302","1.3680392503738403","1.3680392503738403","1.3680392503738403","1.6851848363876343","1.6851848363876343","1.6851848363876343"
"82","4.537766933441162","4.537766933441162","4.537766933441162","2.6605067253112793","2.6605067253112793","2.6605067253112793","1.8814191818237305","1.8814191818237305","1.8814191818237305","0.7613967657089233","0.7613967657089233","0.7613967657089233","0.7820643186569214","0.7820643186569214","0.7820643186569214","1.1731281280517578","1.1731281280517578","1.1731281280517578","1.5834710597991943","1.5834710597991943","1.5834710597991943"
"84","4.376610279083252","4.376610279083252","4.376610279083252","2.596752643585205","2.596752643585205","2.596752643585205","1.8922419548034668","1.8922419548034668","1.8922419548034668","0.7672170996665955","0.7672170996665955","0.7672170996665955","0.8131227493286133","0.8131227493286133","0.8131227493286133","1.1661710739135742","1.1661710739135742","1.1661710739135742","1.6585942506790161","1.6585942506790161","1.6585942506790161"
"86","4.181415557861328","4.181415557861328","4.181415557861328","2.4665043354034424","2.4665043354034424","2.4665043354034424","1.792754888534546","1.792754888534546","1.792754888534546","0.760563850402832","0.760563850402832","0.760563850402832","0.7917269468307495","0.7917269468307495","0.7917269468307495","1.1954880952835083","1.1954880952835083","1.1954880952835083","1.6100400686264038","1.6100400686264038","1.6100400686264038"
"88","4.44646692276001","4.44646692276001","4.44646692276001","2.700191020965576","2.700191020965576","2.700191020965576","2.0220823287963867","2.0220823287963867","2.0220823287963867","0.8119054436683655","0.8119054436683655","0.8119054436683655","0.9471336603164673","0.9471336603164673","0.9471336603164673","1.3360165357589722","1.3360165357589722","1.3360165357589722","1.7708463668823242","1.7708463668823242","1.7708463668823242"
"90","4.037485122680664","4.037485122680664","4.037485122680664","2.302433967590332","2.302433967590332","2.302433967590332","1.7191253900527954","1.7191253900527954","1.7191253900527954","0.7579069137573242","0.7579069137573242","0.7579069137573242","0.7673357129096985","0.7673357129096985","0.7673357129096985","1.1137220859527588","1.1137220859527588","1.1137220859527588","1.5124120712280273","1.5124120712280273","1.5124120712280273"
"92","4.025786399841309","4.025786399841309","4.025786399841309","2.34352970123291","2.34352970123291","2.34352970123291","1.8176041841506958","1.8176041841506958","1.8176041841506958","0.7871158123016357","0.7871158123016357","0.7871158123016357","0.8662137985229492","0.8662137985229492","0.8662137985229492","1.1763368844985962","1.1763368844985962","1.1763368844985962","1.648801565170288","1.648801565170288","1.648801565170288"
"94","3.888915777206421","3.888915777206421","3.888915777206421","2.2996790409088135","2.2996790409088135","2.2996790409088135","1.8077088594436646","1.8077088594436646","1.8077088594436646","0.758148193359375","0.758148193359375","0.758148193359375","0.7767304182052612","0.7767304182052612","0.7767304182052612","1.127496600151062","1.127496600151062","1.127496600151062","1.5799469947814941","1.5799469947814941","1.5799469947814941"
"96","3.797543525695801","3.797543525695801","3.797543525695801","2.1879823207855225","2.1879823207855225","2.1879823207855225","1.7452341318130493","1.7452341318130493","1.7452341318130493","0.7614945769309998","0.7614945769309998","0.7614945769309998","0.7782388925552368","0.7782388925552368","0.7782388925552368","1.0956484079360962","1.0956484079360962","1.0956484079360962","1.56265389919281","1.56265389919281","1.56265389919281"
"98","3.5445258617401123","3.5445258617401123","3.5445258617401123","2.0489346981048584","2.0489346981048584","2.0489346981048584","1.629103660583496","1.629103660583496","1.629103660583496","0.7812619209289551","0.7812619209289551","0.7812619209289551","0.7900766730308533","0.7900766730308533","0.7900766730308533","1.062412142753601","1.062412142753601","1.062412142753601","1.4859205484390259","1.4859205484390259","1.4859205484390259"
"100","3.618671178817749","3.618671178817749","3.618671178817749","2.1432435512542725","2.1432435512542725","2.1432435512542725","1.708668828010559","1.708668828010559","1.708668828010559","0.7659316062927246","0.7659316062927246","0.7659316062927246","0.8323949575424194","0.8323949575424194","0.8323949575424194","1.0620704889297485","1.0620704889297485","1.0620704889297485","1.5162709951400757","1.5162709951400757","1.5162709951400757"
"102","3.5589351654052734","3.5589351654052734","3.5589351654052734","2.09643292427063","2.09643292427063","2.09643292427063","1.668192982673645","1.668192982673645","1.668192982673645","0.7742351293563843","0.7742351293563843","0.7742351293563843","0.7949448823928833","0.7949448823928833","0.7949448823928833","1.0146152973175049","1.0146152973175049","1.0146152973175049","1.558918833732605","1.558918833732605","1.558918833732605"
"104","3.6182243824005127","3.6182243824005127","3.6182243824005127","2.198272466659546","2.198272466659546","2.198272466659546","1.7670611143112183","1.7670611143112183","1.7670611143112183","0.7735217809677124","0.7735217809677124","0.7735217809677124","0.8035419583320618","0.8035419583320618","0.8035419583320618","0.9827227592468262","0.9827227592468262","0.9827227592468262","1.5922694206237793","1.5922694206237793","1.5922694206237793"
"106","3.3875303268432617","3.3875303268432617","3.3875303268432617","2.0320565700531006","2.0320565700531006","2.0320565700531006","1.6669827699661255","1.6669827699661255","1.6669827699661255","0.7743605375289917","0.7743605375289917","0.7743605375289917","0.7940001487731934","0.7940001487731934","0.7940001487731934","0.9862791895866394","0.9862791895866394","0.9862791895866394","1.503161907196045","1.503161907196045","1.503161907196045"
"108","3.3398120403289795","3.3398120403289795","3.3398120403289795","2.0208065509796143","2.0208065509796143","2.0208065509796143","1.6764326095581055","1.6764326095581055","1.6764326095581055","0.7699885368347168","0.7699885368347168","0.7699885368347168","0.8162140250205994","0.8162140250205994","0.8162140250205994","0.9866213798522949","0.9866213798522949","0.9866213798522949","1.5264633893966675","1.5264633893966675","1.5264633893966675"
"110","3.3383402824401855","3.3383402824401855","3.3383402824401855","2.0178990364074707","2.0178990364074707","2.0178990364074707","1.6221189498901367","1.6221189498901367","1.6221189498901367","0.7871564626693726","0.7871564626693726","0.7871564626693726","0.802232027053833","0.802232027053833","0.802232027053833","0.9676291346549988","0.9676291346549988","0.9676291346549988","1.5199933052062988","1.5199933052062988","1.5199933052062988"
"112","3.305685520172119","3.305685520172119","3.305685520172119","2.0575952529907227","2.0575952529907227","2.0575952529907227","1.701641321182251","1.701641321182251","1.701641321182251","0.7898180484771729","0.7898180484771729","0.7898180484771729","0.8224838376045227","0.8224838376045227","0.8224838376045227","0.9598513245582581","0.9598513245582581","0.9598513245582581","1.5447354316711426","1.5447354316711426","1.5447354316711426"
"114","3.263486862182617","3.263486862182617","3.263486862182617","2.0300304889678955","2.0300304889678955","2.0300304889678955","1.6911290884017944","1.6911290884017944","1.6911290884017944","0.7802460193634033","0.7802460193634033","0.7802460193634033","0.8358442783355713","0.8358442783355713","0.8358442783355713","1.0264829397201538","1.0264829397201538","1.0264829397201538","1.5391868352890015","1.5391868352890015","1.5391868352890015"
"116","3.182607889175415","3.182607889175415","3.182607889175415","2.0237088203430176","2.0237088203430176","2.0237088203430176","1.6995329856872559","1.6995329856872559","1.6995329856872559","0.7794594764709473","0.7794594764709473","0.7794594764709473","0.8367398381233215","0.8367398381233215","0.8367398381233215","0.9678541421890259","0.9678541421890259","0.9678541421890259","1.5557307004928589","1.5557307004928589","1.5557307004928589"
"118","2.9980640411376953","2.9980640411376953","2.9980640411376953","1.9270427227020264","1.9270427227020264","1.9270427227020264","1.65142822265625","1.65142822265625","1.65142822265625","0.7677326202392578","0.7677326202392578","0.7677326202392578","0.7813364267349243","0.7813364267349243","0.7813364267349243","0.9297189712524414","0.9297189712524414","0.9297189712524414","1.522734522819519","1.522734522819519","1.522734522819519"
"120","2.873016834259033","2.873016834259033","2.873016834259033","1.7820773124694824","1.7820773124694824","1.7820773124694824","1.5521035194396973","1.5521035194396973","1.5521035194396973","0.7718452215194702","0.7718452215194702","0.7718452215194702","0.7783137559890747","0.7783137559890747","0.7783137559890747","0.8370505571365356","0.8370505571365356","0.8370505571365356","1.4461159706115723","1.4461159706115723","1.4461159706115723"
"122","3.053532123565674","3.053532123565674","3.053532123565674","1.9607008695602417","1.9607008695602417","1.9607008695602417","1.7009491920471191","1.7009491920471191","1.7009491920471191","0.7860287427902222","0.7860287427902222","0.7860287427902222","0.8523132801055908","0.8523132801055908","0.8523132801055908","1.014211893081665","1.014211893081665","1.014211893081665","1.5358010530471802","1.5358010530471802","1.5358010530471802"
"124","2.7093617916107178","2.7093617916107178","2.7093617916107178","1.7717502117156982","1.7717502117156982","1.7717502117156982","1.5234392881393433","1.5234392881393433","1.5234392881393433","0.7668603658676147","0.7668603658676147","0.7668603658676147","0.7818635702133179","0.7818635702133179","0.7818635702133179","0.8664513826370239","0.8664513826370239","0.8664513826370239","1.411376953125","1.411376953125","1.411376953125"
"126","2.987971544265747","2.987971544265747","2.987971544265747","1.9291763305664062","1.9291763305664062","1.9291763305664062","1.6323715448379517","1.6323715448379517","1.6323715448379517","0.7775615453720093","0.7775615453720093","0.7775615453720093","0.8859599828720093","0.8859599828720093","0.8859599828720093","0.9204610586166382","0.9204610586166382","0.9204610586166382","1.5722813606262207","1.5722813606262207","1.5722813606262207"
"128","2.6476993560791016","2.6476993560791016","2.6476993560791016","1.747882604598999","1.747882604598999","1.747882604598999","1.5150327682495117","1.5150327682495117","1.5150327682495117","0.756065309047699","0.756065309047699","0.756065309047699","0.769941508769989","0.769941508769989","0.769941508769989","0.8507110476493835","0.8507110476493835","0.8507110476493835","1.3977410793304443","1.3977410793304443","1.3977410793304443"
"130","2.5885419845581055","2.5885419845581055","2.5885419845581055","1.7225385904312134","1.7225385904312134","1.7225385904312134","1.508470892906189","1.508470892906189","1.508470892906189","0.7667343020439148","0.7667343020439148","0.7667343020439148","0.7856062650680542","0.7856062650680542","0.7856062650680542","0.8548718690872192","0.8548718690872192","0.8548718690872192","1.400719165802002","1.400719165802002","1.400719165802002"
"132","2.6899254322052","2.6899254322052","2.6899254322052","1.8392335176467896","1.8392335176467896","1.8392335176467896","1.6252790689468384","1.6252790689468384","1.6252790689468384","0.8117117285728455","0.8117117285728455","0.8117117285728455","0.8660314083099365","0.8660314083099365","0.8660314083099365","0.9233371615409851","0.9233371615409851","0.9233371615409851","1.5122737884521484","1.5122737884521484","1.5122737884521484"
"134","2.464648723602295","2.464648723602295","2.464648723602295","1.6957365274429321","1.6957365274429321","1.6957365274429321","1.5156596899032593","1.5156596899032593","1.5156596899032593","0.7570593953132629","0.7570593953132629","0.7570593953132629","0.7701451778411865","0.7701451778411865","0.7701451778411865","0.8427902460098267","0.8427902460098267","0.8427902460098267","1.370875358581543","1.370875358581543","1.370875358581543"
"136","2.4432172775268555","2.4432172775268555","2.4432172775268555","1.6950812339782715","1.6950812339782715","1.6950812339782715","1.5076179504394531","1.5076179504394531","1.5076179504394531","0.758802056312561","0.758802056312561","0.758802056312561","0.7720209360122681","0.7720209360122681","0.7720209360122681","0.8524604439735413","0.8524604439735413","0.8524604439735413","1.3900017738342285","1.3900017738342285","1.3900017738342285"
"138","2.4303767681121826","2.4303767681121826","2.4303767681121826","1.7184096574783325","1.7184096574783325","1.7184096574783325","1.5349053144454956","1.5349053144454956","1.5349053144454956","0.761062502861023","0.761062502861023","0.761062502861023","0.7781052589416504","0.7781052589416504","0.7781052589416504","0.8480851054191589","0.8480851054191589","0.8480851054191589","1.409676194190979","1.409676194190979","1.409676194190979"
"140","2.3975884914398193","2.3975884914398193","2.3975884914398193","1.758681058883667","1.758681058883667","1.758681058883667","1.5741263628005981","1.5741263628005981","1.5741263628005981","0.7636278867721558","0.7636278867721558","0.7636278867721558","0.767352819442749","0.767352819442749","0.767352819442749","0.8413761854171753","0.8413761854171753","0.8413761854171753","1.460260033607483","1.460260033607483","1.460260033607483"
"142","2.37943172454834","2.37943172454834","2.37943172454834","1.6791969537734985","1.6791969537734985","1.6791969537734985","1.5000896453857422","1.5000896453857422","1.5000896453857422","0.7726914286613464","0.7726914286613464","0.7726914286613464","0.7865371108055115","0.7865371108055115","0.7865371108055115","0.8605494499206543","0.8605494499206543","0.8605494499206543","1.3941470384597778","1.3941470384597778","1.3941470384597778"
"144","2.269132375717163","2.269132375717163","2.269132375717163","1.678316593170166","1.678316593170166","1.678316593170166","1.4670825004577637","1.4670825004577637","1.4670825004577637","0.7656660079956055","0.7656660079956055","0.7656660079956055","0.7835566997528076","0.7835566997528076","0.7835566997528076","0.8111848831176758","0.8111848831176758","0.8111848831176758","1.3967339992523193","1.3967339992523193","1.3967339992523193"
"146","2.3139901161193848","2.3139901161193848","2.3139901161193848","1.6746890544891357","1.6746890544891357","1.6746890544891357","1.5348846912384033","1.5348846912384033","1.5348846912384033","0.7768034338951111","0.7768034338951111","0.7768034338951111","0.7778182029724121","0.7778182029724121","0.7778182029724121","0.8099616169929504","0.8099616169929504","0.8099616169929504","1.4157538414001465","1.4157538414001465","1.4157538414001465"
"148","2.388831615447998","2.388831615447998","2.388831615447998","1.773149847984314","1.773149847984314","1.773149847984314","1.5330063104629517","1.5330063104629517","1.5330063104629517","0.7762812972068787","0.7762812972068787","0.7762812972068787","0.7924779653549194","0.7924779653549194","0.7924779653549194","0.8704808354377747","0.8704808354377747","0.8704808354377747","1.4381723403930664","1.4381723403930664","1.4381723403930664"
"150","2.2124149799346924","2.2124149799346924","2.2124149799346924","1.7177144289016724","1.7177144289016724","1.7177144289016724","1.5916138887405396","1.5916138887405396","1.5916138887405396","0.7828028202056885","0.7828028202056885","0.7828028202056885","0.7837874889373779","0.7837874889373779","0.7837874889373779","0.8059545159339905","0.8059545159339905","0.8059545159339905","1.476660966873169","1.476660966873169","1.476660966873169"
"152","2.124508857727051","2.124508857727051","2.124508857727051","1.6429803371429443","1.6429803371429443","1.6429803371429443","1.4357954263687134","1.4357954263687134","1.4357954263687134","0.7720728516578674","0.7720728516578674","0.7720728516578674","0.7720028162002563","0.7720028162002563","0.7720028162002563","0.7979501485824585","0.7979501485824585","0.7979501485824585","1.3747427463531494","1.3747427463531494","1.3747427463531494"
"154","2.1380293369293213","2.1380293369293213","2.1380293369293213","1.6328935623168945","1.6328935623168945","1.6328935623168945","1.4882888793945312","1.4882888793945312","1.4882888793945312","0.7643328905105591","0.7643328905105591","0.7643328905105591","0.7774044275283813","0.7774044275283813","0.7774044275283813","0.8539515137672424","0.8539515137672424","0.8539515137672424","1.675103783607483","1.675103783607483","1.675103783607483"
"156","2.0187180042266846","2.0187180042266846","2.0187180042266846","1.5878323316574097","1.5878323316574097","1.5878323316574097","1.4747865200042725","1.4747865200042725","1.4747865200042725","0.7735064029693604","0.7735064029693604","0.7735064029693604","0.8070323467254639","0.8070323467254639","0.8070323467254639","0.8913372159004211","0.8913372159004211","0.8913372159004211","1.3729056119918823","1.3729056119918823","1.3729056119918823"
"158","2.116802215576172","2.116802215576172","2.116802215576172","1.6946758031845093","1.6946758031845093","1.6946758031845093","1.570905327796936","1.570905327796936","1.570905327796936","0.7766556739807129","0.7766556739807129","0.7766556739807129","0.8558102250099182","0.8558102250099182","0.8558102250099182","0.9608640074729919","0.9608640074729919","0.9608640074729919","1.4585545063018799","1.4585545063018799","1.4585545063018799"
"160","1.9371877908706665","1.9371877908706665","1.9371877908706665","1.559156894683838","1.559156894683838","1.559156894683838","1.4241065979003906","1.4241065979003906","1.4241065979003906","0.757408857345581","0.757408857345581","0.757408857345581","0.7637955546379089","0.7637955546379089","0.7637955546379089","0.8103439807891846","0.8103439807891846","0.8103439807891846","1.3377211093902588","1.3377211093902588","1.3377211093902588"
"162","1.939904808998108","1.939904808998108","1.939904808998108","1.5648112297058105","1.5648112297058105","1.5648112297058105","1.4026472568511963","1.4026472568511963","1.4026472568511963","0.7688328623771667","0.7688328623771667","0.7688328623771667","0.7765916585922241","0.7765916585922241","0.7765916585922241","0.8082975745201111","0.8082975745201111","0.8082975745201111","1.3267693519592285","1.3267693519592285","1.3267693519592285"
"164","1.8206056356430054","1.8206056356430054","1.8206056356430054","1.5096499919891357","1.5096499919891357","1.5096499919891357","1.3914716243743896","1.3914716243743896","1.3914716243743896","0.7598499655723572","0.7598499655723572","0.7598499655723572","0.7745665311813354","0.7745665311813354","0.7745665311813354","0.8483375310897827","0.8483375310897827","0.8483375310897827","1.2926745414733887","1.2926745414733887","1.2926745414733887"
"166","1.8599729537963867","1.8599729537963867","1.8599729537963867","1.5148282051086426","1.5148282051086426","1.5148282051086426","1.3945995569229126","1.3945995569229126","1.3945995569229126","0.7608093619346619","0.7608093619346619","0.7608093619346619","0.7693403959274292","0.7693403959274292","0.7693403959274292","0.8128119111061096","0.8128119111061096","0.8128119111061096","1.2684322595596313","1.2684322595596313","1.2684322595596313"
"168","1.8561689853668213","1.8561689853668213","1.8561689853668213","1.5297951698303223","1.5297951698303223","1.5297951698303223","1.3759487867355347","1.3759487867355347","1.3759487867355347","0.7666138410568237","0.7666138410568237","0.7666138410568237","0.7682474851608276","0.7682474851608276","0.7682474851608276","0.7866127490997314","0.7866127490997314","0.7866127490997314","1.2869073152542114","1.2869073152542114","1.2869073152542114"
"170","1.7327485084533691","1.7327485084533691","1.7327485084533691","1.4666330814361572","1.4666330814361572","1.4666330814361572","1.3590970039367676","1.3590970039367676","1.3590970039367676","0.7551447749137878","0.7551447749137878","0.7551447749137878","0.7575885653495789","0.7575885653495789","0.7575885653495789","0.7852476239204407","0.7852476239204407","0.7852476239204407","1.2446374893188477","1.2446374893188477","1.2446374893188477"
"172","1.7719329595565796","1.7719329595565796","1.7719329595565796","1.4982826709747314","1.4982826709747314","1.4982826709747314","1.3864173889160156","1.3864173889160156","1.3864173889160156","0.7594765424728394","0.7594765424728394","0.7594765424728394","0.7781922817230225","0.7781922817230225","0.7781922817230225","0.8424674868583679","0.8424674868583679","0.8424674868583679","1.2589855194091797","1.2589855194091797","1.2589855194091797"
"174","1.722594976425171","1.722594976425171","1.722594976425171","1.4853514432907104","1.4853514432907104","1.4853514432907104","1.381757140159607","1.381757140159607","1.381757140159607","0.7555763721466064","0.7555763721466064","0.7555763721466064","0.7620827555656433","0.7620827555656433","0.7620827555656433","0.7983619570732117","0.7983619570732117","0.7983619570732117","1.2513498067855835","1.2513498067855835","1.2513498067855835"
"176","1.8905928134918213","1.8905928134918213","1.8905928134918213","1.566352367401123","1.566352367401123","1.566352367401123","1.4266659021377563","1.4266659021377563","1.4266659021377563","0.7736954689025879","0.7736954689025879","0.7736954689025879","0.8026529550552368","0.8026529550552368","0.8026529550552368","0.8715618848800659","0.8715618848800659","0.8715618848800659","1.2884938716888428","1.2884938716888428","1.2884938716888428"
"178","1.716678261756897","1.716678261756897","1.716678261756897","1.5094988346099854","1.5094988346099854","1.5094988346099854","1.3643134832382202","1.3643134832382202","1.3643134832382202","0.7730584144592285","0.7730584144592285","0.7730584144592285","0.7786839604377747","0.7786839604377747","0.7786839604377747","0.8489046096801758","0.8489046096801758","0.8489046096801758","1.296992540359497","1.296992540359497","1.296992540359497"
"180","1.6870841979980469","1.6870841979980469","1.6870841979980469","1.475874900817871","1.475874900817871","1.475874900817871","1.3741744756698608","1.3741744756698608","1.3741744756698608","0.7651476860046387","0.7651476860046387","0.7651476860046387","0.783306896686554","0.783306896686554","0.783306896686554","0.832544207572937","0.832544207572937","0.832544207572937","1.2502981424331665","1.2502981424331665","1.2502981424331665"
"182","1.7450740337371826","1.7450740337371826","1.7450740337371826","1.5484577417373657","1.5484577417373657","1.5484577417373657","1.4773250818252563","1.4773250818252563","1.4773250818252563","0.7684061527252197","0.7684061527252197","0.7684061527252197","0.7711410522460938","0.7711410522460938","0.7711410522460938","0.7896767258644104","0.7896767258644104","0.7896767258644104","1.323825478553772","1.323825478553772","1.323825478553772"
"184","1.7588425874710083","1.7588425874710083","1.7588425874710083","1.5476685762405396","1.5476685762405396","1.5476685762405396","1.4458662271499634","1.4458662271499634","1.4458662271499634","0.7854710817337036","0.7854710817337036","0.7854710817337036","0.8410860896110535","0.8410860896110535","0.8410860896110535","0.9378460049629211","0.9378460049629211","0.9378460049629211","1.306221842765808","1.306221842765808","1.306221842765808"
"186","1.675707459449768","1.675707459449768","1.675707459449768","1.5262024402618408","1.5262024402618408","1.5262024402618408","1.4338823556900024","1.4338823556900024","1.4338823556900024","0.764226496219635","0.764226496219635","0.764226496219635","0.7900963425636292","0.7900963425636292","0.7900963425636292","0.8480622172355652","0.8480622172355652","0.8480622172355652","1.2885183095932007","1.2885183095932007","1.2885183095932007"
"188","1.5950438976287842","1.5950438976287842","1.5950438976287842","1.4415256977081299","1.4415256977081299","1.4415256977081299","1.3625420331954956","1.3625420331954956","1.3625420331954956","0.7644143104553223","0.7644143104553223","0.7644143104553223","0.7710290551185608","0.7710290551185608","0.7710290551185608","0.816076934337616","0.816076934337616","0.816076934337616","1.2115010023117065","1.2115010023117065","1.2115010023117065"
"190","1.725936770439148","1.725936770439148","1.725936770439148","1.5661020278930664","1.5661020278930664","1.5661020278930664","1.4491097927093506","1.4491097927093506","1.4491097927093506","0.7703959941864014","0.7703959941864014","0.7703959941864014","0.7896016836166382","0.7896016836166382","0.7896016836166382","0.8718191385269165","0.8718191385269165","0.8718191385269165","1.267974853515625","1.267974853515625","1.267974853515625"
"192","1.6468225717544556","1.6468225717544556","1.6468225717544556","1.4990134239196777","1.4990134239196777","1.4990134239196777","1.4127010107040405","1.4127010107040405","1.4127010107040405","0.7869065403938293","0.7869065403938293","0.7869065403938293","0.8070887327194214","0.8070887327194214","0.8070887327194214","0.9198076128959656","0.9198076128959656","0.9198076128959656","1.2660733461380005","1.2660733461380005","1.2660733461380005"
"194","1.5544252395629883","1.5544252395629883","1.5544252395629883","1.4210574626922607","1.4210574626922607","1.4210574626922607","1.3477486371994019","1.3477486371994019","1.3477486371994019","0.764238178730011","0.764238178730011","0.764238178730011","0.7675081491470337","0.7675081491470337","0.7675081491470337","0.9401061534881592","0.9401061534881592","0.9401061534881592","1.2034679651260376","1.2034679651260376","1.2034679651260376"
"196","1.6525431871414185","1.6525431871414185","1.6525431871414185","1.5115501880645752","1.5115501880645752","1.5115501880645752","1.4266351461410522","1.4266351461410522","1.4266351461410522","0.779853343963623","0.779853343963623","0.779853343963623","0.8179163932800293","0.8179163932800293","0.8179163932800293","0.9229764342308044","0.9229764342308044","0.9229764342308044","1.259040355682373","1.259040355682373","1.259040355682373"
"198","1.7238489389419556","1.7238489389419556","1.7238489389419556","1.6217035055160522","1.6217035055160522","1.6217035055160522","1.3799203634262085","1.3799203634262085","1.3799203634262085","0.7985072731971741","0.7985072731971741","0.7985072731971741","0.8491142988204956","0.8491142988204956","0.8491142988204956","0.9892909526824951","0.9892909526824951","0.9892909526824951","1.3959966897964478","1.3959966897964478","1.3959966897964478"
"200","1.5574760437011719","1.5574760437011719","1.5574760437011719","1.437180757522583","1.437180757522583","1.437180757522583","1.369076132774353","1.369076132774353","1.369076132774353","0.7681424617767334","0.7681424617767334","0.7681424617767334","0.7812336087226868","0.7812336087226868","0.7812336087226868","0.8458017110824585","0.8458017110824585","0.8458017110824585","1.181152105331421","1.181152105331421","1.181152105331421"
"202","1.481803059577942","1.481803059577942","1.481803059577942","1.3939768075942993","1.3939768075942993","1.3939768075942993","1.3344484567642212","1.3344484567642212","1.3344484567642212","0.7579290866851807","0.7579290866851807","0.7579290866851807","0.7596583366394043","0.7596583366394043","0.7596583366394043","0.7879848480224609","0.7879848480224609","0.7879848480224609","1.1415421962738037","1.1415421962738037","1.1415421962738037"
"204","1.5532008409500122","1.5532008409500122","1.5532008409500122","1.4425621032714844","1.4425621032714844","1.4425621032714844","1.3646519184112549","1.3646519184112549","1.3646519184112549","0.7690169811248779","0.7690169811248779","0.7690169811248779","0.7773542404174805","0.7773542404174805","0.7773542404174805","0.8270974159240723","0.8270974159240723","0.8270974159240723","1.1716455221176147","1.1716455221176147","1.1716455221176147"
"206","1.5094586610794067","1.5094586610794067","1.5094586610794067","1.4212335348129272","1.4212335348129272","1.4212335348129272","1.3169257640838623","1.3169257640838623","1.3169257640838623","0.7651301026344299","0.7651301026344299","0.7651301026344299","0.7705459594726562","0.7705459594726562","0.7705459594726562","0.8145613074302673","0.8145613074302673","0.8145613074302673","1.157789707183838","1.157789707183838","1.157789707183838"
"208","1.6269148588180542","1.6269148588180542","1.6269148588180542","1.5129494667053223","1.5129494667053223","1.5129494667053223","1.456626057624817","1.456626057624817","1.456626057624817","0.7887057065963745","0.7887057065963745","0.7887057065963745","0.793846070766449","0.793846070766449","0.793846070766449","0.7883289456367493","0.7883289456367493","0.7883289456367493","1.2863507270812988","1.2863507270812988","1.2863507270812988"
"210","1.4978280067443848","1.4978280067443848","1.4978280067443848","1.4161475896835327","1.4161475896835327","1.4161475896835327","1.3555114269256592","1.3555114269256592","1.3555114269256592","0.7712693810462952","0.7712693810462952","0.7712693810462952","0.7680399417877197","0.7680399417877197","0.7680399417877197","0.7735989689826965","0.7735989689826965","0.7735989689826965","1.13515043258667","1.13515043258667","1.13515043258667"
"212","1.5265029668807983","1.5265029668807983","1.5265029668807983","1.4462777376174927","1.4462777376174927","1.4462777376174927","1.3945168256759644","1.3945168256759644","1.3945168256759644","0.7876337766647339","0.7876337766647339","0.7876337766647339","0.8770818710327148","0.8770818710327148","0.8770818710327148","0.9655382037162781","0.9655382037162781","0.9655382037162781","1.1792283058166504","1.1792283058166504","1.1792283058166504"
"214","1.4488388299942017","1.4488388299942017","1.4488388299942017","1.3882430791854858","1.3882430791854858","1.3882430791854858","1.3225951194763184","1.3225951194763184","1.3225951194763184","0.7592496871948242","0.7592496871948242","0.7592496871948242","0.7643346190452576","0.7643346190452576","0.7643346190452576","0.7965617179870605","0.7965617179870605","0.7965617179870605","1.0783016681671143","1.0783016681671143","1.0783016681671143"
"216","1.5410048961639404","1.5410048961639404","1.5410048961639404","1.4725345373153687","1.4725345373153687","1.4725345373153687","1.2980930805206299","1.2980930805206299","1.2980930805206299","0.781578540802002","0.781578540802002","0.781578540802002","0.7852064371109009","0.7852064371109009","0.7852064371109009","0.867799699306488","0.867799699306488","0.867799699306488","1.144710659980774","1.144710659980774","1.144710659980774"
"218","1.4354910850524902","1.4354910850524902","1.4354910850524902","1.3494000434875488","1.3494000434875488","1.3494000434875488","1.282814383506775","1.282814383506775","1.282814383506775","0.7684909701347351","0.7684909701347351","0.7684909701347351","0.7782824635505676","0.7782824635505676","0.7782824635505676","0.8313355445861816","0.8313355445861816","0.8313355445861816","1.0147346258163452","1.0147346258163452","1.0147346258163452"
"220","1.3967832326889038","1.3967832326889038","1.3967832326889038","1.338226556777954","1.338226556777954","1.338226556777954","1.2755379676818848","1.2755379676818848","1.2755379676818848","0.7589941024780273","0.7589941024780273","0.7589941024780273","0.7550822496414185","0.7550822496414185","0.7550822496414185","0.7709851861000061","0.7709851861000061","0.7709851861000061","0.9967790842056274","0.9967790842056274","0.9967790842056274"
"222","1.4631133079528809","1.4631133079528809","1.4631133079528809","1.4288908243179321","1.4288908243179321","1.4288908243179321","1.319298505783081","1.319298505783081","1.319298505783081","0.7759647369384766","0.7759647369384766","0.7759647369384766","0.8024870157241821","0.8024870157241821","0.8024870157241821","0.8806818723678589","0.8806818723678589","0.8806818723678589","1.1186857223510742","1.1186857223510742","1.1186857223510742"
"224","1.3857320547103882","1.3857320547103882","1.3857320547103882","1.3426625728607178","1.3426625728607178","1.3426625728607178","1.2731817960739136","1.2731817960739136","1.2731817960739136","0.7551456093788147","0.7551456093788147","0.7551456093788147","0.7601494193077087","0.7601494193077087","0.7601494193077087","0.7746521234512329","0.7746521234512329","0.7746521234512329","0.9911564588546753","0.9911564588546753","0.9911564588546753"
"226","1.4915778636932373","1.4915778636932373","1.4915778636932373","1.4423683881759644","1.4423683881759644","1.4423683881759644","1.386306643486023","1.386306643486023","1.386306643486023","0.774552047252655","0.774552047252655","0.774552047252655","0.7897469997406006","0.7897469997406006","0.7897469997406006","0.8115113973617554","0.8115113973617554","0.8115113973617554","1.0838508605957031","1.0838508605957031","1.0838508605957031"
"228","1.454952597618103","1.454952597618103","1.454952597618103","1.3832077980041504","1.3832077980041504","1.3832077980041504","1.309446096420288","1.309446096420288","1.309446096420288","0.7688237428665161","0.7688237428665161","0.7688237428665161","0.8301897048950195","0.8301897048950195","0.8301897048950195","0.8183344006538391","0.8183344006538391","0.8183344006538391","1.0255200862884521","1.0255200862884521","1.0255200862884521"
"230","1.4140838384628296","1.4140838384628296","1.4140838384628296","1.370272159576416","1.370272159576416","1.370272159576416","1.2659438848495483","1.2659438848495483","1.2659438848495483","0.7743335366249084","0.7743335366249084","0.7743335366249084","0.7833431363105774","0.7833431363105774","0.7833431363105774","0.8460838198661804","0.8460838198661804","0.8460838198661804","1.018955945968628","1.018955945968628","1.018955945968628"