"Step","VOWELS_FILTER_b40_DUAL_bs16 - cross_entropy_positive_s","VOWELS_FILTER_b40_DUAL_bs16 - cross_entropy_positive_s__MIN","VOWELS_FILTER_b40_DUAL_bs16 - cross_entropy_positive_s__MAX","VOWELS_FILTER_b20_DUAL_bs16 - cross_entropy_positive_s","VOWELS_FILTER_b20_DUAL_bs16 - cross_entropy_positive_s__MIN","VOWELS_FILTER_b20_DUAL_bs16 - cross_entropy_positive_s__MAX","VOWELS_FILTER_b10_DUAL_bs16 - cross_entropy_positive_s","VOWELS_FILTER_b10_DUAL_bs16 - cross_entropy_positive_s__MIN","VOWELS_FILTER_b10_DUAL_bs16 - cross_entropy_positive_s__MAX","VOWELS_FILTER_b0_DUAL_bs16 - cross_entropy_positive_s","VOWELS_FILTER_b0_DUAL_bs16 - cross_entropy_positive_s__MIN","VOWELS_FILTER_b0_DUAL_bs16 - cross_entropy_positive_s__MAX","VOWELS_FILTER_b0.1_DUAL_bs16 - cross_entropy_positive_s","VOWELS_FILTER_b0.1_DUAL_bs16 - cross_entropy_positive_s__MIN","VOWELS_FILTER_b0.1_DUAL_bs16 - cross_entropy_positive_s__MAX","VOWELS_FILTER_b1_DUAL_bs16 - cross_entropy_positive_s","VOWELS_FILTER_b1_DUAL_bs16 - cross_entropy_positive_s__MIN","VOWELS_FILTER_b1_DUAL_bs16 - cross_entropy_positive_s__MAX","VOWELS_FILTER_B5_DEFAULTS_DUAL_bs16 - cross_entropy_positive_s","VOWELS_FILTER_B5_DEFAULTS_DUAL_bs16 - cross_entropy_positive_s__MIN","VOWELS_FILTER_B5_DEFAULTS_DUAL_bs16 - cross_entropy_positive_s__MAX"
"0","0.011109324172139168","0.011109324172139168","0.011109324172139168","0.01111678034067154","0.01111678034067154","0.01111678034067154","0.011130616068840027","0.011130616068840027","0.011130616068840027","0.20913943648338318","0.20913943648338318","0.20913943648338318","0.021718233823776245","0.021718233823776245","0.021718233823776245","0.012949234806001186","0.012949234806001186","0.012949234806001186","0.011157872155308723","0.011157872155308723","0.011157872155308723"
"2","0.00284888269379735","0.00284888269379735","0.00284888269379735","0.00286167417652905","0.00286167417652905","0.00286167417652905","0.002885204739868641","0.002885204739868641","0.002885204739868641","0.4686773717403412","0.4686773717403412","0.4686773717403412","0.01244912575930357","0.01244912575930357","0.01244912575930357","0.004423870239406824","0.004423870239406824","0.004423870239406824","0.002933694049715996","0.002933694049715996","0.002933694049715996"
"4","0.001217021606862545","0.001217021606862545","0.001217021606862545","0.001230650581419468","0.001230650581419468","0.001230650581419468","0.0012583350762724876","0.0012583350762724876","0.0012583350762724876","0.8927695751190186","0.8927695751190186","0.8927695751190186","0.011400831863284111","0.011400831863284111","0.011400831863284111","0.002343290951102972","0.002343290951102972","0.002343290951102972","0.001315017812885344","0.001315017812885344","0.001315017812885344"
"6","0.0007987217977643013","0.0007987217977643013","0.0007987217977643013","0.0008083533030003309","0.0008083533030003309","0.0008083533030003309","0.000849116244353354","0.000849116244353354","0.000849116244353354","0.977419376373291","0.977419376373291","0.977419376373291","0.048869337886571884","0.048869337886571884","0.048869337886571884","0.0021979850716888905","0.0021979850716888905","0.0021979850716888905","0.0009325597784481943","0.0009325597784481943","0.0009325597784481943"
"8","0.000394839997170493","0.000394839997170493","0.000394839997170493","0.00040963958599604666","0.00040963958599604666","0.00040963958599604666","0.00043695620843209326","0.00043695620843209326","0.00043695620843209326","0.9927495718002319","0.9927495718002319","0.9927495718002319","0.12083575129508972","0.12083575129508972","0.12083575129508972","0.00217190058901906","0.00217190058901906","0.00217190058901906","0.0005227646906860173","0.0005227646906860173","0.0005227646906860173"
"10","0.00024246676184702665","0.00024246676184702665","0.00024246676184702665","0.00025557292974554","0.00025557292974554","0.00025557292974554","0.00028701452538371086","0.00028701452538371086","0.00028701452538371086","1.0908325910568237","1.0908325910568237","1.0908325910568237","0.24204227328300476","0.24204227328300476","0.24204227328300476","0.004346004221588373","0.004346004221588373","0.004346004221588373","0.00038442673394456506","0.00038442673394456506","0.00038442673394456506"
"12","0.00018680897483136505","0.00018680897483136505","0.00018680897483136505","0.00020355911692604423","0.00020355911692604423","0.00020355911692604423","0.00025219484814442694","0.00025219484814442694","0.00025219484814442694","1.1018543243408203","1.1018543243408203","1.1018543243408203","0.35460230708122253","0.35460230708122253","0.35460230708122253","0.01187893096357584","0.01187893096357584","0.01187893096357584","0.00040769478073343635","0.00040769478073343635","0.00040769478073343635"
"14","0.00010451174603076652","0.00010451174603076652","0.00010451174603076652","0.00012147932284278795","0.00012147932284278795","0.00012147932284278795","0.00016893116116989404","0.00016893116116989404","0.00016893116116989404","1.1213527917861938","1.1213527917861938","1.1213527917861938","0.4330810606479645","0.4330810606479645","0.4330810606479645","0.024096017703413963","0.024096017703413963","0.024096017703413963","0.0003663146635517478","0.0003663146635517478","0.0003663146635517478"
"16","0.00006959683378227055","0.00006959683378227055","0.00006959683378227055","0.00008776822505751625","0.00008776822505751625","0.00008776822505751625","0.00015088921645656228","0.00015088921645656228","0.00015088921645656228","1.1236791610717773","1.1236791610717773","1.1236791610717773","0.48536235094070435","0.48536235094070435","0.48536235094070435","0.048459988087415695","0.048459988087415695","0.048459988087415695","0.00046901628957130015","0.00046901628957130015","0.00046901628957130015"
"18","0.00005706481169909239","0.00005706481169909239","0.00005706481169909239","0.00007958992500789464","0.00007958992500789464","0.00007958992500789464","0.0001779991143848747","0.0001779991143848747","0.0001779991143848747","1.1446893215179443","1.1446893215179443","1.1446893215179443","0.5403157472610474","0.5403157472610474","0.5403157472610474","0.09760557115077972","0.09760557115077972","0.09760557115077972","0.0007599815144203603","0.0007599815144203603","0.0007599815144203603"
"20","0.00005003585829399526","0.00005003585829399526","0.00005003585829399526","0.00008078011160250753","0.00008078011160250753","0.00008078011160250753","0.00023484299890697002","0.00023484299890697002","0.00023484299890697002","1.1829617023468018","1.1829617023468018","1.1829617023468018","0.5932558178901672","0.5932558178901672","0.5932558178901672","0.18122337758541107","0.18122337758541107","0.18122337758541107","0.0012969870585948229","0.0012969870585948229","0.0012969870585948229"
"22","0.00003622579970397055","0.00003622579970397055","0.00003622579970397055","0.00007428628305206075","0.00007428628305206075","0.00007428628305206075","0.0003004879108630121","0.0003004879108630121","0.0003004879108630121","1.163611650466919","1.163611650466919","1.163611650466919","0.6102823615074158","0.6102823615074158","0.6102823615074158","0.2482590228319168","0.2482590228319168","0.2482590228319168","0.002384352032095194","0.002384352032095194","0.002384352032095194"
"24","0.00003307856241008267","0.00003307856241008267","0.00003307856241008267","0.00009162478090729564","0.00009162478090729564","0.00009162478090729564","0.0004969626897946","0.0004969626897946","0.0004969626897946","1.1426023244857788","1.1426023244857788","1.1426023244857788","0.7589267492294312","0.7589267492294312","0.7589267492294312","0.344735324382782","0.344735324382782","0.344735324382782","0.005400793626904488","0.005400793626904488","0.005400793626904488"
"26","0.000040579907363280654","0.000040579907363280654","0.000040579907363280654","0.0001310683146584779","0.0001310683146584779","0.0001310683146584779","0.0008730108384042978","0.0008730108384042978","0.0008730108384042978","1.13767671585083","1.13767671585083","1.13767671585083","0.8429985046386719","0.8429985046386719","0.8429985046386719","0.3857741355895996","0.3857741355895996","0.3857741355895996","0.014409727416932583","0.014409727416932583","0.014409727416932583"
"28","0.00003328025195514783","0.00003328025195514783","0.00003328025195514783","0.00014016844215802848","0.00014016844215802848","0.00014016844215802848","0.0012026275508105755","0.0012026275508105755","0.0012026275508105755","1.177767038345337","1.177767038345337","1.177767038345337","0.828198254108429","0.828198254108429","0.828198254108429","0.36062729358673096","0.36062729358673096","0.36062729358673096","0.021923255175352097","0.021923255175352097","0.021923255175352097"
"30","0.00003855629620375112","0.00003855629620375112","0.00003855629620375112","0.0002037155645666644","0.0002037155645666644","0.0002037155645666644","0.002342750085517764","0.002342750085517764","0.002342750085517764","1.144707202911377","1.144707202911377","1.144707202911377","0.8998996615409851","0.8998996615409851","0.8998996615409851","0.4061136543750763","0.4061136543750763","0.4061136543750763","0.040146954357624054","0.040146954357624054","0.040146954357624054"
"32","0.00004539970541372895","0.00004539970541372895","0.00004539970541372895","0.0003196385223418474","0.0003196385223418474","0.0003196385223418474","0.00451896945014596","0.00451896945014596","0.00451896945014596","1.1758792400360107","1.1758792400360107","1.1758792400360107","0.9282187819480896","0.9282187819480896","0.9282187819480896","0.4404281973838806","0.4404281973838806","0.4404281973838806","0.0677068680524826","0.0677068680524826","0.0677068680524826"
"34","0.00006902620225446299","0.00006902620225446299","0.00006902620225446299","0.000645299325697124","0.000645299325697124","0.000645299325697124","0.0111162681132555","0.0111162681132555","0.0111162681132555","1.1758694648742676","1.1758694648742676","1.1758694648742676","0.9460443258285522","0.9460443258285522","0.9460443258285522","0.452740341424942","0.452740341424942","0.452740341424942","0.11134064197540283","0.11134064197540283","0.11134064197540283"
"36","0.00008397620695177466","0.00008397620695177466","0.00008397620695177466","0.0009655597386881709","0.0009655597386881709","0.0009655597386881709","0.013583878986537457","0.013583878986537457","0.013583878986537457","1.1407957077026367","1.1407957077026367","1.1407957077026367","0.8941748738288879","0.8941748738288879","0.8941748738288879","0.42131495475769043","0.42131495475769043","0.42131495475769043","0.11888904124498367","0.11888904124498367","0.11888904124498367"
"38","0.00011924874706892297","0.00011924874706892297","0.00011924874706892297","0.0014158057747408748","0.0014158057747408748","0.0014158057747408748","0.016993515193462372","0.016993515193462372","0.016993515193462372","1.2074182033538818","1.2074182033538818","1.2074182033538818","0.9435378313064575","0.9435378313064575","0.9435378313064575","0.43825796246528625","0.43825796246528625","0.43825796246528625","0.1331622302532196","0.1331622302532196","0.1331622302532196"
"40","0.0001693742669885978","0.0001693742669885978","0.0001693742669885978","0.0021785800345242023","0.0021785800345242023","0.0021785800345242023","0.024231577292084694","0.024231577292084694","0.024231577292084694","1.153785228729248","1.153785228729248","1.153785228729248","0.9006171226501465","0.9006171226501465","0.9006171226501465","0.4448642134666443","0.4448642134666443","0.4448642134666443","0.16851632297039032","0.16851632297039032","0.16851632297039032"
"42","0.00027867950848303735","0.00027867950848303735","0.00027867950848303735","0.003497876925393939","0.003497876925393939","0.003497876925393939","0.04565437510609627","0.04565437510609627","0.04565437510609627","1.151199221611023","1.151199221611023","1.151199221611023","0.9151297211647034","0.9151297211647034","0.9151297211647034","0.46920645236968994","0.46920645236968994","0.46920645236968994","0.19456642866134644","0.19456642866134644","0.19456642866134644"
"44","0.00046943436609581113","0.00046943436609581113","0.00046943436609581113","0.0053344061598181725","0.0053344061598181725","0.0053344061598181725","0.0616060346364975","0.0616060346364975","0.0616060346364975","1.141767978668213","1.141767978668213","1.141767978668213","0.9769747853279114","0.9769747853279114","0.9769747853279114","0.46991705894470215","0.46991705894470215","0.46991705894470215","0.21684543788433075","0.21684543788433075","0.21684543788433075"
"46","0.0006699612131342292","0.0006699612131342292","0.0006699612131342292","0.006660311482846737","0.006660311482846737","0.006660311482846737","0.07646112889051437","0.07646112889051437","0.07646112889051437","1.1489841938018799","1.1489841938018799","1.1489841938018799","0.9864254593849182","0.9864254593849182","0.9864254593849182","0.5003485083580017","0.5003485083580017","0.5003485083580017","0.2348502278327942","0.2348502278327942","0.2348502278327942"
"48","0.0009689897997304797","0.0009689897997304797","0.0009689897997304797","0.00864350888878107","0.00864350888878107","0.00864350888878107","0.08817158639431","0.08817158639431","0.08817158639431","1.1329598426818848","1.1329598426818848","1.1329598426818848","0.9981682896614075","0.9981682896614075","0.9981682896614075","0.49881237745285034","0.49881237745285034","0.49881237745285034","0.2456856071949005","0.2456856071949005","0.2456856071949005"
"50","0.0012485213810577989","0.0012485213810577989","0.0012485213810577989","0.010002088733017445","0.010002088733017445","0.010002088733017445","0.09836684912443161","0.09836684912443161","0.09836684912443161","1.1654671430587769","1.1654671430587769","1.1654671430587769","0.9535261988639832","0.9535261988639832","0.9535261988639832","0.5158094167709351","0.5158094167709351","0.5158094167709351","0.2636229991912842","0.2636229991912842","0.2636229991912842"
"52","0.001926336670294404","0.001926336670294404","0.001926336670294404","0.01665758155286312","0.01665758155286312","0.01665758155286312","0.1340075582265854","0.1340075582265854","0.1340075582265854","1.1660963296890259","1.1660963296890259","1.1660963296890259","1.0325517654418945","1.0325517654418945","1.0325517654418945","0.5366436839103699","0.5366436839103699","0.5366436839103699","0.3054201900959015","0.3054201900959015","0.3054201900959015"
"54","0.0023338908795267344","0.0023338908795267344","0.0023338908795267344","0.017662588506937027","0.017662588506937027","0.017662588506937027","0.1492006480693817","0.1492006480693817","0.1492006480693817","1.1721489429473877","1.1721489429473877","1.1721489429473877","1.0296725034713745","1.0296725034713745","1.0296725034713745","0.5422248840332031","0.5422248840332031","0.5422248840332031","0.31283774971961975","0.31283774971961975","0.31283774971961975"
"56","0.0024577942676842213","0.0024577942676842213","0.0024577942676842213","0.017006682232022285","0.017006682232022285","0.017006682232022285","0.14025425910949707","0.14025425910949707","0.14025425910949707","1.190641164779663","1.190641164779663","1.190641164779663","1.091261625289917","1.091261625289917","1.091261625289917","0.3660139739513397","0.3660139739513397","0.3660139739513397","0.276081383228302","0.276081383228302","0.276081383228302"
"58","0.0032507029827684164","0.0032507029827684164","0.0032507029827684164","0.023652901872992516","0.023652901872992516","0.023652901872992516","0.15906396508216858","0.15906396508216858","0.15906396508216858","1.1999194622039795","1.1999194622039795","1.1999194622039795","1.0555968284606934","1.0555968284606934","1.0555968284606934","0.49147942662239075","0.49147942662239075","0.49147942662239075","0.3084879517555237","0.3084879517555237","0.3084879517555237"
"60","0.004010929726064205","0.004010929726064205","0.004010929726064205","0.02871132455766201","0.02871132455766201","0.02871132455766201","0.1802566945552826","0.1802566945552826","0.1802566945552826","1.203194260597229","1.203194260597229","1.203194260597229","1.0980095863342285","1.0980095863342285","1.0980095863342285","0.45754802227020264","0.45754802227020264","0.45754802227020264","0.30350589752197266","0.30350589752197266","0.30350589752197266"
"62","0.004599531646817923","0.004599531646817923","0.004599531646817923","0.03463444113731384","0.03463444113731384","0.03463444113731384","0.2031833678483963","0.2031833678483963","0.2031833678483963","1.1589694023132324","1.1589694023132324","1.1589694023132324","1.0473308563232422","1.0473308563232422","1.0473308563232422","0.5420309901237488","0.5420309901237488","0.5420309901237488","0.3380589783191681","0.3380589783191681","0.3380589783191681"
"64","0.005432080943137407","0.005432080943137407","0.005432080943137407","0.037769388407468796","0.037769388407468796","0.037769388407468796","0.2098037153482437","0.2098037153482437","0.2098037153482437","1.1951185464859009","1.1951185464859009","1.1951185464859009","1.0618462562561035","1.0618462562561035","1.0618462562561035","0.5541251301765442","0.5541251301765442","0.5541251301765442","0.34981727600097656","0.34981727600097656","0.34981727600097656"
"66","0.006119420751929283","0.006119420751929283","0.006119420751929283","0.043325964361429214","0.043325964361429214","0.043325964361429214","0.22927385568618774","0.22927385568618774","0.22927385568618774","1.1569280624389648","1.1569280624389648","1.1569280624389648","1.0626704692840576","1.0626704692840576","1.0626704692840576","0.5771815776824951","0.5771815776824951","0.5771815776824951","0.3689021170139313","0.3689021170139313","0.3689021170139313"
"68","0.00681287469342351","0.00681287469342351","0.00681287469342351","0.046881597489118576","0.046881597489118576","0.046881597489118576","0.2207273691892624","0.2207273691892624","0.2207273691892624","1.1993228197097778","1.1993228197097778","1.1993228197097778","1.0272343158721924","1.0272343158721924","1.0272343158721924","0.5720654726028442","0.5720654726028442","0.5720654726028442","0.3512246012687683","0.3512246012687683","0.3512246012687683"
"70","0.00801818072795868","0.00801818072795868","0.00801818072795868","0.06044938415288925","0.06044938415288925","0.06044938415288925","0.22720661759376526","0.22720661759376526","0.22720661759376526","1.1365584135055542","1.1365584135055542","1.1365584135055542","1.0586796998977661","1.0586796998977661","1.0586796998977661","0.5715177059173584","0.5715177059173584","0.5715177059173584","0.3551446199417114","0.3551446199417114","0.3551446199417114"
"72","0.009200633503496647","0.009200633503496647","0.009200633503496647","0.06242052838206291","0.06242052838206291","0.06242052838206291","0.25150132179260254","0.25150132179260254","0.25150132179260254","1.1894795894622803","1.1894795894622803","1.1894795894622803","1.0376677513122559","1.0376677513122559","1.0376677513122559","0.6363397836685181","0.6363397836685181","0.6363397836685181","0.3696909248828888","0.3696909248828888","0.3696909248828888"
"74","0.010271457955241203","0.010271457955241203","0.010271457955241203","0.06885179877281189","0.06885179877281189","0.06885179877281189","0.2561340928077698","0.2561340928077698","0.2561340928077698","1.1895447969436646","1.1895447969436646","1.1895447969436646","1.0404183864593506","1.0404183864593506","1.0404183864593506","0.6238172054290771","0.6238172054290771","0.6238172054290771","0.3820157051086426","0.3820157051086426","0.3820157051086426"
"76","0.01374111045151949","0.01374111045151949","0.01374111045151949","0.09210243076086044","0.09210243076086044","0.09210243076086044","0.26701250672340393","0.26701250672340393","0.26701250672340393","1.1524772644042969","1.1524772644042969","1.1524772644042969","1.102189540863037","1.102189540863037","1.102189540863037","0.6693514585494995","0.6693514585494995","0.6693514585494995","0.3914889693260193","0.3914889693260193","0.3914889693260193"
"78","0.012564207427203655","0.012564207427203655","0.012564207427203655","0.09101652354001999","0.09101652354001999","0.09101652354001999","0.29617035388946533","0.29617035388946533","0.29617035388946533","1.1697664260864258","1.1697664260864258","1.1697664260864258","1.091710090637207","1.091710090637207","1.091710090637207","0.7346011996269226","0.7346011996269226","0.7346011996269226","0.4123173654079437","0.4123173654079437","0.4123173654079437"
"80","0.015863735228776932","0.015863735228776932","0.015863735228776932","0.09957446902990341","0.09957446902990341","0.09957446902990341","0.28076472878456116","0.28076472878456116","0.28076472878456116","1.1650958061218262","1.1650958061218262","1.1650958061218262","1.0566974878311157","1.0566974878311157","1.0566974878311157","0.7900930643081665","0.7900930643081665","0.7900930643081665","0.4054635167121887","0.4054635167121887","0.4054635167121887"
"82","0.016325807198882103","0.016325807198882103","0.016325807198882103","0.11251740157604218","0.11251740157604218","0.11251740157604218","0.2612990438938141","0.2612990438938141","0.2612990438938141","1.1621267795562744","1.1621267795562744","1.1621267795562744","1.100771427154541","1.100771427154541","1.100771427154541","0.764428973197937","0.764428973197937","0.764428973197937","0.3825019598007202","0.3825019598007202","0.3825019598007202"
"84","0.01942492090165615","0.01942492090165615","0.01942492090165615","0.12244607508182526","0.12244607508182526","0.12244607508182526","0.28168126940727234","0.28168126940727234","0.28168126940727234","1.1796139478683472","1.1796139478683472","1.1796139478683472","1.087817907333374","1.087817907333374","1.087817907333374","0.7826897501945496","0.7826897501945496","0.7826897501945496","0.3971158266067505","0.3971158266067505","0.3971158266067505"
"86","0.0236105527728796","0.0236105527728796","0.0236105527728796","0.1368967890739441","0.1368967890739441","0.1368967890739441","0.30649739503860474","0.30649739503860474","0.30649739503860474","1.149062991142273","1.149062991142273","1.149062991142273","1.1128791570663452","1.1128791570663452","1.1128791570663452","0.782344400882721","0.782344400882721","0.782344400882721","0.41248050332069397","0.41248050332069397","0.41248050332069397"
"88","0.020186156034469604","0.020186156034469604","0.020186156034469604","0.12630411982536316","0.12630411982536316","0.12630411982536316","0.2645736634731293","0.2645736634731293","0.2645736634731293","1.278243064880371","1.278243064880371","1.278243064880371","1.0461220741271973","1.0461220741271973","1.0461220741271973","0.7748046517372131","0.7748046517372131","0.7748046517372131","0.3580820560455322","0.3580820560455322","0.3580820560455322"
"90","0.02643483504652977","0.02643483504652977","0.02643483504652977","0.15737463533878326","0.15737463533878326","0.15737463533878326","0.3210284411907196","0.3210284411907196","0.3210284411907196","1.1679035425186157","1.1679035425186157","1.1679035425186157","1.1122349500656128","1.1122349500656128","1.1122349500656128","0.8781079053878784","0.8781079053878784","0.8781079053878784","0.4197033643722534","0.4197033643722534","0.4197033643722534"
"92","0.029039893299341202","0.029039893299341202","0.029039893299341202","0.1686071902513504","0.1686071902513504","0.1686071902513504","0.31607142090797424","0.31607142090797424","0.31607142090797424","1.208540439605713","1.208540439605713","1.208540439605713","1.0690202713012695","1.0690202713012695","1.0690202713012695","0.8968271017074585","0.8968271017074585","0.8968271017074585","0.41962042450904846","0.41962042450904846","0.41962042450904846"
"94","0.0307373758405447","0.0307373758405447","0.0307373758405447","0.165436252951622","0.165436252951622","0.165436252951622","0.3043254613876343","0.3043254613876343","0.3043254613876343","1.1613574028015137","1.1613574028015137","1.1613574028015137","1.096342921257019","1.096342921257019","1.096342921257019","0.8988777995109558","0.8988777995109558","0.8988777995109558","0.4204375445842743","0.4204375445842743","0.4204375445842743"
"96","0.03699643537402153","0.03699643537402153","0.03699643537402153","0.20170578360557556","0.20170578360557556","0.20170578360557556","0.3235189914703369","0.3235189914703369","0.3235189914703369","1.1560063362121582","1.1560063362121582","1.1560063362121582","1.0926978588104248","1.0926978588104248","1.0926978588104248","0.8840886354446411","0.8840886354446411","0.8840886354446411","0.4284486472606659","0.4284486472606659","0.4284486472606659"
"98","0.046284936368465424","0.046284936368465424","0.046284936368465424","0.2310471534729004","0.2310471534729004","0.2310471534729004","0.37425804138183594","0.37425804138183594","0.37425804138183594","1.1854504346847534","1.1854504346847534","1.1854504346847534","1.0931847095489502","1.0931847095489502","1.0931847095489502","0.9216423630714417","0.9216423630714417","0.9216423630714417","0.44739970564842224","0.44739970564842224","0.44739970564842224"
"100","0.041515424847602844","0.041515424847602844","0.041515424847602844","0.2019481658935547","0.2019481658935547","0.2019481658935547","0.3384956121444702","0.3384956121444702","0.3384956121444702","1.1632349491119385","1.1632349491119385","1.1632349491119385","1.1147539615631104","1.1147539615631104","1.1147539615631104","0.8533623814582825","0.8533623814582825","0.8533623814582825","0.43429189920425415","0.43429189920425415","0.43429189920425415"
"102","0.04363328218460083","0.04363328218460083","0.04363328218460083","0.20567652583122253","0.20567652583122253","0.20567652583122253","0.3482173979282379","0.3482173979282379","0.3482173979282379","1.1938680410385132","1.1938680410385132","1.1938680410385132","1.0999959707260132","1.0999959707260132","1.0999959707260132","0.885838508605957","0.885838508605957","0.885838508605957","0.4460703134536743","0.4460703134536743","0.4460703134536743"
"104","0.045507270842790604","0.045507270842790604","0.045507270842790604","0.2110937535762787","0.2110937535762787","0.2110937535762787","0.3441481292247772","0.3441481292247772","0.3441481292247772","1.1899685859680176","1.1899685859680176","1.1899685859680176","1.1113604307174683","1.1113604307174683","1.1113604307174683","0.8047682046890259","0.8047682046890259","0.8047682046890259","0.43427667021751404","0.43427667021751404","0.43427667021751404"
"106","0.05358895659446716","0.05358895659446716","0.05358895659446716","0.2357603907585144","0.2357603907585144","0.2357603907585144","0.38156771659851074","0.38156771659851074","0.38156771659851074","1.1914808750152588","1.1914808750152588","1.1914808750152588","1.1114976406097412","1.1114976406097412","1.1114976406097412","0.8087509870529175","0.8087509870529175","0.8087509870529175","0.47861623764038086","0.47861623764038086","0.47861623764038086"
"108","0.053846575319767","0.053846575319767","0.053846575319767","0.22723737359046936","0.22723737359046936","0.22723737359046936","0.3559126853942871","0.3559126853942871","0.3559126853942871","1.1471165418624878","1.1471165418624878","1.1471165418624878","1.1013550758361816","1.1013550758361816","1.1013550758361816","0.800074577331543","0.800074577331543","0.800074577331543","0.4412229359149933","0.4412229359149933","0.4412229359149933"
"110","0.05673911049962044","0.05673911049962044","0.05673911049962044","0.23836453258991241","0.23836453258991241","0.23836453258991241","0.3682892918586731","0.3682892918586731","0.3682892918586731","1.1809883117675781","1.1809883117675781","1.1809883117675781","1.1286063194274902","1.1286063194274902","1.1286063194274902","0.9183679819107056","0.9183679819107056","0.9183679819107056","0.45540887117385864","0.45540887117385864","0.45540887117385864"
"112","0.06001732498407364","0.06001732498407364","0.06001732498407364","0.23868146538734436","0.23868146538734436","0.23868146538734436","0.34663107991218567","0.34663107991218567","0.34663107991218567","1.2066915035247803","1.2066915035247803","1.2066915035247803","1.1200730800628662","1.1200730800628662","1.1200730800628662","0.8433223962783813","0.8433223962783813","0.8433223962783813","0.4290901720523834","0.4290901720523834","0.4290901720523834"
"114","0.06864042580127716","0.06864042580127716","0.06864042580127716","0.26373326778411865","0.26373326778411865","0.26373326778411865","0.3859928846359253","0.3859928846359253","0.3859928846359253","1.1469056606292725","1.1469056606292725","1.1469056606292725","1.0953397750854492","1.0953397750854492","1.0953397750854492","0.8516244888305664","0.8516244888305664","0.8516244888305664","0.48507609963417053","0.48507609963417053","0.48507609963417053"
"116","0.07780689746141434","0.07780689746141434","0.07780689746141434","0.2662515938282013","0.2662515938282013","0.2662515938282013","0.39591124653816223","0.39591124653816223","0.39591124653816223","1.196480631828308","1.196480631828308","1.196480631828308","1.1396396160125732","1.1396396160125732","1.1396396160125732","0.8202369213104248","0.8202369213104248","0.8202369213104248","0.4708682596683502","0.4708682596683502","0.4708682596683502"
"118","0.08357474207878113","0.08357474207878113","0.08357474207878113","0.2765581011772156","0.2765581011772156","0.2765581011772156","0.39894527196884155","0.39894527196884155","0.39894527196884155","1.1710398197174072","1.1710398197174072","1.1710398197174072","1.1574461460113525","1.1574461460113525","1.1574461460113525","0.9764645099639893","0.9764645099639893","0.9764645099639893","0.47981998324394226","0.47981998324394226","0.47981998324394226"
"120","0.0933271199464798","0.0933271199464798","0.0933271199464798","0.31061503291130066","0.31061503291130066","0.31061503291130066","0.42796188592910767","0.42796188592910767","0.42796188592910767","1.178999423980713","1.178999423980713","1.178999423980713","1.1646332740783691","1.1646332740783691","1.1646332740783691","0.9283370971679688","0.9283370971679688","0.9283370971679688","0.5088361501693726","0.5088361501693726","0.5088361501693726"
"122","0.07657334953546524","0.07657334953546524","0.07657334953546524","0.24575118720531464","0.24575118720531464","0.24575118720531464","0.34465885162353516","0.34465885162353516","0.34465885162353516","1.1793413162231445","1.1793413162231445","1.1793413162231445","1.0798258781433105","1.0798258781433105","1.0798258781433105","0.8155369758605957","0.8155369758605957","0.8155369758605957","0.44100961089134216","0.44100961089134216","0.44100961089134216"
"124","0.10432705283164978","0.10432705283164978","0.10432705283164978","0.30919262766838074","0.30919262766838074","0.30919262766838074","0.4193877577781677","0.4193877577781677","0.4193877577781677","1.1672110557556152","1.1672110557556152","1.1672110557556152","1.148935317993164","1.148935317993164","1.148935317993164","0.9170985817909241","0.9170985817909241","0.9170985817909241","0.516169548034668","0.516169548034668","0.516169548034668"
"126","0.0883314311504364","0.0883314311504364","0.0883314311504364","0.2754007577896118","0.2754007577896118","0.2754007577896118","0.38451507687568665","0.38451507687568665","0.38451507687568665","1.1623157262802124","1.1623157262802124","1.1623157262802124","1.1437957286834717","1.1437957286834717","1.1437957286834717","0.9292263388633728","0.9292263388633728","0.9292263388633728","0.4554058313369751","0.4554058313369751","0.4554058313369751"
"128","0.1178191527724266","0.1178191527724266","0.1178191527724266","0.3166155219078064","0.3166155219078064","0.3166155219078064","0.4129328727722168","0.4129328727722168","0.4129328727722168","1.1403391361236572","1.1403391361236572","1.1403391361236572","1.1329236030578613","1.1329236030578613","1.1329236030578613","0.9194645285606384","0.9194645285606384","0.9194645285606384","0.5025222301483154","0.5025222301483154","0.5025222301483154"
"130","0.12340375781059265","0.12340375781059265","0.12340375781059265","0.3344007134437561","0.3344007134437561","0.3344007134437561","0.43548184633255005","0.43548184633255005","0.43548184633255005","1.184094786643982","1.184094786643982","1.184094786643982","1.1493934392929077","1.1493934392929077","1.1493934392929077","0.9358627796173096","0.9358627796173096","0.9358627796173096","0.5256576538085938","0.5256576538085938","0.5256576538085938"
"132","0.1257612556219101","0.1257612556219101","0.1257612556219101","0.3250337541103363","0.3250337541103363","0.3250337541103363","0.41654518246650696","0.41654518246650696","0.41654518246650696","1.1747645139694214","1.1747645139694214","1.1747645139694214","1.1526340246200562","1.1526340246200562","1.1526340246200562","0.9180888533592224","0.9180888533592224","0.9180888533592224","0.4907776415348053","0.4907776415348053","0.4907776415348053"
"134","0.13876879215240479","0.13876879215240479","0.13876879215240479","0.3313421905040741","0.3313421905040741","0.3313421905040741","0.40935152769088745","0.40935152769088745","0.40935152769088745","1.1614365577697754","1.1614365577697754","1.1614365577697754","1.152053713798523","1.152053713798523","1.152053713798523","0.9431968927383423","0.9431968927383423","0.9431968927383423","0.5120300650596619","0.5120300650596619","0.5120300650596619"
"136","0.14796477556228638","0.14796477556228638","0.14796477556228638","0.35496190190315247","0.35496190190315247","0.35496190190315247","0.4402274489402771","0.4402274489402771","0.4402274489402771","1.1644880771636963","1.1644880771636963","1.1644880771636963","1.1332125663757324","1.1332125663757324","1.1332125663757324","0.9502896666526794","0.9502896666526794","0.9502896666526794","0.5479950308799744","0.5479950308799744","0.5479950308799744"
"138","0.14635615050792694","0.14635615050792694","0.14635615050792694","0.3348335921764374","0.3348335921764374","0.3348335921764374","0.4345926344394684","0.4345926344394684","0.4345926344394684","1.1678268909454346","1.1678268909454346","1.1678268909454346","1.1559984683990479","1.1559984683990479","1.1559984683990479","0.945987343788147","0.945987343788147","0.945987343788147","0.519048273563385","0.519048273563385","0.519048273563385"
"140","0.1640927791595459","0.1640927791595459","0.1640927791595459","0.3646283745765686","0.3646283745765686","0.3646283745765686","0.46168094873428345","0.46168094873428345","0.46168094873428345","1.1645512580871582","1.1645512580871582","1.1645512580871582","1.147857427597046","1.147857427597046","1.147857427597046","0.9350025653839111","0.9350025653839111","0.9350025653839111","0.5468809604644775","0.5468809604644775","0.5468809604644775"
"142","0.15524005889892578","0.15524005889892578","0.15524005889892578","0.35384368896484375","0.35384368896484375","0.35384368896484375","0.43937164545059204","0.43937164545059204","0.43937164545059204","1.1776325702667236","1.1776325702667236","1.1776325702667236","1.1511965990066528","1.1511965990066528","1.1511965990066528","0.9681419134140015","0.9681419134140015","0.9681419134140015","0.5093279480934143","0.5093279480934143","0.5093279480934143"
"144","0.1690221130847931","0.1690221130847931","0.1690221130847931","0.3360536992549896","0.3360536992549896","0.3360536992549896","0.4444761872291565","0.4444761872291565","0.4444761872291565","1.1785354614257812","1.1785354614257812","1.1785354614257812","1.1544084548950195","1.1544084548950195","1.1544084548950195","0.9712441563606262","0.9712441563606262","0.9712441563606262","0.5255193114280701","0.5255193114280701","0.5255193114280701"
"146","0.18427366018295288","0.18427366018295288","0.18427366018295288","0.38001933693885803","0.38001933693885803","0.38001933693885803","0.4634617269039154","0.4634617269039154","0.4634617269039154","1.2034862041473389","1.2034862041473389","1.2034862041473389","1.1859169006347656","1.1859169006347656","1.1859169006347656","0.9846850037574768","0.9846850037574768","0.9846850037574768","0.54782634973526","0.54782634973526","0.54782634973526"
"148","0.17061689496040344","0.17061689496040344","0.17061689496040344","0.3471810221672058","0.3471810221672058","0.3471810221672058","0.44714289903640747","0.44714289903640747","0.44714289903640747","1.1688594818115234","1.1688594818115234","1.1688594818115234","1.1421962976455688","1.1421962976455688","1.1421962976455688","0.9478345513343811","0.9478345513343811","0.9478345513343811","0.5204643607139587","0.5204643607139587","0.5204643607139587"
"150","0.20263195037841797","0.20263195037841797","0.20263195037841797","0.3686337172985077","0.3686337172985077","0.3686337172985077","0.45245227217674255","0.45245227217674255","0.45245227217674255","1.2162388563156128","1.2162388563156128","1.2162388563156128","1.1804678440093994","1.1804678440093994","1.1804678440093994","0.9768006801605225","0.9768006801605225","0.9768006801605225","0.5469101071357727","0.5469101071357727","0.5469101071357727"
"152","0.21592086553573608","0.21592086553573608","0.21592086553573608","0.383118212223053","0.383118212223053","0.383118212223053","0.4753611981868744","0.4753611981868744","0.4753611981868744","1.17249596118927","1.17249596118927","1.17249596118927","1.1602749824523926","1.1602749824523926","1.1602749824523926","0.9942923784255981","0.9942923784255981","0.9942923784255981","0.5611235499382019","0.5611235499382019","0.5611235499382019"
"154","0.21431347727775574","0.21431347727775574","0.21431347727775574","0.3927437663078308","0.3927437663078308","0.3927437663078308","0.4672706127166748","0.4672706127166748","0.4672706127166748","1.1609917879104614","1.1609917879104614","1.1609917879104614","1.128821611404419","1.128821611404419","1.128821611404419","0.9298390746116638","0.9298390746116638","0.9298390746116638","0.38708508014678955","0.38708508014678955","0.38708508014678955"
"156","0.23787467181682587","0.23787467181682587","0.23787467181682587","0.3816206157207489","0.3816206157207489","0.3816206157207489","0.44709017872810364","0.44709017872810364","0.44709017872810364","1.186320424079895","1.186320424079895","1.186320424079895","1.1634674072265625","1.1634674072265625","1.1634674072265625","0.9633118510246277","0.9633118510246277","0.9633118510246277","0.547552764415741","0.547552764415741","0.547552764415741"
"158","0.23093999922275543","0.23093999922275543","0.23093999922275543","0.38653987646102905","0.38653987646102905","0.38653987646102905","0.45791953802108765","0.45791953802108765","0.45791953802108765","1.1564018726348877","1.1564018726348877","1.1564018726348877","1.1373716592788696","1.1373716592788696","1.1373716592788696","0.9745001792907715","0.9745001792907715","0.9745001792907715","0.5485795140266418","0.5485795140266418","0.5485795140266418"
"160","0.2579170763492584","0.2579170763492584","0.2579170763492584","0.3959046006202698","0.3959046006202698","0.3959046006202698","0.4647807776927948","0.4647807776927948","0.4647807776927948","1.1564106941223145","1.1564106941223145","1.1564106941223145","1.145238995552063","1.145238995552063","1.145238995552063","0.9972683191299438","0.9972683191299438","0.9972683191299438","0.5600539445877075","0.5600539445877075","0.5600539445877075"
"162","0.2606421709060669","0.2606421709060669","0.2606421709060669","0.3948517143726349","0.3948517143726349","0.3948517143726349","0.4772928059101105","0.4772928059101105","0.4772928059101105","1.1796815395355225","1.1796815395355225","1.1796815395355225","1.1839555501937866","1.1839555501937866","1.1839555501937866","1.0269370079040527","1.0269370079040527","1.0269370079040527","0.5752496719360352","0.5752496719360352","0.5752496719360352"
"164","0.291037917137146","0.291037917137146","0.291037917137146","0.4213917851448059","0.4213917851448059","0.4213917851448059","0.48236966133117676","0.48236966133117676","0.48236966133117676","1.1607874631881714","1.1607874631881714","1.1607874631881714","1.1587711572647095","1.1587711572647095","1.1587711572647095","1.0028212070465088","1.0028212070465088","1.0028212070465088","0.5987216830253601","0.5987216830253601","0.5987216830253601"
"166","0.2882145047187805","0.2882145047187805","0.2882145047187805","0.421306312084198","0.421306312084198","0.421306312084198","0.4975048899650574","0.4975048899650574","0.4975048899650574","1.1677374839782715","1.1677374839782715","1.1677374839782715","1.1576316356658936","1.1576316356658936","1.1576316356658936","1.011479377746582","1.011479377746582","1.011479377746582","0.6273372173309326","0.6273372173309326","0.6273372173309326"
"168","0.28594377636909485","0.28594377636909485","0.28594377636909485","0.40340694785118103","0.40340694785118103","0.40340694785118103","0.48409536480903625","0.48409536480903625","0.48409536480903625","1.175767183303833","1.175767183303833","1.175767183303833","1.1757360696792603","1.1757360696792603","1.1757360696792603","1.0201666355133057","1.0201666355133057","1.0201666355133057","0.592431366443634","0.592431366443634","0.592431366443634"
"170","0.3216683864593506","0.3216683864593506","0.3216683864593506","0.4256497025489807","0.4256497025489807","0.4256497025489807","0.4984728991985321","0.4984728991985321","0.4984728991985321","1.1524710655212402","1.1524710655212402","1.1524710655212402","1.1504892110824585","1.1504892110824585","1.1504892110824585","1.0343239307403564","1.0343239307403564","1.0343239307403564","0.6271239519119263","0.6271239519119263","0.6271239519119263"
"172","0.32987862825393677","0.32987862825393677","0.32987862825393677","0.44694948196411133","0.44694948196411133","0.44694948196411133","0.5162293314933777","0.5162293314933777","0.5162293314933777","1.1610422134399414","1.1610422134399414","1.1610422134399414","1.152024269104004","1.152024269104004","1.152024269104004","1.0194802284240723","1.0194802284240723","1.0194802284240723","0.6629465222358704","0.6629465222358704","0.6629465222358704"
"174","0.33458220958709717","0.33458220958709717","0.33458220958709717","0.43912452459335327","0.43912452459335327","0.43912452459335327","0.49990764260292053","0.49990764260292053","0.49990764260292053","1.1548391580581665","1.1548391580581665","1.1548391580581665","1.1493533849716187","1.1493533849716187","1.1493533849716187","1.0359200239181519","1.0359200239181519","1.0359200239181519","0.6298345327377319","0.6298345327377319","0.6298345327377319"
"176","0.3257984519004822","0.3257984519004822","0.3257984519004822","0.44214147329330444","0.44214147329330444","0.44214147329330444","0.5171216726303101","0.5171216726303101","0.5171216726303101","1.1860615015029907","1.1860615015029907","1.1860615015029907","1.1602981090545654","1.1602981090545654","1.1602981090545654","0.9786574840545654","0.9786574840545654","0.9786574840545654","0.6575953364372253","0.6575953364372253","0.6575953364372253"
"178","0.3515529930591583","0.3515529930591583","0.3515529930591583","0.44849008321762085","0.44849008321762085","0.44849008321762085","0.527183473110199","0.527183473110199","0.527183473110199","1.187803864479065","1.187803864479065","1.187803864479065","1.1750059127807617","1.1750059127807617","1.1750059127807617","1.0103034973144531","1.0103034973144531","1.0103034973144531","0.6559699177742004","0.6559699177742004","0.6559699177742004"
"180","0.3718114495277405","0.3718114495277405","0.3718114495277405","0.4553336501121521","0.4553336501121521","0.4553336501121521","0.5124905109405518","0.5124905109405518","0.5124905109405518","1.1762781143188477","1.1762781143188477","1.1762781143188477","1.1630146503448486","1.1630146503448486","1.1630146503448486","1.0123238563537598","1.0123238563537598","1.0123238563537598","0.6605777144432068","0.6605777144432068","0.6605777144432068"
"182","0.3706079125404358","0.3706079125404358","0.3706079125404358","0.4580373764038086","0.4580373764038086","0.4580373764038086","0.5245756506919861","0.5245756506919861","0.5245756506919861","1.17733633518219","1.17733633518219","1.17733633518219","1.156724452972412","1.156724452972412","1.156724452972412","1.01618230342865","1.01618230342865","1.01618230342865","0.6735432147979736","0.6735432147979736","0.6735432147979736"
"184","0.3830893039703369","0.3830893039703369","0.3830893039703369","0.4589560925960541","0.4589560925960541","0.4589560925960541","0.5089536905288696","0.5089536905288696","0.5089536905288696","1.1785988807678223","1.1785988807678223","1.1785988807678223","1.148561954498291","1.148561954498291","1.148561954498291","0.9975387454032898","0.9975387454032898","0.9975387454032898","0.6723597049713135","0.6723597049713135","0.6723597049713135"
"186","0.3854663372039795","0.3854663372039795","0.3854663372039795","0.4622451663017273","0.4622451663017273","0.4622451663017273","0.51617431640625","0.51617431640625","0.51617431640625","1.1636073589324951","1.1636073589324951","1.1636073589324951","1.1431174278259277","1.1431174278259277","1.1431174278259277","1.003202199935913","1.003202199935913","1.003202199935913","0.6936091184616089","0.6936091184616089","0.6936091184616089"
"188","0.40810897946357727","0.40810897946357727","0.40810897946357727","0.47086194157600403","0.47086194157600403","0.47086194157600403","0.5185921788215637","0.5185921788215637","0.5185921788215637","1.1822361946105957","1.1822361946105957","1.1822361946105957","1.1615849733352661","1.1615849733352661","1.1615849733352661","1.0334408283233643","1.0334408283233643","1.0334408283233643","0.7189884185791016","0.7189884185791016","0.7189884185791016"
"190","0.42307618260383606","0.42307618260383606","0.42307618260383606","0.5041415095329285","0.5041415095329285","0.5041415095329285","0.5572546720504761","0.5572546720504761","0.5572546720504761","1.171839714050293","1.171839714050293","1.171839714050293","1.1547013521194458","1.1547013521194458","1.1547013521194458","1.0058573484420776","1.0058573484420776","1.0058573484420776","0.7679116725921631","0.7679116725921631","0.7679116725921631"
"192","0.39795660972595215","0.39795660972595215","0.39795660972595215","0.4447765648365021","0.4447765648365021","0.4447765648365021","0.5107417106628418","0.5107417106628418","0.5107417106628418","1.2163769006729126","1.2163769006729126","1.2163769006729126","1.1966599225997925","1.1966599225997925","1.1966599225997925","0.9866418838500977","0.9866418838500977","0.9866418838500977","0.6625787019729614","0.6625787019729614","0.6625787019729614"
"194","0.4505644142627716","0.4505644142627716","0.4505644142627716","0.5000362992286682","0.5000362992286682","0.5000362992286682","0.5503905415534973","0.5503905415534973","0.5503905415534973","1.18423593044281","1.18423593044281","1.18423593044281","1.1804242134094238","1.1804242134094238","1.1804242134094238","1.057349681854248","1.057349681854248","1.057349681854248","0.7710506319999695","0.7710506319999695","0.7710506319999695"
"196","0.4104311764240265","0.4104311764240265","0.4104311764240265","0.4779450297355652","0.4779450297355652","0.4779450297355652","0.5167762041091919","0.5167762041091919","0.5167762041091919","1.1665263175964355","1.1665263175964355","1.1665263175964355","1.1639635562896729","1.1639635562896729","1.1639635562896729","0.998504638671875","0.998504638671875","0.998504638671875","0.7120844125747681","0.7120844125747681","0.7120844125747681"
"198","0.40496015548706055","0.40496015548706055","0.40496015548706055","0.4447110891342163","0.4447110891342163","0.4447110891342163","0.5346959829330444","0.5346959829330444","0.5346959829330444","1.2258551120758057","1.2258551120758057","1.2258551120758057","1.228529453277588","1.228529453277588","1.228529453277588","0.9705820679664612","0.9705820679664612","0.9705820679664612","0.7071285843849182","0.7071285843849182","0.7071285843849182"
"200","0.4799824655056","0.4799824655056","0.4799824655056","0.5207390189170837","0.5207390189170837","0.5207390189170837","0.5756464004516602","0.5756464004516602","0.5756464004516602","1.1558703184127808","1.1558703184127808","1.1558703184127808","1.1532315015792847","1.1532315015792847","1.1532315015792847","1.038191556930542","1.038191556930542","1.038191556930542","0.8228307962417603","0.8228307962417603","0.8228307962417603"
"202","0.4969587028026581","0.4969587028026581","0.4969587028026581","0.5286573767662048","0.5286573767662048","0.5286573767662048","0.5748043656349182","0.5748043656349182","0.5748043656349182","1.1625285148620605","1.1625285148620605","1.1625285148620605","1.163728952407837","1.163728952407837","1.163728952407837","1.0489420890808105","1.0489420890808105","1.0489420890808105","0.8388075232505798","0.8388075232505798","0.8388075232505798"
"204","0.47521018981933594","0.47521018981933594","0.47521018981933594","0.511285662651062","0.511285662651062","0.511285662651062","0.5527430772781372","0.5527430772781372","0.5527430772781372","1.171512246131897","1.171512246131897","1.171512246131897","1.1695150136947632","1.1695150136947632","1.1695150136947632","1.0139576196670532","1.0139576196670532","1.0139576196670532","0.7738760113716125","0.7738760113716125","0.7738760113716125"
"206","0.4632655084133148","0.4632655084133148","0.4632655084133148","0.4848872423171997","0.4848872423171997","0.4848872423171997","0.5393528938293457","0.5393528938293457","0.5393528938293457","1.1739636659622192","1.1739636659622192","1.1739636659622192","1.17576265335083","1.17576265335083","1.17576265335083","1.041479229927063","1.041479229927063","1.041479229927063","0.739116370677948","0.739116370677948","0.739116370677948"
"208","0.4821188449859619","0.4821188449859619","0.4821188449859619","0.503075897693634","0.503075897693634","0.503075897693634","0.5439355969429016","0.5439355969429016","0.5439355969429016","1.2283413410186768","1.2283413410186768","1.2283413410186768","1.2059699296951294","1.2059699296951294","1.2059699296951294","1.0468401908874512","1.0468401908874512","1.0468401908874512","0.7671173214912415","0.7671173214912415","0.7671173214912415"
"210","0.5125435590744019","0.5125435590744019","0.5125435590744019","0.5363768935203552","0.5363768935203552","0.5363768935203552","0.58192378282547","0.58192378282547","0.58192378282547","1.1862455606460571","1.1862455606460571","1.1862455606460571","1.1728190183639526","1.1728190183639526","1.1728190183639526","1.0750532150268555","1.0750532150268555","1.0750532150268555","0.8184961080551147","0.8184961080551147","0.8184961080551147"
"212","0.5303546786308289","0.5303546786308289","0.5303546786308289","0.5584271550178528","0.5584271550178528","0.5584271550178528","0.6168120503425598","0.6168120503425598","0.6168120503425598","1.1759568452835083","1.1759568452835083","1.1759568452835083","1.148781180381775","1.148781180381775","1.148781180381775","1.0407283306121826","1.0407283306121826","1.0407283306121826","0.7999600768089294","0.7999600768089294","0.7999600768089294"
"214","0.49696260690689087","0.49696260690689087","0.49696260690689087","0.5086216330528259","0.5086216330528259","0.5086216330528259","0.5516365170478821","0.5516365170478821","0.5516365170478821","1.1686718463897705","1.1686718463897705","1.1686718463897705","1.158610224723816","1.158610224723816","1.158610224723816","1.0487953424453735","1.0487953424453735","1.0487953424453735","0.7788630723953247","0.7788630723953247","0.7788630723953247"
"216","0.484039306640625","0.484039306640625","0.484039306640625","0.49166378378868103","0.49166378378868103","0.49166378378868103","0.573337197303772","0.573337197303772","0.573337197303772","1.2028822898864746","1.2028822898864746","1.2028822898864746","1.1982665061950684","1.1982665061950684","1.1982665061950684","1.018287181854248","1.018287181854248","1.018287181854248","0.7077677249908447","0.7077677249908447","0.7077677249908447"
"218","0.5481234788894653","0.5481234788894653","0.5481234788894653","0.5500742793083191","0.5500742793083191","0.5500742793083191","0.5990122556686401","0.5990122556686401","0.5990122556686401","1.1786396503448486","1.1786396503448486","1.1786396503448486","1.1583149433135986","1.1583149433135986","1.1583149433135986","1.0594589710235596","1.0594589710235596","1.0594589710235596","0.7631064653396606","0.7631064653396606","0.7631064653396606"
"220","0.547809362411499","0.547809362411499","0.547809362411499","0.5451789498329163","0.5451789498329163","0.5451789498329163","0.5936936140060425","0.5936936140060425","0.5936936140060425","1.1666830778121948","1.1666830778121948","1.1666830778121948","1.1502982378005981","1.1502982378005981","1.1502982378005981","1.0750913619995117","1.0750913619995117","1.0750913619995117","0.7773903608322144","0.7773903608322144","0.7773903608322144"
"222","0.515182614326477","0.515182614326477","0.515182614326477","0.505951464176178","0.505951464176178","0.505951464176178","0.5657840371131897","0.5657840371131897","0.5657840371131897","1.1741819381713867","1.1741819381713867","1.1741819381713867","1.1822161674499512","1.1822161674499512","1.1822161674499512","1.0420864820480347","1.0420864820480347","1.0420864820480347","0.8438612222671509","0.8438612222671509","0.8438612222671509"
"224","0.5599422454833984","0.5599422454833984","0.5599422454833984","0.5532888174057007","0.5532888174057007","0.5532888174057007","0.6028586626052856","0.6028586626052856","0.6028586626052856","1.148018717765808","1.148018717765808","1.148018717765808","1.1560038328170776","1.1560038328170776","1.1560038328170776","1.0709880590438843","1.0709880590438843","1.0709880590438843","0.7923332452774048","0.7923332452774048","0.7923332452774048"
"226","0.5547570586204529","0.5547570586204529","0.5547570586204529","0.5630907416343689","0.5630907416343689","0.5630907416343689","0.6162487268447876","0.6162487268447876","0.6162487268447876","1.1840016841888428","1.1840016841888428","1.1840016841888428","1.1607475280761719","1.1607475280761719","1.1607475280761719","1.0480045080184937","1.0480045080184937","1.0480045080184937","0.7701334357261658","0.7701334357261658","0.7701334357261658"
"228","0.5414742231369019","0.5414742231369019","0.5414742231369019","0.5407760739326477","0.5407760739326477","0.5407760739326477","0.6006246209144592","0.6006246209144592","0.6006246209144592","1.166962742805481","1.166962742805481","1.166962742805481","1.1402976512908936","1.1402976512908936","1.1402976512908936","1.0522252321243286","1.0522252321243286","1.0522252321243286","0.777782142162323","0.777782142162323","0.777782142162323"
"230","0.5969409346580505","0.5969409346580505","0.5969409346580505","0.5626314878463745","0.5626314878463745","0.5626314878463745","0.6295698285102844","0.6295698285102844","0.6295698285102844","1.1913259029388428","1.1913259029388428","1.1913259029388428","1.1850714683532715","1.1850714683532715","1.1850714683532715","1.0335142612457275","1.0335142612457275","1.0335142612457275","0.7784276604652405","0.7784276604652405","0.7784276604652405"