"Step","VOWELS_FILTER_b40_DUAL_bs16 - cross_entropy_negative_s","VOWELS_FILTER_b40_DUAL_bs16 - cross_entropy_negative_s__MIN","VOWELS_FILTER_b40_DUAL_bs16 - cross_entropy_negative_s__MAX","VOWELS_FILTER_b20_DUAL_bs16 - cross_entropy_negative_s","VOWELS_FILTER_b20_DUAL_bs16 - cross_entropy_negative_s__MIN","VOWELS_FILTER_b20_DUAL_bs16 - cross_entropy_negative_s__MAX","VOWELS_FILTER_b10_DUAL_bs16 - cross_entropy_negative_s","VOWELS_FILTER_b10_DUAL_bs16 - cross_entropy_negative_s__MIN","VOWELS_FILTER_b10_DUAL_bs16 - cross_entropy_negative_s__MAX","VOWELS_FILTER_b0_DUAL_bs16 - cross_entropy_negative_s","VOWELS_FILTER_b0_DUAL_bs16 - cross_entropy_negative_s__MIN","VOWELS_FILTER_b0_DUAL_bs16 - cross_entropy_negative_s__MAX","VOWELS_FILTER_b0.1_DUAL_bs16 - cross_entropy_negative_s","VOWELS_FILTER_b0.1_DUAL_bs16 - cross_entropy_negative_s__MIN","VOWELS_FILTER_b0.1_DUAL_bs16 - cross_entropy_negative_s__MAX","VOWELS_FILTER_b1_DUAL_bs16 - cross_entropy_negative_s","VOWELS_FILTER_b1_DUAL_bs16 - cross_entropy_negative_s__MIN","VOWELS_FILTER_b1_DUAL_bs16 - cross_entropy_negative_s__MAX","VOWELS_FILTER_B5_DEFAULTS_DUAL_bs16 - cross_entropy_negative_s","VOWELS_FILTER_B5_DEFAULTS_DUAL_bs16 - cross_entropy_negative_s__MIN","VOWELS_FILTER_B5_DEFAULTS_DUAL_bs16 - cross_entropy_negative_s__MAX"
"0","19.243141174316406","19.243141174316406","19.243141174316406","19.238786697387695","19.238786697387695","19.238786697387695","19.230030059814453","19.230030059814453","19.230030059814453","6.5384721755981445","6.5384721755981445","6.5384721755981445","17.03189468383789","17.03189468383789","17.03189468383789","18.65257453918457","18.65257453918457","18.65257453918457","19.21309471130371","19.21309471130371","19.21309471130371"
"2","24.14431381225586","24.14431381225586","24.14431381225586","24.111248016357422","24.111248016357422","24.111248016357422","24.044334411621094","24.044334411621094","24.044334411621094","4.291584014892578","4.291584014892578","4.291584014892578","18.11208724975586","18.11208724975586","18.11208724975586","22.16586685180664","22.16586685180664","22.16586685180664","23.910358428955078","23.910358428955078","23.910358428955078"
"4","26.396875381469727","26.396875381469727","26.396875381469727","26.299102783203125","26.299102783203125","26.299102783203125","26.116973876953125","26.116973876953125","26.116973876953125","1.8770833015441895","1.8770833015441895","1.8770833015441895","16.37005043029785","16.37005043029785","16.37005043029785","22.89990997314453","22.89990997314453","22.89990997314453","25.74634552001953","25.74634552001953","25.74634552001953"
"6","28.083168029785156","28.083168029785156","28.083168029785156","27.91541290283203","27.91541290283203","27.91541290283203","27.532026290893555","27.532026290893555","27.532026290893555","1.829255223274231","1.829255223274231","1.829255223274231","11.145439147949219","11.145439147949219","11.145439147949219","22.344528198242188","22.344528198242188","22.344528198242188","26.754030227661133","26.754030227661133","26.754030227661133"
"8","30.17123031616211","30.17123031616211","30.17123031616211","29.855819702148438","29.855819702148438","29.855819702148438","29.13677406311035","29.13677406311035","29.13677406311035","1.5635262727737427","1.5635262727737427","1.5635262727737427","7.914223670959473","7.914223670959473","7.914223670959473","20.996623992919922","20.996623992919922","20.996623992919922","27.77582550048828","27.77582550048828","27.77582550048828"
"10","31.150602340698242","31.150602340698242","31.150602340698242","30.575925827026367","30.575925827026367","30.575925827026367","29.435129165649414","29.435129165649414","29.435129165649414","1.3382562398910522","1.3382562398910522","1.3382562398910522","5.895418167114258","5.895418167114258","5.895418167114258","17.925626754760742","17.925626754760742","17.925626754760742","27.3922119140625","27.3922119140625","27.3922119140625"
"12","31.6141414642334","31.6141414642334","31.6141414642334","30.870624542236328","30.870624542236328","30.870624542236328","29.31376838684082","29.31376838684082","29.31376838684082","1.5418593883514404","1.5418593883514404","1.5418593883514404","5.3936920166015625","5.3936920166015625","5.3936920166015625","15.225371360778809","15.225371360778809","15.225371360778809","26.73781394958496","26.73781394958496","26.73781394958496"
"14","33.108882904052734","33.108882904052734","33.108882904052734","31.965091705322266","31.965091705322266","31.965091705322266","29.70553970336914","29.70553970336914","29.70553970336914","1.5168185234069824","1.5168185234069824","1.5168185234069824","4.525491714477539","4.525491714477539","4.525491714477539","12.662405014038086","12.662405014038086","12.662405014038086","26.25450897216797","26.25450897216797","26.25450897216797"
"16","34.008026123046875","34.008026123046875","34.008026123046875","32.335304260253906","32.335304260253906","32.335304260253906","29.28717613220215","29.28717613220215","29.28717613220215","1.2943366765975952","1.2943366765975952","1.2943366765975952","4.195047378540039","4.195047378540039","4.195047378540039","10.475257873535156","10.475257873535156","10.475257873535156","24.937328338623047","24.937328338623047","24.937328338623047"
"18","34.011390686035156","34.011390686035156","34.011390686035156","31.83547592163086","31.83547592163086","31.83547592163086","28.131677627563477","28.131677627563477","28.131677627563477","1.1998083591461182","1.1998083591461182","1.1998083591461182","3.8170688152313232","3.8170688152313232","3.8170688152313232","8.295177459716797","8.295177459716797","8.295177459716797","23.121944427490234","23.121944427490234","23.121944427490234"
"20","34.18342208862305","34.18342208862305","34.18342208862305","31.59843635559082","31.59843635559082","31.59843635559082","27.465837478637695","27.465837478637695","27.465837478637695","1.529986023902893","1.529986023902893","1.529986023902893","4.597873210906982","4.597873210906982","4.597873210906982","7.873938083648682","7.873938083648682","7.873938083648682","22.07927703857422","22.07927703857422","22.07927703857422"
"22","34.28854751586914","34.28854751586914","34.28854751586914","31.082237243652344","31.082237243652344","31.082237243652344","26.3541202545166","26.3541202545166","26.3541202545166","1.3364346027374268","1.3364346027374268","1.3364346027374268","3.9169366359710693","3.9169366359710693","3.9169366359710693","6.3311567306518555","6.3311567306518555","6.3311567306518555","20.0228271484375","20.0228271484375","20.0228271484375"
"24","34.21630096435547","34.21630096435547","34.21630096435547","30.28498077392578","30.28498077392578","30.28498077392578","24.855588912963867","24.855588912963867","24.855588912963867","1.2281770706176758","1.2281770706176758","1.2281770706176758","3.5439765453338623","3.5439765453338623","3.5439765453338623","5.579801082611084","5.579801082611084","5.579801082611084","17.590538024902344","17.590538024902344","17.590538024902344"
"26","33.14727783203125","33.14727783203125","33.14727783203125","28.656099319458008","28.656099319458008","28.656099319458008","22.650325775146484","22.650325775146484","22.650325775146484","1.2335469722747803","1.2335469722747803","1.2335469722747803","2.864346504211426","2.864346504211426","2.864346504211426","4.757321834564209","4.757321834564209","4.757321834564209","14.352349281311035","14.352349281311035","14.352349281311035"
"28","33.16117858886719","33.16117858886719","33.16117858886719","28.145971298217773","28.145971298217773","28.145971298217773","21.466983795166016","21.466983795166016","21.466983795166016","1.1803522109985352","1.1803522109985352","1.1803522109985352","2.88559889793396","2.88559889793396","2.88559889793396","4.939299583435059","4.939299583435059","4.939299583435059","12.745683670043945","12.745683670043945","12.745683670043945"
"30","32.56813049316406","32.56813049316406","32.56813049316406","26.93906021118164","26.93906021118164","26.93906021118164","19.356914520263672","19.356914520263672","19.356914520263672","1.1536121368408203","1.1536121368408203","1.1536121368408203","2.4490532875061035","2.4490532875061035","2.4490532875061035","4.565338134765625","4.565338134765625","4.565338134765625","10.85853385925293","10.85853385925293","10.85853385925293"
"32","31.930082321166992","31.930082321166992","31.930082321166992","25.747764587402344","25.747764587402344","25.747764587402344","17.694400787353516","17.694400787353516","17.694400787353516","1.156736135482788","1.156736135482788","1.156736135482788","2.4088306427001953","2.4088306427001953","2.4088306427001953","4.759459495544434","4.759459495544434","4.759459495544434","9.62993049621582","9.62993049621582","9.62993049621582"
"34","30.382143020629883","30.382143020629883","30.382143020629883","23.494415283203125","23.494415283203125","23.494415283203125","15.240022659301758","15.240022659301758","15.240022659301758","1.1572256088256836","1.1572256088256836","1.1572256088256836","2.0379133224487305","2.0379133224487305","2.0379133224487305","4.319890022277832","4.319890022277832","4.319890022277832","8.095514297485352","8.095514297485352","8.095514297485352"
"36","29.681596755981445","29.681596755981445","29.681596755981445","22.173370361328125","22.173370361328125","22.173370361328125","14.259191513061523","14.259191513061523","14.259191513061523","1.169378638267517","1.169378638267517","1.169378638267517","2.0108513832092285","2.0108513832092285","2.0108513832092285","4.414682388305664","4.414682388305664","4.414682388305664","7.6845269203186035","7.6845269203186035","7.6845269203186035"
"38","28.675203323364258","28.675203323364258","28.675203323364258","21.296598434448242","21.296598434448242","21.296598434448242","14.026124000549316","14.026124000549316","14.026124000549316","1.1760451793670654","1.1760451793670654","1.1760451793670654","2.2279844284057617","2.2279844284057617","2.2279844284057617","4.833780288696289","4.833780288696289","4.833780288696289","8.015335083007812","8.015335083007812","8.015335083007812"
"40","27.62580108642578","27.62580108642578","27.62580108642578","19.92916488647461","19.92916488647461","19.92916488647461","12.720500946044922","12.720500946044922","12.720500946044922","1.2388893365859985","1.2388893365859985","1.2388893365859985","2.021536111831665","2.021536111831665","2.021536111831665","4.420475959777832","4.420475959777832","4.420475959777832","7.078548908233643","7.078548908233643","7.078548908233643"
"42","25.721559524536133","25.721559524536133","25.721559524536133","18.013229370117188","18.013229370117188","18.013229370117188","10.391284942626953","10.391284942626953","10.391284942626953","1.1405656337738037","1.1405656337738037","1.1405656337738037","1.7669918537139893","1.7669918537139893","1.7669918537139893","4.134926795959473","4.134926795959473","4.134926795959473","6.292173385620117","6.292173385620117","6.292173385620117"
"44","24.262733459472656","24.262733459472656","24.262733459472656","16.972572326660156","16.972572326660156","16.972572326660156","9.657142639160156","9.657142639160156","9.657142639160156","1.1645430326461792","1.1645430326461792","1.1645430326461792","1.6827895641326904","1.6827895641326904","1.6827895641326904","3.9220898151397705","3.9220898151397705","3.9220898151397705","5.9469146728515625","5.9469146728515625","5.9469146728515625"
"46","23.054840087890625","23.054840087890625","23.054840087890625","16.18265151977539","16.18265151977539","16.18265151977539","8.996795654296875","8.996795654296875","8.996795654296875","1.12721586227417","1.12721586227417","1.12721586227417","1.5168699026107788","1.5168699026107788","1.5168699026107788","3.945627212524414","3.945627212524414","3.945627212524414","5.834214687347412","5.834214687347412","5.834214687347412"
"48","21.899789810180664","21.899789810180664","21.899789810180664","15.350358009338379","15.350358009338379","15.350358009338379","8.54962158203125","8.54962158203125","8.54962158203125","1.1827776432037354","1.1827776432037354","1.1827776432037354","1.6574246883392334","1.6574246883392334","1.6574246883392334","4.049655437469482","4.049655437469482","4.049655437469482","5.681605815887451","5.681605815887451","5.681605815887451"
"50","21.462657928466797","21.462657928466797","21.462657928466797","15.204256057739258","15.204256057739258","15.204256057739258","8.491159439086914","8.491159439086914","8.491159439086914","1.1613713502883911","1.1613713502883911","1.1613713502883911","1.749995231628418","1.749995231628418","1.749995231628418","4.2107367515563965","4.2107367515563965","4.2107367515563965","5.7586588859558105","5.7586588859558105","5.7586588859558105"
"52","19.922351837158203","19.922351837158203","19.922351837158203","13.477468490600586","13.477468490600586","13.477468490600586","7.285261154174805","7.285261154174805","7.285261154174805","1.1222532987594604","1.1222532987594604","1.1222532987594604","1.4467365741729736","1.4467365741729736","1.4467365741729736","3.839726209640503","3.839726209640503","3.839726209640503","5.117916107177734","5.117916107177734","5.117916107177734"
"54","19.401931762695312","19.401931762695312","19.401931762695312","13.390265464782715","13.390265464782715","13.390265464782715","7.145471096038818","7.145471096038818","7.145471096038818","1.140087604522705","1.140087604522705","1.140087604522705","1.5691347122192383","1.5691347122192383","1.5691347122192383","3.9248604774475098","3.9248604774475098","3.9248604774475098","5.187883377075195","5.187883377075195","5.187883377075195"
"56","19.436874389648438","19.436874389648438","19.436874389648438","13.646474838256836","13.646474838256836","13.646474838256836","7.469196319580078","7.469196319580078","7.469196319580078","1.1562625169754028","1.1562625169754028","1.1562625169754028","1.7642266750335693","1.7642266750335693","1.7642266750335693","5.09990930557251","5.09990930557251","5.09990930557251","5.680791854858398","5.680791854858398","5.680791854858398"
"58","18.38201904296875","18.38201904296875","18.38201904296875","12.504657745361328","12.504657745361328","12.504657745361328","6.961719036102295","6.961719036102295","6.961719036102295","1.1885179281234741","1.1885179281234741","1.1885179281234741","1.4260532855987549","1.4260532855987549","1.4260532855987549","4.040761947631836","4.040761947631836","4.040761947631836","5.1519880294799805","5.1519880294799805","5.1519880294799805"
"60","17.81230926513672","17.81230926513672","17.81230926513672","12.067005157470703","12.067005157470703","12.067005157470703","6.723349094390869","6.723349094390869","6.723349094390869","1.1683478355407715","1.1683478355407715","1.1683478355407715","1.6497228145599365","1.6497228145599365","1.6497228145599365","4.171047210693359","4.171047210693359","4.171047210693359","5.359169960021973","5.359169960021973","5.359169960021973"
"62","17.699487686157227","17.699487686157227","17.699487686157227","11.651901245117188","11.651901245117188","11.651901245117188","6.4671831130981445","6.4671831130981445","6.4671831130981445","1.20780348777771","1.20780348777771","1.20780348777771","1.8442431688308716","1.8442431688308716","1.8442431688308716","4.115180969238281","4.115180969238281","4.115180969238281","5.167771816253662","5.167771816253662","5.167771816253662"
"64","16.924583435058594","16.924583435058594","16.924583435058594","11.1974515914917","11.1974515914917","11.1974515914917","6.206149101257324","6.206149101257324","6.206149101257324","1.1554933786392212","1.1554933786392212","1.1554933786392212","1.5017294883728027","1.5017294883728027","1.5017294883728027","3.7653729915618896","3.7653729915618896","3.7653729915618896","4.874812126159668","4.874812126159668","4.874812126159668"
"66","16.553253173828125","16.553253173828125","16.553253173828125","10.794233322143555","10.794233322143555","10.794233322143555","5.991964340209961","5.991964340209961","5.991964340209961","1.1190476417541504","1.1190476417541504","1.1190476417541504","1.3439159393310547","1.3439159393310547","1.3439159393310547","3.7344970703125","3.7344970703125","3.7344970703125","4.800216197967529","4.800216197967529","4.800216197967529"
"68","16.24759864807129","16.24759864807129","16.24759864807129","10.617044448852539","10.617044448852539","10.617044448852539","6.110098838806152","6.110098838806152","6.110098838806152","1.1606682538986206","1.1606682538986206","1.1606682538986206","1.556757926940918","1.556757926940918","1.556757926940918","3.7973427772521973","3.7973427772521973","3.7973427772521973","4.895102024078369","4.895102024078369","4.895102024078369"
"70","15.589091300964355","15.589091300964355","15.589091300964355","9.676980972290039","9.676980972290039","9.676980972290039","5.748892784118652","5.748892784118652","5.748892784118652","1.1507272720336914","1.1507272720336914","1.1507272720336914","1.4057235717773438","1.4057235717773438","1.4057235717773438","3.374035358428955","3.374035358428955","3.374035358428955","4.5743560791015625","4.5743560791015625","4.5743560791015625"
"72","15.596046447753906","15.596046447753906","15.596046447753906","9.963668823242188","9.963668823242188","9.963668823242188","5.954308032989502","5.954308032989502","5.954308032989502","1.1799815893173218","1.1799815893173218","1.1799815893173218","1.6141688823699951","1.6141688823699951","1.6141688823699951","3.403276205062866","3.403276205062866","3.403276205062866","4.974023818969727","4.974023818969727","4.974023818969727"
"74","15.16684627532959","15.16684627532959","15.16684627532959","9.577505111694336","9.577505111694336","9.577505111694336","5.805960655212402","5.805960655212402","5.805960655212402","1.1609487533569336","1.1609487533569336","1.1609487533569336","1.4660707712173462","1.4660707712173462","1.4660707712173462","3.3447587490081787","3.3447587490081787","3.3447587490081787","4.753218650817871","4.753218650817871","4.753218650817871"
"76","14.03154182434082","14.03154182434082","14.03154182434082","8.387922286987305","8.387922286987305","8.387922286987305","5.347389221191406","5.347389221191406","5.347389221191406","1.115838646888733","1.115838646888733","1.115838646888733","1.227283000946045","1.227283000946045","1.227283000946045","3.088223695755005","3.088223695755005","3.088223695755005","4.430271625518799","4.430271625518799","4.430271625518799"
"78","14.601421356201172","14.601421356201172","14.601421356201172","8.796798706054688","8.796798706054688","8.796798706054688","5.384463787078857","5.384463787078857","5.384463787078857","1.1408498287200928","1.1408498287200928","1.1408498287200928","1.2929824590682983","1.2929824590682983","1.2929824590682983","3.003955602645874","3.003955602645874","3.003955602645874","4.48150634765625","4.48150634765625","4.48150634765625"
"80","13.868451118469238","13.868451118469238","13.868451118469238","8.49441146850586","8.49441146850586","8.49441146850586","5.588599681854248","5.588599681854248","5.588599681854248","1.241558313369751","1.241558313369751","1.241558313369751","1.71461820602417","1.71461820602417","1.71461820602417","3.3144354820251465","3.3144354820251465","3.3144354820251465","4.650596618652344","4.650596618652344","4.650596618652344"
"82","13.598335266113281","13.598335266113281","13.598335266113281","7.869801044464111","7.869801044464111","7.869801044464111","5.383522987365723","5.383522987365723","5.383522987365723","1.1222920417785645","1.1222920417785645","1.1222920417785645","1.2456560134887695","1.2456560134887695","1.2456560134887695","2.75530743598938","2.75530743598938","2.75530743598938","4.368386268615723","4.368386268615723","4.368386268615723"
"84","13.111719131469727","13.111719131469727","13.111719131469727","7.668591022491455","7.668591022491455","7.668591022491455","5.3956122398376465","5.3956122398376465","5.3956122398376465","1.1222676038742065","1.1222676038742065","1.1222676038742065","1.3517944812774658","1.3517944812774658","1.3517944812774658","2.7161731719970703","2.7161731719970703","2.7161731719970703","4.579164505004883","4.579164505004883","4.579164505004883"
"86","12.521889686584473","12.521889686584473","12.521889686584473","7.2633562088012695","7.2633562088012695","7.2633562088012695","5.072305202484131","5.072305202484131","5.072305202484131","1.132856845855713","1.132856845855713","1.132856845855713","1.2625393867492676","1.2625393867492676","1.2625393867492676","2.804478645324707","2.804478645324707","2.804478645324707","4.418123245239258","4.418123245239258","4.418123245239258"
"88","13.320548057556152","13.320548057556152","13.320548057556152","7.97507905960083","7.97507905960083","7.97507905960083","5.802280426025391","5.802280426025391","5.802280426025391","1.157716989517212","1.157716989517212","1.157716989517212","1.7955632209777832","1.7955632209777832","1.7955632209777832","3.2336459159851074","3.2336459159851074","3.2336459159851074","4.954988479614258","4.954988479614258","4.954988479614258"
"90","12.08723258972168","12.08723258972168","12.08723258972168","6.750617980957031","6.750617980957031","6.750617980957031","4.8368635177612305","4.8368635177612305","4.8368635177612305","1.1060446500778198","1.1060446500778198","1.1060446500778198","1.19000244140625","1.19000244140625","1.19000244140625","2.463392734527588","2.463392734527588","2.463392734527588","4.117986679077148","4.117986679077148","4.117986679077148"
"92","12.049528121948242","12.049528121948242","12.049528121948242","6.862685203552246","6.862685203552246","6.862685203552246","5.137286186218262","5.137286186218262","5.137286186218262","1.153043270111084","1.153043270111084","1.153043270111084","1.5298811197280884","1.5298811197280884","1.5298811197280884","2.6325364112854004","2.6325364112854004","2.6325364112854004","4.527278900146484","4.527278900146484","4.527278900146484"
"94","11.637176513671875","11.637176513671875","11.637176513671875","6.734291076660156","6.734291076660156","6.734291076660156","5.1193437576293945","5.1193437576293945","5.1193437576293945","1.1133146286010742","1.1133146286010742","1.1133146286010742","1.2340812683105469","1.2340812683105469","1.2340812683105469","2.48395037651062","2.48395037651062","2.48395037651062","4.319877624511719","4.319877624511719","4.319877624511719"
"96","11.356773376464844","11.356773376464844","11.356773376464844","6.362896919250488","6.362896919250488","6.362896919250488","4.912707328796387","4.912707328796387","4.912707328796387","1.1287059783935547","1.1287059783935547","1.1287059783935547","1.2422523498535156","1.2422523498535156","1.2422523498535156","2.4031853675842285","2.4031853675842285","2.4031853675842285","4.259981632232666","4.259981632232666","4.259981632232666"
"98","10.588356018066406","10.588356018066406","10.588356018066406","5.9163713455200195","5.9163713455200195","5.9163713455200195","4.5135416984558105","4.5135416984558105","4.5135416984558105","1.1585698127746582","1.1585698127746582","1.1585698127746582","1.2772825956344604","1.2772825956344604","1.2772825956344604","2.2659127712249756","2.2659127712249756","2.2659127712249756","4.010807991027832","4.010807991027832","4.010807991027832"
"100","10.815584182739258","10.815584182739258","10.815584182739258","6.228425979614258","6.228425979614258","6.228425979614258","4.788023948669434","4.788023948669434","4.788023948669434","1.1347898244857788","1.1347898244857788","1.1347898244857788","1.382680892944336","1.382680892944336","1.382680892944336","2.333167791366577","2.333167791366577","2.333167791366577","4.114975929260254","4.114975929260254","4.114975929260254"
"102","10.63424015045166","10.63424015045166","10.63424015045166","6.084251403808594","6.084251403808594","6.084251403808594","4.656862258911133","4.656862258911133","4.656862258911133","1.1290695667266846","1.1290695667266846","1.1290695667266846","1.2850772142410278","1.2850772142410278","1.2850772142410278","2.1583118438720703","2.1583118438720703","2.1583118438720703","4.231153964996338","4.231153964996338","4.231153964996338"
"104","10.810251235961914","10.810251235961914","10.810251235961914","6.384383201599121","6.384383201599121","6.384383201599121","4.957565784454346","4.957565784454346","4.957565784454346","1.1308287382125854","1.1308287382125854","1.1308287382125854","1.2995065450668335","1.2995065450668335","1.2995065450668335","2.1436948776245117","2.1436948776245117","2.1436948776245117","4.343008995056152","4.343008995056152","4.343008995056152"
"106","10.110018730163574","10.110018730163574","10.110018730163574","5.861019134521484","5.861019134521484","5.861019134521484","4.619880676269531","4.619880676269531","4.619880676269531","1.1318330764770508","1.1318330764770508","1.1318330764770508","1.2707412242889404","1.2707412242889404","1.2707412242889404","2.1503825187683105","2.1503825187683105","2.1503825187683105","4.031320571899414","4.031320571899414","4.031320571899414"
"108","9.966591835021973","9.966591835021973","9.966591835021973","5.835788726806641","5.835788726806641","5.835788726806641","4.673888206481934","4.673888206481934","4.673888206481934","1.1630803346633911","1.1630803346633911","1.1630803346633911","1.3475319147109985","1.3475319147109985","1.3475319147109985","2.160085678100586","2.160085678100586","2.160085678100586","4.138625144958496","4.138625144958496","4.138625144958496"
"110","9.959283828735352","9.959283828735352","9.959283828735352","5.8159379959106445","5.8159379959106445","5.8159379959106445","4.498554229736328","4.498554229736328","4.498554229736328","1.1807172298431396","1.1807172298431396","1.1807172298431396","1.2783303260803223","1.2783303260803223","1.2783303260803223","1.9848096370697021","1.9848096370697021","1.9848096370697021","4.105027198791504","4.105027198791504","4.105027198791504"
"112","9.858031272888184","9.858031272888184","9.858031272888184","5.934722423553467","5.934722423553467","5.934722423553467","4.758803367614746","4.758803367614746","4.758803367614746","1.1629996299743652","1.1629996299743652","1.1629996299743652","1.3476252555847168","1.3476252555847168","1.3476252555847168","2.0365195274353027","2.0365195274353027","2.0365195274353027","4.20557975769043","4.20557975769043","4.20557975769043"
"114","9.722799301147461","9.722799301147461","9.722799301147461","5.826967239379883","5.826967239379883","5.826967239379883","4.687901973724365","4.687901973724365","4.687901973724365","1.1940665245056152","1.1940665245056152","1.1940665245056152","1.412443995475769","1.412443995475769","1.412443995475769","2.2281322479248047","2.2281322479248047","2.2281322479248047","4.132946014404297","4.132946014404297","4.132946014404297"
"116","9.470972061157227","9.470972061157227","9.470972061157227","5.805482387542725","5.805482387542725","5.805482387542725","4.703197479248047","4.703197479248047","4.703197479248047","1.1421318054199219","1.1421318054199219","1.1421318054199219","1.3708311319351196","1.3708311319351196","1.3708311319351196","2.083615779876709","2.083615779876709","2.083615779876709","4.19679069519043","4.19679069519043","4.19679069519043"
"118","8.911517143249512","8.911517143249512","8.911517143249512","5.505147933959961","5.505147933959961","5.505147933959961","4.555834770202637","4.555834770202637","4.555834770202637","1.1323885917663574","1.1323885917663574","1.1323885917663574","1.1867974996566772","1.1867974996566772","1.1867974996566772","1.8129714727401733","1.8129714727401733","1.8129714727401733","4.088840484619141","4.088840484619141","4.088840484619141"
"120","8.526585578918457","8.526585578918457","8.526585578918457","5.03615140914917","5.03615140914917","5.03615140914917","4.228814125061035","4.228814125061035","4.228814125061035","1.1367677450180054","1.1367677450180054","1.1367677450180054","1.170541524887085","1.170541524887085","1.170541524887085","1.5830656290054321","1.5830656290054321","1.5830656290054321","3.8299455642700195","3.8299455642700195","3.8299455642700195"
"122","9.084939956665039","9.084939956665039","9.084939956665039","5.636940002441406","5.636940002441406","5.636940002441406","4.758699417114258","4.758699417114258","4.758699417114258","1.1789805889129639","1.1789805889129639","1.1789805889129639","1.477369785308838","1.477369785308838","1.477369785308838","2.227403163909912","2.227403163909912","2.227403163909912","4.1668548583984375","4.1668548583984375","4.1668548583984375"
"124","8.024571418762207","8.024571418762207","8.024571418762207","5.006589889526367","5.006589889526367","5.006589889526367","4.1513872146606445","4.1513872146606445","4.1513872146606445","1.1336002349853516","1.1336002349853516","1.1336002349853516","1.196890115737915","1.196890115737915","1.196890115737915","1.6825153827667236","1.6825153827667236","1.6825153827667236","3.7183847427368164","3.7183847427368164","3.7183847427368164"
"126","8.876480102539062","8.876480102539062","8.876480102539062","5.512707233428955","5.512707233428955","5.512707233428955","4.513089179992676","4.513089179992676","4.513089179992676","1.1706024408340454","1.1706024408340454","1.1706024408340454","1.5143499374389648","1.5143499374389648","1.5143499374389648","1.8324329853057861","1.8324329853057861","1.8324329853057861","4.261910438537598","4.261910438537598","4.261910438537598"
"128","7.826073169708252","7.826073169708252","7.826073169708252","4.927556991577148","4.927556991577148","4.927556991577148","4.132619857788086","4.132619857788086","4.132619857788086","1.12808358669281","1.12808358669281","1.12808358669281","1.1771321296691895","1.1771321296691895","1.1771321296691895","1.6329238414764404","1.6329238414764404","1.6329238414764404","3.691120147705078","3.691120147705078","3.691120147705078"
"130","7.642999649047852","7.642999649047852","7.642999649047852","4.8337321281433105","4.8337321281433105","4.8337321281433105","4.090383529663086","4.090383529663086","4.090383529663086","1.1163380146026611","1.1163380146026611","1.1163380146026611","1.2076611518859863","1.2076611518859863","1.2076611518859863","1.629009485244751","1.629009485244751","1.629009485244751","3.6769204139709473","3.6769204139709473","3.6769204139709473"
"132","7.944822788238525","7.944822788238525","7.944822788238525","5.19321870803833","5.19321870803833","5.19321870803833","4.459779739379883","4.459779739379883","4.459779739379883","1.2606141567230225","1.2606141567230225","1.2606141567230225","1.4457200765609741","1.4457200765609741","1.4457200765609741","1.8521997928619385","1.8521997928619385","1.8521997928619385","4.046497344970703","4.046497344970703","4.046497344970703"
"134","7.255917072296143","7.255917072296143","7.255917072296143","4.756376266479492","4.756376266479492","4.756376266479492","4.138082504272461","4.138082504272461","4.138082504272461","1.109968900680542","1.109968900680542","1.109968900680542","1.1586129665374756","1.1586129665374756","1.1586129665374756","1.585426926612854","1.585426926612854","1.585426926612854","3.6010074615478516","3.6010074615478516","3.6010074615478516"
"136","7.182420253753662","7.182420253753662","7.182420253753662","4.730790138244629","4.730790138244629","4.730790138244629","4.083078861236572","4.083078861236572","4.083078861236572","1.1121456623077393","1.1121456623077393","1.1121456623077393","1.1830819845199585","1.1830819845199585","1.1830819845199585","1.6073474884033203","1.6073474884033203","1.6073474884033203","3.622427463531494","3.622427463531494","3.622427463531494"
"138","7.145503997802734","7.145503997802734","7.145503997802734","4.820910930633545","4.820910930633545","4.820910930633545","4.170583724975586","4.170583724975586","4.170583724975586","1.115588903427124","1.115588903427124","1.115588903427124","1.1785509586334229","1.1785509586334229","1.1785509586334229","1.5985223054885864","1.5985223054885864","1.5985223054885864","3.7104034423828125","3.7104034423828125","3.7104034423828125"
"140","7.029392242431641","7.029392242431641","7.029392242431641","4.911942481994629","4.911942481994629","4.911942481994629","4.261170387268066","4.261170387268066","4.261170387268066","1.1265616416931152","1.1265616416931152","1.1265616416931152","1.1544313430786133","1.1544313430786133","1.1544313430786133","1.5893785953521729","1.5893785953521729","1.5893785953521729","3.8343372344970703","3.8343372344970703","3.8343372344970703"
"142","6.98376989364624","6.98376989364624","6.98376989364624","4.684250831604004","4.684250831604004","4.684250831604004","4.061347007751465","4.061347007751465","4.061347007751465","1.1406736373901367","1.1406736373901367","1.1406736373901367","1.2086505889892578","1.2086505889892578","1.2086505889892578","1.613764762878418","1.613764762878418","1.613764762878418","3.6735315322875977","3.6735315322875977","3.6735315322875977"
"144","6.639056205749512","6.639056205749512","6.639056205749512","4.699399948120117","4.699399948120117","4.699399948120117","3.957211494445801","3.957211494445801","3.957211494445801","1.1186922788619995","1.1186922788619995","1.1186922788619995","1.196496844291687","1.196496844291687","1.196496844291687","1.4625537395477295","1.4625537395477295","1.4625537395477295","3.665102005004883","3.665102005004883","3.665102005004883"
"146","6.758391380310059","6.758391380310059","6.758391380310059","4.644550323486328","4.644550323486328","4.644550323486328","4.141653060913086","4.141653060913086","4.141653060913086","1.127157211303711","1.127157211303711","1.127157211303711","1.1477710008621216","1.1477710008621216","1.1477710008621216","1.4454429149627686","1.4454429149627686","1.4454429149627686","3.699860095977783","3.699860095977783","3.699860095977783"
"148","6.996594429016113","6.996594429016113","6.996594429016113","4.9728007316589355","4.9728007316589355","4.9728007316589355","4.1523356437683105","4.1523356437683105","4.1523356437683105","1.1602174043655396","1.1602174043655396","1.1602174043655396","1.2354753017425537","1.2354753017425537","1.2354753017425537","1.6638691425323486","1.6638691425323486","1.6638691425323486","3.7944839000701904","3.7944839000701904","3.7944839000701904"
"150","6.435276985168457","6.435276985168457","6.435276985168457","4.785025119781494","4.785025119781494","4.785025119781494","4.322866916656494","4.322866916656494","4.322866916656494","1.1324045658111572","1.1324045658111572","1.1324045658111572","1.171129584312439","1.171129584312439","1.171129584312439","1.4413046836853027","1.4413046836853027","1.4413046836853027","3.8835158348083496","3.8835158348083496","3.8835158348083496"
"152","6.158242225646973","6.158242225646973","6.158242225646973","4.546316146850586","4.546316146850586","4.546316146850586","3.832456111907959","3.832456111907959","3.832456111907959","1.1439543962478638","1.1439543962478638","1.1439543962478638","1.1559650897979736","1.1559650897979736","1.1559650897979736","1.3997974395751953","1.3997974395751953","1.3997974395751953","3.5635170936584473","3.5635170936584473","3.5635170936584473"
"154","6.200416088104248","6.200416088104248","6.200416088104248","4.506426811218262","4.506426811218262","4.506426811218262","3.9980428218841553","3.9980428218841553","3.9980428218841553","1.1322362422943115","1.1322362422943115","1.1322362422943115","1.203624963760376","1.203624963760376","1.203624963760376","1.6322717666625977","1.6322717666625977","1.6322717666625977","4.638729095458984","4.638729095458984","4.638729095458984"
"156","5.81888484954834","5.81888484954834","5.81888484954834","4.382352828979492","4.382352828979492","4.382352828979492","3.9777116775512695","3.9777116775512695","3.9777116775512695","1.1344307661056519","1.1344307661056519","1.1344307661056519","1.2578717470169067","1.2578717470169067","1.2578717470169067","1.7109673023223877","1.7109673023223877","1.7109673023223877","3.5715761184692383","3.5715761184692383","3.5715761184692383"
"158","6.1201019287109375","6.1201019287109375","6.1201019287109375","4.697996139526367","4.697996139526367","4.697996139526367","4.25526762008667","4.25526762008667","4.25526762008667","1.1737983226776123","1.1737983226776123","1.1737983226776123","1.4303157329559326","1.4303157329559326","1.4303157329559326","1.908380150794983","1.908380150794983","1.908380150794983","3.827521562576294","3.827521562576294","3.827521562576294"
"160","5.554227828979492","5.554227828979492","5.554227828979492","4.282033920288086","4.282033920288086","4.282033920288086","3.807966470718384","3.807966470718384","3.807966470718384","1.116043210029602","1.116043210029602","1.116043210029602","1.1463769674301147","1.1463769674301147","1.1463769674301147","1.434006929397583","1.434006929397583","1.434006929397583","3.4535107612609863","3.4535107612609863","3.4535107612609863"
"162","5.559654712677002","5.559654712677002","5.559654712677002","4.300051689147949","4.300051689147949","4.300051689147949","3.731069803237915","3.731069803237915","3.731069803237915","1.1270477771759033","1.1270477771759033","1.1270477771759033","1.146052360534668","1.146052360534668","1.146052360534668","1.3981982469558716","1.3981982469558716","1.3981982469558716","3.40545654296875","3.40545654296875","3.40545654296875"
"164","5.17132568359375","5.17132568359375","5.17132568359375","4.108011245727539","4.108011245727539","4.108011245727539","3.692462682723999","3.692462682723999","3.692462682723999","1.118990421295166","1.118990421295166","1.118990421295166","1.1651606559753418","1.1651606559753418","1.1651606559753418","1.5424458980560303","1.5424458980560303","1.5424458980560303","3.2796902656555176","3.2796902656555176","3.2796902656555176"
"166","5.292262554168701","5.292262554168701","5.292262554168701","4.123632907867432","4.123632907867432","4.123632907867432","3.6867122650146484","3.6867122650146484","3.6867122650146484","1.1149189472198486","1.1149189472198486","1.1149189472198486","1.150620460510254","1.150620460510254","1.150620460510254","1.4272003173828125","1.4272003173828125","1.4272003173828125","3.178340196609497","3.178340196609497","3.178340196609497"
"168","5.283120155334473","5.283120155334473","5.283120155334473","4.186437606811523","4.186437606811523","4.186437606811523","3.6441640853881836","3.6441640853881836","3.6441640853881836","1.124304175376892","1.124304175376892","1.124304175376892","1.1292370557785034","1.1292370557785034","1.1292370557785034","1.3399076461791992","1.3399076461791992","1.3399076461791992","3.268676519393921","3.268676519393921","3.268676519393921"
"170","4.877097129821777","4.877097129821777","4.877097129821777","3.9746897220611572","3.9746897220611572","3.9746897220611572","3.579226016998291","3.579226016998291","3.579226016998291","1.113189935684204","1.113189935684204","1.113189935684204","1.1225037574768066","1.1225037574768066","1.1225037574768066","1.3216547966003418","1.3216547966003418","1.3216547966003418","3.1071619987487793","3.1071619987487793","3.1071619987487793"
"172","4.986452102661133","4.986452102661133","4.986452102661133","4.048348426818848","4.048348426818848","4.048348426818848","3.6434388160705566","3.6434388160705566","3.6434388160705566","1.1176153421401978","1.1176153421401978","1.1176153421401978","1.1827861070632935","1.1827861070632935","1.1827861070632935","1.5081748962402344","1.5081748962402344","1.5081748962402344","3.1143877506256104","3.1143877506256104","3.1143877506256104"
"174","4.833719253540039","4.833719253540039","4.833719253540039","4.017375469207764","4.017375469207764","4.017375469207764","3.6457786560058594","3.6457786560058594","3.6457786560058594","1.112116813659668","1.112116813659668","1.112116813659668","1.1371235847473145","1.1371235847473145","1.1371235847473145","1.359405279159546","1.359405279159546","1.359405279159546","3.1245903968811035","3.1245903968811035","3.1245903968811035"
"176","5.346547603607178","5.346547603607178","5.346547603607178","4.257385730743408","4.257385730743408","4.257385730743408","3.7633042335510254","3.7633042335510254","3.7633042335510254","1.1352570056915283","1.1352570056915283","1.1352570056915283","1.2479016780853271","1.2479016780853271","1.2479016780853271","1.6362897157669067","1.6362897157669067","1.6362897157669067","3.208273410797119","3.208273410797119","3.208273410797119"
"178","4.798996448516846","4.798996448516846","4.798996448516846","4.0804595947265625","4.0804595947265625","4.0804595947265625","3.566166400909424","3.566166400909424","3.566166400909424","1.131603479385376","1.131603479385376","1.131603479385376","1.161279559135437","1.161279559135437","1.161279559135437","1.5366650819778442","1.5366650819778442","1.5366650819778442","3.2353971004486084","3.2353971004486084","3.2353971004486084"
"180","4.689947605133057","4.689947605133057","4.689947605133057","3.972734212875366","3.972734212875366","3.972734212875366","3.610445261001587","3.610445261001587","3.610445261001587","1.1193944215774536","1.1193944215774536","1.1193944215774536","1.1871410608291626","1.1871410608291626","1.1871410608291626","1.4855585098266602","1.4855585098266602","1.4855585098266602","3.0906920433044434","3.0906920433044434","3.0906920433044434"
"182","4.865138053894043","4.865138053894043","4.865138053894043","4.187800407409668","4.187800407409668","4.187800407409668","3.9078426361083984","3.9078426361083984","3.9078426361083984","1.1281129121780396","1.1281129121780396","1.1281129121780396","1.1569302082061768","1.1569302082061768","1.1569302082061768","1.3530848026275635","1.3530848026275635","1.3530848026275635","3.298330307006836","3.298330307006836","3.298330307006836"
"184","4.893966197967529","4.893966197967529","4.893966197967529","4.184513568878174","4.184513568878174","4.184513568878174","3.8290791511535645","3.8290791511535645","3.8290791511535645","1.1780500411987305","1.1780500411987305","1.1780500411987305","1.374948501586914","1.374948501586914","1.374948501586914","1.8162808418273926","1.8162808418273926","1.8162808418273926","3.2466976642608643","3.2466976642608643","3.2466976642608643"
"186","4.642158508300781","4.642158508300781","4.642158508300781","4.116820335388184","4.116820335388184","4.116820335388184","3.785903215408325","3.785903215408325","3.785903215408325","1.1293013095855713","1.1293013095855713","1.1293013095855713","1.2274086475372314","1.2274086475372314","1.2274086475372314","1.541238784790039","1.541238784790039","1.541238784790039","3.172332286834717","3.172332286834717","3.172332286834717"
"188","4.377501487731934","4.377501487731934","4.377501487731934","3.8541481494903564","3.8541481494903564","3.8541481494903564","3.5694427490234375","3.5694427490234375","3.5694427490234375","1.1112360954284668","1.1112360954284668","1.1112360954284668","1.151733636856079","1.151733636856079","1.151733636856079","1.4150350093841553","1.4150350093841553","1.4150350093841553","2.9158778190612793","2.9158778190612793","2.9158778190612793"
"190","4.755251884460449","4.755251884460449","4.755251884460449","4.194634437561035","4.194634437561035","4.194634437561035","3.7905097007751465","3.7905097007751465","3.7905097007751465","1.1395792961120605","1.1395792961120605","1.1395792961120605","1.2143406867980957","1.2143406867980957","1.2143406867980957","1.6098617315292358","1.6098617315292358","1.6098617315292358","3.036393642425537","3.036393642425537","3.036393642425537"
"192","4.543005466461182","4.543005466461182","4.543005466461182","4.052713394165039","4.052713394165039","4.052713394165039","3.727785110473633","3.727785110473633","3.727785110473633","1.1445789337158203","1.1445789337158203","1.1445789337158203","1.2248485088348389","1.2248485088348389","1.2248485088348389","1.773056983947754","1.773056983947754","1.773056983947754","3.136021375656128","3.136021375656128","3.136021375656128"
"194","4.213177680969238","4.213177680969238","4.213177680969238","3.7635622024536133","3.7635622024536133","3.7635622024536133","3.493260145187378","3.493260145187378","3.493260145187378","1.1087079048156738","1.1087079048156738","1.1087079048156738","1.1223305463790894","1.1223305463790894","1.1223305463790894","1.7632508277893066","1.7632508277893066","1.7632508277893066","2.839714527130127","2.839714527130127","2.839714527130127"
"196","4.547694206237793","4.547694206237793","4.547694206237793","4.057158946990967","4.057158946990967","4.057158946990967","3.7635574340820312","3.7635574340820312","3.7635574340820312","1.1732678413391113","1.1732678413391113","1.1732678413391113","1.2900309562683105","1.2900309562683105","1.2900309562683105","1.7707016468048096","1.7707016468048096","1.7707016468048096","3.0654149055480957","3.0654149055480957","3.0654149055480957"
"198","4.767103672027588","4.767103672027588","4.767103672027588","4.420886039733887","4.420886039733887","4.420886039733887","3.6054790019989014","3.6054790019989014","3.6054790019989014","1.1699061393737793","1.1699061393737793","1.1699061393737793","1.319068193435669","1.319068193435669","1.319068193435669","1.9975876808166504","1.9975876808166504","1.9975876808166504","3.48128080368042","3.48128080368042","3.48128080368042"
"200","4.192913055419922","4.192913055419922","4.192913055419922","3.7912344932556152","3.7912344932556152","3.7912344932556152","3.5319926738739014","3.5319926738739014","3.5319926738739014","1.1487877368927002","1.1487877368927002","1.1487877368927002","1.1907038688659668","1.1907038688659668","1.1907038688659668","1.499467134475708","1.499467134475708","1.499467134475708","2.720980167388916","2.720980167388916","2.720980167388916"
"202","3.94889497756958","3.94889497756958","3.94889497756958","3.653691291809082","3.653691291809082","3.653691291809082","3.428941249847412","3.428941249847412","3.428941249847412","1.1114861965179443","1.1114861965179443","1.1114861965179443","1.115473985671997","1.115473985671997","1.115473985671997","1.3152488470077515","1.3152488470077515","1.3152488470077515","2.5861616134643555","2.5861616134643555","2.5861616134643555"
"204","4.184858322143555","4.184858322143555","4.184858322143555","3.81683349609375","3.81683349609375","3.81683349609375","3.5416221618652344","3.5416221618652344","3.5416221618652344","1.1357693672180176","1.1357693672180176","1.1357693672180176","1.1627808809280396","1.1627808809280396","1.1627808809280396","1.4675827026367188","1.4675827026367188","1.4675827026367188","2.7414121627807617","2.7414121627807617","2.7414121627807617"
"206","4.065563201904297","4.065563201904297","4.065563201904297","3.7792396545410156","3.7792396545410156","3.7792396545410156","3.4118196964263916","3.4118196964263916","3.4118196964263916","1.1216562986373901","1.1216562986373901","1.1216562986373901","1.1361064910888672","1.1361064910888672","1.1361064910888672","1.402449131011963","1.402449131011963","1.402449131011963","2.73460054397583","2.73460054397583","2.73460054397583"
"208","4.399113655090332","4.399113655090332","4.399113655090332","4.036226749420166","4.036226749420166","4.036226749420166","3.8263797760009766","3.8263797760009766","3.8263797760009766","1.1380122900009155","1.1380122900009155","1.1380122900009155","1.1758065223693848","1.1758065223693848","1.1758065223693848","1.3183832168579102","1.3183832168579102","1.3183832168579102","3.092320680618286","3.092320680618286","3.092320680618286"
"210","3.9813899993896484","3.9813899993896484","3.9813899993896484","3.7124907970428467","3.7124907970428467","3.7124907970428467","3.4850172996520996","3.4850172996520996","3.4850172996520996","1.1277940273284912","1.1277940273284912","1.1277940273284912","1.1315312385559082","1.1315312385559082","1.1315312385559082","1.2459758520126343","1.2459758520126343","1.2459758520126343","2.5872955322265625","2.5872955322265625","2.5872955322265625"
"212","4.049612522125244","4.049612522125244","4.049612522125244","3.7808401584625244","3.7808401584625244","3.7808401584625244","3.5671565532684326","3.5671565532684326","3.5671565532684326","1.1871808767318726","1.1871808767318726","1.1871808767318726","1.4827275276184082","1.4827275276184082","1.4827275276184082","1.8561758995056152","1.8561758995056152","1.8561758995056152","2.7380788326263428","2.7380788326263428","2.7380788326263428"
"214","3.8499886989593506","3.8499886989593506","3.8499886989593506","3.656524181365967","3.656524181365967","3.656524181365967","3.416545867919922","3.416545867919922","3.416545867919922","1.1093050241470337","1.1093050241470337","1.1093050241470337","1.1346230506896973","1.1346230506896973","1.1346230506896973","1.3411290645599365","1.3411290645599365","1.3411290645599365","2.4563653469085693","2.4563653469085693","2.4563653469085693"
"216","4.139437675476074","4.139437675476074","4.139437675476074","3.9263815879821777","3.9263815879821777","3.9263815879821777","3.32133150100708","3.32133150100708","3.32133150100708","1.1420878171920776","1.1420878171920776","1.1420878171920776","1.1575884819030762","1.1575884819030762","1.1575884819030762","1.5853720903396606","1.5853720903396606","1.5853720903396606","2.726707935333252","2.726707935333252","2.726707935333252"
"218","3.7587804794311523","3.7587804794311523","3.7587804794311523","3.498530626296997","3.498530626296997","3.498530626296997","3.2498159408569336","3.2498159408569336","3.2498159408569336","1.1270637512207031","1.1270637512207031","1.1270637512207031","1.1767659187316895","1.1767659187316895","1.1767659187316895","1.4347970485687256","1.4347970485687256","1.4347970485687256","2.281402111053467","2.281402111053467","2.281402111053467"
"220","3.6429595947265625","3.6429595947265625","3.6429595947265625","3.4699020385742188","3.4699020385742188","3.4699020385742188","3.2333028316497803","3.2333028316497803","3.2333028316497803","1.1105270385742188","1.1105270385742188","1.1105270385742188","1.1151751279830933","1.1151751279830933","1.1151751279830933","1.2380955219268799","1.2380955219268799","1.2380955219268799","2.2132458686828613","2.2132458686828613","2.2132458686828613"
"222","3.874596357345581","3.874596357345581","3.874596357345581","3.7811498641967773","3.7811498641967773","3.7811498641967773","3.3925070762634277","3.3925070762634277","3.3925070762634277","1.1539453268051147","1.1539453268051147","1.1539453268051147","1.2254855632781982","1.2254855632781982","1.2254855632781982","1.6002233028411865","1.6002233028411865","1.6002233028411865","2.5125317573547363","2.5125317573547363","2.5125317573547363"
"224","3.5976696014404297","3.5976696014404297","3.5976696014404297","3.475101947784424","3.475101947784424","3.475101947784424","3.217068672180176","3.217068672180176","3.217068672180176","1.1176449060440063","1.1176449060440063","1.1176449060440063","1.1246724128723145","1.1246724128723145","1.1246724128723145","1.2532007694244385","1.2532007694244385","1.2532007694244385","2.18143367767334","2.18143367767334","2.18143367767334"
"226","3.920423984527588","3.920423984527588","3.920423984527588","3.7644472122192383","3.7644472122192383","3.7644472122192383","3.5430872440338135","3.5430872440338135","3.5430872440338135","1.1398868560791016","1.1398868560791016","1.1398868560791016","1.2087304592132568","1.2087304592132568","1.2087304592132568","1.3867731094360352","1.3867731094360352","1.3867731094360352","2.4817442893981934","2.4817442893981934","2.4817442893981934"
"228","3.823820114135742","3.823820114135742","3.823820114135742","3.609262466430664","3.609262466430664","3.609262466430664","3.328106641769409","3.328106641769409","3.328106641769409","1.1397390365600586","1.1397390365600586","1.1397390365600586","1.3505208492279053","1.3505208492279053","1.3505208492279053","1.4030237197875977","1.4030237197875977","1.4030237197875977","2.299086093902588","2.299086093902588","2.299086093902588"
"230","3.6457347869873047","3.6457347869873047","3.6457347869873047","3.5485963821411133","3.5485963821411133","3.5485963821411133","3.1686415672302246","3.1686415672302246","3.1686415672302246","1.1319068670272827","1.1319068670272827","1.1319068670272827","1.16519296169281","1.16519296169281","1.16519296169281","1.504991054534912","1.504991054534912","1.504991054534912","2.2787458896636963","2.2787458896636963","2.2787458896636963"