"Step","VOWELS_FILTER_b40_DUAL_bs16 - div_3_2_s","VOWELS_FILTER_b40_DUAL_bs16 - div_3_2_s__MIN","VOWELS_FILTER_b40_DUAL_bs16 - div_3_2_s__MAX","VOWELS_FILTER_b20_DUAL_bs16 - div_3_2_s","VOWELS_FILTER_b20_DUAL_bs16 - div_3_2_s__MIN","VOWELS_FILTER_b20_DUAL_bs16 - div_3_2_s__MAX","VOWELS_FILTER_b10_DUAL_bs16 - div_3_2_s","VOWELS_FILTER_b10_DUAL_bs16 - div_3_2_s__MIN","VOWELS_FILTER_b10_DUAL_bs16 - div_3_2_s__MAX","VOWELS_FILTER_b0_DUAL_bs16 - div_3_2_s","VOWELS_FILTER_b0_DUAL_bs16 - div_3_2_s__MIN","VOWELS_FILTER_b0_DUAL_bs16 - div_3_2_s__MAX","VOWELS_FILTER_b0.1_DUAL_bs16 - div_3_2_s","VOWELS_FILTER_b0.1_DUAL_bs16 - div_3_2_s__MIN","VOWELS_FILTER_b0.1_DUAL_bs16 - div_3_2_s__MAX","VOWELS_FILTER_b1_DUAL_bs16 - div_3_2_s","VOWELS_FILTER_b1_DUAL_bs16 - div_3_2_s__MIN","VOWELS_FILTER_b1_DUAL_bs16 - div_3_2_s__MAX","VOWELS_FILTER_B5_DEFAULTS_DUAL_bs16 - div_3_2_s","VOWELS_FILTER_B5_DEFAULTS_DUAL_bs16 - div_3_2_s__MIN","VOWELS_FILTER_B5_DEFAULTS_DUAL_bs16 - div_3_2_s__MAX"
"0","0.002799669047817588","0.002799669047817588","0.002799669047817588","0.0028015600983053446","0.0028015600983053446","0.0028015600983053446","0.002805308671668172","0.002805308671668172","0.002805308671668172","0.05650872737169266","0.05650872737169266","0.05650872737169266","0.005123571027070284","0.005123571027070284","0.005123571027070284","0.003202053252607584","0.003202053252607584","0.003202053252607584","0.002812011865898967","0.002812011865898967","0.002812011865898967"
"2","0.0002784451353363693","0.0002784451353363693","0.0002784451353363693","0.00028049436514265835","0.00028049436514265835","0.00028049436514265835","0.0002847331634256989","0.0002847331634256989","0.0002847331634256989","0.21089252829551697","0.21089252829551697","0.21089252829551697","0.001563393510878086","0.001563393510878086","0.001563393510878086","0.00048052106285467744","0.00048052106285467744","0.00048052106285467744","0.0002933168434537947","0.0002933168434537947","0.0002933168434537947"
"4","0.00012466820771805942","0.00012466820771805942","0.00012466820771805942","0.00012746680295094848","0.00012746680295094848","0.00012746680295094848","0.00013256519741844386","0.00013256519741844386","0.00013256519741844386","0.5308340191841125","0.5308340191841125","0.5308340191841125","0.001956900814548135","0.001956900814548135","0.001956900814548135","0.00030442269053310156","0.00030442269053310156","0.00030442269053310156","0.00014343422662932426","0.00014343422662932426","0.00014343422662932426"
"6","0.0000992727218545042","0.0000992727218545042","0.0000992727218545042","0.00010343229223508388","0.00010343229223508388","0.00010343229223508388","0.00011250708485022187","0.00011250708485022187","0.00011250708485022187","0.6059455871582031","0.6059455871582031","0.6059455871582031","0.01763450726866722","0.01763450726866722","0.01763450726866722","0.00045513093937188387","0.00045513093937188387","0.00045513093937188387","0.00013454092550091445","0.00013454092550091445","0.00013454092550091445"
"8","0.00003963251947425306","0.00003963251947425306","0.00003963251947425306","0.00004248668847139925","0.00004248668847139925","0.00004248668847139925","0.00004956464908900671","0.00004956464908900671","0.00004956464908900671","0.6010286211967468","0.6010286211967468","0.6010286211967468","0.03781258314847946","0.03781258314847946","0.03781258314847946","0.0005163653986528516","0.0005163653986528516","0.0005163653986528516","0.00006814223888795823","0.00006814223888795823","0.00006814223888795823"
"10","0.00003550665860529989","0.00003550665860529989","0.00003550665860529989","0.000038971411413513124","0.000038971411413513124","0.000038971411413513124","0.000047557419748045504","0.000047557419748045504","0.000047557419748045504","0.6339462995529175","0.6339462995529175","0.6339462995529175","0.0710516944527626","0.0710516944527626","0.0710516944527626","0.0012845189776271582","0.0012845189776271582","0.0012845189776271582","0.00007270324567798525","0.00007270324567798525","0.00007270324567798525"
"12","0.000036964913306292146","0.000036964913306292146","0.000036964913306292146","0.00004238062319927849","0.00004238062319927849","0.00004238062319927849","0.00005697587403119542","0.00005697587403119542","0.00005697587403119542","0.5883321762084961","0.5883321762084961","0.5883321762084961","0.12565305829048157","0.12565305829048157","0.12565305829048157","0.00414584344252944","0.00414584344252944","0.00414584344252944","0.00010099279461428523","0.00010099279461428523","0.00010099279461428523"
"14","0.000017412668967153877","0.000017412668967153877","0.000017412668967153877","0.00002107401451212354","0.00002107401451212354","0.00002107401451212354","0.000034475411666790023","0.000034475411666790023","0.000034475411666790023","0.6246813535690308","0.6246813535690308","0.6246813535690308","0.15294498205184937","0.15294498205184937","0.15294498205184937","0.00864246767014265","0.00864246767014265","0.00864246767014265","0.00009158942702924833","0.00009158942702924833","0.00009158942702924833"
"16","0.000009555478754919022","0.000009555478754919022","0.000009555478754919022","0.000014595992979593575","0.000014595992979593575","0.000014595992979593575","0.00003795983866439201","0.00003795983866439201","0.00003795983866439201","0.6708800196647644","0.6708800196647644","0.6708800196647644","0.20482631027698517","0.20482631027698517","0.20482631027698517","0.02273564040660858","0.02273564040660858","0.02273564040660858","0.00016883775242604315","0.00016883775242604315","0.00016883775242604315"
"18","0.000011877633369294927","0.000011877633369294927","0.000011877633369294927","0.0000165223864314612","0.0000165223864314612","0.0000165223864314612","0.00004004587390227243","0.00004004587390227243","0.00004004587390227243","0.657953679561615","0.657953679561615","0.657953679561615","0.13436752557754517","0.13436752557754517","0.13436752557754517","0.0260748453438282","0.0260748453438282","0.0260748453438282","0.00018717121565714478","0.00018717121565714478","0.00018717121565714478"
"20","0.000014796854884480126","0.000014796854884480126","0.000014796854884480126","0.00002323797161807306","0.00002323797161807306","0.00002323797161807306","0.0000647530032438226","0.0000647530032438226","0.0000647530032438226","0.6175185441970825","0.6175185441970825","0.6175185441970825","0.17926175892353058","0.17926175892353058","0.17926175892353058","0.0521407388150692","0.0521407388150692","0.0521407388150692","0.0003710833552759141","0.0003710833552759141","0.0003710833552759141"
"22","0.000008646780770504847","0.000008646780770504847","0.000008646780770504847","0.000022742184228263795","0.000022742184228263795","0.000022742184228263795","0.0001166979200206697","0.0001166979200206697","0.0001166979200206697","0.6697458028793335","0.6697458028793335","0.6697458028793335","0.27667003870010376","0.27667003870010376","0.27667003870010376","0.11258888989686966","0.11258888989686966","0.11258888989686966","0.0010973152238875628","0.0010973152238875628","0.0010973152238875628"
"24","0.000008560786227462813","0.000008560786227462813","0.000008560786227462813","0.00003425871909712441","0.00003425871909712441","0.00003425871909712441","0.0002362082013860345","0.0002362082013860345","0.0002362082013860345","0.6698097586631775","0.6698097586631775","0.6698097586631775","0.35975387692451477","0.35975387692451477","0.35975387692451477","0.1625511646270752","0.1625511646270752","0.1625511646270752","0.0030443910509347916","0.0030443910509347916","0.0030443910509347916"
"26","0.00001392523518006783","0.00001392523518006783","0.00001392523518006783","0.000052934065024601296","0.000052934065024601296","0.000052934065024601296","0.00041945825796574354","0.00041945825796574354","0.00041945825796574354","0.6755986213684082","0.6755986213684082","0.6755986213684082","0.36462634801864624","0.36462634801864624","0.36462634801864624","0.17164894938468933","0.17164894938468933","0.17164894938468933","0.008584167808294296","0.008584167808294296","0.008584167808294296"
"28","0.000008833745596348308","0.000008833745596348308","0.000008833745596348308","0.00004422906931722537","0.00004422906931722537","0.00004422906931722537","0.0004714535898528993","0.0004714535898528993","0.0004714535898528993","0.6766583919525146","0.6766583919525146","0.6766583919525146","0.3383110761642456","0.3383110761642456","0.3383110761642456","0.11713128536939621","0.11713128536939621","0.11713128536939621","0.010421153157949448","0.010421153157949448","0.010421153157949448"
"30","0.000009564599167788401","0.000009564599167788401","0.000009564599167788401","0.00006461791053880006","0.00006461791053880006","0.00006461791053880006","0.0009919119765982032","0.0009919119765982032","0.0009919119765982032","0.681765615940094","0.681765615940094","0.681765615940094","0.37499868869781494","0.37499868869781494","0.37499868869781494","0.14656352996826172","0.14656352996826172","0.14656352996826172","0.019722452387213707","0.019722452387213707","0.019722452387213707"
"32","0.000013735934771830216","0.000013735934771830216","0.000013735934771830216","0.00012465206964407116","0.00012465206964407116","0.00012465206964407116","0.0022901110351085663","0.0022901110351085663","0.0022901110351085663","0.6839997172355652","0.6839997172355652","0.6839997172355652","0.43425804376602173","0.43425804376602173","0.43425804376602173","0.15118786692619324","0.15118786692619324","0.15118786692619324","0.0338078998029232","0.0338078998029232","0.0338078998029232"
"34","0.000023030203010421246","0.000023030203010421246","0.000023030203010421246","0.0003009254578500986","0.0003009254578500986","0.0003009254578500986","0.007013437803834677","0.007013437803834677","0.007013437803834677","0.6838148236274719","0.6838148236274719","0.6838148236274719","0.4569472670555115","0.4569472670555115","0.4569472670555115","0.15155604481697083","0.15155604481697083","0.15155604481697083","0.058136701583862305","0.058136701583862305","0.058136701583862305"
"36","0.000025140079742413945","0.000025140079742413945","0.000025140079742413945","0.0003981479094363749","0.0003981479094363749","0.0003981479094363749","0.0071066394448280334","0.0071066394448280334","0.0071066394448280334","0.6810650825500488","0.6810650825500488","0.6810650825500488","0.4787437915802002","0.4787437915802002","0.4787437915802002","0.10946434736251831","0.10946434736251831","0.10946434736251831","0.049702927470207214","0.049702927470207214","0.049702927470207214"
"38","0.0000325681539834477","0.0000325681539834477","0.0000325681539834477","0.0005381401279009879","0.0005381401279009879","0.0005381401279009879","0.007572319358587265","0.007572319358587265","0.007572319358587265","0.6811303496360779","0.6811303496360779","0.6811303496360779","0.42507338523864746","0.42507338523864746","0.42507338523864746","0.13015669584274292","0.13015669584274292","0.13015669584274292","0.049251656979322433","0.049251656979322433","0.049251656979322433"
"40","0.000055776661611162126","0.000055776661611162126","0.000055776661611162126","0.0010336429113522172","0.0010336429113522172","0.0010336429113522172","0.012746657244861126","0.012746657244861126","0.012746657244861126","0.6591867208480835","0.6591867208480835","0.6591867208480835","0.5000162720680237","0.5000162720680237","0.5000162720680237","0.16447070240974426","0.16447070240974426","0.16447070240974426","0.07228580117225647","0.07228580117225647","0.07228580117225647"
"42","0.00008632158278487623","0.00008632158278487623","0.00008632158278487623","0.0015143270138651133","0.0015143270138651133","0.0015143270138651133","0.02037070505321026","0.02037070505321026","0.02037070505321026","0.6831554174423218","0.6831554174423218","0.6831554174423218","0.4972497522830963","0.4972497522830963","0.4972497522830963","0.10783205181360245","0.10783205181360245","0.10783205181360245","0.05284161865711212","0.05284161865711212","0.05284161865711212"
"44","0.00021062654559500515","0.00021062654559500515","0.00021062654559500515","0.002829714445397258","0.002829714445397258","0.002829714445397258","0.03150317445397377","0.03150317445397377","0.03150317445397377","0.6749557852745056","0.6749557852745056","0.6749557852745056","0.5475022792816162","0.5475022792816162","0.5475022792816162","0.159443199634552","0.159443199634552","0.159443199634552","0.08383093029260635","0.08383093029260635","0.08383093029260635"
"46","0.00025819314760155976","0.00025819314760155976","0.00025819314760155976","0.0028722318820655346","0.0028722318820655346","0.0028722318820655346","0.03278706595301628","0.03278706595301628","0.03278706595301628","0.6882739067077637","0.6882739067077637","0.6882739067077637","0.5546126365661621","0.5546126365661621","0.5546126365661621","0.16863955557346344","0.16863955557346344","0.16863955557346344","0.07730642706155777","0.07730642706155777","0.07730642706155777"
"48","0.00038331918767653406","0.00038331918767653406","0.00038331918767653406","0.0035941898822784424","0.0035941898822784424","0.0035941898822784424","0.036510225385427475","0.036510225385427475","0.036510225385427475","0.6642247438430786","0.6642247438430786","0.6642247438430786","0.5012871623039246","0.5012871623039246","0.5012871623039246","0.14544399082660675","0.14544399082660675","0.14544399082660675","0.07519418001174927","0.07519418001174927","0.07519418001174927"
"50","0.0005928448517806828","0.0005928448517806828","0.0005928448517806828","0.0049570221453905106","0.0049570221453905106","0.0049570221453905106","0.04920926317572594","0.04920926317572594","0.04920926317572594","0.674018383026123","0.674018383026123","0.674018383026123","0.5314494967460632","0.5314494967460632","0.5314494967460632","0.16608388721942902","0.16608388721942902","0.16608388721942902","0.10870499908924103","0.10870499908924103","0.10870499908924103"
"52","0.0010046480456367135","0.0010046480456367135","0.0010046480456367135","0.008653810247778893","0.008653810247778893","0.008653810247778893","0.05951715260744095","0.05951715260744095","0.05951715260744095","0.6896182298660278","0.6896182298660278","0.6896182298660278","0.5981526374816895","0.5981526374816895","0.5981526374816895","0.22270016372203827","0.22270016372203827","0.22270016372203827","0.10263577848672867","0.10263577848672867","0.10263577848672867"
"54","0.001053646788932383","0.001053646788932383","0.001053646788932383","0.008187690749764442","0.008187690749764442","0.008187690749764442","0.06212262809276581","0.06212262809276581","0.06212262809276581","0.6867314577102661","0.6867314577102661","0.6867314577102661","0.5416431427001953","0.5416431427001953","0.5416431427001953","0.1763259768486023","0.1763259768486023","0.1763259768486023","0.1009615808725357","0.1009615808725357","0.1009615808725357"
"56","0.0011967294849455357","0.0011967294849455357","0.0011967294849455357","0.008607938885688782","0.008607938885688782","0.008607938885688782","0.06253930926322937","0.06253930926322937","0.06253930926322937","0.6829749345779419","0.6829749345779419","0.6829749345779419","0.5750119686126709","0.5750119686126709","0.5750119686126709","0.1093130111694336","0.1093130111694336","0.1093130111694336","0.10196512937545776","0.10196512937545776","0.10196512937545776"
"58","0.001660186448134482","0.001660186448134482","0.001660186448134482","0.012318153865635395","0.012318153865635395","0.012318153865635395","0.07701298594474792","0.07701298594474792","0.07701298594474792","0.660723090171814","0.660723090171814","0.660723090171814","0.586112916469574","0.586112916469574","0.586112916469574","0.1892215609550476","0.1892215609550476","0.1892215609550476","0.12336789071559906","0.12336789071559906","0.12336789071559906"
"60","0.002112290821969509","0.002112290821969509","0.002112290821969509","0.015010280534625053","0.015010280534625053","0.015010280534625053","0.0786934643983841","0.0786934643983841","0.0786934643983841","0.6742148399353027","0.6742148399353027","0.6742148399353027","0.5666801929473877","0.5666801929473877","0.5666801929473877","0.1435128152370453","0.1435128152370453","0.1435128152370453","0.108640655875206","0.108640655875206","0.108640655875206"
"62","0.0024514489341527224","0.0024514489341527224","0.0024514489341527224","0.01863166317343712","0.01863166317343712","0.01863166317343712","0.09259790927171707","0.09259790927171707","0.09259790927171707","0.6891976594924927","0.6891976594924927","0.6891976594924927","0.6161329746246338","0.6161329746246338","0.6161329746246338","0.20506492257118225","0.20506492257118225","0.20506492257118225","0.12649543583393097","0.12649543583393097","0.12649543583393097"
"64","0.0031053286511451006","0.0031053286511451006","0.0031053286511451006","0.022682607173919678","0.022682607173919678","0.022682607173919678","0.09879429638385773","0.09879429638385773","0.09879429638385773","0.6908279657363892","0.6908279657363892","0.6908279657363892","0.6477504372596741","0.6477504372596741","0.6477504372596741","0.2750571370124817","0.2750571370124817","0.2750571370124817","0.15643087029457092","0.15643087029457092","0.15643087029457092"
"66","0.003124063368886709","0.003124063368886709","0.003124063368886709","0.023551609367132187","0.023551609367132187","0.023551609367132187","0.10682866722345352","0.10682866722345352","0.10682866722345352","0.6902687549591064","0.6902687549591064","0.6902687549591064","0.6413698792457581","0.6413698792457581","0.6413698792457581","0.2578897774219513","0.2578897774219513","0.2578897774219513","0.15277336537837982","0.15277336537837982","0.15277336537837982"
"68","0.0028537707403302193","0.0028537707403302193","0.0028537707403302193","0.02143966592848301","0.02143966592848301","0.02143966592848301","0.08625852316617966","0.08625852316617966","0.08625852316617966","0.6875320672988892","0.6875320672988892","0.6875320672988892","0.598649263381958","0.598649263381958","0.598649263381958","0.2110985964536667","0.2110985964536667","0.2110985964536667","0.11631083488464355","0.11631083488464355","0.11631083488464355"
"70","0.004028815310448408","0.004028815310448408","0.004028815310448408","0.03240396827459335","0.03240396827459335","0.03240396827459335","0.08239534497261047","0.08239534497261047","0.08239534497261047","0.6915949583053589","0.6915949583053589","0.6915949583053589","0.6405091285705566","0.6405091285705566","0.6405091285705566","0.26315709948539734","0.26315709948539734","0.26315709948539734","0.12809643149375916","0.12809643149375916","0.12809643149375916"
"72","0.004756143316626549","0.004756143316626549","0.004756143316626549","0.034274227917194366","0.034274227917194366","0.034274227917194366","0.1146194264292717","0.1146194264292717","0.1146194264292717","0.6804683208465576","0.6804683208465576","0.6804683208465576","0.6321671009063721","0.6321671009063721","0.6321671009063721","0.34490442276000977","0.34490442276000977","0.34490442276000977","0.18012702465057373","0.18012702465057373","0.18012702465057373"
"74","0.005894036032259464","0.005894036032259464","0.005894036032259464","0.041504085063934326","0.041504085063934326","0.041504085063934326","0.12343135476112366","0.12343135476112366","0.12343135476112366","0.6793766021728516","0.6793766021728516","0.6793766021728516","0.6225191354751587","0.6225191354751587","0.6225191354751587","0.325116902589798","0.325116902589798","0.325116902589798","0.17759518325328827","0.17759518325328827","0.17759518325328827"
"76","0.006372598931193352","0.006372598931193352","0.006372598931193352","0.04416883364319801","0.04416883364319801","0.04416883364319801","0.09335976839065552","0.09335976839065552","0.09335976839065552","0.6920282244682312","0.6920282244682312","0.6920282244682312","0.6599835157394409","0.6599835157394409","0.6599835157394409","0.3003341555595398","0.3003341555595398","0.3003341555595398","0.11747550964355469","0.11747550964355469","0.11747550964355469"
"78","0.006866470444947481","0.006866470444947481","0.006866470444947481","0.05380719155073166","0.05380719155073166","0.05380719155073166","0.14478081464767456","0.14478081464767456","0.14478081464767456","0.6870517730712891","0.6870517730712891","0.6870517730712891","0.6629981398582458","0.6629981398582458","0.6629981398582458","0.4303133487701416","0.4303133487701416","0.4303133487701416","0.19575254619121552","0.19575254619121552","0.19575254619121552"
"80","0.006847319658845663","0.006847319658845663","0.006847319658845663","0.046454913914203644","0.046454913914203644","0.046454913914203644","0.12024766206741333","0.12024766206741333","0.12024766206741333","0.6507327556610107","0.6507327556610107","0.6507327556610107","0.617253839969635","0.617253839969635","0.617253839969635","0.4429689645767212","0.4429689645767212","0.4429689645767212","0.16466616094112396","0.16466616094112396","0.16466616094112396"
"82","0.006723231170326471","0.006723231170326471","0.006723231170326471","0.04969263821840286","0.04969263821840286","0.04969263821840286","0.10427281260490417","0.10427281260490417","0.10427281260490417","0.6890714168548584","0.6890714168548584","0.6890714168548584","0.6454147696495056","0.6454147696495056","0.6454147696495056","0.3559979498386383","0.3559979498386383","0.3559979498386383","0.1600518822669983","0.1600518822669983","0.1600518822669983"
"84","0.007744917646050453","0.007744917646050453","0.007744917646050453","0.050697024911642075","0.050697024911642075","0.050697024911642075","0.0894906222820282","0.0894906222820282","0.0894906222820282","0.6855359673500061","0.6855359673500061","0.6855359673500061","0.6259228587150574","0.6259228587150574","0.6259228587150574","0.3788856267929077","0.3788856267929077","0.3788856267929077","0.1161610409617424","0.1161610409617424","0.1161610409617424"
"86","0.009789751842617989","0.009789751842617989","0.009789751842617989","0.05492962896823883","0.05492962896823883","0.05492962896823883","0.09567528963088989","0.09567528963088989","0.09567528963088989","0.6902070045471191","0.6902070045471191","0.6902070045471191","0.6537758708000183","0.6537758708000183","0.6537758708000183","0.3299283981323242","0.3299283981323242","0.3299283981323242","0.09771431237459183","0.09771431237459183","0.09771431237459183"
"88","0.0093055609613657","0.0093055609613657","0.0093055609613657","0.06022743880748749","0.06022743880748749","0.06022743880748749","0.11040259897708893","0.11040259897708893","0.11040259897708893","0.6884516477584839","0.6884516477584839","0.6884516477584839","0.5438758730888367","0.5438758730888367","0.5438758730888367","0.3048630654811859","0.3048630654811859","0.3048630654811859","0.14150121808052063","0.14150121808052063","0.14150121808052063"
"90","0.011523408815264702","0.011523408815264702","0.011523408815264702","0.06648300588130951","0.06648300588130951","0.06648300588130951","0.12311158329248428","0.12311158329248428","0.12311158329248428","0.6924104690551758","0.6924104690551758","0.6924104690551758","0.6634664535522461","0.6634664535522461","0.6634664535522461","0.42655646800994873","0.42655646800994873","0.42655646800994873","0.16292694211006165","0.16292694211006165","0.16292694211006165"
"92","0.015037940815091133","0.015037940815091133","0.015037940815091133","0.07919219136238098","0.07919219136238098","0.07919219136238098","0.14196091890335083","0.14196091890335083","0.14196091890335083","0.6860748529434204","0.6860748529434204","0.6860748529434204","0.6188967823982239","0.6188967823982239","0.6188967823982239","0.41273483633995056","0.41273483633995056","0.41273483633995056","0.14038659632205963","0.14038659632205963","0.14038659632205963"
"94","0.015602178871631622","0.015602178871631622","0.015602178871631622","0.08554136753082275","0.08554136753082275","0.08554136753082275","0.121244415640831","0.121244415640831","0.121244415640831","0.6913989782333374","0.6913989782333374","0.6913989782333374","0.6517615914344788","0.6517615914344788","0.6517615914344788","0.4864359498023987","0.4864359498023987","0.4864359498023987","0.16143980622291565","0.16143980622291565","0.16143980622291565"
"96","0.019212573766708374","0.019212573766708374","0.019212573766708374","0.10145850479602814","0.10145850479602814","0.10145850479602814","0.12711356580257416","0.12711356580257416","0.12711356580257416","0.691436767578125","0.691436767578125","0.691436767578125","0.6690894365310669","0.6690894365310669","0.6690894365310669","0.4266137480735779","0.4266137480735779","0.4266137480735779","0.1437889039516449","0.1437889039516449","0.1437889039516449"
"98","0.028898082673549652","0.028898082673549652","0.028898082673549652","0.1397489458322525","0.1397489458322525","0.1397489458322525","0.19210781157016754","0.19210781157016754","0.19210781157016754","0.6920342445373535","0.6920342445373535","0.6920342445373535","0.6793355941772461","0.6793355941772461","0.6793355941772461","0.5267143845558167","0.5267143845558167","0.5267143845558167","0.23333895206451416","0.23333895206451416","0.23333895206451416"
"100","0.01853811740875244","0.01853811740875244","0.01853811740875244","0.09288923442363739","0.09288923442363739","0.09288923442363739","0.1320330798625946","0.1320330798625946","0.1320330798625946","0.6918047070503235","0.6918047070503235","0.6918047070503235","0.6610576510429382","0.6610576510429382","0.6610576510429382","0.4604238271713257","0.4604238271713257","0.4604238271713257","0.18707549571990967","0.18707549571990967","0.18707549571990967"
"102","0.02208203822374344","0.02208203822374344","0.02208203822374344","0.09758426249027252","0.09758426249027252","0.09758426249027252","0.15236404538154602","0.15236404538154602","0.15236404538154602","0.6892896890640259","0.6892896890640259","0.6892896890640259","0.6244964003562927","0.6244964003562927","0.6244964003562927","0.44251489639282227","0.44251489639282227","0.44251489639282227","0.19894565641880035","0.19894565641880035","0.19894565641880035"
"104","0.022909602150321007","0.022909602150321007","0.022909602150321007","0.11052320897579193","0.11052320897579193","0.11052320897579193","0.16434374451637268","0.16434374451637268","0.16434374451637268","0.6857268810272217","0.6857268810272217","0.6857268810272217","0.6437315940856934","0.6437315940856934","0.6437315940856934","0.5141525268554688","0.5141525268554688","0.5141525268554688","0.20586131513118744","0.20586131513118744","0.20586131513118744"
"106","0.027350105345249176","0.027350105345249176","0.027350105345249176","0.11698811501264572","0.11698811501264572","0.11698811501264572","0.14819006621837616","0.14819006621837616","0.14819006621837616","0.6888002157211304","0.6888002157211304","0.6888002157211304","0.6614735126495361","0.6614735126495361","0.6614735126495361","0.48241126537323","0.48241126537323","0.48241126537323","0.19458386301994324","0.19458386301994324","0.19458386301994324"
"108","0.029748085886240005","0.029748085886240005","0.029748085886240005","0.11775820702314377","0.11775820702314377","0.11775820702314377","0.18412847816944122","0.18412847816944122","0.18412847816944122","0.6766012907028198","0.6766012907028198","0.6766012907028198","0.6452032327651978","0.6452032327651978","0.6452032327651978","0.4960206151008606","0.4960206151008606","0.4960206151008606","0.2177245169878006","0.2177245169878006","0.2177245169878006"
"110","0.026127155870199203","0.026127155870199203","0.026127155870199203","0.11170937865972519","0.11170937865972519","0.11170937865972519","0.15838152170181274","0.15838152170181274","0.15838152170181274","0.6904834508895874","0.6904834508895874","0.6904834508895874","0.6652307510375977","0.6652307510375977","0.6652307510375977","0.5212879180908203","0.5212879180908203","0.5212879180908203","0.17298664152622223","0.17298664152622223","0.17298664152622223"
"112","0.030084984377026558","0.030084984377026558","0.030084984377026558","0.0974222868680954","0.0974222868680954","0.0974222868680954","0.15472924709320068","0.15472924709320068","0.15472924709320068","0.6831456422805786","0.6831456422805786","0.6831456422805786","0.6501479148864746","0.6501479148864746","0.6501479148864746","0.5265403389930725","0.5265403389930725","0.5265403389930725","0.21148720383644104","0.21148720383644104","0.21148720383644104"
"114","0.04011024907231331","0.04011024907231331","0.04011024907231331","0.15201076865196228","0.15201076865196228","0.15201076865196228","0.20828644931316376","0.20828644931316376","0.20828644931316376","0.6831055879592896","0.6831055879592896","0.6831055879592896","0.6665104627609253","0.6665104627609253","0.6665104627609253","0.5068067312240601","0.5068067312240601","0.5068067312240601","0.2439107596874237","0.2439107596874237","0.2439107596874237"
"116","0.040636882185935974","0.040636882185935974","0.040636882185935974","0.13237659633159637","0.13237659633159637","0.13237659633159637","0.2002819925546646","0.2002819925546646","0.2002819925546646","0.6885645389556885","0.6885645389556885","0.6885645389556885","0.6693867444992065","0.6693867444992065","0.6693867444992065","0.5260930061340332","0.5260930061340332","0.5260930061340332","0.23686522245407104","0.23686522245407104","0.23686522245407104"
"118","0.034628622233867645","0.034628622233867645","0.034628622233867645","0.11048419028520584","0.11048419028520584","0.11048419028520584","0.1602596938610077","0.1602596938610077","0.1602596938610077","0.6870160102844238","0.6870160102844238","0.6870160102844238","0.6645228266716003","0.6645228266716003","0.6645228266716003","0.525707483291626","0.525707483291626","0.525707483291626","0.19438374042510986","0.19438374042510986","0.19438374042510986"
"120","0.040081966668367386","0.040081966668367386","0.040081966668367386","0.12051030993461609","0.12051030993461609","0.12051030993461609","0.1464468538761139","0.1464468538761139","0.1464468538761139","0.6855767965316772","0.6855767965316772","0.6855767965316772","0.6667467355728149","0.6667467355728149","0.6667467355728149","0.5582332015037537","0.5582332015037537","0.5582332015037537","0.17600396275520325","0.17600396275520325","0.17600396275520325"
"122","0.03203940764069557","0.03203940764069557","0.03203940764069557","0.08922025561332703","0.08922025561332703","0.08922025561332703","0.12079756706953049","0.12079756706953049","0.12079756706953049","0.6705887317657471","0.6705887317657471","0.6705887317657471","0.6187778115272522","0.6187778115272522","0.6187778115272522","0.4766295552253723","0.4766295552253723","0.4766295552253723","0.1462177187204361","0.1462177187204361","0.1462177187204361"
"124","0.05318862944841385","0.05318862944841385","0.05318862944841385","0.13646134734153748","0.13646134734153748","0.13646134734153748","0.19498120248317719","0.19498120248317719","0.19498120248317719","0.6926157474517822","0.6926157474517822","0.6926157474517822","0.6844218969345093","0.6844218969345093","0.6844218969345093","0.5913589000701904","0.5913589000701904","0.5913589000701904","0.21303145587444305","0.21303145587444305","0.21303145587444305"
"126","0.03879985958337784","0.03879985958337784","0.03879985958337784","0.10579453408718109","0.10579453408718109","0.10579453408718109","0.1463555544614792","0.1463555544614792","0.1463555544614792","0.6665157079696655","0.6665157079696655","0.6665157079696655","0.626413106918335","0.626413106918335","0.626413106918335","0.5299785137176514","0.5299785137176514","0.5299785137176514","0.15357649326324463","0.15357649326324463","0.15357649326324463"
"128","0.058324214071035385","0.058324214071035385","0.058324214071035385","0.15220743417739868","0.15220743417739868","0.15220743417739868","0.2066400647163391","0.2066400647163391","0.2066400647163391","0.6915684938430786","0.6915684938430786","0.6915684938430786","0.6777366399765015","0.6777366399765015","0.6777366399765015","0.5857799053192139","0.5857799053192139","0.5857799053192139","0.2184423804283142","0.2184423804283142","0.2184423804283142"
"130","0.05719272047281265","0.05719272047281265","0.05719272047281265","0.14616301655769348","0.14616301655769348","0.14616301655769348","0.18527336418628693","0.18527336418628693","0.18527336418628693","0.6923841834068298","0.6923841834068298","0.6923841834068298","0.6845545768737793","0.6845545768737793","0.6845545768737793","0.5940295457839966","0.5940295457839966","0.5940295457839966","0.20379436016082764","0.20379436016082764","0.20379436016082764"
"132","0.058249734342098236","0.058249734342098236","0.058249734342098236","0.12908431887626648","0.12908431887626648","0.12908431887626648","0.16407757997512817","0.16407757997512817","0.16407757997512817","0.6468815803527832","0.6468815803527832","0.6468815803527832","0.6302526593208313","0.6302526593208313","0.6302526593208313","0.5478625297546387","0.5478625297546387","0.5478625297546387","0.18233713507652283","0.18233713507652283","0.18233713507652283"
"134","0.04982686787843704","0.04982686787843704","0.04982686787843704","0.11070466041564941","0.11070466041564941","0.11070466041564941","0.14345459640026093","0.14345459640026093","0.14345459640026093","0.6925232410430908","0.6925232410430908","0.6925232410430908","0.6828634142875671","0.6828634142875671","0.6828634142875671","0.5628076791763306","0.5628076791763306","0.5628076791763306","0.20213034749031067","0.20213034749031067","0.20213034749031067"
"136","0.06431389600038528","0.06431389600038528","0.06431389600038528","0.14657923579216003","0.14657923579216003","0.14657923579216003","0.1794862300157547","0.1794862300157547","0.1794862300157547","0.6925109624862671","0.6925109624862671","0.6925109624862671","0.6685557961463928","0.6685557961463928","0.6685557961463928","0.5826030969619751","0.5826030969619751","0.5826030969619751","0.23679327964782715","0.23679327964782715","0.23679327964782715"
"138","0.05807102099061012","0.05807102099061012","0.05807102099061012","0.12464623153209686","0.12464623153209686","0.12464623153209686","0.16344620287418365","0.16344620287418365","0.16344620287418365","0.692523181438446","0.692523181438446","0.692523181438446","0.6811575889587402","0.6811575889587402","0.6811575889587402","0.577876627445221","0.577876627445221","0.577876627445221","0.2173992097377777","0.2173992097377777","0.2173992097377777"
"140","0.06026318669319153","0.06026318669319153","0.06026318669319153","0.11504120379686356","0.11504120379686356","0.11504120379686356","0.14632973074913025","0.14632973074913025","0.14632973074913025","0.6920903921127319","0.6920903921127319","0.6920903921127319","0.6734471917152405","0.6734471917152405","0.6734471917152405","0.5531432628631592","0.5531432628631592","0.5531432628631592","0.17059531807899475","0.17059531807899475","0.17059531807899475"
"142","0.07167802006006241","0.07167802006006241","0.07167802006006241","0.15475744009017944","0.15475744009017944","0.15475744009017944","0.1964794397354126","0.1964794397354126","0.1964794397354126","0.690355658531189","0.690355658531189","0.690355658531189","0.6795070171356201","0.6795070171356201","0.6795070171356201","0.6092312335968018","0.6092312335968018","0.6092312335968018","0.22130337357521057","0.22130337357521057","0.22130337357521057"
"144","0.05730810761451721","0.05730810761451721","0.05730810761451721","0.11082637310028076","0.11082637310028076","0.11082637310028076","0.12779366970062256","0.12779366970062256","0.12779366970062256","0.6889088749885559","0.6889088749885559","0.6889088749885559","0.6433302164077759","0.6433302164077759","0.6433302164077759","0.5584440231323242","0.5584440231323242","0.5584440231323242","0.1750413477420807","0.1750413477420807","0.1750413477420807"
"146","0.07613250613212585","0.07613250613212585","0.07613250613212585","0.14708054065704346","0.14708054065704346","0.14708054065704346","0.16028925776481628","0.16028925776481628","0.16028925776481628","0.6879703998565674","0.6879703998565674","0.6879703998565674","0.6795439720153809","0.6795439720153809","0.6795439720153809","0.5905720591545105","0.5905720591545105","0.5905720591545105","0.19653356075286865","0.19653356075286865","0.19653356075286865"
"148","0.07883197069168091","0.07883197069168091","0.07883197069168091","0.1608888804912567","0.1608888804912567","0.1608888804912567","0.2057073414325714","0.2057073414325714","0.2057073414325714","0.6794226169586182","0.6794226169586182","0.6794226169586182","0.6672514081001282","0.6672514081001282","0.6672514081001282","0.5973294973373413","0.5973294973373413","0.5973294973373413","0.23596452176570892","0.23596452176570892","0.23596452176570892"
"150","0.1079694926738739","0.1079694926738739","0.1079694926738739","0.18967369198799133","0.18967369198799133","0.18967369198799133","0.22500380873680115","0.22500380873680115","0.22500380873680115","0.6807786822319031","0.6807786822319031","0.6807786822319031","0.6728163957595825","0.6728163957595825","0.6728163957595825","0.6319965720176697","0.6319965720176697","0.6319965720176697","0.29653599858283997","0.29653599858283997","0.29653599858283997"
"152","0.08265210688114166","0.08265210688114166","0.08265210688114166","0.14928053319454193","0.14928053319454193","0.14928053319454193","0.18618905544281006","0.18618905544281006","0.18618905544281006","0.6768251061439514","0.6768251061439514","0.6768251061439514","0.6687525510787964","0.6687525510787964","0.6687525510787964","0.612510621547699","0.612510621547699","0.612510621547699","0.22285224497318268","0.22285224497318268","0.22285224497318268"
"154","0.09549486637115479","0.09549486637115479","0.09549486637115479","0.1648891270160675","0.1648891270160675","0.1648891270160675","0.23566082119941711","0.23566082119941711","0.23566082119941711","0.6871583461761475","0.6871583461761475","0.6871583461761475","0.673493504524231","0.673493504524231","0.673493504524231","0.6072866916656494","0.6072866916656494","0.6072866916656494","0.15750828385353088","0.15750828385353088","0.15750828385353088"
"156","0.12607255578041077","0.12607255578041077","0.12607255578041077","0.20437058806419373","0.20437058806419373","0.20437058806419373","0.24272164702415466","0.24272164702415466","0.24272164702415466","0.6927556395530701","0.6927556395530701","0.6927556395530701","0.6892091035842896","0.6892091035842896","0.6892091035842896","0.646280825138092","0.646280825138092","0.646280825138092","0.27818891406059265","0.27818891406059265","0.27818891406059265"
"158","0.10834647715091705","0.10834647715091705","0.10834647715091705","0.16684886813163757","0.16684886813163757","0.16684886813163757","0.23027077317237854","0.23027077317237854","0.23027077317237854","0.6874094009399414","0.6874094009399414","0.6874094009399414","0.6812690496444702","0.6812690496444702","0.6812690496444702","0.6305471658706665","0.6305471658706665","0.6305471658706665","0.24275943636894226","0.24275943636894226","0.24275943636894226"
"160","0.09822031855583191","0.09822031855583191","0.09822031855583191","0.13233184814453125","0.13233184814453125","0.13233184814453125","0.18424774706363678","0.18424774706363678","0.18424774706363678","0.692341685295105","0.692341685295105","0.692341685295105","0.6805601119995117","0.6805601119995117","0.6805601119995117","0.6158333420753479","0.6158333420753479","0.6158333420753479","0.20911678671836853","0.20911678671836853","0.20911678671836853"
"162","0.10848580300807953","0.10848580300807953","0.10848580300807953","0.1702832579612732","0.1702832579612732","0.1702832579612732","0.2091224193572998","0.2091224193572998","0.2091224193572998","0.6848623156547546","0.6848623156547546","0.6848623156547546","0.6815165281295776","0.6815165281295776","0.6815165281295776","0.63310706615448","0.63310706615448","0.63310706615448","0.27641457319259644","0.27641457319259644","0.27641457319259644"
"164","0.11798816174268723","0.11798816174268723","0.11798816174268723","0.1628759205341339","0.1628759205341339","0.1628759205341339","0.20832522213459015","0.20832522213459015","0.20832522213459015","0.6925747394561768","0.6925747394561768","0.6925747394561768","0.6849230527877808","0.6849230527877808","0.6849230527877808","0.6318576335906982","0.6318576335906982","0.6318576335906982","0.25626346468925476","0.25626346468925476","0.25626346468925476"
"166","0.14872698485851288","0.14872698485851288","0.14872698485851288","0.22470176219940186","0.22470176219940186","0.22470176219940186","0.2698362469673157","0.2698362469673157","0.2698362469673157","0.6922550201416016","0.6922550201416016","0.6922550201416016","0.6863337159156799","0.6863337159156799","0.6863337159156799","0.6457915306091309","0.6457915306091309","0.6457915306091309","0.3299199938774109","0.3299199938774109","0.3299199938774109"
"168","0.12061537802219391","0.12061537802219391","0.12061537802219391","0.17635567486286163","0.17635567486286163","0.17635567486286163","0.2097678929567337","0.2097678929567337","0.2097678929567337","0.6860341429710388","0.6860341429710388","0.6860341429710388","0.6838278770446777","0.6838278770446777","0.6838278770446777","0.6290395259857178","0.6290395259857178","0.6290395259857178","0.279662549495697","0.279662549495697","0.279662549495697"
"170","0.12045099586248398","0.12045099586248398","0.12045099586248398","0.17633643746376038","0.17633643746376038","0.17633643746376038","0.19983428716659546","0.19983428716659546","0.19983428716659546","0.6896822452545166","0.6896822452545166","0.6896822452545166","0.6852964162826538","0.6852964162826538","0.6852964162826538","0.6345593333244324","0.6345593333244324","0.6345593333244324","0.28822922706604004","0.28822922706604004","0.28822922706604004"
"172","0.1423945426940918","0.1423945426940918","0.1423945426940918","0.21073460578918457","0.21073460578918457","0.21073460578918457","0.27145105600357056","0.27145105600357056","0.27145105600357056","0.6915280818939209","0.6915280818939209","0.6915280818939209","0.6885744333267212","0.6885744333267212","0.6885744333267212","0.6489132046699524","0.6489132046699524","0.6489132046699524","0.34417468309402466","0.34417468309402466","0.34417468309402466"
"174","0.13637897372245789","0.13637897372245789","0.13637897372245789","0.19857048988342285","0.19857048988342285","0.19857048988342285","0.21851757168769836","0.21851757168769836","0.21851757168769836","0.6927717924118042","0.6927717924118042","0.6927717924118042","0.6879201531410217","0.6879201531410217","0.6879201531410217","0.6471540927886963","0.6471540927886963","0.6471540927886963","0.30226391553878784","0.30226391553878784","0.30226391553878784"
"176","0.17545926570892334","0.17545926570892334","0.17545926570892334","0.22027313709259033","0.22027313709259033","0.22027313709259033","0.2641938328742981","0.2641938328742981","0.2641938328742981","0.6873766183853149","0.6873766183853149","0.6873766183853149","0.6868244409561157","0.6868244409561157","0.6868244409561157","0.6357535123825073","0.6357535123825073","0.6357535123825073","0.3456040918827057","0.3456040918827057","0.3456040918827057"
"178","0.1521483212709427","0.1521483212709427","0.1521483212709427","0.20775336027145386","0.20775336027145386","0.20775336027145386","0.2527497410774231","0.2527497410774231","0.2527497410774231","0.685509443283081","0.685509443283081","0.685509443283081","0.6845811605453491","0.6845811605453491","0.6845811605453491","0.5997774004936218","0.5997774004936218","0.5997774004936218","0.31746789813041687","0.31746789813041687","0.31746789813041687"
"180","0.16695892810821533","0.16695892810821533","0.16695892810821533","0.1990811824798584","0.1990811824798584","0.1990811824798584","0.25623857975006104","0.25623857975006104","0.25623857975006104","0.6928150653839111","0.6928150653839111","0.6928150653839111","0.6887686252593994","0.6887686252593994","0.6887686252593994","0.629462718963623","0.629462718963623","0.629462718963623","0.3163054585456848","0.3163054585456848","0.3163054585456848"
"182","0.14013972878456116","0.14013972878456116","0.14013972878456116","0.1644556224346161","0.1644556224346161","0.1644556224346161","0.171171173453331","0.171171173453331","0.171171173453331","0.6844589710235596","0.6844589710235596","0.6844589710235596","0.6656712293624878","0.6656712293624878","0.6656712293624878","0.6011947393417358","0.6011947393417358","0.6011947393417358","0.30067604780197144","0.30067604780197144","0.30067604780197144"
"184","0.16980987787246704","0.16980987787246704","0.16980987787246704","0.21291546523571014","0.21291546523571014","0.21291546523571014","0.24630434811115265","0.24630434811115265","0.24630434811115265","0.6733255386352539","0.6733255386352539","0.6733255386352539","0.64870285987854","0.64870285987854","0.64870285987854","0.6019421219825745","0.6019421219825745","0.6019421219825745","0.3291550576686859","0.3291550576686859","0.3291550576686859"
"186","0.17523261904716492","0.17523261904716492","0.17523261904716492","0.2119889259338379","0.2119889259338379","0.2119889259338379","0.25881320238113403","0.25881320238113403","0.25881320238113403","0.6906318664550781","0.6906318664550781","0.6906318664550781","0.6617157459259033","0.6617157459259033","0.6617157459259033","0.6084960699081421","0.6084960699081421","0.6084960699081421","0.32863882184028625","0.32863882184028625","0.32863882184028625"
"188","0.18053460121154785","0.18053460121154785","0.18053460121154785","0.22804144024848938","0.22804144024848938","0.22804144024848938","0.259270042181015","0.259270042181015","0.259270042181015","0.6927969455718994","0.6927969455718994","0.6927969455718994","0.688104510307312","0.688104510307312","0.688104510307312","0.6464570164680481","0.6464570164680481","0.6464570164680481","0.38422346115112305","0.38422346115112305","0.38422346115112305"
"190","0.18938276171684265","0.18938276171684265","0.18938276171684265","0.24789384007453918","0.24789384007453918","0.24789384007453918","0.29152658581733704","0.29152658581733704","0.29152658581733704","0.6910096406936646","0.6910096406936646","0.6910096406936646","0.6819436550140381","0.6819436550140381","0.6819436550140381","0.6332035660743713","0.6332035660743713","0.6332035660743713","0.38073188066482544","0.38073188066482544","0.38073188066482544"
"192","0.19627459347248077","0.19627459347248077","0.19627459347248077","0.2333759069442749","0.2333759069442749","0.2333759069442749","0.2819187045097351","0.2819187045097351","0.2819187045097351","0.6886110901832581","0.6886110901832581","0.6886110901832581","0.6873437762260437","0.6873437762260437","0.6873437762260437","0.6160223484039307","0.6160223484039307","0.6160223484039307","0.35120531916618347","0.35120531916618347","0.35120531916618347"
"194","0.1851705014705658","0.1851705014705658","0.1851705014705658","0.22710007429122925","0.22710007429122925","0.22710007429122925","0.25178343057632446","0.25178343057632446","0.25178343057632446","0.6925827264785767","0.6925827264785767","0.6925827264785767","0.687459409236908","0.687459409236908","0.687459409236908","0.6028515100479126","0.6028515100479126","0.6028515100479126","0.3757515549659729","0.3757515549659729","0.3757515549659729"
"196","0.18599066138267517","0.18599066138267517","0.18599066138267517","0.23727774620056152","0.23727774620056152","0.23727774620056152","0.25545841455459595","0.25545841455459595","0.25545841455459595","0.6824301481246948","0.6824301481246948","0.6824301481246948","0.6618459224700928","0.6618459224700928","0.6618459224700928","0.6187943816184998","0.6187943816184998","0.6187943816184998","0.36884868144989014","0.36884868144989014","0.36884868144989014"
"198","0.13020935654640198","0.13020935654640198","0.13020935654640198","0.11740042269229889","0.11740042269229889","0.11740042269229889","0.16305777430534363","0.16305777430534363","0.16305777430534363","0.6729493141174316","0.6729493141174316","0.6729493141174316","0.6599894762039185","0.6599894762039185","0.6599894762039185","0.5173802375793457","0.5173802375793457","0.5173802375793457","0.23282815515995026","0.23282815515995026","0.23282815515995026"
"200","0.23387400805950165","0.23387400805950165","0.23387400805950165","0.2877446413040161","0.2877446413040161","0.2877446413040161","0.34011590480804443","0.34011590480804443","0.34011590480804443","0.6903930902481079","0.6903930902481079","0.6903930902481079","0.6848139762878418","0.6848139762878418","0.6848139762878418","0.6600946187973022","0.6600946187973022","0.6600946187973022","0.4595458507537842","0.4595458507537842","0.4595458507537842"
"202","0.19586995244026184","0.19586995244026184","0.19586995244026184","0.24573644995689392","0.24573644995689392","0.24573644995689392","0.2936164438724518","0.2936164438724518","0.2936164438724518","0.6926799416542053","0.6926799416542053","0.6926799416542053","0.6891354918479919","0.6891354918479919","0.6891354918479919","0.6434999704360962","0.6434999704360962","0.6434999704360962","0.43663522601127625","0.43663522601127625","0.43663522601127625"
"204","0.23036155104637146","0.23036155104637146","0.23036155104637146","0.27131929993629456","0.27131929993629456","0.27131929993629456","0.3091108202934265","0.3091108202934265","0.3091108202934265","0.690007209777832","0.690007209777832","0.690007209777832","0.686672568321228","0.686672568321228","0.686672568321228","0.6503322124481201","0.6503322124481201","0.6503322124481201","0.42689669132232666","0.42689669132232666","0.42689669132232666"
"206","0.1401771605014801","0.1401771605014801","0.1401771605014801","0.1596221923828125","0.1596221923828125","0.1596221923828125","0.18793363869190216","0.18793363869190216","0.18793363869190216","0.6881304979324341","0.6881304979324341","0.6881304979324341","0.6812537908554077","0.6812537908554077","0.6812537908554077","0.6106622219085693","0.6106622219085693","0.6106622219085693","0.32831695675849915","0.32831695675849915","0.32831695675849915"
"208","0.24372129142284393","0.24372129142284393","0.24372129142284393","0.25300225615501404","0.25300225615501404","0.25300225615501404","0.26285624504089355","0.26285624504089355","0.26285624504089355","0.6783452033996582","0.6783452033996582","0.6783452033996582","0.6775103807449341","0.6775103807449341","0.6775103807449341","0.6493192911148071","0.6493192911148071","0.6493192911148071","0.39833661913871765","0.39833661913871765","0.39833661913871765"
"210","0.23546698689460754","0.23546698689460754","0.23546698689460754","0.25893038511276245","0.25893038511276245","0.25893038511276245","0.2940535545349121","0.2940535545349121","0.2940535545349121","0.6844378709793091","0.6844378709793091","0.6844378709793091","0.6798558831214905","0.6798558831214905","0.6798558831214905","0.6607999801635742","0.6607999801635742","0.6607999801635742","0.4514656066894531","0.4514656066894531","0.4514656066894531"
"212","0.2753698527812958","0.2753698527812958","0.2753698527812958","0.2997801899909973","0.2997801899909973","0.2997801899909973","0.314272940158844","0.314272940158844","0.314272940158844","0.6922821998596191","0.6922821998596191","0.6922821998596191","0.6892930865287781","0.6892930865287781","0.6892930865287781","0.661922812461853","0.661922812461853","0.661922812461853","0.4701080620288849","0.4701080620288849","0.4701080620288849"
"214","0.23255634307861328","0.23255634307861328","0.23255634307861328","0.2737530469894409","0.2737530469894409","0.2737530469894409","0.2896975874900818","0.2896975874900818","0.2896975874900818","0.6928380131721497","0.6928380131721497","0.6928380131721497","0.6906086802482605","0.6906086802482605","0.6906086802482605","0.6641916036605835","0.6641916036605835","0.6641916036605835","0.47289055585861206","0.47289055585861206","0.47289055585861206"
"216","0.15997035801410675","0.15997035801410675","0.15997035801410675","0.18625633418560028","0.18625633418560028","0.18625633418560028","0.2737002372741699","0.2737002372741699","0.2737002372741699","0.6808989644050598","0.6808989644050598","0.6808989644050598","0.6806076765060425","0.6806076765060425","0.6806076765060425","0.5959336757659912","0.5959336757659912","0.5959336757659912","0.3924875855445862","0.3924875855445862","0.3924875855445862"
"218","0.2486969232559204","0.2486969232559204","0.2486969232559204","0.2869081497192383","0.2869081497192383","0.2869081497192383","0.3233865797519684","0.3233865797519684","0.3233865797519684","0.6910753846168518","0.6910753846168518","0.6910753846168518","0.6901034116744995","0.6901034116744995","0.6901034116744995","0.652988851070404","0.652988851070404","0.652988851070404","0.4870184659957886","0.4870184659957886","0.4870184659957886"
"220","0.2630232274532318","0.2630232274532318","0.2630232274532318","0.31191563606262207","0.31191563606262207","0.31191563606262207","0.3400822877883911","0.3400822877883911","0.3400822877883911","0.6914392113685608","0.6914392113685608","0.6914392113685608","0.6894317865371704","0.6894317865371704","0.6894317865371704","0.6626415252685547","0.6626415252685547","0.6626415252685547","0.5084906816482544","0.5084906816482544","0.5084906816482544"
"222","0.17517243325710297","0.17517243325710297","0.17517243325710297","0.17237535119056702","0.17237535119056702","0.17237535119056702","0.20443956553936005","0.20443956553936005","0.20443956553936005","0.684912919998169","0.684912919998169","0.684912919998169","0.6829806566238403","0.6829806566238403","0.6829806566238403","0.6130788326263428","0.6130788326263428","0.6130788326263428","0.41343092918395996","0.41343092918395996","0.41343092918395996"
"224","0.21089793741703033","0.21089793741703033","0.21089793741703033","0.23271283507347107","0.23271283507347107","0.23271283507347107","0.3010994791984558","0.3010994791984558","0.3010994791984558","0.6925652027130127","0.6925652027130127","0.6925652027130127","0.6891767978668213","0.6891767978668213","0.6891767978668213","0.6542177200317383","0.6542177200317383","0.6542177200317383","0.45803019404411316","0.45803019404411316","0.45803019404411316"
"226","0.2535743713378906","0.2535743713378906","0.2535743713378906","0.26809704303741455","0.26809704303741455","0.26809704303741455","0.31447136402130127","0.31447136402130127","0.31447136402130127","0.6805958151817322","0.6805958151817322","0.6805958151817322","0.6598691344261169","0.6598691344261169","0.6598691344261169","0.6312994360923767","0.6312994360923767","0.6312994360923767","0.4840606451034546","0.4840606451034546","0.4840606451034546"
"228","0.23320527374744415","0.23320527374744415","0.23320527374744415","0.25200605392456055","0.25200605392456055","0.25200605392456055","0.29604804515838623","0.29604804515838623","0.29604804515838623","0.6796653270721436","0.6796653270721436","0.6796653270721436","0.6460319757461548","0.6460319757461548","0.6460319757461548","0.6114680767059326","0.6114680767059326","0.6114680767059326","0.46157681941986084","0.46157681941986084","0.46157681941986084"
"230","0.25321269035339355","0.25321269035339355","0.25321269035339355","0.2893974781036377","0.2893974781036377","0.2893974781036377","0.3252907991409302","0.3252907991409302","0.3252907991409302","0.6859928369522095","0.6859928369522095","0.6859928369522095","0.6881188750267029","0.6881188750267029","0.6881188750267029","0.6286202669143677","0.6286202669143677","0.6286202669143677","0.4842158854007721","0.4842158854007721","0.4842158854007721"