dataset,comparison,config_a,config_b,block_a,block_b,mean,std,n
sim_vowels,ewt_b01,ewt_b01,ewt_b01,X,X,0.6543570321196284,0.11181728358943623,3
sim_vowels,ewt_b01,ewt_b01,ewt_b01,X,OC1,0.19222113080273515,0.04765327683717242,3
sim_vowels,ewt_b01,ewt_b01,ewt_b01,X,OC2,0.0937526393920874,0.025631552480701723,3
sim_vowels,ewt_b01,ewt_b01,ewt_b01,X,OC3,0.14075430643978237,0.043303608512986404,3
sim_vowels,ewt_b01,ewt_b01,ewt_b01,OC1,X,0.134474774440856,0.11418868405369775,3
sim_vowels,ewt_b01,ewt_b01,ewt_b01,OC1,OC1,0.2820060454973798,0.19668778259158023,3
sim_vowels,ewt_b01,ewt_b01,ewt_b01,OC1,OC2,0.010379861119358567,0.0016107861067499246,3
sim_vowels,ewt_b01,ewt_b01,ewt_b01,OC1,OC3,0.028154541443706698,0.009434228404772222,3
sim_vowels,ewt_b01,ewt_b01,ewt_b01,OC2,X,0.06866497399643044,0.017047217875397765,3
sim_vowels,ewt_b01,ewt_b01,ewt_b01,OC2,OC1,0.013389863733345367,0.005953195861279396,3
sim_vowels,ewt_b01,ewt_b01,ewt_b01,OC2,OC2,0.7698125228820413,0.08847654198084197,3
sim_vowels,ewt_b01,ewt_b01,ewt_b01,OC2,OC3,0.026207430542500937,0.010346646690382391,3
sim_vowels,ewt_b01,ewt_b01,ewt_b01,OC3,X,0.10504679602753776,0.05412774501840306,3
sim_vowels,ewt_b01,ewt_b01,ewt_b01,OC3,OC1,0.018717269849113833,0.010320942000101906,3
sim_vowels,ewt_b01,ewt_b01,ewt_b01,OC3,OC2,0.01657598799220793,0.009410968159525955,3
sim_vowels,ewt_b01,ewt_b01,ewt_b01,OC3,OC3,0.6026762914254796,0.10013947406660298,3
sim_vowels,fd_b01,fd_b01,fd_b01,X,X,0.7772634458895569,0.06955410833878833,3
sim_vowels,fd_b01,fd_b01,fd_b01,X,OC1,0.135010275746007,0.05827107995175731,3
sim_vowels,fd_b01,fd_b01,fd_b01,X,OC2,0.025458394692687767,0.002484397785645525,3
sim_vowels,fd_b01,fd_b01,fd_b01,X,OC3,0.04334731845569493,0.042086315166207346,3
sim_vowels,fd_b01,fd_b01,fd_b01,OC1,X,0.17836400507864958,0.0911241987003459,3
sim_vowels,fd_b01,fd_b01,fd_b01,OC1,OC1,0.33331667279532623,0.08761394874152457,3
sim_vowels,fd_b01,fd_b01,fd_b01,OC1,OC2,0.02969379109220263,0.013203775753506487,3
sim_vowels,fd_b01,fd_b01,fd_b01,OC1,OC3,0.0310781451144269,0.02923306631435455,3
sim_vowels,fd_b01,fd_b01,fd_b01,OC2,X,0.024391524566712102,0.01127437607854172,3
sim_vowels,fd_b01,fd_b01,fd_b01,OC2,OC1,0.027655065380861137,0.017639872967473855,3
sim_vowels,fd_b01,fd_b01,fd_b01,OC2,OC2,0.5067493431741072,0.1326666431231858,3
sim_vowels,fd_b01,fd_b01,fd_b01,OC2,OC3,0.04651539390447673,0.01936107230778835,3
sim_vowels,fd_b01,fd_b01,fd_b01,OC3,X,0.12721060001482795,0.04536493321297478,3
sim_vowels,fd_b01,fd_b01,fd_b01,OC3,OC1,0.0665627517781291,0.03278908350545074,3
sim_vowels,fd_b01,fd_b01,fd_b01,OC3,OC2,0.0709850635316944,0.05427361555441663,3
sim_vowels,fd_b01,fd_b01,fd_b01,OC3,OC3,0.42030687815312545,0.4063473655901254,3
sim_vowels,ewt_b01 vs fd_b01,ewt_b01,fd_b01,X,X,0.5331685293259565,,1
sim_vowels,ewt_b01 vs fd_b01,ewt_b01,fd_b01,X,OC1,0.1749210029290145,,1
sim_vowels,ewt_b01 vs fd_b01,ewt_b01,fd_b01,X,OC2,0.0211368642423827,,1
sim_vowels,ewt_b01 vs fd_b01,ewt_b01,fd_b01,X,OC3,0.1045316193718827,,1
sim_vowels,ewt_b01 vs fd_b01,ewt_b01,fd_b01,OC1,X,0.0667473698889312,,1
sim_vowels,ewt_b01 vs fd_b01,ewt_b01,fd_b01,OC1,OC1,0.0848202348523295,,1
sim_vowels,ewt_b01 vs fd_b01,ewt_b01,fd_b01,OC1,OC2,0.0116920436437202,,1
sim_vowels,ewt_b01 vs fd_b01,ewt_b01,fd_b01,OC1,OC3,0.0168003307759176,,1
sim_vowels,ewt_b01 vs fd_b01,ewt_b01,fd_b01,OC2,X,0.0804739995088966,,1
sim_vowels,ewt_b01 vs fd_b01,ewt_b01,fd_b01,OC2,OC1,0.0478856127890612,,1
sim_vowels,ewt_b01 vs fd_b01,ewt_b01,fd_b01,OC2,OC2,0.0452758964098971,,1
sim_vowels,ewt_b01 vs fd_b01,ewt_b01,fd_b01,OC2,OC3,0.0191562155401063,,1
sim_vowels,ewt_b01 vs fd_b01,ewt_b01,fd_b01,OC3,X,0.1066805295765036,,1
sim_vowels,ewt_b01 vs fd_b01,ewt_b01,fd_b01,OC3,OC1,0.0639506906574949,,1
sim_vowels,ewt_b01 vs fd_b01,ewt_b01,fd_b01,OC3,OC2,0.0255242248040619,,1
sim_vowels,ewt_b01 vs fd_b01,ewt_b01,fd_b01,OC3,OC3,0.3848910101898924,,1
