dataset,config_a,config_b,seed_a,seed_b,block_a,block_b,value,comparison
sim_vowels,ewt_b01,ewt_b01,0,1,X,X,0.779734088008378,ewt_b01
sim_vowels,ewt_b01,ewt_b01,0,1,X,OC1,0.242245755773037,ewt_b01
sim_vowels,ewt_b01,ewt_b01,0,1,X,OC2,0.0795226506620596,ewt_b01
sim_vowels,ewt_b01,ewt_b01,0,1,X,OC3,0.0966505124629121,ewt_b01
sim_vowels,ewt_b01,ewt_b01,0,1,OC1,X,0.0680510812171421,ewt_b01
sim_vowels,ewt_b01,ewt_b01,0,1,OC1,OC1,0.1960111461290157,ewt_b01
sim_vowels,ewt_b01,ewt_b01,0,1,OC1,OC2,0.0087541907424853,ewt_b01
sim_vowels,ewt_b01,ewt_b01,0,1,OC1,OC3,0.0294263355917639,ewt_b01
sim_vowels,ewt_b01,ewt_b01,0,1,OC2,X,0.0865554358504251,ewt_b01
sim_vowels,ewt_b01,ewt_b01,0,1,OC2,OC1,0.0198984505058165,ewt_b01
sim_vowels,ewt_b01,ewt_b01,0,1,OC2,OC2,0.6830638064443112,ewt_b01
sim_vowels,ewt_b01,ewt_b01,0,1,OC2,OC3,0.0297430156934958,ewt_b01
sim_vowels,ewt_b01,ewt_b01,0,1,OC3,X,0.1669114504366618,ewt_b01
sim_vowels,ewt_b01,ewt_b01,0,1,OC3,OC1,0.024783793570207,ewt_b01
sim_vowels,ewt_b01,ewt_b01,0,1,OC3,OC2,0.0219123956430993,ewt_b01
sim_vowels,ewt_b01,ewt_b01,0,1,OC3,OC3,0.6519104106286044,ewt_b01
sim_vowels,ewt_b01,ewt_b01,0,2,X,X,0.5649561418345241,ewt_b01
sim_vowels,ewt_b01,ewt_b01,0,2,X,OC1,0.1473597008118692,ewt_b01
sim_vowels,ewt_b01,ewt_b01,0,2,X,OC2,0.1233422204747348,ewt_b01
sim_vowels,ewt_b01,ewt_b01,0,2,X,OC3,0.142401693439484,ewt_b01
sim_vowels,ewt_b01,ewt_b01,0,2,OC1,X,0.0690459838903007,ewt_b01
sim_vowels,ewt_b01,ewt_b01,0,2,OC1,OC1,0.1429602536625166,ewt_b01
sim_vowels,ewt_b01,ewt_b01,0,2,OC1,OC2,0.011975338468055,ewt_b01
sim_vowels,ewt_b01,ewt_b01,0,2,OC1,OC3,0.0181489287748942,ewt_b01
sim_vowels,ewt_b01,ewt_b01,0,2,OC2,X,0.0668300291592717,ewt_b01
sim_vowels,ewt_b01,ewt_b01,0,2,OC2,OC1,0.012051102813988,ewt_b01
sim_vowels,ewt_b01,ewt_b01,0,2,OC2,OC2,0.7664525936002669,ewt_b01
sim_vowels,ewt_b01,ewt_b01,0,2,OC2,OC3,0.0145564286721616,ewt_b01
sim_vowels,ewt_b01,ewt_b01,0,2,OC3,X,0.0818207118704662,ewt_b01
sim_vowels,ewt_b01,ewt_b01,0,2,OC3,OC1,0.0068003256875432,ewt_b01
sim_vowels,ewt_b01,ewt_b01,0,2,OC3,OC2,0.005709712031361,ewt_b01
sim_vowels,ewt_b01,ewt_b01,0,2,OC3,OC3,0.6686678152807576,ewt_b01
sim_vowels,ewt_b01,ewt_b01,1,2,X,X,0.6183808665159829,ewt_b01
sim_vowels,ewt_b01,ewt_b01,1,2,X,OC1,0.1870579358232992,ewt_b01
sim_vowels,ewt_b01,ewt_b01,1,2,X,OC2,0.0783930470394678,ewt_b01
sim_vowels,ewt_b01,ewt_b01,1,2,X,OC3,0.183210713416951,ewt_b01
sim_vowels,ewt_b01,ewt_b01,1,2,OC1,X,0.2663272582151252,ewt_b01
sim_vowels,ewt_b01,ewt_b01,1,2,OC1,OC1,0.5070467367006071,ewt_b01
sim_vowels,ewt_b01,ewt_b01,1,2,OC1,OC2,0.0104100541475354,ewt_b01
sim_vowels,ewt_b01,ewt_b01,1,2,OC1,OC3,0.036888359964462,ewt_b01
sim_vowels,ewt_b01,ewt_b01,1,2,OC2,X,0.0526094569795945,ewt_b01
sim_vowels,ewt_b01,ewt_b01,1,2,OC2,OC1,0.0082200378802316,ewt_b01
sim_vowels,ewt_b01,ewt_b01,1,2,OC2,OC2,0.8599211686015457,ewt_b01
sim_vowels,ewt_b01,ewt_b01,1,2,OC2,OC3,0.0343228472618454,ewt_b01
sim_vowels,ewt_b01,ewt_b01,1,2,OC3,X,0.0664082257754853,ewt_b01
sim_vowels,ewt_b01,ewt_b01,1,2,OC3,OC1,0.0245676902895913,ewt_b01
sim_vowels,ewt_b01,ewt_b01,1,2,OC3,OC2,0.0221058563021635,ewt_b01
sim_vowels,ewt_b01,ewt_b01,1,2,OC3,OC3,0.4874506483670767,ewt_b01
sim_vowels,fd_b01,fd_b01,0,1,X,X,0.822807913407897,fd_b01
sim_vowels,fd_b01,fd_b01,0,1,X,OC1,0.0692651917423964,fd_b01
sim_vowels,fd_b01,fd_b01,0,1,X,OC2,0.0269677213754464,fd_b01
sim_vowels,fd_b01,fd_b01,0,1,X,OC3,0.0919153943830006,fd_b01
sim_vowels,fd_b01,fd_b01,0,1,OC1,X,0.2091528864035896,fd_b01
sim_vowels,fd_b01,fd_b01,0,1,OC1,OC1,0.2843467826729063,fd_b01
sim_vowels,fd_b01,fd_b01,0,1,OC1,OC2,0.042984931130983,fd_b01
sim_vowels,fd_b01,fd_b01,0,1,OC1,OC3,0.0645925929824577,fd_b01
sim_vowels,fd_b01,fd_b01,0,1,OC2,X,0.014731916700316,fd_b01
sim_vowels,fd_b01,fd_b01,0,1,OC2,OC1,0.0120233617316469,fd_b01
sim_vowels,fd_b01,fd_b01,0,1,OC2,OC2,0.6113950229809546,fd_b01
sim_vowels,fd_b01,fd_b01,0,1,OC2,OC3,0.0673756255311464,fd_b01
sim_vowels,fd_b01,fd_b01,0,1,OC3,X,0.0750538943534129,fd_b01
sim_vowels,fd_b01,fd_b01,0,1,OC3,OC1,0.0287747793423682,fd_b01
sim_vowels,fd_b01,fd_b01,0,1,OC3,OC2,0.1333425490244403,fd_b01
sim_vowels,fd_b01,fd_b01,0,1,OC3,OC3,0.8894395111813863,fd_b01
sim_vowels,fd_b01,fd_b01,0,2,X,X,0.8117803916991069,fd_b01
sim_vowels,fd_b01,fd_b01,0,2,X,OC1,0.1802806686003888,fd_b01
sim_vowels,fd_b01,fd_b01,0,2,X,OC2,0.0268164741375593,fd_b01
sim_vowels,fd_b01,fd_b01,0,2,X,OC3,0.0205173866810592,fd_b01
sim_vowels,fd_b01,fd_b01,0,2,OC1,X,0.2501053961896193,fd_b01
sim_vowels,fd_b01,fd_b01,0,2,OC1,OC1,0.4344675582090231,fd_b01
sim_vowels,fd_b01,fd_b01,0,2,OC1,OC2,0.0295172929924183,fd_b01
sim_vowels,fd_b01,fd_b01,0,2,OC1,OC3,0.0178078258557984,fd_b01
sim_vowels,fd_b01,fd_b01,0,2,OC2,X,0.0216628539275518,fd_b01
sim_vowels,fd_b01,fd_b01,0,2,OC2,OC1,0.0241615185001448,fd_b01
sim_vowels,fd_b01,fd_b01,0,2,OC2,OC2,0.5513150963603596,fd_b01
sim_vowels,fd_b01,fd_b01,0,2,OC2,OC3,0.0291218613099434,fd_b01
sim_vowels,fd_b01,fd_b01,0,2,OC3,X,0.1575003310438276,fd_b01
sim_vowels,fd_b01,fd_b01,0,2,OC3,OC1,0.0875002280309871,fd_b01
sim_vowels,fd_b01,fd_b01,0,2,OC3,OC2,0.0452177298084044,fd_b01
sim_vowels,fd_b01,fd_b01,0,2,OC3,OC3,0.1930965791086166,fd_b01
sim_vowels,fd_b01,fd_b01,1,2,X,X,0.6972020325616668,fd_b01
sim_vowels,fd_b01,fd_b01,1,2,X,OC1,0.1554849668952358,fd_b01
sim_vowels,fd_b01,fd_b01,1,2,X,OC2,0.0225909885650576,fd_b01
sim_vowels,fd_b01,fd_b01,1,2,X,OC3,0.017609174303025,fd_b01
sim_vowels,fd_b01,fd_b01,1,2,OC1,X,0.0758337326427398,fd_b01
sim_vowels,fd_b01,fd_b01,1,2,OC1,OC1,0.2811356775040492,fd_b01
sim_vowels,fd_b01,fd_b01,1,2,OC1,OC2,0.0165791491532066,fd_b01
sim_vowels,fd_b01,fd_b01,1,2,OC1,OC3,0.0108340165050246,fd_b01
sim_vowels,fd_b01,fd_b01,1,2,OC2,X,0.0367798030722685,fd_b01
sim_vowels,fd_b01,fd_b01,1,2,OC2,OC1,0.0467803159107917,fd_b01
sim_vowels,fd_b01,fd_b01,1,2,OC2,OC2,0.3575379101810075,fd_b01
sim_vowels,fd_b01,fd_b01,1,2,OC2,OC3,0.0430486948723404,fd_b01
sim_vowels,fd_b01,fd_b01,1,2,OC3,X,0.1490775746472433,fd_b01
sim_vowels,fd_b01,fd_b01,1,2,OC3,OC1,0.083413247961032,fd_b01
sim_vowels,fd_b01,fd_b01,1,2,OC3,OC2,0.0343949117622385,fd_b01
sim_vowels,fd_b01,fd_b01,1,2,OC3,OC3,0.1783845441693735,fd_b01
sim_vowels,ewt_b01,fd_b01,0,0,X,X,0.5331685293259565,ewt_b01 vs fd_b01
sim_vowels,ewt_b01,fd_b01,0,0,X,OC1,0.1749210029290145,ewt_b01 vs fd_b01
sim_vowels,ewt_b01,fd_b01,0,0,X,OC2,0.0211368642423827,ewt_b01 vs fd_b01
sim_vowels,ewt_b01,fd_b01,0,0,X,OC3,0.1045316193718827,ewt_b01 vs fd_b01
sim_vowels,ewt_b01,fd_b01,0,0,OC1,X,0.0667473698889312,ewt_b01 vs fd_b01
sim_vowels,ewt_b01,fd_b01,0,0,OC1,OC1,0.0848202348523295,ewt_b01 vs fd_b01
sim_vowels,ewt_b01,fd_b01,0,0,OC1,OC2,0.0116920436437202,ewt_b01 vs fd_b01
sim_vowels,ewt_b01,fd_b01,0,0,OC1,OC3,0.0168003307759176,ewt_b01 vs fd_b01
sim_vowels,ewt_b01,fd_b01,0,0,OC2,X,0.0804739995088966,ewt_b01 vs fd_b01
sim_vowels,ewt_b01,fd_b01,0,0,OC2,OC1,0.0478856127890612,ewt_b01 vs fd_b01
sim_vowels,ewt_b01,fd_b01,0,0,OC2,OC2,0.0452758964098971,ewt_b01 vs fd_b01
sim_vowels,ewt_b01,fd_b01,0,0,OC2,OC3,0.0191562155401063,ewt_b01 vs fd_b01
sim_vowels,ewt_b01,fd_b01,0,0,OC3,X,0.1066805295765036,ewt_b01 vs fd_b01
sim_vowels,ewt_b01,fd_b01,0,0,OC3,OC1,0.0639506906574949,ewt_b01 vs fd_b01
sim_vowels,ewt_b01,fd_b01,0,0,OC3,OC2,0.0255242248040619,ewt_b01 vs fd_b01
sim_vowels,ewt_b01,fd_b01,0,0,OC3,OC3,0.3848910101898924,ewt_b01 vs fd_b01
