dataset,config,run,factor,mean,std,n,std_over
sim_vowels,ewt_b01,main,vowel,0.8949665100524052,0.01435178156158532,3,seeds
sim_vowels,ewt_b01,main,speaker_frame,0.4569604705478792,0.05443006367623234,3,seeds
sim_vowels,fd_b01,main,vowel,0.8607116281968418,0.01135753435782789,3,seeds
sim_vowels,fd_b01,main,speaker_frame,0.5271517585535763,0.016925518884701105,3,seeds
sim_vowels,ewt_b0,main,vowel,0.9433204032339944,0.003694315997445124,5,folds
sim_vowels,ewt_b0,main,speaker_frame,0.4190339840923801,0.004670134476161575,5,folds
sim_vowels,ewt_b1,main,vowel,0.9187565592856778,0.003680973043512257,5,folds
sim_vowels,ewt_b1,main,speaker_frame,0.4181552919446544,0.005994311167748694,5,folds
sim_vowels,fd_b0,main,vowel,0.9254252263445032,0.004981754675634002,5,folds
sim_vowels,fd_b0,main,speaker_frame,0.5764675979338382,0.009751843875391606,5,folds
sim_vowels,fd_b1,main,vowel,0.8913890884716439,0.005527931275597028,5,folds
sim_vowels,fd_b1,main,speaker_frame,0.47969301037347856,0.003972102592631269,5,folds
sim_vowels,emd_b01,main,vowel,0.7652810505289984,0.005394406345993228,5,folds
sim_vowels,emd_b01,main,speaker_frame,0.2127769909534233,0.004133796472681555,5,folds
sim_vowels,vmd_b01,main,vowel,0.743597115829703,0.002051865778999079,5,folds
sim_vowels,vmd_b01,main,speaker_frame,0.2690039283786649,0.00746155745804392,5,folds
timit,timit_ewt_b01,main,phoneme,0.06886366500759777,0.001364868624794093,5,folds
timit,timit_ewt_b01,main,speaker_frame,0.306282635268865,0.003691331814299103,5,folds
iemocap,iemocap_ewt_b01,main,phoneme,0.005030574599947327,0.0012778583230484133,5,folds
iemocap,iemocap_ewt_b01,main,speaker_frame,0.04986744156710994,0.005682815409492099,5,folds
iemocap,iemocap_ewt_b01,main,cat_emotion_frame,0.14110518093353355,0.006910688888171015,5,folds
VOC_ALS,voc_als_fd_b01,main,king_stage_frame,0.14773942794283737,0.030769408491102095,5,folds
VOC_ALS,voc_als_fd_b01,main,phoneme_frame,0.4975924951802776,0.0060739848266122675,5,folds
VOC_ALS,voc_als_fd_b01,main,speaker_frame,0.3421540394670338,0.005296682586118675,5,folds
VOC_ALS,voc_als_fd_b01,speaker_disjoint,king_stage_frame,0.05365150379627335,0.03802417953939838,5,folds
VOC_ALS,voc_als_fd_b01,speaker_disjoint,phoneme_frame,0.4094077995844736,0.01745011768337849,5,folds
