model,dataset,config,seed,run,fold,factor,value
coupled_fd_b01_s0,sim_coupled,coupled_fd_b01,0,main,0,lag,0.8581494682189574
coupled_fd_b01_s0,sim_coupled,coupled_fd_b01,0,main,1,lag,0.8512422448789888
coupled_fd_b01_s0,sim_coupled,coupled_fd_b01,0,main,2,lag,0.8534963593619299
coupled_fd_b01_s0,sim_coupled,coupled_fd_b01,0,main,3,lag,0.8581194827706992
coupled_fd_b01_s0,sim_coupled,coupled_fd_b01,0,main,4,lag,0.8498216024423529
coupled_fd_b01_s1,sim_coupled,coupled_fd_b01,1,main,0,lag,0.8420822073557027
coupled_fd_b01_s1,sim_coupled,coupled_fd_b01,1,main,1,lag,0.8458272770940495
coupled_fd_b01_s1,sim_coupled,coupled_fd_b01,1,main,2,lag,0.8293659552131522
coupled_fd_b01_s1,sim_coupled,coupled_fd_b01,1,main,3,lag,0.8324018585908194
coupled_fd_b01_s1,sim_coupled,coupled_fd_b01,1,main,4,lag,0.8439635985220328
coupled_fd_b01_s2,sim_coupled,coupled_fd_b01,2,main,0,lag,0.8470227043733488
coupled_fd_b01_s2,sim_coupled,coupled_fd_b01,2,main,1,lag,0.8540770056870078
coupled_fd_b01_s2,sim_coupled,coupled_fd_b01,2,main,2,lag,0.8411235710411397
coupled_fd_b01_s2,sim_coupled,coupled_fd_b01,2,main,3,lag,0.8460960268658979
coupled_fd_b01_s2,sim_coupled,coupled_fd_b01,2,main,4,lag,0.8413230437761906
coupled_fd_b01_s0,sim_coupled,coupled_fd_b01,0,main,0,gain,0.6904356747012144
coupled_fd_b01_s0,sim_coupled,coupled_fd_b01,0,main,1,gain,0.6805577696613576
coupled_fd_b01_s0,sim_coupled,coupled_fd_b01,0,main,2,gain,0.6881158278307559
coupled_fd_b01_s0,sim_coupled,coupled_fd_b01,0,main,3,gain,0.6860033129269735
coupled_fd_b01_s0,sim_coupled,coupled_fd_b01,0,main,4,gain,0.6872085926413324
coupled_fd_b01_s1,sim_coupled,coupled_fd_b01,1,main,0,gain,0.6755173453469528
coupled_fd_b01_s1,sim_coupled,coupled_fd_b01,1,main,1,gain,0.6870981615941663
coupled_fd_b01_s1,sim_coupled,coupled_fd_b01,1,main,2,gain,0.6808283656570091
coupled_fd_b01_s1,sim_coupled,coupled_fd_b01,1,main,3,gain,0.6915891002574867
coupled_fd_b01_s1,sim_coupled,coupled_fd_b01,1,main,4,gain,0.6811970709058629
coupled_fd_b01_s2,sim_coupled,coupled_fd_b01,2,main,0,gain,0.6835880146433456
coupled_fd_b01_s2,sim_coupled,coupled_fd_b01,2,main,1,gain,0.6831560098225145
coupled_fd_b01_s2,sim_coupled,coupled_fd_b01,2,main,2,gain,0.6862652496759125
coupled_fd_b01_s2,sim_coupled,coupled_fd_b01,2,main,3,gain,0.6870395623066045
coupled_fd_b01_s2,sim_coupled,coupled_fd_b01,2,main,4,gain,0.6764439499259969
coupled_fd_b01_s0,sim_coupled,coupled_fd_b01,0,indep,0,lag,0.5384320035138551
coupled_fd_b01_s0,sim_coupled,coupled_fd_b01,0,indep,1,lag,0.5359989279621926
coupled_fd_b01_s0,sim_coupled,coupled_fd_b01,0,indep,2,lag,0.5386268718154884
coupled_fd_b01_s0,sim_coupled,coupled_fd_b01,0,indep,3,lag,0.5373287850365968
coupled_fd_b01_s0,sim_coupled,coupled_fd_b01,0,indep,4,lag,0.53693281968107
coupled_fd_b01_s1,sim_coupled,coupled_fd_b01,1,indep,0,lag,0.5104344558209349
coupled_fd_b01_s1,sim_coupled,coupled_fd_b01,1,indep,1,lag,0.5043571899418744
coupled_fd_b01_s1,sim_coupled,coupled_fd_b01,1,indep,2,lag,0.5028773951772044
coupled_fd_b01_s1,sim_coupled,coupled_fd_b01,1,indep,3,lag,0.5051539092366568
coupled_fd_b01_s1,sim_coupled,coupled_fd_b01,1,indep,4,lag,0.5110453660095341
coupled_fd_b01_s2,sim_coupled,coupled_fd_b01,2,indep,0,lag,0.5187058822161299
coupled_fd_b01_s2,sim_coupled,coupled_fd_b01,2,indep,1,lag,0.5228815179384777
coupled_fd_b01_s2,sim_coupled,coupled_fd_b01,2,indep,2,lag,0.5160306152711658
coupled_fd_b01_s2,sim_coupled,coupled_fd_b01,2,indep,3,lag,0.5202995078755627
coupled_fd_b01_s2,sim_coupled,coupled_fd_b01,2,indep,4,lag,0.5224787039622835
coupled_fd_b01_s0,sim_coupled,coupled_fd_b01,0,indep,0,gain,0.49252393327329824
coupled_fd_b01_s0,sim_coupled,coupled_fd_b01,0,indep,1,gain,0.48787515556496525
coupled_fd_b01_s0,sim_coupled,coupled_fd_b01,0,indep,2,gain,0.48958024171249187
coupled_fd_b01_s0,sim_coupled,coupled_fd_b01,0,indep,3,gain,0.49464912026712526
coupled_fd_b01_s0,sim_coupled,coupled_fd_b01,0,indep,4,gain,0.4947747492667669
coupled_fd_b01_s1,sim_coupled,coupled_fd_b01,1,indep,0,gain,0.37107565756904637
coupled_fd_b01_s1,sim_coupled,coupled_fd_b01,1,indep,1,gain,0.36917413426670215
coupled_fd_b01_s1,sim_coupled,coupled_fd_b01,1,indep,2,gain,0.36927783067130854
coupled_fd_b01_s1,sim_coupled,coupled_fd_b01,1,indep,3,gain,0.3710464751012066
coupled_fd_b01_s1,sim_coupled,coupled_fd_b01,1,indep,4,gain,0.3777713926705383
coupled_fd_b01_s2,sim_coupled,coupled_fd_b01,2,indep,0,gain,0.4549438162366358
coupled_fd_b01_s2,sim_coupled,coupled_fd_b01,2,indep,1,gain,0.45749080968742756
coupled_fd_b01_s2,sim_coupled,coupled_fd_b01,2,indep,2,gain,0.45314973912883183
coupled_fd_b01_s2,sim_coupled,coupled_fd_b01,2,indep,3,gain,0.4580605109063863
coupled_fd_b01_s2,sim_coupled,coupled_fd_b01,2,indep,4,gain,0.45382087708746277
coupled_ewt_b01_s0,sim_coupled,coupled_ewt_b01,0,main,0,lag,0.8772916918663259
coupled_ewt_b01_s0,sim_coupled,coupled_ewt_b01,0,main,1,lag,0.8814415170845269
coupled_ewt_b01_s0,sim_coupled,coupled_ewt_b01,0,main,2,lag,0.8826979606013737
coupled_ewt_b01_s0,sim_coupled,coupled_ewt_b01,0,main,3,lag,0.8820668488256805
coupled_ewt_b01_s0,sim_coupled,coupled_ewt_b01,0,main,4,lag,0.8777595841311808
coupled_ewt_b01_s0,sim_coupled,coupled_ewt_b01,0,main,0,gain,0.7150750999895911
coupled_ewt_b01_s0,sim_coupled,coupled_ewt_b01,0,main,1,gain,0.7144527540572526
coupled_ewt_b01_s0,sim_coupled,coupled_ewt_b01,0,main,2,gain,0.7208339692554535
coupled_ewt_b01_s0,sim_coupled,coupled_ewt_b01,0,main,3,gain,0.7069571652765777
coupled_ewt_b01_s0,sim_coupled,coupled_ewt_b01,0,main,4,gain,0.7240967523914316
coupled_ewt_b01_s0,sim_coupled,coupled_ewt_b01,0,indep,0,lag,0.6318206881092359
coupled_ewt_b01_s0,sim_coupled,coupled_ewt_b01,0,indep,1,lag,0.6332206860538669
coupled_ewt_b01_s0,sim_coupled,coupled_ewt_b01,0,indep,2,lag,0.6260427187761521
coupled_ewt_b01_s0,sim_coupled,coupled_ewt_b01,0,indep,3,lag,0.6258902401576435
coupled_ewt_b01_s0,sim_coupled,coupled_ewt_b01,0,indep,4,lag,0.6292716801058079
coupled_ewt_b01_s0,sim_coupled,coupled_ewt_b01,0,indep,0,gain,0.4880529984867309
coupled_ewt_b01_s0,sim_coupled,coupled_ewt_b01,0,indep,1,gain,0.4860022520604947
coupled_ewt_b01_s0,sim_coupled,coupled_ewt_b01,0,indep,2,gain,0.483388813236457
coupled_ewt_b01_s0,sim_coupled,coupled_ewt_b01,0,indep,3,gain,0.48546324587747647
coupled_ewt_b01_s0,sim_coupled,coupled_ewt_b01,0,indep,4,gain,0.4838635397522748
