model,dataset,config,seed,run,matrix,subspace,factor,main,indep,main_minus_indep
coupled_fd_b01_s0,sim_coupled,coupled_fd_b01,0,indep,P,X,lag,0.8522313205700197,0.5169196838464757,0.335311636723544
coupled_fd_b01_s0,sim_coupled,coupled_fd_b01,0,indep,P,X,gain,0.6857001237647592,0.49295747126030853,0.19274265250445066
coupled_fd_b01_s0,sim_coupled,coupled_fd_b01,0,indep,P,OC1,lag,0.29303642769799565,0.18399259569444187,0.10904383200355378
coupled_fd_b01_s0,sim_coupled,coupled_fd_b01,0,indep,P,OC1,gain,0.16788885556059258,0.12377539987344188,0.04411345568715069
coupled_fd_b01_s0,sim_coupled,coupled_fd_b01,0,indep,P,OC2,lag,0.29221850528834825,0.15526833040329108,0.13695017488505717
coupled_fd_b01_s0,sim_coupled,coupled_fd_b01,0,indep,P,OC2,gain,0.2141372794098258,0.1790226683457673,0.0351146110640585
coupled_fd_b01_s0,sim_coupled,coupled_fd_b01,0,indep,P,OC3,lag,0.2328333180838674,0.05362676779428803,0.17920655028957938
coupled_fd_b01_s0,sim_coupled,coupled_fd_b01,0,indep,P,OC3,gain,0.2416776567950821,0.24833629905774499,-0.006658642262662884
coupled_fd_b01_s1,sim_coupled,coupled_fd_b01,1,indep,P,X,lag,0.8175514647087919,0.4446441848009213,0.3729072799078706
coupled_fd_b01_s1,sim_coupled,coupled_fd_b01,1,indep,P,X,gain,0.6808903621743776,0.31928554277210963,0.36160481940226796
coupled_fd_b01_s1,sim_coupled,coupled_fd_b01,1,indep,P,OC1,lag,0.2863703402652715,0.13975609653645274,0.14661424372881873
coupled_fd_b01_s1,sim_coupled,coupled_fd_b01,1,indep,P,OC1,gain,0.17889087878338827,0.15310503975072826,0.02578583903266002
coupled_fd_b01_s1,sim_coupled,coupled_fd_b01,1,indep,P,OC2,lag,0.2939256497343391,0.16780002089448548,0.12612562883985362
coupled_fd_b01_s1,sim_coupled,coupled_fd_b01,1,indep,P,OC2,gain,0.21969212316728698,0.17714701697766608,0.0425451061896209
coupled_fd_b01_s1,sim_coupled,coupled_fd_b01,1,indep,P,OC3,lag,0.22935439666220597,0.06729413835320701,0.16206025830899895
coupled_fd_b01_s1,sim_coupled,coupled_fd_b01,1,indep,P,OC3,gain,0.22727311300174463,0.21263859267117496,0.014634520330569667
coupled_fd_b01_s2,sim_coupled,coupled_fd_b01,2,indep,P,X,lag,0.82788202742794,0.4572790350706839,0.37060299235725613
coupled_fd_b01_s2,sim_coupled,coupled_fd_b01,2,indep,P,X,gain,0.6757672371558634,0.40286124492721703,0.27290599222864637
coupled_fd_b01_s2,sim_coupled,coupled_fd_b01,2,indep,P,OC1,lag,0.3188185394198223,0.15860500022545898,0.16021353919436332
coupled_fd_b01_s2,sim_coupled,coupled_fd_b01,2,indep,P,OC1,gain,0.20951626053779507,0.15765205749056524,0.05186420304722983
coupled_fd_b01_s2,sim_coupled,coupled_fd_b01,2,indep,P,OC2,lag,0.32820324033949205,0.16539865702063725,0.1628045833188548
coupled_fd_b01_s2,sim_coupled,coupled_fd_b01,2,indep,P,OC2,gain,0.24242152742404272,0.21950914967007146,0.022912377753971258
coupled_fd_b01_s2,sim_coupled,coupled_fd_b01,2,indep,P,OC3,lag,0.23894841410253057,0.06645463113486623,0.17249378296766432
coupled_fd_b01_s2,sim_coupled,coupled_fd_b01,2,indep,P,OC3,gain,0.2372473240952969,0.25412977932898634,-0.016882455233689447
coupled_fd_b01_s0,sim_coupled,coupled_fd_b01,0,indep,A,X,lag,0.3780989202440881,0.26372843202851476,0.11437048821557333
coupled_fd_b01_s0,sim_coupled,coupled_fd_b01,0,indep,A,X,gain,0.3597108442809272,0.23086262923800974,0.12884821504291746
coupled_fd_b01_s0,sim_coupled,coupled_fd_b01,0,indep,A,OC1,lag,0.003796831009115631,0.008501414927841644,-0.004704583918726014
coupled_fd_b01_s0,sim_coupled,coupled_fd_b01,0,indep,A,OC1,gain,-0.0010020212378888393,-0.004828908880240601,0.0038268876423517614
coupled_fd_b01_s0,sim_coupled,coupled_fd_b01,0,indep,A,OC2,lag,0.00470947477530852,0.008962911358721893,-0.004253436583413373
coupled_fd_b01_s0,sim_coupled,coupled_fd_b01,0,indep,A,OC2,gain,-0.0005455694958090174,0.00022968407587611316,-0.0007752535716851306
coupled_fd_b01_s0,sim_coupled,coupled_fd_b01,0,indep,A,OC3,lag,-0.0010926780445599915,0.0018991396650833714,-0.002991817709643363
coupled_fd_b01_s0,sim_coupled,coupled_fd_b01,0,indep,A,OC3,gain,-0.0008946072719542508,0.0033123349149980497,-0.004206942186952301
coupled_fd_b01_s1,sim_coupled,coupled_fd_b01,1,indep,A,X,lag,0.3838308834007188,0.2724347160515884,0.11139616734913038
coupled_fd_b01_s1,sim_coupled,coupled_fd_b01,1,indep,A,X,gain,0.36888899179447254,0.10620036293441053,0.262688628860062
coupled_fd_b01_s1,sim_coupled,coupled_fd_b01,1,indep,A,OC1,lag,0.0058570081642545626,0.020242781748045936,-0.014385773583791374
coupled_fd_b01_s1,sim_coupled,coupled_fd_b01,1,indep,A,OC1,gain,-0.0005518086459949112,0.01685578172933787,-0.017407590375332783
coupled_fd_b01_s1,sim_coupled,coupled_fd_b01,1,indep,A,OC2,lag,0.008422992061182888,0.02674150508940819,-0.018318513028225306
coupled_fd_b01_s1,sim_coupled,coupled_fd_b01,1,indep,A,OC2,gain,0.001045203409524209,0.009649058115451147,-0.008603854705926938
coupled_fd_b01_s1,sim_coupled,coupled_fd_b01,1,indep,A,OC3,lag,0.003765814186937955,0.008716176697229194,-0.004950362510291239
coupled_fd_b01_s1,sim_coupled,coupled_fd_b01,1,indep,A,OC3,gain,-0.00015473314457015164,0.011265987078532113,-0.011420720223102265
coupled_fd_b01_s2,sim_coupled,coupled_fd_b01,2,indep,A,X,lag,0.35229861360538955,0.2726726868591138,0.07962592674627578
coupled_fd_b01_s2,sim_coupled,coupled_fd_b01,2,indep,A,X,gain,0.3480026743725483,0.167786752235939,0.18021592213660928
coupled_fd_b01_s2,sim_coupled,coupled_fd_b01,2,indep,A,OC1,lag,0.0077747624614535,0.01577474753533752,-0.00799998507388402
coupled_fd_b01_s2,sim_coupled,coupled_fd_b01,2,indep,A,OC1,gain,0.0017309591394396363,0.005344326758906481,-0.0036133676194668447
coupled_fd_b01_s2,sim_coupled,coupled_fd_b01,2,indep,A,OC2,lag,0.0066241910845483256,0.020190082743819504,-0.01356589165927118
coupled_fd_b01_s2,sim_coupled,coupled_fd_b01,2,indep,A,OC2,gain,0.0010283587786563465,0.006488905535512179,-0.005460546756855833
coupled_fd_b01_s2,sim_coupled,coupled_fd_b01,2,indep,A,OC3,lag,0.0018826467843940265,0.015930184569109017,-0.01404753778471499
coupled_fd_b01_s2,sim_coupled,coupled_fd_b01,2,indep,A,OC3,gain,0.004040505753836387,0.018969793279688684,-0.014929287525852297
coupled_fd_b01_s0,sim_coupled,coupled_fd_b01,0,indep,T,X,lag,0.7615568091852802,0.48221201712964845,0.2793447920556318
coupled_fd_b01_s0,sim_coupled,coupled_fd_b01,0,indep,T,X,gain,0.6526816336969723,0.4149436823807484,0.23773795131622388
coupled_fd_b01_s0,sim_coupled,coupled_fd_b01,0,indep,T,OC1,lag,0.050453923201361994,0.033047886751466644,0.01740603644989535
coupled_fd_b01_s0,sim_coupled,coupled_fd_b01,0,indep,T,OC1,gain,0.03100276639044197,0.022625066646870595,0.008377699743571377
coupled_fd_b01_s0,sim_coupled,coupled_fd_b01,0,indep,T,OC2,lag,0.03859900842744809,0.03274644555538922,0.005852562872058868
coupled_fd_b01_s0,sim_coupled,coupled_fd_b01,0,indep,T,OC2,gain,0.02595301889778314,0.024547166620835975,0.0014058522769471657
coupled_fd_b01_s0,sim_coupled,coupled_fd_b01,0,indep,T,OC3,lag,0.008259187447108591,0.010626386259683407,-0.0023671988125748156
coupled_fd_b01_s0,sim_coupled,coupled_fd_b01,0,indep,T,OC3,gain,0.04306812555670427,0.046657999896590086,-0.0035898743398858138
coupled_fd_b01_s1,sim_coupled,coupled_fd_b01,1,indep,T,X,lag,0.6944644704760635,0.4133771486731196,0.28108732180294393
coupled_fd_b01_s1,sim_coupled,coupled_fd_b01,1,indep,T,X,gain,0.6583195003744647,0.3610736444841141,0.29724585589035063
coupled_fd_b01_s1,sim_coupled,coupled_fd_b01,1,indep,T,OC1,lag,0.042972576489139734,0.033745618082947924,0.00922695840619181
coupled_fd_b01_s1,sim_coupled,coupled_fd_b01,1,indep,T,OC1,gain,0.02805243996556427,0.031077398179695726,-0.003024958214131457
coupled_fd_b01_s1,sim_coupled,coupled_fd_b01,1,indep,T,OC2,lag,0.03972620120847055,0.037125014794798114,0.002601186413672435
coupled_fd_b01_s1,sim_coupled,coupled_fd_b01,1,indep,T,OC2,gain,0.029048189232663335,0.03025277158619291,-0.0012045823535295763
coupled_fd_b01_s1,sim_coupled,coupled_fd_b01,1,indep,T,OC3,lag,0.01659927166149445,0.02311139806238711,-0.006512126400892663
coupled_fd_b01_s1,sim_coupled,coupled_fd_b01,1,indep,T,OC3,gain,0.041714106294041174,0.04126619773482671,0.00044790855921446326
coupled_fd_b01_s2,sim_coupled,coupled_fd_b01,2,indep,T,X,lag,0.7065782309232475,0.3992608509564089,0.30731737996683856
coupled_fd_b01_s2,sim_coupled,coupled_fd_b01,2,indep,T,X,gain,0.6340779396358427,0.3508815082234866,0.28319643141235606
coupled_fd_b01_s2,sim_coupled,coupled_fd_b01,2,indep,T,OC1,lag,0.04629599715440479,0.042847424563095864,0.0034485725913089293
coupled_fd_b01_s2,sim_coupled,coupled_fd_b01,2,indep,T,OC1,gain,0.03165483268692576,0.03059368760396967,0.0010611450829560894
coupled_fd_b01_s2,sim_coupled,coupled_fd_b01,2,indep,T,OC2,lag,0.02899706897402458,0.04481826983354389,-0.015821200859519307
coupled_fd_b01_s2,sim_coupled,coupled_fd_b01,2,indep,T,OC2,gain,0.02994088554852205,0.03496240180399907,-0.005021516255477022
coupled_fd_b01_s2,sim_coupled,coupled_fd_b01,2,indep,T,OC3,lag,0.018916752051581557,0.0320441907125288,-0.013127438660947243
coupled_fd_b01_s2,sim_coupled,coupled_fd_b01,2,indep,T,OC3,gain,0.047204174616082215,0.049521847466425205,-0.0023176728503429903
coupled_fd_b01_s0,sim_coupled,coupled_fd_b01,0,indep,T_ctrl,X,lag,0.027512048707094384,0.03640528200449546,-0.008893233297401073
coupled_fd_b01_s0,sim_coupled,coupled_fd_b01,0,indep,T_ctrl,X,gain,0.09782739979485111,0.06380780944980435,0.03401959034504676
coupled_fd_b01_s0,sim_coupled,coupled_fd_b01,0,indep,T_ctrl,OC1,lag,0.019527439553528987,0.013632885843071369,0.005894553710457618
coupled_fd_b01_s0,sim_coupled,coupled_fd_b01,0,indep,T_ctrl,OC1,gain,0.022685439655340457,0.01559750046145984,0.007087939193880618
coupled_fd_b01_s0,sim_coupled,coupled_fd_b01,0,indep,T_ctrl,OC2,lag,0.015221329313247147,0.015132359855331096,8.89694579160518e-05
coupled_fd_b01_s0,sim_coupled,coupled_fd_b01,0,indep,T_ctrl,OC2,gain,0.01916944168094303,0.018507617360181673,0.0006618243207613568
coupled_fd_b01_s0,sim_coupled,coupled_fd_b01,0,indep,T_ctrl,OC3,lag,0.006475944039218076,0.009770759795333886,-0.00329481575611581
coupled_fd_b01_s0,sim_coupled,coupled_fd_b01,0,indep,T_ctrl,OC3,gain,0.020717540681993718,0.022198059141303104,-0.0014805184593093858
coupled_fd_b01_s1,sim_coupled,coupled_fd_b01,1,indep,T_ctrl,X,lag,0.032683595278275995,0.04482009272595543,-0.012136497447679431
coupled_fd_b01_s1,sim_coupled,coupled_fd_b01,1,indep,T_ctrl,X,gain,0.10295545547502076,0.06879924974962752,0.03415620572539324
coupled_fd_b01_s1,sim_coupled,coupled_fd_b01,1,indep,T_ctrl,OC1,lag,0.016260572153185902,0.016572248050643855,-0.00031167589745795254
coupled_fd_b01_s1,sim_coupled,coupled_fd_b01,1,indep,T_ctrl,OC1,gain,0.021196794951472746,0.017746618637245613,0.003450176314227133
coupled_fd_b01_s1,sim_coupled,coupled_fd_b01,1,indep,T_ctrl,OC2,lag,0.014380692113775462,0.019086784511057643,-0.004706092397282181
coupled_fd_b01_s1,sim_coupled,coupled_fd_b01,1,indep,T_ctrl,OC2,gain,0.018710437391207736,0.017864508843323242,0.000845928547884494
coupled_fd_b01_s1,sim_coupled,coupled_fd_b01,1,indep,T_ctrl,OC3,lag,0.009150668034707304,0.013738688564930499,-0.004588020530223195
coupled_fd_b01_s1,sim_coupled,coupled_fd_b01,1,indep,T_ctrl,OC3,gain,0.02633002856004073,0.02487699740364614,0.0014530311563945922
coupled_fd_b01_s2,sim_coupled,coupled_fd_b01,2,indep,T_ctrl,X,lag,0.029484542667139797,0.05138104977684742,-0.02189650710970762
coupled_fd_b01_s2,sim_coupled,coupled_fd_b01,2,indep,T_ctrl,X,gain,0.09837745402113846,0.06828090129128314,0.030096552729855314
coupled_fd_b01_s2,sim_coupled,coupled_fd_b01,2,indep,T_ctrl,OC1,lag,0.015108186881084774,0.019819451610246085,-0.004711264729161311
coupled_fd_b01_s2,sim_coupled,coupled_fd_b01,2,indep,T_ctrl,OC1,gain,0.02094741127518547,0.017865062943427927,0.0030823483317575437
coupled_fd_b01_s2,sim_coupled,coupled_fd_b01,2,indep,T_ctrl,OC2,lag,0.013483827267067419,0.020897692569155673,-0.007413865302088254
coupled_fd_b01_s2,sim_coupled,coupled_fd_b01,2,indep,T_ctrl,OC2,gain,0.018747180784414685,0.018559614576969866,0.0001875662074448184
coupled_fd_b01_s2,sim_coupled,coupled_fd_b01,2,indep,T_ctrl,OC3,lag,0.009417988856006563,0.017044381119929026,-0.007626392263922463
coupled_fd_b01_s2,sim_coupled,coupled_fd_b01,2,indep,T_ctrl,OC3,gain,0.02544995682310317,0.025821190193113512,-0.0003712333700103404
coupled_fd_b01_s0,sim_coupled,coupled_fd_b01,0,indep,dT,X,lag,0.7340447604781858,0.445806735125153,0.2882380253530328
coupled_fd_b01_s0,sim_coupled,coupled_fd_b01,0,indep,dT,X,gain,0.5548542339021212,0.351135872930944,0.20371836097117718
coupled_fd_b01_s0,sim_coupled,coupled_fd_b01,0,indep,dT,OC1,lag,0.030926483647833004,0.019415000908395277,0.011511482739437726
coupled_fd_b01_s0,sim_coupled,coupled_fd_b01,0,indep,dT,OC1,gain,0.008317326735101516,0.0070275661854107595,0.0012897605496907565
coupled_fd_b01_s0,sim_coupled,coupled_fd_b01,0,indep,dT,OC2,lag,0.02337767911420094,0.017614085700058124,0.005763593414142815
coupled_fd_b01_s0,sim_coupled,coupled_fd_b01,0,indep,dT,OC2,gain,0.006783577216840112,0.006039549260654302,0.0007440279561858098
coupled_fd_b01_s0,sim_coupled,coupled_fd_b01,0,indep,dT,OC3,lag,0.0017832434078905173,0.0008556264643495209,0.0009276169435409963
coupled_fd_b01_s0,sim_coupled,coupled_fd_b01,0,indep,dT,OC3,gain,0.022350584874710554,0.024459940755286985,-0.0021093558805764315
coupled_fd_b01_s1,sim_coupled,coupled_fd_b01,1,indep,dT,X,lag,0.6617808751977874,0.36855705594716415,0.29322381925062324
coupled_fd_b01_s1,sim_coupled,coupled_fd_b01,1,indep,dT,X,gain,0.555364044899444,0.2922743947344865,0.2630896501649575
coupled_fd_b01_s1,sim_coupled,coupled_fd_b01,1,indep,dT,OC1,lag,0.026712004335953842,0.01717337003230407,0.009538634303649773
coupled_fd_b01_s1,sim_coupled,coupled_fd_b01,1,indep,dT,OC1,gain,0.006855645014091525,0.013330779542450114,-0.006475134528358588
coupled_fd_b01_s1,sim_coupled,coupled_fd_b01,1,indep,dT,OC2,lag,0.02534550909469509,0.018038230283740464,0.007307278810954627
coupled_fd_b01_s1,sim_coupled,coupled_fd_b01,1,indep,dT,OC2,gain,0.0103377518414556,0.01238826274286967,-0.0020505109014140686
coupled_fd_b01_s1,sim_coupled,coupled_fd_b01,1,indep,dT,OC3,lag,0.007448603626787143,0.009372709497456612,-0.0019241058706694694
coupled_fd_b01_s1,sim_coupled,coupled_fd_b01,1,indep,dT,OC3,gain,0.015384077734000445,0.01638920033118057,-0.0010051225971801237
coupled_fd_b01_s2,sim_coupled,coupled_fd_b01,2,indep,dT,X,lag,0.6770936882561076,0.34787980117956147,0.32921388707654614
coupled_fd_b01_s2,sim_coupled,coupled_fd_b01,2,indep,dT,X,gain,0.5357004856147043,0.28260060693220346,0.25309987868250083
coupled_fd_b01_s2,sim_coupled,coupled_fd_b01,2,indep,dT,OC1,lag,0.031187810273320023,0.023027972952849786,0.008159837320470237
coupled_fd_b01_s2,sim_coupled,coupled_fd_b01,2,indep,dT,OC1,gain,0.010707421411740288,0.012728624660541745,-0.002021203248801458
coupled_fd_b01_s2,sim_coupled,coupled_fd_b01,2,indep,dT,OC2,lag,0.01551324170695716,0.02392057726438821,-0.008407335557431051
coupled_fd_b01_s2,sim_coupled,coupled_fd_b01,2,indep,dT,OC2,gain,0.011193704764107368,0.016402787227029206,-0.005209082462921838
coupled_fd_b01_s2,sim_coupled,coupled_fd_b01,2,indep,dT,OC3,lag,0.009498763195574992,0.014999809592599778,-0.005501046397024785
coupled_fd_b01_s2,sim_coupled,coupled_fd_b01,2,indep,dT,OC3,gain,0.021754217792979043,0.023700657273311696,-0.0019464394803326533
coupled_fd_b01_s0,sim_coupled,coupled_fd_b01,0,indep,O,X,lag,0.277150420968875,0.36671311782726024,-0.08956269685838525
coupled_fd_b01_s0,sim_coupled,coupled_fd_b01,0,indep,O,X,gain,0.10574537078048026,0.3027489331007321,-0.19700356232025185
coupled_fd_b01_s0,sim_coupled,coupled_fd_b01,0,indep,O,OC1,lag,0.05486075342936366,0.07996967194807639,-0.025108918518712726
coupled_fd_b01_s0,sim_coupled,coupled_fd_b01,0,indep,O,OC1,gain,0.042101276146065264,0.06160096865331168,-0.019499692507246418
coupled_fd_b01_s0,sim_coupled,coupled_fd_b01,0,indep,O,OC2,lag,0.044355397551111786,0.07567667961082805,-0.031321282059716266
coupled_fd_b01_s0,sim_coupled,coupled_fd_b01,0,indep,O,OC2,gain,0.03311843256894851,0.07165823984679855,-0.03853980727785004
coupled_fd_b01_s0,sim_coupled,coupled_fd_b01,0,indep,O,OC3,lag,0.07800467404154357,0.09995028449583773,-0.021945610454294162
coupled_fd_b01_s0,sim_coupled,coupled_fd_b01,0,indep,O,OC3,gain,0.02006801230657577,0.04047825380232774,-0.020410241495751966
coupled_fd_b01_s1,sim_coupled,coupled_fd_b01,1,indep,O,X,lag,0.27768499169463723,0.39520886132662814,-0.11752386963199091
coupled_fd_b01_s1,sim_coupled,coupled_fd_b01,1,indep,O,X,gain,0.1327813784804,0.3104072606604754,-0.1776258821800754
coupled_fd_b01_s1,sim_coupled,coupled_fd_b01,1,indep,O,OC1,lag,0.04551210418387155,0.07060087697326387,-0.025088772789392318
coupled_fd_b01_s1,sim_coupled,coupled_fd_b01,1,indep,O,OC1,gain,0.036485364948620105,0.07718563898231519,-0.04070027403369508
coupled_fd_b01_s1,sim_coupled,coupled_fd_b01,1,indep,O,OC2,lag,0.04283913792269793,0.08162142250198776,-0.038782284579289825
coupled_fd_b01_s1,sim_coupled,coupled_fd_b01,1,indep,O,OC2,gain,0.03559830083208047,0.09214955501719249,-0.05655125418511202
coupled_fd_b01_s1,sim_coupled,coupled_fd_b01,1,indep,O,OC3,lag,0.06752408246293001,0.09379977273939988,-0.026275690276469865
coupled_fd_b01_s1,sim_coupled,coupled_fd_b01,1,indep,O,OC3,gain,0.028052897236172592,0.06602280635311004,-0.037969909116937456
coupled_fd_b01_s2,sim_coupled,coupled_fd_b01,2,indep,O,X,lag,0.28018716259306065,0.32597101919553034,-0.0457838566024697
coupled_fd_b01_s2,sim_coupled,coupled_fd_b01,2,indep,O,X,gain,0.12647979988471944,0.32062184346868305,-0.1941420435839636
coupled_fd_b01_s2,sim_coupled,coupled_fd_b01,2,indep,O,OC1,lag,0.04629634480731267,0.07681298011507516,-0.03051663530776249
coupled_fd_b01_s2,sim_coupled,coupled_fd_b01,2,indep,O,OC1,gain,0.03888593489255929,0.10829382108309686,-0.06940788619053757
coupled_fd_b01_s2,sim_coupled,coupled_fd_b01,2,indep,O,OC2,lag,0.04693585575511169,0.07215121279905598,-0.025215357043944293
coupled_fd_b01_s2,sim_coupled,coupled_fd_b01,2,indep,O,OC2,gain,0.03223061704333894,0.11211555642922659,-0.07988493938588764
coupled_fd_b01_s2,sim_coupled,coupled_fd_b01,2,indep,O,OC3,lag,0.08471174582486132,0.10503769280546615,-0.02032594698060483
coupled_fd_b01_s2,sim_coupled,coupled_fd_b01,2,indep,O,OC3,gain,0.03232047874093004,0.09496538069570751,-0.06264490195477747
coupled_fd_b01_s0,sim_coupled,coupled_fd_b01,0,indep,O_ctrl,X,lag,0.22218551186389757,0.24437072077288394,-0.02218520890898637
coupled_fd_b01_s0,sim_coupled,coupled_fd_b01,0,indep,O_ctrl,X,gain,0.07710464961328224,0.14272378385776924,-0.065619134244487
coupled_fd_b01_s0,sim_coupled,coupled_fd_b01,0,indep,O_ctrl,OC1,lag,0.05106583049199824,0.07170048458621243,-0.020634654094214194
coupled_fd_b01_s0,sim_coupled,coupled_fd_b01,0,indep,O_ctrl,OC1,gain,0.036730422591458735,0.052133932774615255,-0.01540351018315652
coupled_fd_b01_s0,sim_coupled,coupled_fd_b01,0,indep,O_ctrl,OC2,lag,0.04469773590961945,0.07276774368254305,-0.028070007772923594
coupled_fd_b01_s0,sim_coupled,coupled_fd_b01,0,indep,O_ctrl,OC2,gain,0.03421093390886614,0.057847116778870444,-0.023636182870004303
coupled_fd_b01_s0,sim_coupled,coupled_fd_b01,0,indep,O_ctrl,OC3,lag,0.050578296077261366,0.08273272977220729,-0.03215443369494592
coupled_fd_b01_s0,sim_coupled,coupled_fd_b01,0,indep,O_ctrl,OC3,gain,0.018106415682525318,0.03638737842172294,-0.01828096273919762
coupled_fd_b01_s1,sim_coupled,coupled_fd_b01,1,indep,O_ctrl,X,lag,0.2215162273088554,0.2737380139961271,-0.05222178668727173
coupled_fd_b01_s1,sim_coupled,coupled_fd_b01,1,indep,O_ctrl,X,gain,0.09038673222565277,0.1877548649158165,-0.09736813269016373
coupled_fd_b01_s1,sim_coupled,coupled_fd_b01,1,indep,O_ctrl,OC1,lag,0.03984608047299626,0.06968872016965807,-0.029842639696661816
coupled_fd_b01_s1,sim_coupled,coupled_fd_b01,1,indep,O_ctrl,OC1,gain,0.03294769702320878,0.06589178802266674,-0.032944090999457956
coupled_fd_b01_s1,sim_coupled,coupled_fd_b01,1,indep,O_ctrl,OC2,lag,0.04305694033217805,0.07143915017332078,-0.02838220984114273
coupled_fd_b01_s1,sim_coupled,coupled_fd_b01,1,indep,O_ctrl,OC2,gain,0.040231029051185654,0.06867114232167187,-0.02844011327048622
coupled_fd_b01_s1,sim_coupled,coupled_fd_b01,1,indep,O_ctrl,OC3,lag,0.052097595889725554,0.08525100688438,-0.03315341099465445
coupled_fd_b01_s1,sim_coupled,coupled_fd_b01,1,indep,O_ctrl,OC3,gain,0.025239561151641728,0.05265046845976172,-0.027410907308119993
coupled_fd_b01_s2,sim_coupled,coupled_fd_b01,2,indep,O_ctrl,X,lag,0.21645602488173643,0.27359909049603026,-0.05714306561429383
coupled_fd_b01_s2,sim_coupled,coupled_fd_b01,2,indep,O_ctrl,X,gain,0.08788636562211763,0.19745223089587333,-0.1095658652737557
coupled_fd_b01_s2,sim_coupled,coupled_fd_b01,2,indep,O_ctrl,OC1,lag,0.041590925011314936,0.07264696396241621,-0.031056038951101275
coupled_fd_b01_s2,sim_coupled,coupled_fd_b01,2,indep,O_ctrl,OC1,gain,0.034939393838084705,0.08274606262387768,-0.047806668785792976
coupled_fd_b01_s2,sim_coupled,coupled_fd_b01,2,indep,O_ctrl,OC2,lag,0.04149797553001594,0.07082899468807564,-0.029331019158059704
coupled_fd_b01_s2,sim_coupled,coupled_fd_b01,2,indep,O_ctrl,OC2,gain,0.033559228322396384,0.0830008123227712,-0.04944158400037482
coupled_fd_b01_s2,sim_coupled,coupled_fd_b01,2,indep,O_ctrl,OC3,lag,0.056857968215987834,0.08621745185535686,-0.02935948363936902
coupled_fd_b01_s2,sim_coupled,coupled_fd_b01,2,indep,O_ctrl,OC3,gain,0.024137269536281397,0.06877565372529187,-0.04463838418901048
coupled_fd_b01_s0,sim_coupled,coupled_fd_b01,0,indep,dO,X,lag,0.05496490910497748,0.12234239705437622,-0.06737748794939874
coupled_fd_b01_s0,sim_coupled,coupled_fd_b01,0,indep,dO,X,gain,0.028640721167198013,0.16002514924296285,-0.13138442807576484
coupled_fd_b01_s0,sim_coupled,coupled_fd_b01,0,indep,dO,OC1,lag,0.003794922937365426,0.008269187361863961,-0.004474264424498536
coupled_fd_b01_s0,sim_coupled,coupled_fd_b01,0,indep,dO,OC1,gain,0.005370853554606536,0.00946703587869643,-0.004096182324089894
coupled_fd_b01_s0,sim_coupled,coupled_fd_b01,0,indep,dO,OC2,lag,-0.0003423383585076642,0.0029089359282850253,-0.0032512742867926896
coupled_fd_b01_s0,sim_coupled,coupled_fd_b01,0,indep,dO,OC2,gain,-0.0010925013399176356,0.013811123067928097,-0.014903624407845732
coupled_fd_b01_s0,sim_coupled,coupled_fd_b01,0,indep,dO,OC3,lag,0.0274263779642822,0.017217554723630447,0.010208823240651754
coupled_fd_b01_s0,sim_coupled,coupled_fd_b01,0,indep,dO,OC3,gain,0.0019615966240504558,0.004090875380604796,-0.00212927875655434
coupled_fd_b01_s1,sim_coupled,coupled_fd_b01,1,indep,dO,X,lag,0.05616876438578185,0.12147084733050098,-0.06530208294471913
coupled_fd_b01_s1,sim_coupled,coupled_fd_b01,1,indep,dO,X,gain,0.042394646254747204,0.12265239574465894,-0.08025774948991174
coupled_fd_b01_s1,sim_coupled,coupled_fd_b01,1,indep,dO,OC1,lag,0.005666023710875295,0.0009121568036057959,0.0047538669072695
coupled_fd_b01_s1,sim_coupled,coupled_fd_b01,1,indep,dO,OC1,gain,0.0035376679254113296,0.011293850959648443,-0.007756183034237114
coupled_fd_b01_s1,sim_coupled,coupled_fd_b01,1,indep,dO,OC2,lag,-0.00021780240948011677,0.010182272328666976,-0.010400074738147093
coupled_fd_b01_s1,sim_coupled,coupled_fd_b01,1,indep,dO,OC2,gain,-0.0046327282191051785,0.023478412695520604,-0.02811114091462578
coupled_fd_b01_s1,sim_coupled,coupled_fd_b01,1,indep,dO,OC3,lag,0.01542648657320445,0.00854876585501986,0.00687772071818459
coupled_fd_b01_s1,sim_coupled,coupled_fd_b01,1,indep,dO,OC3,gain,0.0028133360845308646,0.013372337893348313,-0.010559001808817449
coupled_fd_b01_s2,sim_coupled,coupled_fd_b01,2,indep,dO,X,lag,0.06373113771132427,0.05237192869950006,0.01135920901182421
coupled_fd_b01_s2,sim_coupled,coupled_fd_b01,2,indep,dO,X,gain,0.0385934342626018,0.12316961257280976,-0.08457617831020796
coupled_fd_b01_s2,sim_coupled,coupled_fd_b01,2,indep,dO,OC1,lag,0.004705419795997728,0.004166016152658947,0.0005394036433387815
coupled_fd_b01_s2,sim_coupled,coupled_fd_b01,2,indep,dO,OC1,gain,0.0039465410544745816,0.025547758459219173,-0.02160121740474459
coupled_fd_b01_s2,sim_coupled,coupled_fd_b01,2,indep,dO,OC2,lag,0.005437880225095733,0.00132221811098035,0.004115662114115383
coupled_fd_b01_s2,sim_coupled,coupled_fd_b01,2,indep,dO,OC2,gain,-0.0013286112790574464,0.029114744106455388,-0.030443355385512835
coupled_fd_b01_s2,sim_coupled,coupled_fd_b01,2,indep,dO,OC3,lag,0.02785377760887351,0.01882024095010931,0.009033536658764201
coupled_fd_b01_s2,sim_coupled,coupled_fd_b01,2,indep,dO,OC3,gain,0.008183209204648639,0.02618972697041564,-0.018006517765767
coupled_fd_b01_s0,sim_coupled,coupled_fd_b01,0,indep,block_importance,X,lag,0.8885632285365863,0.8885632285365863,0.0
coupled_fd_b01_s0,sim_coupled,coupled_fd_b01,0,indep,block_importance,X,gain,0.9219448601162992,0.9219448601162992,0.0
coupled_fd_b01_s0,sim_coupled,coupled_fd_b01,0,indep,block_importance,OC1,lag,0.03222149418289196,0.03222149418289196,0.0
coupled_fd_b01_s0,sim_coupled,coupled_fd_b01,0,indep,block_importance,OC1,gain,0.018482223218875743,0.018482223218875743,0.0
coupled_fd_b01_s0,sim_coupled,coupled_fd_b01,0,indep,block_importance,OC2,lag,0.035933428360585204,0.035933428360585204,0.0
coupled_fd_b01_s0,sim_coupled,coupled_fd_b01,0,indep,block_importance,OC2,gain,0.019104995124397884,0.019104995124397884,0.0
coupled_fd_b01_s0,sim_coupled,coupled_fd_b01,0,indep,block_importance,OC3,lag,0.0432818489199364,0.0432818489199364,0.0
coupled_fd_b01_s0,sim_coupled,coupled_fd_b01,0,indep,block_importance,OC3,gain,0.04046792154042716,0.04046792154042716,0.0
coupled_fd_b01_s1,sim_coupled,coupled_fd_b01,1,indep,block_importance,X,lag,0.8822407184204909,0.8822407184204909,0.0
coupled_fd_b01_s1,sim_coupled,coupled_fd_b01,1,indep,block_importance,X,gain,0.9023156249378349,0.9023156249378349,0.0
coupled_fd_b01_s1,sim_coupled,coupled_fd_b01,1,indep,block_importance,OC1,lag,0.04336611135977572,0.04336611135977572,0.0
coupled_fd_b01_s1,sim_coupled,coupled_fd_b01,1,indep,block_importance,OC1,gain,0.029736026853676094,0.029736026853676094,0.0
coupled_fd_b01_s1,sim_coupled,coupled_fd_b01,1,indep,block_importance,OC2,lag,0.03665983221117176,0.03665983221117176,0.0
coupled_fd_b01_s1,sim_coupled,coupled_fd_b01,1,indep,block_importance,OC2,gain,0.027267639292209944,0.027267639292209944,0.0
coupled_fd_b01_s1,sim_coupled,coupled_fd_b01,1,indep,block_importance,OC3,lag,0.037733338008561636,0.037733338008561636,0.0
coupled_fd_b01_s1,sim_coupled,coupled_fd_b01,1,indep,block_importance,OC3,gain,0.04068070891627913,0.04068070891627913,0.0
coupled_fd_b01_s2,sim_coupled,coupled_fd_b01,2,indep,block_importance,X,lag,0.8171181210278124,0.8171181210278124,0.0
coupled_fd_b01_s2,sim_coupled,coupled_fd_b01,2,indep,block_importance,X,gain,0.8497501663947526,0.8497501663947526,0.0
coupled_fd_b01_s2,sim_coupled,coupled_fd_b01,2,indep,block_importance,OC1,lag,0.10233096815191918,0.10233096815191918,0.0
coupled_fd_b01_s2,sim_coupled,coupled_fd_b01,2,indep,block_importance,OC1,gain,0.07154357732881216,0.07154357732881216,0.0
coupled_fd_b01_s2,sim_coupled,coupled_fd_b01,2,indep,block_importance,OC2,lag,0.038834083247339404,0.038834083247339404,0.0
coupled_fd_b01_s2,sim_coupled,coupled_fd_b01,2,indep,block_importance,OC2,gain,0.032104513889330534,0.032104513889330534,0.0
coupled_fd_b01_s2,sim_coupled,coupled_fd_b01,2,indep,block_importance,OC3,lag,0.04171682757292903,0.04171682757292903,0.0
coupled_fd_b01_s2,sim_coupled,coupled_fd_b01,2,indep,block_importance,OC3,gain,0.046601742387104704,0.046601742387104704,0.0
coupled_ewt_b01_s0,sim_coupled,coupled_ewt_b01,0,indep,P,X,lag,0.8035189375372879,0.48467881183364075,0.3188401257036471
coupled_ewt_b01_s0,sim_coupled,coupled_ewt_b01,0,indep,P,X,gain,0.6751313617218975,0.44254212977225504,0.23258923194964243
coupled_ewt_b01_s0,sim_coupled,coupled_ewt_b01,0,indep,P,OC1,lag,0.47179254483938415,0.26284453745784064,0.2089480073815435
coupled_ewt_b01_s0,sim_coupled,coupled_ewt_b01,0,indep,P,OC1,gain,0.30075406560293444,0.21418038950771506,0.08657367609521938
coupled_ewt_b01_s0,sim_coupled,coupled_ewt_b01,0,indep,P,OC2,lag,0.3951319760311166,0.2320871750677643,0.1630448009633523
coupled_ewt_b01_s0,sim_coupled,coupled_ewt_b01,0,indep,P,OC2,gain,0.23582544747092804,0.16891035092658316,0.06691509654434488
coupled_ewt_b01_s0,sim_coupled,coupled_ewt_b01,0,indep,P,OC3,lag,0.5202022661179047,0.21839652434761314,0.3018057417702915
coupled_ewt_b01_s0,sim_coupled,coupled_ewt_b01,0,indep,P,OC3,gain,0.48900849400337965,0.3384337532366605,0.15057474076671917
coupled_ewt_b01_s0,sim_coupled,coupled_ewt_b01,0,indep,A,X,lag,0.159887189396591,0.19978066281753942,-0.03989347342094843
coupled_ewt_b01_s0,sim_coupled,coupled_ewt_b01,0,indep,A,X,gain,0.14646983670643376,0.0944768868061456,0.05199294990028816
coupled_ewt_b01_s0,sim_coupled,coupled_ewt_b01,0,indep,A,OC1,lag,0.016648922216140116,0.0412092729578943,-0.02456035074175418
coupled_ewt_b01_s0,sim_coupled,coupled_ewt_b01,0,indep,A,OC1,gain,0.00513768226516238,0.001766114722738854,0.003371567542423526
coupled_ewt_b01_s0,sim_coupled,coupled_ewt_b01,0,indep,A,OC2,lag,0.00755143922968351,0.02497457733924664,-0.017423138109563127
coupled_ewt_b01_s0,sim_coupled,coupled_ewt_b01,0,indep,A,OC2,gain,0.002218558640070034,0.0037473092830686006,-0.0015287506429985664
coupled_ewt_b01_s0,sim_coupled,coupled_ewt_b01,0,indep,A,OC3,lag,0.020042880612241132,0.047848829538394685,-0.027805948926153554
coupled_ewt_b01_s0,sim_coupled,coupled_ewt_b01,0,indep,A,OC3,gain,0.02700770890329949,0.016832748846146606,0.010174960057152883
coupled_ewt_b01_s0,sim_coupled,coupled_ewt_b01,0,indep,T,X,lag,0.5143500783061971,0.33281757805614626,0.1815325002500508
coupled_ewt_b01_s0,sim_coupled,coupled_ewt_b01,0,indep,T,X,gain,0.4841720282722134,0.29874428108418943,0.18542774718802396
coupled_ewt_b01_s0,sim_coupled,coupled_ewt_b01,0,indep,T,OC1,lag,0.08326948790776287,0.08290622818150975,0.00036325972625311787
coupled_ewt_b01_s0,sim_coupled,coupled_ewt_b01,0,indep,T,OC1,gain,0.03146621634116624,0.029185504339160718,0.0022807120020055215
coupled_ewt_b01_s0,sim_coupled,coupled_ewt_b01,0,indep,T,OC2,lag,0.03981772223489472,0.03986167570247557,-4.395346758084839e-05
coupled_ewt_b01_s0,sim_coupled,coupled_ewt_b01,0,indep,T,OC2,gain,0.025923018543581804,0.022828887400835097,0.0030941311427467068
coupled_ewt_b01_s0,sim_coupled,coupled_ewt_b01,0,indep,T,OC3,lag,0.058188334817560805,0.0758806036147075,-0.017692268797146693
coupled_ewt_b01_s0,sim_coupled,coupled_ewt_b01,0,indep,T,OC3,gain,0.1671031830866218,0.12028869213566065,0.04681449095096116
coupled_ewt_b01_s0,sim_coupled,coupled_ewt_b01,0,indep,T_ctrl,X,lag,0.01931577655836337,0.029209232830034442,-0.009893456271671073
coupled_ewt_b01_s0,sim_coupled,coupled_ewt_b01,0,indep,T_ctrl,X,gain,0.06436058565051038,0.054155158483174905,0.010205427167335475
coupled_ewt_b01_s0,sim_coupled,coupled_ewt_b01,0,indep,T_ctrl,OC1,lag,0.018613340128026366,0.021761149361558374,-0.0031478092335320076
coupled_ewt_b01_s0,sim_coupled,coupled_ewt_b01,0,indep,T_ctrl,OC1,gain,0.01817454622133784,0.01990536660911275,-0.0017308203877749104
coupled_ewt_b01_s0,sim_coupled,coupled_ewt_b01,0,indep,T_ctrl,OC2,lag,0.01129461611633801,0.014659964415391736,-0.003365348299053725
coupled_ewt_b01_s0,sim_coupled,coupled_ewt_b01,0,indep,T_ctrl,OC2,gain,0.01840451580980188,0.015267555527873877,0.0031369602819280046
coupled_ewt_b01_s0,sim_coupled,coupled_ewt_b01,0,indep,T_ctrl,OC3,lag,0.012376642105926589,0.019696912917268584,-0.007320270811341996
coupled_ewt_b01_s0,sim_coupled,coupled_ewt_b01,0,indep,T_ctrl,OC3,gain,0.036429059926743626,0.0290237108617352,0.007405349065008424
coupled_ewt_b01_s0,sim_coupled,coupled_ewt_b01,0,indep,dT,X,lag,0.4950343017478337,0.30360834522611174,0.19142595652172195
coupled_ewt_b01_s0,sim_coupled,coupled_ewt_b01,0,indep,dT,X,gain,0.419811442621703,0.24458912260101454,0.17522232002068847
coupled_ewt_b01_s0,sim_coupled,coupled_ewt_b01,0,indep,dT,OC1,lag,0.06465614777973648,0.06114507881995137,0.0035110689597851116
coupled_ewt_b01_s0,sim_coupled,coupled_ewt_b01,0,indep,dT,OC1,gain,0.013291670119828394,0.00928013773004797,0.004011532389780423
coupled_ewt_b01_s0,sim_coupled,coupled_ewt_b01,0,indep,dT,OC2,lag,0.028523106118556713,0.025201711287083838,0.003321394831472875
coupled_ewt_b01_s0,sim_coupled,coupled_ewt_b01,0,indep,dT,OC2,gain,0.007518502733779927,0.007561331872961217,-4.282913918129006e-05
coupled_ewt_b01_s0,sim_coupled,coupled_ewt_b01,0,indep,dT,OC3,lag,0.045811692711634225,0.05618369069743891,-0.010371997985804682
coupled_ewt_b01_s0,sim_coupled,coupled_ewt_b01,0,indep,dT,OC3,gain,0.1306741231598782,0.09126498127392543,0.039409141885952764
coupled_ewt_b01_s0,sim_coupled,coupled_ewt_b01,0,indep,O,X,lag,0.166763649300859,0.2891972667294652,-0.12243361742860623
coupled_ewt_b01_s0,sim_coupled,coupled_ewt_b01,0,indep,O,X,gain,0.08413574042058737,0.2411501489116382,-0.1570144084910508
coupled_ewt_b01_s0,sim_coupled,coupled_ewt_b01,0,indep,O,OC1,lag,0.05380131439641498,0.08380764769644074,-0.030006333300025757
coupled_ewt_b01_s0,sim_coupled,coupled_ewt_b01,0,indep,O,OC1,gain,0.05918951095032151,0.12397079869559388,-0.06478128774527236
coupled_ewt_b01_s0,sim_coupled,coupled_ewt_b01,0,indep,O,OC2,lag,0.04414903788629791,0.060548503598857904,-0.016399465712559992
coupled_ewt_b01_s0,sim_coupled,coupled_ewt_b01,0,indep,O,OC2,gain,0.03225613588556937,0.0689528693193656,-0.03669673343379623
coupled_ewt_b01_s0,sim_coupled,coupled_ewt_b01,0,indep,O,OC3,lag,0.09783169625344265,0.14612800391359956,-0.04829630766015691
coupled_ewt_b01_s0,sim_coupled,coupled_ewt_b01,0,indep,O,OC3,gain,0.04690025287219751,0.12387828649964258,-0.07697803362744507
coupled_ewt_b01_s0,sim_coupled,coupled_ewt_b01,0,indep,O_ctrl,X,lag,0.1431097507314772,0.2082541335719658,-0.0651443828404886
coupled_ewt_b01_s0,sim_coupled,coupled_ewt_b01,0,indep,O_ctrl,X,gain,0.05142979741738113,0.10722391055731004,-0.05579411313992891
coupled_ewt_b01_s0,sim_coupled,coupled_ewt_b01,0,indep,O_ctrl,OC1,lag,0.04606803815659168,0.07772011513865817,-0.03165207698206649
coupled_ewt_b01_s0,sim_coupled,coupled_ewt_b01,0,indep,O_ctrl,OC1,gain,0.0455736950529068,0.08874799822791303,-0.04317430317500623
coupled_ewt_b01_s0,sim_coupled,coupled_ewt_b01,0,indep,O_ctrl,OC2,lag,0.04405423762229248,0.058195637972240234,-0.014141400349947757
coupled_ewt_b01_s0,sim_coupled,coupled_ewt_b01,0,indep,O_ctrl,OC2,gain,0.031034705270616747,0.05993779491695994,-0.028903089646343194
coupled_ewt_b01_s0,sim_coupled,coupled_ewt_b01,0,indep,O_ctrl,OC3,lag,0.07957471522771067,0.12618364218100414,-0.04660892695329347
coupled_ewt_b01_s0,sim_coupled,coupled_ewt_b01,0,indep,O_ctrl,OC3,gain,0.038440433602353774,0.07747323521904652,-0.039032801616692744
coupled_ewt_b01_s0,sim_coupled,coupled_ewt_b01,0,indep,dO,X,lag,0.023653898569381798,0.08094313315749942,-0.05728923458811762
coupled_ewt_b01_s0,sim_coupled,coupled_ewt_b01,0,indep,dO,X,gain,0.03270594300320624,0.13392623835432818,-0.10122029535112194
coupled_ewt_b01_s0,sim_coupled,coupled_ewt_b01,0,indep,dO,OC1,lag,0.0077332762398233,0.006087532557782554,0.0016457436820407458
coupled_ewt_b01_s0,sim_coupled,coupled_ewt_b01,0,indep,dO,OC1,gain,0.013615815897414705,0.03522280046768087,-0.021606984570266167
coupled_ewt_b01_s0,sim_coupled,coupled_ewt_b01,0,indep,dO,OC2,lag,9.480026400543462e-05,0.0023528656266176644,-0.00225806536261223
coupled_ewt_b01_s0,sim_coupled,coupled_ewt_b01,0,indep,dO,OC2,gain,0.0012214306149526289,0.009015074402405662,-0.007793643787453034
coupled_ewt_b01_s0,sim_coupled,coupled_ewt_b01,0,indep,dO,OC3,lag,0.018256981025731964,0.01994436173259545,-0.0016873807068634866
coupled_ewt_b01_s0,sim_coupled,coupled_ewt_b01,0,indep,dO,OC3,gain,0.008459819269843735,0.046405051280596056,-0.037945232010752325
coupled_ewt_b01_s0,sim_coupled,coupled_ewt_b01,0,indep,block_importance,X,lag,0.7572585057087959,0.7572585057087959,0.0
coupled_ewt_b01_s0,sim_coupled,coupled_ewt_b01,0,indep,block_importance,X,gain,0.7654119562588664,0.7654119562588664,0.0
coupled_ewt_b01_s0,sim_coupled,coupled_ewt_b01,0,indep,block_importance,OC1,lag,0.12094387452067501,0.12094387452067501,0.0
coupled_ewt_b01_s0,sim_coupled,coupled_ewt_b01,0,indep,block_importance,OC1,gain,0.08752349795589956,0.08752349795589956,0.0
coupled_ewt_b01_s0,sim_coupled,coupled_ewt_b01,0,indep,block_importance,OC2,lag,0.04082689907607302,0.04082689907607302,0.0
coupled_ewt_b01_s0,sim_coupled,coupled_ewt_b01,0,indep,block_importance,OC2,gain,0.03998733800376085,0.03998733800376085,0.0
coupled_ewt_b01_s0,sim_coupled,coupled_ewt_b01,0,indep,block_importance,OC3,lag,0.08097072069445595,0.08097072069445595,0.0
coupled_ewt_b01_s0,sim_coupled,coupled_ewt_b01,0,indep,block_importance,OC3,gain,0.10707720778147338,0.10707720778147338,0.0
