dataset,config,order,decomposition,beta,headline,run,matrix,seed,partition,fold,draw,value
sim_vowels,ewt_b01,0,ewt,0.1,True,main,P,0,own,,,0.2095092064491621
sim_vowels,ewt_b01,0,ewt,0.1,True,main,P,0,null,0.0,0.0,0.11787107639743521
sim_vowels,ewt_b01,0,ewt,0.1,True,main,P,0,null,0.0,1.0,0.11205025018130937
sim_vowels,ewt_b01,0,ewt,0.1,True,main,P,0,null,0.0,2.0,0.11435290740015756
sim_vowels,ewt_b01,0,ewt,0.1,True,main,P,0,null,0.0,3.0,0.12204024009628311
sim_vowels,ewt_b01,0,ewt,0.1,True,main,P,0,null,0.0,4.0,0.1138231426738221
sim_vowels,ewt_b01,0,ewt,0.1,True,main,P,0,null,0.0,5.0,0.11821047719307964
sim_vowels,ewt_b01,0,ewt,0.1,True,main,P,0,null,0.0,6.0,0.11974499692722847
sim_vowels,ewt_b01,0,ewt,0.1,True,main,P,0,null,0.0,7.0,0.11483302651924444
sim_vowels,ewt_b01,0,ewt,0.1,True,main,P,0,null,0.0,8.0,0.11261047651545689
sim_vowels,ewt_b01,0,ewt,0.1,True,main,P,0,null,0.0,9.0,0.11870113844394965
sim_vowels,ewt_b01,0,ewt,0.1,True,main,P,0,null,0.0,10.0,0.11572392981524934
sim_vowels,ewt_b01,0,ewt,0.1,True,main,P,0,null,0.0,11.0,0.11345508649579403
sim_vowels,ewt_b01,0,ewt,0.1,True,main,P,0,null,0.0,12.0,0.12150225809248272
sim_vowels,ewt_b01,0,ewt,0.1,True,main,P,0,null,0.0,13.0,0.11791222719617236
sim_vowels,ewt_b01,0,ewt,0.1,True,main,P,0,null,0.0,14.0,0.11527872794583144
sim_vowels,ewt_b01,0,ewt,0.1,True,main,P,0,null,0.0,15.0,0.1159912165184016
sim_vowels,ewt_b01,0,ewt,0.1,True,main,P,0,null,0.0,16.0,0.1231458833975034
sim_vowels,ewt_b01,0,ewt,0.1,True,main,P,0,null,0.0,17.0,0.11414221070368681
sim_vowels,ewt_b01,0,ewt,0.1,True,main,P,0,null,0.0,18.0,0.11794298358560018
sim_vowels,ewt_b01,0,ewt,0.1,True,main,P,0,null,0.0,19.0,0.11706256410334437
sim_vowels,ewt_b01,0,ewt,0.1,True,main,P,1,own,,,0.20143470287694404
sim_vowels,ewt_b01,0,ewt,0.1,True,main,P,1,null,0.0,0.0,0.132269605240032
sim_vowels,ewt_b01,0,ewt,0.1,True,main,P,1,null,0.0,1.0,0.1337483429838555
sim_vowels,ewt_b01,0,ewt,0.1,True,main,P,1,null,0.0,2.0,0.13009167982671538
sim_vowels,ewt_b01,0,ewt,0.1,True,main,P,1,null,0.0,3.0,0.13362392563250014
sim_vowels,ewt_b01,0,ewt,0.1,True,main,P,1,null,0.0,4.0,0.12846458378353362
sim_vowels,ewt_b01,0,ewt,0.1,True,main,P,1,null,0.0,5.0,0.1338629137354364
sim_vowels,ewt_b01,0,ewt,0.1,True,main,P,1,null,0.0,6.0,0.13579865068829478
sim_vowels,ewt_b01,0,ewt,0.1,True,main,P,1,null,0.0,7.0,0.1268131684992295
sim_vowels,ewt_b01,0,ewt,0.1,True,main,P,1,null,0.0,8.0,0.12944622294980707
sim_vowels,ewt_b01,0,ewt,0.1,True,main,P,1,null,0.0,9.0,0.13149020008437337
sim_vowels,ewt_b01,0,ewt,0.1,True,main,P,1,null,0.0,10.0,0.12815056050176377
sim_vowels,ewt_b01,0,ewt,0.1,True,main,P,1,null,0.0,11.0,0.13239542739033644
sim_vowels,ewt_b01,0,ewt,0.1,True,main,P,1,null,0.0,12.0,0.13871585237822157
sim_vowels,ewt_b01,0,ewt,0.1,True,main,P,1,null,0.0,13.0,0.13316718521626705
sim_vowels,ewt_b01,0,ewt,0.1,True,main,P,1,null,0.0,14.0,0.13658606709379228
sim_vowels,ewt_b01,0,ewt,0.1,True,main,P,1,null,0.0,15.0,0.1281393912733037
sim_vowels,ewt_b01,0,ewt,0.1,True,main,P,1,null,0.0,16.0,0.131280142097035
sim_vowels,ewt_b01,0,ewt,0.1,True,main,P,1,null,0.0,17.0,0.13373360168842244
sim_vowels,ewt_b01,0,ewt,0.1,True,main,P,1,null,0.0,18.0,0.13126337419251158
sim_vowels,ewt_b01,0,ewt,0.1,True,main,P,1,null,0.0,19.0,0.12873334928938274
sim_vowels,ewt_b01,0,ewt,0.1,True,main,P,2,own,,,0.17712114096218837
sim_vowels,ewt_b01,0,ewt,0.1,True,main,P,2,null,0.0,0.0,0.09689107946098867
sim_vowels,ewt_b01,0,ewt,0.1,True,main,P,2,null,0.0,1.0,0.10124866547620126
sim_vowels,ewt_b01,0,ewt,0.1,True,main,P,2,null,0.0,2.0,0.0915577353303423
sim_vowels,ewt_b01,0,ewt,0.1,True,main,P,2,null,0.0,3.0,0.09533781386325675
sim_vowels,ewt_b01,0,ewt,0.1,True,main,P,2,null,0.0,4.0,0.08999312472842634
sim_vowels,ewt_b01,0,ewt,0.1,True,main,P,2,null,0.0,5.0,0.09749202962806107
sim_vowels,ewt_b01,0,ewt,0.1,True,main,P,2,null,0.0,6.0,0.09671792430831756
sim_vowels,ewt_b01,0,ewt,0.1,True,main,P,2,null,0.0,7.0,0.10552559675144021
sim_vowels,ewt_b01,0,ewt,0.1,True,main,P,2,null,0.0,8.0,0.1041691048472928
sim_vowels,ewt_b01,0,ewt,0.1,True,main,P,2,null,0.0,9.0,0.09507711275183138
sim_vowels,ewt_b01,0,ewt,0.1,True,main,P,2,null,0.0,10.0,0.10009112468082171
sim_vowels,ewt_b01,0,ewt,0.1,True,main,P,2,null,0.0,11.0,0.0949655173163667
sim_vowels,ewt_b01,0,ewt,0.1,True,main,P,2,null,0.0,12.0,0.09651165640656709
sim_vowels,ewt_b01,0,ewt,0.1,True,main,P,2,null,0.0,13.0,0.09605738999283865
sim_vowels,ewt_b01,0,ewt,0.1,True,main,P,2,null,0.0,14.0,0.100478781497514
sim_vowels,ewt_b01,0,ewt,0.1,True,main,P,2,null,0.0,15.0,0.09487244146251368
sim_vowels,ewt_b01,0,ewt,0.1,True,main,P,2,null,0.0,16.0,0.09437628950309032
sim_vowels,ewt_b01,0,ewt,0.1,True,main,P,2,null,0.0,17.0,0.08958329065434066
sim_vowels,ewt_b01,0,ewt,0.1,True,main,P,2,null,0.0,18.0,0.09434903571535035
sim_vowels,ewt_b01,0,ewt,0.1,True,main,P,2,null,0.0,19.0,0.10075206813548528
sim_vowels,ewt_b01,0,ewt,0.1,True,main,A,0,own,,,0.3252893011046186
sim_vowels,ewt_b01,0,ewt,0.1,True,main,A,0,null,0.0,0.0,0.017108266206219993
sim_vowels,ewt_b01,0,ewt,0.1,True,main,A,0,null,0.0,1.0,0.03690513157307239
sim_vowels,ewt_b01,0,ewt,0.1,True,main,A,0,null,0.0,2.0,0.00984623597510158
sim_vowels,ewt_b01,0,ewt,0.1,True,main,A,0,null,0.0,3.0,0.0039346045232694
sim_vowels,ewt_b01,0,ewt,0.1,True,main,A,0,null,0.0,4.0,0.002733468021900876
sim_vowels,ewt_b01,0,ewt,0.1,True,main,A,0,null,0.0,5.0,0.015526532068567465
sim_vowels,ewt_b01,0,ewt,0.1,True,main,A,0,null,0.0,6.0,0.009996841941877851
sim_vowels,ewt_b01,0,ewt,0.1,True,main,A,0,null,0.0,7.0,0.01977898511540666
sim_vowels,ewt_b01,0,ewt,0.1,True,main,A,0,null,0.0,8.0,0.00692365027692292
sim_vowels,ewt_b01,0,ewt,0.1,True,main,A,0,null,0.0,9.0,0.012193890876768376
sim_vowels,ewt_b01,0,ewt,0.1,True,main,A,0,null,0.0,10.0,0.01394198722195787
sim_vowels,ewt_b01,0,ewt,0.1,True,main,A,0,null,0.0,11.0,0.0230495522577881
sim_vowels,ewt_b01,0,ewt,0.1,True,main,A,0,null,0.0,12.0,0.013728675706030515
sim_vowels,ewt_b01,0,ewt,0.1,True,main,A,0,null,0.0,13.0,0.016193823922952023
sim_vowels,ewt_b01,0,ewt,0.1,True,main,A,0,null,0.0,14.0,0.008101029201982092
sim_vowels,ewt_b01,0,ewt,0.1,True,main,A,0,null,0.0,15.0,0.03886652920456701
sim_vowels,ewt_b01,0,ewt,0.1,True,main,A,0,null,0.0,16.0,0.04882323118824091
sim_vowels,ewt_b01,0,ewt,0.1,True,main,A,0,null,0.0,17.0,0.00503793270845872
sim_vowels,ewt_b01,0,ewt,0.1,True,main,A,0,null,0.0,18.0,0.014564904488746153
sim_vowels,ewt_b01,0,ewt,0.1,True,main,A,0,null,0.0,19.0,0.012459351807103475
sim_vowels,ewt_b01,0,ewt,0.1,True,main,A,1,own,,,0.20333733758897776
sim_vowels,ewt_b01,0,ewt,0.1,True,main,A,1,null,0.0,0.0,0.060375909854350526
sim_vowels,ewt_b01,0,ewt,0.1,True,main,A,1,null,0.0,1.0,0.09804554966612122
sim_vowels,ewt_b01,0,ewt,0.1,True,main,A,1,null,0.0,2.0,0.0776893891441237
sim_vowels,ewt_b01,0,ewt,0.1,True,main,A,1,null,0.0,3.0,0.0698510997567507
sim_vowels,ewt_b01,0,ewt,0.1,True,main,A,1,null,0.0,4.0,0.0575528183446797
sim_vowels,ewt_b01,0,ewt,0.1,True,main,A,1,null,0.0,5.0,0.08189564315920887
sim_vowels,ewt_b01,0,ewt,0.1,True,main,A,1,null,0.0,6.0,0.09822007525746146
sim_vowels,ewt_b01,0,ewt,0.1,True,main,A,1,null,0.0,7.0,0.05678051676214736
sim_vowels,ewt_b01,0,ewt,0.1,True,main,A,1,null,0.0,8.0,0.06210663102399054
sim_vowels,ewt_b01,0,ewt,0.1,True,main,A,1,null,0.0,9.0,0.06544623731592676
sim_vowels,ewt_b01,0,ewt,0.1,True,main,A,1,null,0.0,10.0,0.05826982189312036
sim_vowels,ewt_b01,0,ewt,0.1,True,main,A,1,null,0.0,11.0,0.07711843065571615
sim_vowels,ewt_b01,0,ewt,0.1,True,main,A,1,null,0.0,12.0,0.0895213455410923
sim_vowels,ewt_b01,0,ewt,0.1,True,main,A,1,null,0.0,13.0,0.05811220037346692
sim_vowels,ewt_b01,0,ewt,0.1,True,main,A,1,null,0.0,14.0,0.08759608308632265
sim_vowels,ewt_b01,0,ewt,0.1,True,main,A,1,null,0.0,15.0,0.048808648489726165
sim_vowels,ewt_b01,0,ewt,0.1,True,main,A,1,null,0.0,16.0,0.08530437172173995
sim_vowels,ewt_b01,0,ewt,0.1,True,main,A,1,null,0.0,17.0,0.07133208646038283
sim_vowels,ewt_b01,0,ewt,0.1,True,main,A,1,null,0.0,18.0,0.03383147558505019
sim_vowels,ewt_b01,0,ewt,0.1,True,main,A,1,null,0.0,19.0,0.055695733619658974
sim_vowels,ewt_b01,0,ewt,0.1,True,main,A,2,own,,,0.31352066031807224
sim_vowels,ewt_b01,0,ewt,0.1,True,main,A,2,null,0.0,0.0,0.047947514084574566
sim_vowels,ewt_b01,0,ewt,0.1,True,main,A,2,null,0.0,1.0,0.08896095407723471
sim_vowels,ewt_b01,0,ewt,0.1,True,main,A,2,null,0.0,2.0,0.07236408483030754
sim_vowels,ewt_b01,0,ewt,0.1,True,main,A,2,null,0.0,3.0,0.052801856472886016
sim_vowels,ewt_b01,0,ewt,0.1,True,main,A,2,null,0.0,4.0,0.05871660784603472
sim_vowels,ewt_b01,0,ewt,0.1,True,main,A,2,null,0.0,5.0,0.08850629899896838
sim_vowels,ewt_b01,0,ewt,0.1,True,main,A,2,null,0.0,6.0,0.06541303355721013
sim_vowels,ewt_b01,0,ewt,0.1,True,main,A,2,null,0.0,7.0,0.08455460901694292
sim_vowels,ewt_b01,0,ewt,0.1,True,main,A,2,null,0.0,8.0,0.056059921998147313
sim_vowels,ewt_b01,0,ewt,0.1,True,main,A,2,null,0.0,9.0,0.06274362487756799
sim_vowels,ewt_b01,0,ewt,0.1,True,main,A,2,null,0.0,10.0,0.05280311460948115
sim_vowels,ewt_b01,0,ewt,0.1,True,main,A,2,null,0.0,11.0,0.06050292006299379
sim_vowels,ewt_b01,0,ewt,0.1,True,main,A,2,null,0.0,12.0,0.07094756648566597
sim_vowels,ewt_b01,0,ewt,0.1,True,main,A,2,null,0.0,13.0,0.037754227185799835
sim_vowels,ewt_b01,0,ewt,0.1,True,main,A,2,null,0.0,14.0,0.05276022977458396
sim_vowels,ewt_b01,0,ewt,0.1,True,main,A,2,null,0.0,15.0,0.07168597697126286
sim_vowels,ewt_b01,0,ewt,0.1,True,main,A,2,null,0.0,16.0,0.05732466918661763
sim_vowels,ewt_b01,0,ewt,0.1,True,main,A,2,null,0.0,17.0,0.052126845104561496
sim_vowels,ewt_b01,0,ewt,0.1,True,main,A,2,null,0.0,18.0,0.048919271825702465
sim_vowels,ewt_b01,0,ewt,0.1,True,main,A,2,null,0.0,19.0,0.04137758899134214
sim_vowels,ewt_b01,0,ewt,0.1,True,main,dT,0,own,,,0.5065401060648307
sim_vowels,ewt_b01,0,ewt,0.1,True,main,dT,0,null,0.0,0.0,0.2740337806368276
sim_vowels,ewt_b01,0,ewt,0.1,True,main,dT,0,null,0.0,1.0,0.06661995058627661
sim_vowels,ewt_b01,0,ewt,0.1,True,main,dT,0,null,0.0,2.0,0.25285559029481985
sim_vowels,ewt_b01,0,ewt,0.1,True,main,dT,0,null,0.0,3.0,0.11407323350083422
sim_vowels,ewt_b01,0,ewt,0.1,True,main,dT,0,null,0.0,4.0,0.2030632487892073
sim_vowels,ewt_b01,0,ewt,0.1,True,main,dT,0,null,0.0,5.0,0.06708796937092822
sim_vowels,ewt_b01,0,ewt,0.1,True,main,dT,0,null,0.0,6.0,0.3531075250465457
sim_vowels,ewt_b01,0,ewt,0.1,True,main,dT,0,null,0.0,7.0,0.4499863723437628
sim_vowels,ewt_b01,0,ewt,0.1,True,main,dT,0,null,0.0,8.0,0.30040376135137475
sim_vowels,ewt_b01,0,ewt,0.1,True,main,dT,0,null,0.0,9.0,0.19499444675975375
sim_vowels,ewt_b01,0,ewt,0.1,True,main,dT,0,null,0.0,10.0,0.30134791890217544
sim_vowels,ewt_b01,0,ewt,0.1,True,main,dT,0,null,0.0,11.0,0.09577253645092762
sim_vowels,ewt_b01,0,ewt,0.1,True,main,dT,0,null,0.0,12.0,0.2392531983664695
sim_vowels,ewt_b01,0,ewt,0.1,True,main,dT,0,null,0.0,13.0,0.08111018518940054
sim_vowels,ewt_b01,0,ewt,0.1,True,main,dT,0,null,0.0,14.0,0.056442260522532754
sim_vowels,ewt_b01,0,ewt,0.1,True,main,dT,0,null,0.0,15.0,0.4538241227122086
sim_vowels,ewt_b01,0,ewt,0.1,True,main,dT,0,null,0.0,16.0,0.1440038711172333
sim_vowels,ewt_b01,0,ewt,0.1,True,main,dT,0,null,0.0,17.0,0.13323957742393694
sim_vowels,ewt_b01,0,ewt,0.1,True,main,dT,0,null,0.0,18.0,0.4060409741749231
sim_vowels,ewt_b01,0,ewt,0.1,True,main,dT,0,null,0.0,19.0,0.3014268653712618
sim_vowels,ewt_b01,0,ewt,0.1,True,main,dT,1,own,,,0.36717124224089387
sim_vowels,ewt_b01,0,ewt,0.1,True,main,dT,1,null,0.0,0.0,0.3233122219024124
sim_vowels,ewt_b01,0,ewt,0.1,True,main,dT,1,null,0.0,1.0,0.1396070372974717
sim_vowels,ewt_b01,0,ewt,0.1,True,main,dT,1,null,0.0,2.0,0.2569787314013233
sim_vowels,ewt_b01,0,ewt,0.1,True,main,dT,1,null,0.0,3.0,0.5890177481989405
sim_vowels,ewt_b01,0,ewt,0.1,True,main,dT,1,null,0.0,4.0,0.07786403659936351
sim_vowels,ewt_b01,0,ewt,0.1,True,main,dT,1,null,0.0,5.0,0.4734007821805234
sim_vowels,ewt_b01,0,ewt,0.1,True,main,dT,1,null,0.0,6.0,0.3668076878550821
sim_vowels,ewt_b01,0,ewt,0.1,True,main,dT,1,null,0.0,7.0,0.2162046769191002
sim_vowels,ewt_b01,0,ewt,0.1,True,main,dT,1,null,0.0,8.0,0.36682692383222265
sim_vowels,ewt_b01,0,ewt,0.1,True,main,dT,1,null,0.0,9.0,0.343431116391134
sim_vowels,ewt_b01,0,ewt,0.1,True,main,dT,1,null,0.0,10.0,0.2659926945373351
sim_vowels,ewt_b01,0,ewt,0.1,True,main,dT,1,null,0.0,11.0,0.25720224481689336
sim_vowels,ewt_b01,0,ewt,0.1,True,main,dT,1,null,0.0,12.0,0.1162503334601603
sim_vowels,ewt_b01,0,ewt,0.1,True,main,dT,1,null,0.0,13.0,0.32103143776477183
sim_vowels,ewt_b01,0,ewt,0.1,True,main,dT,1,null,0.0,14.0,0.34007088196653673
sim_vowels,ewt_b01,0,ewt,0.1,True,main,dT,1,null,0.0,15.0,0.20381447568537975
sim_vowels,ewt_b01,0,ewt,0.1,True,main,dT,1,null,0.0,16.0,0.08485298947963715
sim_vowels,ewt_b01,0,ewt,0.1,True,main,dT,1,null,0.0,17.0,0.31272585175791356
sim_vowels,ewt_b01,0,ewt,0.1,True,main,dT,1,null,0.0,18.0,0.5060962041187714
sim_vowels,ewt_b01,0,ewt,0.1,True,main,dT,1,null,0.0,19.0,0.1803060042476612
sim_vowels,ewt_b01,0,ewt,0.1,True,main,dT,2,own,,,0.5145964815759407
sim_vowels,ewt_b01,0,ewt,0.1,True,main,dT,2,null,0.0,0.0,0.16639035315069708
sim_vowels,ewt_b01,0,ewt,0.1,True,main,dT,2,null,0.0,1.0,0.36430224119256366
sim_vowels,ewt_b01,0,ewt,0.1,True,main,dT,2,null,0.0,2.0,0.22860631867970502
sim_vowels,ewt_b01,0,ewt,0.1,True,main,dT,2,null,0.0,3.0,0.22161061126101866
sim_vowels,ewt_b01,0,ewt,0.1,True,main,dT,2,null,0.0,4.0,0.22740695557025065
sim_vowels,ewt_b01,0,ewt,0.1,True,main,dT,2,null,0.0,5.0,0.18055806330975738
sim_vowels,ewt_b01,0,ewt,0.1,True,main,dT,2,null,0.0,6.0,0.013515464853087458
sim_vowels,ewt_b01,0,ewt,0.1,True,main,dT,2,null,0.0,7.0,0.152966861438267
sim_vowels,ewt_b01,0,ewt,0.1,True,main,dT,2,null,0.0,8.0,0.04074116859083319
sim_vowels,ewt_b01,0,ewt,0.1,True,main,dT,2,null,0.0,9.0,0.09439789215234044
sim_vowels,ewt_b01,0,ewt,0.1,True,main,dT,2,null,0.0,10.0,0.06455432797608246
sim_vowels,ewt_b01,0,ewt,0.1,True,main,dT,2,null,0.0,11.0,0.26367701382674646
sim_vowels,ewt_b01,0,ewt,0.1,True,main,dT,2,null,0.0,12.0,0.029560972749041275
sim_vowels,ewt_b01,0,ewt,0.1,True,main,dT,2,null,0.0,13.0,0.10572234485722412
sim_vowels,ewt_b01,0,ewt,0.1,True,main,dT,2,null,0.0,14.0,0.18285978509332051
sim_vowels,ewt_b01,0,ewt,0.1,True,main,dT,2,null,0.0,15.0,0.1685717820696459
sim_vowels,ewt_b01,0,ewt,0.1,True,main,dT,2,null,0.0,16.0,0.11819962215975427
sim_vowels,ewt_b01,0,ewt,0.1,True,main,dT,2,null,0.0,17.0,0.19123978631079003
sim_vowels,ewt_b01,0,ewt,0.1,True,main,dT,2,null,0.0,18.0,0.1453457905463525
sim_vowels,ewt_b01,0,ewt,0.1,True,main,dT,2,null,0.0,19.0,0.36886925999109077
sim_vowels,fd_b01,1,fd,0.1,False,main,P,0,own,,,0.20698070981045066
sim_vowels,fd_b01,1,fd,0.1,False,main,P,0,null,0.0,0.0,0.08687333273759257
sim_vowels,fd_b01,1,fd,0.1,False,main,P,0,null,0.0,1.0,0.08379250780543775
sim_vowels,fd_b01,1,fd,0.1,False,main,P,0,null,0.0,2.0,0.08097581021413654
sim_vowels,fd_b01,1,fd,0.1,False,main,P,0,null,0.0,3.0,0.08887159101557984
sim_vowels,fd_b01,1,fd,0.1,False,main,P,0,null,0.0,4.0,0.08535739335249867
sim_vowels,fd_b01,1,fd,0.1,False,main,P,0,null,0.0,5.0,0.08639989546740448
sim_vowels,fd_b01,1,fd,0.1,False,main,P,0,null,0.0,6.0,0.0823148976604503
sim_vowels,fd_b01,1,fd,0.1,False,main,P,0,null,0.0,7.0,0.0926064260602671
sim_vowels,fd_b01,1,fd,0.1,False,main,P,0,null,0.0,8.0,0.08141181478113536
sim_vowels,fd_b01,1,fd,0.1,False,main,P,0,null,0.0,9.0,0.08213058853848497
sim_vowels,fd_b01,1,fd,0.1,False,main,P,0,null,0.0,10.0,0.07900113584429713
sim_vowels,fd_b01,1,fd,0.1,False,main,P,0,null,0.0,11.0,0.08638877526174775
sim_vowels,fd_b01,1,fd,0.1,False,main,P,0,null,0.0,12.0,0.0873832077020695
sim_vowels,fd_b01,1,fd,0.1,False,main,P,0,null,0.0,13.0,0.08082258421228725
sim_vowels,fd_b01,1,fd,0.1,False,main,P,0,null,0.0,14.0,0.07962245655172225
sim_vowels,fd_b01,1,fd,0.1,False,main,P,0,null,0.0,15.0,0.08521250759233495
sim_vowels,fd_b01,1,fd,0.1,False,main,P,0,null,0.0,16.0,0.0797694509472371
sim_vowels,fd_b01,1,fd,0.1,False,main,P,0,null,0.0,17.0,0.08308743495417487
sim_vowels,fd_b01,1,fd,0.1,False,main,P,0,null,0.0,18.0,0.0904628324103948
sim_vowels,fd_b01,1,fd,0.1,False,main,P,0,null,0.0,19.0,0.08415107504578098
sim_vowels,fd_b01,1,fd,0.1,False,main,P,1,own,,,0.20716720118593743
sim_vowels,fd_b01,1,fd,0.1,False,main,P,1,null,0.0,0.0,0.08407414348405985
sim_vowels,fd_b01,1,fd,0.1,False,main,P,1,null,0.0,1.0,0.0923880746841757
sim_vowels,fd_b01,1,fd,0.1,False,main,P,1,null,0.0,2.0,0.08626274233899081
sim_vowels,fd_b01,1,fd,0.1,False,main,P,1,null,0.0,3.0,0.08367992546340049
sim_vowels,fd_b01,1,fd,0.1,False,main,P,1,null,0.0,4.0,0.08828243869673767
sim_vowels,fd_b01,1,fd,0.1,False,main,P,1,null,0.0,5.0,0.09098574261218693
sim_vowels,fd_b01,1,fd,0.1,False,main,P,1,null,0.0,6.0,0.08844440510868738
sim_vowels,fd_b01,1,fd,0.1,False,main,P,1,null,0.0,7.0,0.08858884074269288
sim_vowels,fd_b01,1,fd,0.1,False,main,P,1,null,0.0,8.0,0.0909621684440038
sim_vowels,fd_b01,1,fd,0.1,False,main,P,1,null,0.0,9.0,0.0916708149269365
sim_vowels,fd_b01,1,fd,0.1,False,main,P,1,null,0.0,10.0,0.08421129195962075
sim_vowels,fd_b01,1,fd,0.1,False,main,P,1,null,0.0,11.0,0.08152639138370596
sim_vowels,fd_b01,1,fd,0.1,False,main,P,1,null,0.0,12.0,0.09181481411706566
sim_vowels,fd_b01,1,fd,0.1,False,main,P,1,null,0.0,13.0,0.09454723091839577
sim_vowels,fd_b01,1,fd,0.1,False,main,P,1,null,0.0,14.0,0.08800183260388031
sim_vowels,fd_b01,1,fd,0.1,False,main,P,1,null,0.0,15.0,0.086080799139213
sim_vowels,fd_b01,1,fd,0.1,False,main,P,1,null,0.0,16.0,0.08549302847618342
sim_vowels,fd_b01,1,fd,0.1,False,main,P,1,null,0.0,17.0,0.08400160051191563
sim_vowels,fd_b01,1,fd,0.1,False,main,P,1,null,0.0,18.0,0.09060430370934723
sim_vowels,fd_b01,1,fd,0.1,False,main,P,1,null,0.0,19.0,0.08705694391019844
sim_vowels,fd_b01,1,fd,0.1,False,main,P,2,own,,,0.19726973858230173
sim_vowels,fd_b01,1,fd,0.1,False,main,P,2,null,0.0,0.0,0.08797177392185634
sim_vowels,fd_b01,1,fd,0.1,False,main,P,2,null,0.0,1.0,0.09031999420892263
sim_vowels,fd_b01,1,fd,0.1,False,main,P,2,null,0.0,2.0,0.09414036441317127
sim_vowels,fd_b01,1,fd,0.1,False,main,P,2,null,0.0,3.0,0.08967579772346672
sim_vowels,fd_b01,1,fd,0.1,False,main,P,2,null,0.0,4.0,0.08745705141067864
sim_vowels,fd_b01,1,fd,0.1,False,main,P,2,null,0.0,5.0,0.09514344337715265
sim_vowels,fd_b01,1,fd,0.1,False,main,P,2,null,0.0,6.0,0.08866609995844273
sim_vowels,fd_b01,1,fd,0.1,False,main,P,2,null,0.0,7.0,0.09119149240847185
sim_vowels,fd_b01,1,fd,0.1,False,main,P,2,null,0.0,8.0,0.09689096112522841
sim_vowels,fd_b01,1,fd,0.1,False,main,P,2,null,0.0,9.0,0.09374074611983424
sim_vowels,fd_b01,1,fd,0.1,False,main,P,2,null,0.0,10.0,0.09269173970910659
sim_vowels,fd_b01,1,fd,0.1,False,main,P,2,null,0.0,11.0,0.09395406993951916
sim_vowels,fd_b01,1,fd,0.1,False,main,P,2,null,0.0,12.0,0.08977661401416909
sim_vowels,fd_b01,1,fd,0.1,False,main,P,2,null,0.0,13.0,0.09078223501029893
sim_vowels,fd_b01,1,fd,0.1,False,main,P,2,null,0.0,14.0,0.08835881962459027
sim_vowels,fd_b01,1,fd,0.1,False,main,P,2,null,0.0,15.0,0.08735417151271474
sim_vowels,fd_b01,1,fd,0.1,False,main,P,2,null,0.0,16.0,0.08743244013546
sim_vowels,fd_b01,1,fd,0.1,False,main,P,2,null,0.0,17.0,0.08748609612420127
sim_vowels,fd_b01,1,fd,0.1,False,main,P,2,null,0.0,18.0,0.08670379003257915
sim_vowels,fd_b01,1,fd,0.1,False,main,P,2,null,0.0,19.0,0.08095504136650618
sim_vowels,fd_b01,1,fd,0.1,False,main,A,0,own,,,0.2641228920495252
sim_vowels,fd_b01,1,fd,0.1,False,main,A,0,null,0.0,0.0,0.03826241705254723
sim_vowels,fd_b01,1,fd,0.1,False,main,A,0,null,0.0,1.0,0.046171055120440146
sim_vowels,fd_b01,1,fd,0.1,False,main,A,0,null,0.0,2.0,0.032030759024815024
sim_vowels,fd_b01,1,fd,0.1,False,main,A,0,null,0.0,3.0,0.041511148145953226
sim_vowels,fd_b01,1,fd,0.1,False,main,A,0,null,0.0,4.0,0.03706466614993039
sim_vowels,fd_b01,1,fd,0.1,False,main,A,0,null,0.0,5.0,0.04326157463594432
sim_vowels,fd_b01,1,fd,0.1,False,main,A,0,null,0.0,6.0,0.039299742304947274
sim_vowels,fd_b01,1,fd,0.1,False,main,A,0,null,0.0,7.0,0.08325257653702416
sim_vowels,fd_b01,1,fd,0.1,False,main,A,0,null,0.0,8.0,0.022131454092975605
sim_vowels,fd_b01,1,fd,0.1,False,main,A,0,null,0.0,9.0,0.046288342394676336
sim_vowels,fd_b01,1,fd,0.1,False,main,A,0,null,0.0,10.0,0.046839929541512615
sim_vowels,fd_b01,1,fd,0.1,False,main,A,0,null,0.0,11.0,0.041687311306973424
sim_vowels,fd_b01,1,fd,0.1,False,main,A,0,null,0.0,12.0,0.0431224342953341
sim_vowels,fd_b01,1,fd,0.1,False,main,A,0,null,0.0,13.0,0.06877960734741492
sim_vowels,fd_b01,1,fd,0.1,False,main,A,0,null,0.0,14.0,0.027987146544969282
sim_vowels,fd_b01,1,fd,0.1,False,main,A,0,null,0.0,15.0,0.02421420734750148
sim_vowels,fd_b01,1,fd,0.1,False,main,A,0,null,0.0,16.0,0.02826389945376528
sim_vowels,fd_b01,1,fd,0.1,False,main,A,0,null,0.0,17.0,0.023942082565059242
sim_vowels,fd_b01,1,fd,0.1,False,main,A,0,null,0.0,18.0,0.0451757929025444
sim_vowels,fd_b01,1,fd,0.1,False,main,A,0,null,0.0,19.0,0.03833113066261563
sim_vowels,fd_b01,1,fd,0.1,False,main,A,1,own,,,0.3296549554500686
sim_vowels,fd_b01,1,fd,0.1,False,main,A,1,null,0.0,0.0,0.022517447076284596
sim_vowels,fd_b01,1,fd,0.1,False,main,A,1,null,0.0,1.0,0.05786579579390619
sim_vowels,fd_b01,1,fd,0.1,False,main,A,1,null,0.0,2.0,0.06132126812843179
sim_vowels,fd_b01,1,fd,0.1,False,main,A,1,null,0.0,3.0,0.023064608226738493
sim_vowels,fd_b01,1,fd,0.1,False,main,A,1,null,0.0,4.0,0.02587119039799529
sim_vowels,fd_b01,1,fd,0.1,False,main,A,1,null,0.0,5.0,0.03370758269097566
sim_vowels,fd_b01,1,fd,0.1,False,main,A,1,null,0.0,6.0,0.05497461202554439
sim_vowels,fd_b01,1,fd,0.1,False,main,A,1,null,0.0,7.0,0.051426808354135684
sim_vowels,fd_b01,1,fd,0.1,False,main,A,1,null,0.0,8.0,0.020113193993545577
sim_vowels,fd_b01,1,fd,0.1,False,main,A,1,null,0.0,9.0,0.03945496317092598
sim_vowels,fd_b01,1,fd,0.1,False,main,A,1,null,0.0,10.0,0.01694706201687444
sim_vowels,fd_b01,1,fd,0.1,False,main,A,1,null,0.0,11.0,0.025092245892776834
sim_vowels,fd_b01,1,fd,0.1,False,main,A,1,null,0.0,12.0,0.033084617537898625
sim_vowels,fd_b01,1,fd,0.1,False,main,A,1,null,0.0,13.0,0.03806695650983952
sim_vowels,fd_b01,1,fd,0.1,False,main,A,1,null,0.0,14.0,0.01942633057577794
sim_vowels,fd_b01,1,fd,0.1,False,main,A,1,null,0.0,15.0,0.06849290948332
sim_vowels,fd_b01,1,fd,0.1,False,main,A,1,null,0.0,16.0,0.039932948805206286
sim_vowels,fd_b01,1,fd,0.1,False,main,A,1,null,0.0,17.0,0.024095415631956295
sim_vowels,fd_b01,1,fd,0.1,False,main,A,1,null,0.0,18.0,0.027102638204683963
sim_vowels,fd_b01,1,fd,0.1,False,main,A,1,null,0.0,19.0,0.025950508126676836
sim_vowels,fd_b01,1,fd,0.1,False,main,A,2,own,,,0.23306127433465754
sim_vowels,fd_b01,1,fd,0.1,False,main,A,2,null,0.0,0.0,0.05673317921270806
sim_vowels,fd_b01,1,fd,0.1,False,main,A,2,null,0.0,1.0,0.1025105819761556
sim_vowels,fd_b01,1,fd,0.1,False,main,A,2,null,0.0,2.0,0.07796989713210274
sim_vowels,fd_b01,1,fd,0.1,False,main,A,2,null,0.0,3.0,0.06927797048076781
sim_vowels,fd_b01,1,fd,0.1,False,main,A,2,null,0.0,4.0,0.0489443333715624
sim_vowels,fd_b01,1,fd,0.1,False,main,A,2,null,0.0,5.0,0.08760944578257464
sim_vowels,fd_b01,1,fd,0.1,False,main,A,2,null,0.0,6.0,0.07154721859988274
sim_vowels,fd_b01,1,fd,0.1,False,main,A,2,null,0.0,7.0,0.08619825630596856
sim_vowels,fd_b01,1,fd,0.1,False,main,A,2,null,0.0,8.0,0.08673801147349072
sim_vowels,fd_b01,1,fd,0.1,False,main,A,2,null,0.0,9.0,0.06561768091266527
sim_vowels,fd_b01,1,fd,0.1,False,main,A,2,null,0.0,10.0,0.0650566555784944
sim_vowels,fd_b01,1,fd,0.1,False,main,A,2,null,0.0,11.0,0.060223935114927796
sim_vowels,fd_b01,1,fd,0.1,False,main,A,2,null,0.0,12.0,0.06334752668980118
sim_vowels,fd_b01,1,fd,0.1,False,main,A,2,null,0.0,13.0,0.06364331351811328
sim_vowels,fd_b01,1,fd,0.1,False,main,A,2,null,0.0,14.0,0.06274234272940885
sim_vowels,fd_b01,1,fd,0.1,False,main,A,2,null,0.0,15.0,0.05274282565616476
sim_vowels,fd_b01,1,fd,0.1,False,main,A,2,null,0.0,16.0,0.05902329578333122
sim_vowels,fd_b01,1,fd,0.1,False,main,A,2,null,0.0,17.0,0.05578683540376284
sim_vowels,fd_b01,1,fd,0.1,False,main,A,2,null,0.0,18.0,0.05714264058235128
sim_vowels,fd_b01,1,fd,0.1,False,main,A,2,null,0.0,19.0,0.049377895180045484
sim_vowels,fd_b01,1,fd,0.1,False,main,dT,0,own,,,0.38538454657735205
sim_vowels,fd_b01,1,fd,0.1,False,main,dT,0,null,0.0,0.0,0.36415473472283355
sim_vowels,fd_b01,1,fd,0.1,False,main,dT,0,null,0.0,1.0,0.40175088902519906
sim_vowels,fd_b01,1,fd,0.1,False,main,dT,0,null,0.0,2.0,0.19203049359380722
sim_vowels,fd_b01,1,fd,0.1,False,main,dT,0,null,0.0,3.0,0.1776136723882119
sim_vowels,fd_b01,1,fd,0.1,False,main,dT,0,null,0.0,4.0,0.08599305977142338
sim_vowels,fd_b01,1,fd,0.1,False,main,dT,0,null,0.0,5.0,0.1679336117723092
sim_vowels,fd_b01,1,fd,0.1,False,main,dT,0,null,0.0,6.0,0.5758325876028387
sim_vowels,fd_b01,1,fd,0.1,False,main,dT,0,null,0.0,7.0,0.11738366796042074
sim_vowels,fd_b01,1,fd,0.1,False,main,dT,0,null,0.0,8.0,0.19618264753721928
sim_vowels,fd_b01,1,fd,0.1,False,main,dT,0,null,0.0,9.0,0.20270997361947024
sim_vowels,fd_b01,1,fd,0.1,False,main,dT,0,null,0.0,10.0,0.04547245760841463
sim_vowels,fd_b01,1,fd,0.1,False,main,dT,0,null,0.0,11.0,0.3374159353863534
sim_vowels,fd_b01,1,fd,0.1,False,main,dT,0,null,0.0,12.0,0.08684772306490825
sim_vowels,fd_b01,1,fd,0.1,False,main,dT,0,null,0.0,13.0,0.11462360559727265
sim_vowels,fd_b01,1,fd,0.1,False,main,dT,0,null,0.0,14.0,0.15632241842658948
sim_vowels,fd_b01,1,fd,0.1,False,main,dT,0,null,0.0,15.0,0.30191211180529176
sim_vowels,fd_b01,1,fd,0.1,False,main,dT,0,null,0.0,16.0,0.04194698151377567
sim_vowels,fd_b01,1,fd,0.1,False,main,dT,0,null,0.0,17.0,0.15500956630362708
sim_vowels,fd_b01,1,fd,0.1,False,main,dT,0,null,0.0,18.0,0.198139782263605
sim_vowels,fd_b01,1,fd,0.1,False,main,dT,0,null,0.0,19.0,0.12970199774526797
sim_vowels,fd_b01,1,fd,0.1,False,main,dT,1,own,,,0.4599368684695319
sim_vowels,fd_b01,1,fd,0.1,False,main,dT,1,null,0.0,0.0,0.36439938392597754
sim_vowels,fd_b01,1,fd,0.1,False,main,dT,1,null,0.0,1.0,0.3274276607235256
sim_vowels,fd_b01,1,fd,0.1,False,main,dT,1,null,0.0,2.0,0.26650406144886385
sim_vowels,fd_b01,1,fd,0.1,False,main,dT,1,null,0.0,3.0,0.13440844821985776
sim_vowels,fd_b01,1,fd,0.1,False,main,dT,1,null,0.0,4.0,0.3007938443623928
sim_vowels,fd_b01,1,fd,0.1,False,main,dT,1,null,0.0,5.0,0.08079132413939794
sim_vowels,fd_b01,1,fd,0.1,False,main,dT,1,null,0.0,6.0,0.12864105583443133
sim_vowels,fd_b01,1,fd,0.1,False,main,dT,1,null,0.0,7.0,0.15388658127742966
sim_vowels,fd_b01,1,fd,0.1,False,main,dT,1,null,0.0,8.0,0.32495374767677593
sim_vowels,fd_b01,1,fd,0.1,False,main,dT,1,null,0.0,9.0,0.14565639308605982
sim_vowels,fd_b01,1,fd,0.1,False,main,dT,1,null,0.0,10.0,0.16522781605395984
sim_vowels,fd_b01,1,fd,0.1,False,main,dT,1,null,0.0,11.0,0.5877997963880417
sim_vowels,fd_b01,1,fd,0.1,False,main,dT,1,null,0.0,12.0,0.11702824126023278
sim_vowels,fd_b01,1,fd,0.1,False,main,dT,1,null,0.0,13.0,0.26370706040503383
sim_vowels,fd_b01,1,fd,0.1,False,main,dT,1,null,0.0,14.0,0.4858653829428851
sim_vowels,fd_b01,1,fd,0.1,False,main,dT,1,null,0.0,15.0,0.29921301062318145
sim_vowels,fd_b01,1,fd,0.1,False,main,dT,1,null,0.0,16.0,0.26719725644064346
sim_vowels,fd_b01,1,fd,0.1,False,main,dT,1,null,0.0,17.0,0.34445032241411455
sim_vowels,fd_b01,1,fd,0.1,False,main,dT,1,null,0.0,18.0,0.3627216929750326
sim_vowels,fd_b01,1,fd,0.1,False,main,dT,1,null,0.0,19.0,0.4156955506058992
sim_vowels,fd_b01,1,fd,0.1,False,main,dT,2,own,,,0.3507740541271562
sim_vowels,fd_b01,1,fd,0.1,False,main,dT,2,null,0.0,0.0,0.0823109485897572
sim_vowels,fd_b01,1,fd,0.1,False,main,dT,2,null,0.0,1.0,0.05942510252699656
sim_vowels,fd_b01,1,fd,0.1,False,main,dT,2,null,0.0,2.0,0.2743273377611375
sim_vowels,fd_b01,1,fd,0.1,False,main,dT,2,null,0.0,3.0,0.24029541319208503
sim_vowels,fd_b01,1,fd,0.1,False,main,dT,2,null,0.0,4.0,0.3416248570692937
sim_vowels,fd_b01,1,fd,0.1,False,main,dT,2,null,0.0,5.0,0.1556034738794151
sim_vowels,fd_b01,1,fd,0.1,False,main,dT,2,null,0.0,6.0,0.35816727938122234
sim_vowels,fd_b01,1,fd,0.1,False,main,dT,2,null,0.0,7.0,0.17887008432438728
sim_vowels,fd_b01,1,fd,0.1,False,main,dT,2,null,0.0,8.0,0.36043463690981437
sim_vowels,fd_b01,1,fd,0.1,False,main,dT,2,null,0.0,9.0,0.1849837643285778
sim_vowels,fd_b01,1,fd,0.1,False,main,dT,2,null,0.0,10.0,0.153363859530261
sim_vowels,fd_b01,1,fd,0.1,False,main,dT,2,null,0.0,11.0,0.13183754819685098
sim_vowels,fd_b01,1,fd,0.1,False,main,dT,2,null,0.0,12.0,0.11046339435605457
sim_vowels,fd_b01,1,fd,0.1,False,main,dT,2,null,0.0,13.0,0.3469972090558191
sim_vowels,fd_b01,1,fd,0.1,False,main,dT,2,null,0.0,14.0,0.12861238006839182
sim_vowels,fd_b01,1,fd,0.1,False,main,dT,2,null,0.0,15.0,0.18329351694322868
sim_vowels,fd_b01,1,fd,0.1,False,main,dT,2,null,0.0,16.0,0.1922271312569739
sim_vowels,fd_b01,1,fd,0.1,False,main,dT,2,null,0.0,17.0,0.07676854539264795
sim_vowels,fd_b01,1,fd,0.1,False,main,dT,2,null,0.0,18.0,0.045637935105055975
sim_vowels,fd_b01,1,fd,0.1,False,main,dT,2,null,0.0,19.0,0.06442784787432355
sim_vowels,ewt_b0,2,ewt,0.0,False,main,P,0,own,,,0.20183679236572827
sim_vowels,ewt_b0,2,ewt,0.0,False,main,P,0,null,0.0,0.0,0.13956487910068985
sim_vowels,ewt_b0,2,ewt,0.0,False,main,P,0,null,0.0,1.0,0.13969000319116961
sim_vowels,ewt_b0,2,ewt,0.0,False,main,P,0,null,0.0,2.0,0.13447742444764726
sim_vowels,ewt_b0,2,ewt,0.0,False,main,P,0,null,0.0,3.0,0.14283196041819163
sim_vowels,ewt_b0,2,ewt,0.0,False,main,P,0,null,0.0,4.0,0.13906804073508094
sim_vowels,ewt_b0,2,ewt,0.0,False,main,P,0,null,0.0,5.0,0.14022233248975202
sim_vowels,ewt_b0,2,ewt,0.0,False,main,P,0,null,0.0,6.0,0.1388288030722529
sim_vowels,ewt_b0,2,ewt,0.0,False,main,P,0,null,0.0,7.0,0.13798375198595975
sim_vowels,ewt_b0,2,ewt,0.0,False,main,P,0,null,0.0,8.0,0.14043178781352064
sim_vowels,ewt_b0,2,ewt,0.0,False,main,P,0,null,0.0,9.0,0.14128541789330817
sim_vowels,ewt_b0,2,ewt,0.0,False,main,P,0,null,0.0,10.0,0.14082226195166025
sim_vowels,ewt_b0,2,ewt,0.0,False,main,P,0,null,0.0,11.0,0.13440357451786816
sim_vowels,ewt_b0,2,ewt,0.0,False,main,P,0,null,0.0,12.0,0.14060099910783969
sim_vowels,ewt_b0,2,ewt,0.0,False,main,P,0,null,0.0,13.0,0.14213601267213316
sim_vowels,ewt_b0,2,ewt,0.0,False,main,P,0,null,0.0,14.0,0.13602244447746892
sim_vowels,ewt_b0,2,ewt,0.0,False,main,P,0,null,0.0,15.0,0.1422846976291107
sim_vowels,ewt_b0,2,ewt,0.0,False,main,P,0,null,0.0,16.0,0.13974361109040037
sim_vowels,ewt_b0,2,ewt,0.0,False,main,P,0,null,0.0,17.0,0.13889369828166614
sim_vowels,ewt_b0,2,ewt,0.0,False,main,P,0,null,0.0,18.0,0.13984077168896694
sim_vowels,ewt_b0,2,ewt,0.0,False,main,P,0,null,0.0,19.0,0.13527434140413297
sim_vowels,ewt_b0,2,ewt,0.0,False,main,A,0,own,,,0.099762349860262
sim_vowels,ewt_b0,2,ewt,0.0,False,main,A,0,null,0.0,0.0,0.030187423748202043
sim_vowels,ewt_b0,2,ewt,0.0,False,main,A,0,null,0.0,1.0,0.09116158895450151
sim_vowels,ewt_b0,2,ewt,0.0,False,main,A,0,null,0.0,2.0,0.029526835390040748
sim_vowels,ewt_b0,2,ewt,0.0,False,main,A,0,null,0.0,3.0,0.00850737341845357
sim_vowels,ewt_b0,2,ewt,0.0,False,main,A,0,null,0.0,4.0,0.013224102857800197
sim_vowels,ewt_b0,2,ewt,0.0,False,main,A,0,null,0.0,5.0,0.018520324746320344
sim_vowels,ewt_b0,2,ewt,0.0,False,main,A,0,null,0.0,6.0,0.029472638841684592
sim_vowels,ewt_b0,2,ewt,0.0,False,main,A,0,null,0.0,7.0,0.011614998192773115
sim_vowels,ewt_b0,2,ewt,0.0,False,main,A,0,null,0.0,8.0,0.012745193744312893
sim_vowels,ewt_b0,2,ewt,0.0,False,main,A,0,null,0.0,9.0,0.028279196751291955
sim_vowels,ewt_b0,2,ewt,0.0,False,main,A,0,null,0.0,10.0,0.020177029119989948
sim_vowels,ewt_b0,2,ewt,0.0,False,main,A,0,null,0.0,11.0,0.010708330801751499
sim_vowels,ewt_b0,2,ewt,0.0,False,main,A,0,null,0.0,12.0,0.03334334336896339
sim_vowels,ewt_b0,2,ewt,0.0,False,main,A,0,null,0.0,13.0,0.04085080927829771
sim_vowels,ewt_b0,2,ewt,0.0,False,main,A,0,null,0.0,14.0,0.01639164580977005
sim_vowels,ewt_b0,2,ewt,0.0,False,main,A,0,null,0.0,15.0,0.020525760129976416
sim_vowels,ewt_b0,2,ewt,0.0,False,main,A,0,null,0.0,16.0,0.0252096429995431
sim_vowels,ewt_b0,2,ewt,0.0,False,main,A,0,null,0.0,17.0,0.0041107903347541285
sim_vowels,ewt_b0,2,ewt,0.0,False,main,A,0,null,0.0,18.0,0.002399360802764548
sim_vowels,ewt_b0,2,ewt,0.0,False,main,A,0,null,0.0,19.0,0.01088651922182876
sim_vowels,ewt_b0,2,ewt,0.0,False,main,dT,0,own,,,0.47780733051052915
sim_vowels,ewt_b0,2,ewt,0.0,False,main,dT,0,null,0.0,0.0,0.5305620338763682
sim_vowels,ewt_b0,2,ewt,0.0,False,main,dT,0,null,0.0,1.0,0.40749655517491895
sim_vowels,ewt_b0,2,ewt,0.0,False,main,dT,0,null,0.0,2.0,0.34306402987325224
sim_vowels,ewt_b0,2,ewt,0.0,False,main,dT,0,null,0.0,3.0,0.4375948770446545
sim_vowels,ewt_b0,2,ewt,0.0,False,main,dT,0,null,0.0,4.0,0.2706835583350082
sim_vowels,ewt_b0,2,ewt,0.0,False,main,dT,0,null,0.0,5.0,0.7951170053581367
sim_vowels,ewt_b0,2,ewt,0.0,False,main,dT,0,null,0.0,6.0,0.5274042791930882
sim_vowels,ewt_b0,2,ewt,0.0,False,main,dT,0,null,0.0,7.0,0.2659606516058574
sim_vowels,ewt_b0,2,ewt,0.0,False,main,dT,0,null,0.0,8.0,0.2676505732165552
sim_vowels,ewt_b0,2,ewt,0.0,False,main,dT,0,null,0.0,9.0,0.21985699699555056
sim_vowels,ewt_b0,2,ewt,0.0,False,main,dT,0,null,0.0,10.0,0.42323142782938805
sim_vowels,ewt_b0,2,ewt,0.0,False,main,dT,0,null,0.0,11.0,0.5798473471526813
sim_vowels,ewt_b0,2,ewt,0.0,False,main,dT,0,null,0.0,12.0,0.7238330705008674
sim_vowels,ewt_b0,2,ewt,0.0,False,main,dT,0,null,0.0,13.0,0.06591148919827614
sim_vowels,ewt_b0,2,ewt,0.0,False,main,dT,0,null,0.0,14.0,0.5069658145170631
sim_vowels,ewt_b0,2,ewt,0.0,False,main,dT,0,null,0.0,15.0,0.36544694033307745
sim_vowels,ewt_b0,2,ewt,0.0,False,main,dT,0,null,0.0,16.0,0.37708372924848055
sim_vowels,ewt_b0,2,ewt,0.0,False,main,dT,0,null,0.0,17.0,0.5278795184072045
sim_vowels,ewt_b0,2,ewt,0.0,False,main,dT,0,null,0.0,18.0,0.5195474572804746
sim_vowels,ewt_b0,2,ewt,0.0,False,main,dT,0,null,0.0,19.0,0.3972688231721956
sim_vowels,ewt_b1,3,ewt,1.0,False,main,P,0,own,,,0.22280700324879538
sim_vowels,ewt_b1,3,ewt,1.0,False,main,P,0,null,0.0,0.0,0.19246755091015982
sim_vowels,ewt_b1,3,ewt,1.0,False,main,P,0,null,0.0,1.0,0.18543421398010285
sim_vowels,ewt_b1,3,ewt,1.0,False,main,P,0,null,0.0,2.0,0.19309143747987967
sim_vowels,ewt_b1,3,ewt,1.0,False,main,P,0,null,0.0,3.0,0.1810568290351451
sim_vowels,ewt_b1,3,ewt,1.0,False,main,P,0,null,0.0,4.0,0.19355633529585536
sim_vowels,ewt_b1,3,ewt,1.0,False,main,P,0,null,0.0,5.0,0.18894023678931776
sim_vowels,ewt_b1,3,ewt,1.0,False,main,P,0,null,0.0,6.0,0.19997848276243482
sim_vowels,ewt_b1,3,ewt,1.0,False,main,P,0,null,0.0,7.0,0.18648267628910764
sim_vowels,ewt_b1,3,ewt,1.0,False,main,P,0,null,0.0,8.0,0.19232992033983992
sim_vowels,ewt_b1,3,ewt,1.0,False,main,P,0,null,0.0,9.0,0.1850503185450195
sim_vowels,ewt_b1,3,ewt,1.0,False,main,P,0,null,0.0,10.0,0.19641890875490448
sim_vowels,ewt_b1,3,ewt,1.0,False,main,P,0,null,0.0,11.0,0.18943213948168386
sim_vowels,ewt_b1,3,ewt,1.0,False,main,P,0,null,0.0,12.0,0.19426529247661367
sim_vowels,ewt_b1,3,ewt,1.0,False,main,P,0,null,0.0,13.0,0.1972691783232447
sim_vowels,ewt_b1,3,ewt,1.0,False,main,P,0,null,0.0,14.0,0.19061760287974885
sim_vowels,ewt_b1,3,ewt,1.0,False,main,P,0,null,0.0,15.0,0.18094958219583268
sim_vowels,ewt_b1,3,ewt,1.0,False,main,P,0,null,0.0,16.0,0.19531996409470462
sim_vowels,ewt_b1,3,ewt,1.0,False,main,P,0,null,0.0,17.0,0.1887968402088269
sim_vowels,ewt_b1,3,ewt,1.0,False,main,P,0,null,0.0,18.0,0.18518193171726655
sim_vowels,ewt_b1,3,ewt,1.0,False,main,P,0,null,0.0,19.0,0.19561379008280644
sim_vowels,ewt_b1,3,ewt,1.0,False,main,A,0,own,,,0.2881079065816561
sim_vowels,ewt_b1,3,ewt,1.0,False,main,A,0,null,0.0,0.0,0.20424785211679244
sim_vowels,ewt_b1,3,ewt,1.0,False,main,A,0,null,0.0,1.0,0.14599746571803843
sim_vowels,ewt_b1,3,ewt,1.0,False,main,A,0,null,0.0,2.0,0.20033616599160423
sim_vowels,ewt_b1,3,ewt,1.0,False,main,A,0,null,0.0,3.0,0.14745942187616218
sim_vowels,ewt_b1,3,ewt,1.0,False,main,A,0,null,0.0,4.0,0.1793915748760494
sim_vowels,ewt_b1,3,ewt,1.0,False,main,A,0,null,0.0,5.0,0.18132597276594772
sim_vowels,ewt_b1,3,ewt,1.0,False,main,A,0,null,0.0,6.0,0.16848681245982786
sim_vowels,ewt_b1,3,ewt,1.0,False,main,A,0,null,0.0,7.0,0.18507033551164465
sim_vowels,ewt_b1,3,ewt,1.0,False,main,A,0,null,0.0,8.0,0.19955967422893467
sim_vowels,ewt_b1,3,ewt,1.0,False,main,A,0,null,0.0,9.0,0.18986267982821178
sim_vowels,ewt_b1,3,ewt,1.0,False,main,A,0,null,0.0,10.0,0.15132397334465383
sim_vowels,ewt_b1,3,ewt,1.0,False,main,A,0,null,0.0,11.0,0.17328759636206015
sim_vowels,ewt_b1,3,ewt,1.0,False,main,A,0,null,0.0,12.0,0.21442416389484853
sim_vowels,ewt_b1,3,ewt,1.0,False,main,A,0,null,0.0,13.0,0.16672415285284325
sim_vowels,ewt_b1,3,ewt,1.0,False,main,A,0,null,0.0,14.0,0.17213355644462627
sim_vowels,ewt_b1,3,ewt,1.0,False,main,A,0,null,0.0,15.0,0.16907598479416752
sim_vowels,ewt_b1,3,ewt,1.0,False,main,A,0,null,0.0,16.0,0.24723334765652683
sim_vowels,ewt_b1,3,ewt,1.0,False,main,A,0,null,0.0,17.0,0.18791416238391714
sim_vowels,ewt_b1,3,ewt,1.0,False,main,A,0,null,0.0,18.0,0.20475797216762712
sim_vowels,ewt_b1,3,ewt,1.0,False,main,A,0,null,0.0,19.0,0.16850645059456226
sim_vowels,ewt_b1,3,ewt,1.0,False,main,dT,0,own,,,0.6532422550557968
sim_vowels,ewt_b1,3,ewt,1.0,False,main,dT,0,null,0.0,0.0,0.18029337358223868
sim_vowels,ewt_b1,3,ewt,1.0,False,main,dT,0,null,0.0,1.0,0.14775534866240062
sim_vowels,ewt_b1,3,ewt,1.0,False,main,dT,0,null,0.0,2.0,0.11204574528442772
sim_vowels,ewt_b1,3,ewt,1.0,False,main,dT,0,null,0.0,3.0,0.31393273424239215
sim_vowels,ewt_b1,3,ewt,1.0,False,main,dT,0,null,0.0,4.0,0.14291563666166868
sim_vowels,ewt_b1,3,ewt,1.0,False,main,dT,0,null,0.0,5.0,0.09295089132562333
sim_vowels,ewt_b1,3,ewt,1.0,False,main,dT,0,null,0.0,6.0,0.20647061456417604
sim_vowels,ewt_b1,3,ewt,1.0,False,main,dT,0,null,0.0,7.0,0.38313844221457
sim_vowels,ewt_b1,3,ewt,1.0,False,main,dT,0,null,0.0,8.0,0.16895957868429243
sim_vowels,ewt_b1,3,ewt,1.0,False,main,dT,0,null,0.0,9.0,0.1475917568025996
sim_vowels,ewt_b1,3,ewt,1.0,False,main,dT,0,null,0.0,10.0,0.24619978160792375
sim_vowels,ewt_b1,3,ewt,1.0,False,main,dT,0,null,0.0,11.0,0.20552846996897592
sim_vowels,ewt_b1,3,ewt,1.0,False,main,dT,0,null,0.0,12.0,0.1638980075346461
sim_vowels,ewt_b1,3,ewt,1.0,False,main,dT,0,null,0.0,13.0,0.18137630060176188
sim_vowels,ewt_b1,3,ewt,1.0,False,main,dT,0,null,0.0,14.0,0.29514922928912335
sim_vowels,ewt_b1,3,ewt,1.0,False,main,dT,0,null,0.0,15.0,0.24703096736324195
sim_vowels,ewt_b1,3,ewt,1.0,False,main,dT,0,null,0.0,16.0,0.30591287122824834
sim_vowels,ewt_b1,3,ewt,1.0,False,main,dT,0,null,0.0,17.0,0.19129198696082136
sim_vowels,ewt_b1,3,ewt,1.0,False,main,dT,0,null,0.0,18.0,0.1537223927975267
sim_vowels,ewt_b1,3,ewt,1.0,False,main,dT,0,null,0.0,19.0,0.29770103907739476
sim_vowels,fd_b0,4,fd,0.0,False,main,P,0,own,,,0.167789624259192
sim_vowels,fd_b0,4,fd,0.0,False,main,P,0,null,0.0,0.0,0.07329199711718459
sim_vowels,fd_b0,4,fd,0.0,False,main,P,0,null,0.0,1.0,0.06531678065738424
sim_vowels,fd_b0,4,fd,0.0,False,main,P,0,null,0.0,2.0,0.07243029009432111
sim_vowels,fd_b0,4,fd,0.0,False,main,P,0,null,0.0,3.0,0.07078138667079678
sim_vowels,fd_b0,4,fd,0.0,False,main,P,0,null,0.0,4.0,0.07229982084002567
sim_vowels,fd_b0,4,fd,0.0,False,main,P,0,null,0.0,5.0,0.0663164294024547
sim_vowels,fd_b0,4,fd,0.0,False,main,P,0,null,0.0,6.0,0.06880846501107411
sim_vowels,fd_b0,4,fd,0.0,False,main,P,0,null,0.0,7.0,0.0699541187330579
sim_vowels,fd_b0,4,fd,0.0,False,main,P,0,null,0.0,8.0,0.07063709040336837
sim_vowels,fd_b0,4,fd,0.0,False,main,P,0,null,0.0,9.0,0.06741872866412166
sim_vowels,fd_b0,4,fd,0.0,False,main,P,0,null,0.0,10.0,0.07206414242359618
sim_vowels,fd_b0,4,fd,0.0,False,main,P,0,null,0.0,11.0,0.07455891054941723
sim_vowels,fd_b0,4,fd,0.0,False,main,P,0,null,0.0,12.0,0.07284474695066691
sim_vowels,fd_b0,4,fd,0.0,False,main,P,0,null,0.0,13.0,0.07393529536436569
sim_vowels,fd_b0,4,fd,0.0,False,main,P,0,null,0.0,14.0,0.06994396159132317
sim_vowels,fd_b0,4,fd,0.0,False,main,P,0,null,0.0,15.0,0.07114972689258645
sim_vowels,fd_b0,4,fd,0.0,False,main,P,0,null,0.0,16.0,0.06726692821885089
sim_vowels,fd_b0,4,fd,0.0,False,main,P,0,null,0.0,17.0,0.06706588471802734
sim_vowels,fd_b0,4,fd,0.0,False,main,P,0,null,0.0,18.0,0.06859819978462808
sim_vowels,fd_b0,4,fd,0.0,False,main,P,0,null,0.0,19.0,0.0746628943278628
sim_vowels,fd_b0,4,fd,0.0,False,main,A,0,own,,,0.15456782251400966
sim_vowels,fd_b0,4,fd,0.0,False,main,A,0,null,0.0,0.0,0.06607592424502765
sim_vowels,fd_b0,4,fd,0.0,False,main,A,0,null,0.0,1.0,0.08438450541925394
sim_vowels,fd_b0,4,fd,0.0,False,main,A,0,null,0.0,2.0,0.0880922789223332
sim_vowels,fd_b0,4,fd,0.0,False,main,A,0,null,0.0,3.0,0.07100888164593588
sim_vowels,fd_b0,4,fd,0.0,False,main,A,0,null,0.0,4.0,0.07036415993426509
sim_vowels,fd_b0,4,fd,0.0,False,main,A,0,null,0.0,5.0,0.08106663388834932
sim_vowels,fd_b0,4,fd,0.0,False,main,A,0,null,0.0,6.0,0.10826699375764919
sim_vowels,fd_b0,4,fd,0.0,False,main,A,0,null,0.0,7.0,0.07800520861725278
sim_vowels,fd_b0,4,fd,0.0,False,main,A,0,null,0.0,8.0,0.07039577132251348
sim_vowels,fd_b0,4,fd,0.0,False,main,A,0,null,0.0,9.0,0.08029433105716409
sim_vowels,fd_b0,4,fd,0.0,False,main,A,0,null,0.0,10.0,0.060879073729187015
sim_vowels,fd_b0,4,fd,0.0,False,main,A,0,null,0.0,11.0,0.09626856723268852
sim_vowels,fd_b0,4,fd,0.0,False,main,A,0,null,0.0,12.0,0.08393967099698403
sim_vowels,fd_b0,4,fd,0.0,False,main,A,0,null,0.0,13.0,0.0672214262816145
sim_vowels,fd_b0,4,fd,0.0,False,main,A,0,null,0.0,14.0,0.07976681497360409
sim_vowels,fd_b0,4,fd,0.0,False,main,A,0,null,0.0,15.0,0.06709664270375856
sim_vowels,fd_b0,4,fd,0.0,False,main,A,0,null,0.0,16.0,0.06252417403655644
sim_vowels,fd_b0,4,fd,0.0,False,main,A,0,null,0.0,17.0,0.0790793220172902
sim_vowels,fd_b0,4,fd,0.0,False,main,A,0,null,0.0,18.0,0.06094345817109961
sim_vowels,fd_b0,4,fd,0.0,False,main,A,0,null,0.0,19.0,0.07158430996307437
sim_vowels,fd_b0,4,fd,0.0,False,main,dT,0,own,,,0.49313609072923514
sim_vowels,fd_b0,4,fd,0.0,False,main,dT,0,null,0.0,0.0,0.258409607902747
sim_vowels,fd_b0,4,fd,0.0,False,main,dT,0,null,0.0,1.0,0.323093626487598
sim_vowels,fd_b0,4,fd,0.0,False,main,dT,0,null,0.0,2.0,0.24300398517080948
sim_vowels,fd_b0,4,fd,0.0,False,main,dT,0,null,0.0,3.0,0.3828471439838794
sim_vowels,fd_b0,4,fd,0.0,False,main,dT,0,null,0.0,4.0,0.32022090466370073
sim_vowels,fd_b0,4,fd,0.0,False,main,dT,0,null,0.0,5.0,0.5204547020889316
sim_vowels,fd_b0,4,fd,0.0,False,main,dT,0,null,0.0,6.0,0.4592752786098276
sim_vowels,fd_b0,4,fd,0.0,False,main,dT,0,null,0.0,7.0,0.27172050328880176
sim_vowels,fd_b0,4,fd,0.0,False,main,dT,0,null,0.0,8.0,0.18278004063567782
sim_vowels,fd_b0,4,fd,0.0,False,main,dT,0,null,0.0,9.0,0.32264572595574753
sim_vowels,fd_b0,4,fd,0.0,False,main,dT,0,null,0.0,10.0,0.23003645665510986
sim_vowels,fd_b0,4,fd,0.0,False,main,dT,0,null,0.0,11.0,0.2750816904410895
sim_vowels,fd_b0,4,fd,0.0,False,main,dT,0,null,0.0,12.0,0.241651902630173
sim_vowels,fd_b0,4,fd,0.0,False,main,dT,0,null,0.0,13.0,0.2034084258283082
sim_vowels,fd_b0,4,fd,0.0,False,main,dT,0,null,0.0,14.0,0.2857380063145542
sim_vowels,fd_b0,4,fd,0.0,False,main,dT,0,null,0.0,15.0,0.22707916064925032
sim_vowels,fd_b0,4,fd,0.0,False,main,dT,0,null,0.0,16.0,0.41421835746222624
sim_vowels,fd_b0,4,fd,0.0,False,main,dT,0,null,0.0,17.0,0.3155877635591786
sim_vowels,fd_b0,4,fd,0.0,False,main,dT,0,null,0.0,18.0,0.20224108343026498
sim_vowels,fd_b0,4,fd,0.0,False,main,dT,0,null,0.0,19.0,0.21852514481608717
sim_vowels,fd_b1,5,fd,1.0,False,main,P,0,own,,,0.25037295818873184
sim_vowels,fd_b1,5,fd,1.0,False,main,P,0,null,0.0,0.0,0.15448253169383727
sim_vowels,fd_b1,5,fd,1.0,False,main,P,0,null,0.0,1.0,0.14365302926563758
sim_vowels,fd_b1,5,fd,1.0,False,main,P,0,null,0.0,2.0,0.14809402128173235
sim_vowels,fd_b1,5,fd,1.0,False,main,P,0,null,0.0,3.0,0.1433603652449188
sim_vowels,fd_b1,5,fd,1.0,False,main,P,0,null,0.0,4.0,0.1479359483272343
sim_vowels,fd_b1,5,fd,1.0,False,main,P,0,null,0.0,5.0,0.14155101189195643
sim_vowels,fd_b1,5,fd,1.0,False,main,P,0,null,0.0,6.0,0.13489589371589117
sim_vowels,fd_b1,5,fd,1.0,False,main,P,0,null,0.0,7.0,0.1538082080675297
sim_vowels,fd_b1,5,fd,1.0,False,main,P,0,null,0.0,8.0,0.15226647814709895
sim_vowels,fd_b1,5,fd,1.0,False,main,P,0,null,0.0,9.0,0.15628051912488702
sim_vowels,fd_b1,5,fd,1.0,False,main,P,0,null,0.0,10.0,0.1449650851026952
sim_vowels,fd_b1,5,fd,1.0,False,main,P,0,null,0.0,11.0,0.14479783059215923
sim_vowels,fd_b1,5,fd,1.0,False,main,P,0,null,0.0,12.0,0.14706444686973083
sim_vowels,fd_b1,5,fd,1.0,False,main,P,0,null,0.0,13.0,0.14307305678260332
sim_vowels,fd_b1,5,fd,1.0,False,main,P,0,null,0.0,14.0,0.1530917936354928
sim_vowels,fd_b1,5,fd,1.0,False,main,P,0,null,0.0,15.0,0.1433068111388174
sim_vowels,fd_b1,5,fd,1.0,False,main,P,0,null,0.0,16.0,0.1417180116977491
sim_vowels,fd_b1,5,fd,1.0,False,main,P,0,null,0.0,17.0,0.148795372905159
sim_vowels,fd_b1,5,fd,1.0,False,main,P,0,null,0.0,18.0,0.1384292765787348
sim_vowels,fd_b1,5,fd,1.0,False,main,P,0,null,0.0,19.0,0.14456143616419556
sim_vowels,fd_b1,5,fd,1.0,False,main,A,0,own,,,0.23902505985889871
sim_vowels,fd_b1,5,fd,1.0,False,main,A,0,null,0.0,0.0,0.10047079570738161
sim_vowels,fd_b1,5,fd,1.0,False,main,A,0,null,0.0,1.0,0.15135879823122214
sim_vowels,fd_b1,5,fd,1.0,False,main,A,0,null,0.0,2.0,0.08651679880466442
sim_vowels,fd_b1,5,fd,1.0,False,main,A,0,null,0.0,3.0,0.08490916208282115
sim_vowels,fd_b1,5,fd,1.0,False,main,A,0,null,0.0,4.0,0.0947703609744623
sim_vowels,fd_b1,5,fd,1.0,False,main,A,0,null,0.0,5.0,0.06365735116990988
sim_vowels,fd_b1,5,fd,1.0,False,main,A,0,null,0.0,6.0,0.07761041643702597
sim_vowels,fd_b1,5,fd,1.0,False,main,A,0,null,0.0,7.0,0.10970967421781334
sim_vowels,fd_b1,5,fd,1.0,False,main,A,0,null,0.0,8.0,0.08371857409904547
sim_vowels,fd_b1,5,fd,1.0,False,main,A,0,null,0.0,9.0,0.12012928141714628
sim_vowels,fd_b1,5,fd,1.0,False,main,A,0,null,0.0,10.0,0.10447415509191019
sim_vowels,fd_b1,5,fd,1.0,False,main,A,0,null,0.0,11.0,0.07976555364199153
sim_vowels,fd_b1,5,fd,1.0,False,main,A,0,null,0.0,12.0,0.08825959610538289
sim_vowels,fd_b1,5,fd,1.0,False,main,A,0,null,0.0,13.0,0.10852848476962776
sim_vowels,fd_b1,5,fd,1.0,False,main,A,0,null,0.0,14.0,0.12181704178083952
sim_vowels,fd_b1,5,fd,1.0,False,main,A,0,null,0.0,15.0,0.10373795490134367
sim_vowels,fd_b1,5,fd,1.0,False,main,A,0,null,0.0,16.0,0.10186791469178721
sim_vowels,fd_b1,5,fd,1.0,False,main,A,0,null,0.0,17.0,0.09313480870374466
sim_vowels,fd_b1,5,fd,1.0,False,main,A,0,null,0.0,18.0,0.06272077920193055
sim_vowels,fd_b1,5,fd,1.0,False,main,A,0,null,0.0,19.0,0.061480974811928366
sim_vowels,fd_b1,5,fd,1.0,False,main,dT,0,own,,,0.4856937588343163
sim_vowels,fd_b1,5,fd,1.0,False,main,dT,0,null,0.0,0.0,0.2495970379197484
sim_vowels,fd_b1,5,fd,1.0,False,main,dT,0,null,0.0,1.0,0.1856405181129371
sim_vowels,fd_b1,5,fd,1.0,False,main,dT,0,null,0.0,2.0,0.18434463964740988
sim_vowels,fd_b1,5,fd,1.0,False,main,dT,0,null,0.0,3.0,0.19286835090733434
sim_vowels,fd_b1,5,fd,1.0,False,main,dT,0,null,0.0,4.0,0.1783421838973092
sim_vowels,fd_b1,5,fd,1.0,False,main,dT,0,null,0.0,5.0,0.29791684466482954
sim_vowels,fd_b1,5,fd,1.0,False,main,dT,0,null,0.0,6.0,0.09396896908529913
sim_vowels,fd_b1,5,fd,1.0,False,main,dT,0,null,0.0,7.0,0.29410904638679725
sim_vowels,fd_b1,5,fd,1.0,False,main,dT,0,null,0.0,8.0,0.21798005027544748
sim_vowels,fd_b1,5,fd,1.0,False,main,dT,0,null,0.0,9.0,0.07256093516722373
sim_vowels,fd_b1,5,fd,1.0,False,main,dT,0,null,0.0,10.0,0.26074921595403
sim_vowels,fd_b1,5,fd,1.0,False,main,dT,0,null,0.0,11.0,0.26774204470453133
sim_vowels,fd_b1,5,fd,1.0,False,main,dT,0,null,0.0,12.0,0.06619938102232552
sim_vowels,fd_b1,5,fd,1.0,False,main,dT,0,null,0.0,13.0,0.12364413757103106
sim_vowels,fd_b1,5,fd,1.0,False,main,dT,0,null,0.0,14.0,0.37399164162366005
sim_vowels,fd_b1,5,fd,1.0,False,main,dT,0,null,0.0,15.0,0.5334023211988026
sim_vowels,fd_b1,5,fd,1.0,False,main,dT,0,null,0.0,16.0,0.1500998210674389
sim_vowels,fd_b1,5,fd,1.0,False,main,dT,0,null,0.0,17.0,0.26969335746534717
sim_vowels,fd_b1,5,fd,1.0,False,main,dT,0,null,0.0,18.0,0.11405560357902127
sim_vowels,fd_b1,5,fd,1.0,False,main,dT,0,null,0.0,19.0,0.2953149214237162
sim_vowels,emd_b01,6,emd,0.1,False,main,P,0,own,,,0.3370734951005609
sim_vowels,emd_b01,6,emd,0.1,False,main,P,0,null,0.0,0.0,0.28921088383299676
sim_vowels,emd_b01,6,emd,0.1,False,main,P,0,null,0.0,1.0,0.29233339260533664
sim_vowels,emd_b01,6,emd,0.1,False,main,P,0,null,0.0,2.0,0.3085041983314403
sim_vowels,emd_b01,6,emd,0.1,False,main,P,0,null,0.0,3.0,0.29712593302568047
sim_vowels,emd_b01,6,emd,0.1,False,main,P,0,null,0.0,4.0,0.29670786225666257
sim_vowels,emd_b01,6,emd,0.1,False,main,P,0,null,0.0,5.0,0.29567880867886986
sim_vowels,emd_b01,6,emd,0.1,False,main,P,0,null,0.0,6.0,0.29109484181504014
sim_vowels,emd_b01,6,emd,0.1,False,main,P,0,null,0.0,7.0,0.29565798733624876
sim_vowels,emd_b01,6,emd,0.1,False,main,P,0,null,0.0,8.0,0.2945129453341287
sim_vowels,emd_b01,6,emd,0.1,False,main,P,0,null,0.0,9.0,0.3058859796649475
sim_vowels,emd_b01,6,emd,0.1,False,main,P,0,null,0.0,10.0,0.29721349293208543
sim_vowels,emd_b01,6,emd,0.1,False,main,P,0,null,0.0,11.0,0.30699331450622713
sim_vowels,emd_b01,6,emd,0.1,False,main,P,0,null,0.0,12.0,0.2961058766715083
sim_vowels,emd_b01,6,emd,0.1,False,main,P,0,null,0.0,13.0,0.27786691588092954
sim_vowels,emd_b01,6,emd,0.1,False,main,P,0,null,0.0,14.0,0.2985061249597175
sim_vowels,emd_b01,6,emd,0.1,False,main,P,0,null,0.0,15.0,0.2991898835971193
sim_vowels,emd_b01,6,emd,0.1,False,main,P,0,null,0.0,16.0,0.2896484843574402
sim_vowels,emd_b01,6,emd,0.1,False,main,P,0,null,0.0,17.0,0.2947723691750945
sim_vowels,emd_b01,6,emd,0.1,False,main,P,0,null,0.0,18.0,0.29489329721949387
sim_vowels,emd_b01,6,emd,0.1,False,main,P,0,null,0.0,19.0,0.2903594897567022
sim_vowels,emd_b01,6,emd,0.1,False,main,A,0,own,,,0.10440732933006558
sim_vowels,emd_b01,6,emd,0.1,False,main,A,0,null,0.0,0.0,0.12402106894428873
sim_vowels,emd_b01,6,emd,0.1,False,main,A,0,null,0.0,1.0,0.14559204482330942
sim_vowels,emd_b01,6,emd,0.1,False,main,A,0,null,0.0,2.0,0.11940078020800998
sim_vowels,emd_b01,6,emd,0.1,False,main,A,0,null,0.0,3.0,0.12145932978428688
sim_vowels,emd_b01,6,emd,0.1,False,main,A,0,null,0.0,4.0,0.1457112036334779
sim_vowels,emd_b01,6,emd,0.1,False,main,A,0,null,0.0,5.0,0.11671541252549088
sim_vowels,emd_b01,6,emd,0.1,False,main,A,0,null,0.0,6.0,0.15008321550641812
sim_vowels,emd_b01,6,emd,0.1,False,main,A,0,null,0.0,7.0,0.15907193702200192
sim_vowels,emd_b01,6,emd,0.1,False,main,A,0,null,0.0,8.0,0.16372309843473581
sim_vowels,emd_b01,6,emd,0.1,False,main,A,0,null,0.0,9.0,0.1597947291436304
sim_vowels,emd_b01,6,emd,0.1,False,main,A,0,null,0.0,10.0,0.11830809758486578
sim_vowels,emd_b01,6,emd,0.1,False,main,A,0,null,0.0,11.0,0.1017418896444893
sim_vowels,emd_b01,6,emd,0.1,False,main,A,0,null,0.0,12.0,0.13332571692655698
sim_vowels,emd_b01,6,emd,0.1,False,main,A,0,null,0.0,13.0,0.13621425606665155
sim_vowels,emd_b01,6,emd,0.1,False,main,A,0,null,0.0,14.0,0.12667171876112168
sim_vowels,emd_b01,6,emd,0.1,False,main,A,0,null,0.0,15.0,0.11805140027596794
sim_vowels,emd_b01,6,emd,0.1,False,main,A,0,null,0.0,16.0,0.16885649575728356
sim_vowels,emd_b01,6,emd,0.1,False,main,A,0,null,0.0,17.0,0.15271781556445463
sim_vowels,emd_b01,6,emd,0.1,False,main,A,0,null,0.0,18.0,0.10523117289014387
sim_vowels,emd_b01,6,emd,0.1,False,main,A,0,null,0.0,19.0,0.14289586839366988
sim_vowels,emd_b01,6,emd,0.1,False,main,dT,0,own,,,0.17155351503358934
sim_vowels,emd_b01,6,emd,0.1,False,main,dT,0,null,0.0,0.0,0.3658086714612796
sim_vowels,emd_b01,6,emd,0.1,False,main,dT,0,null,0.0,1.0,0.2692542754443786
sim_vowels,emd_b01,6,emd,0.1,False,main,dT,0,null,0.0,2.0,0.3657205091705418
sim_vowels,emd_b01,6,emd,0.1,False,main,dT,0,null,0.0,3.0,0.45253307899771045
sim_vowels,emd_b01,6,emd,0.1,False,main,dT,0,null,0.0,4.0,0.43780116474520286
sim_vowels,emd_b01,6,emd,0.1,False,main,dT,0,null,0.0,5.0,0.23420807371385746
sim_vowels,emd_b01,6,emd,0.1,False,main,dT,0,null,0.0,6.0,0.24832561147758778
sim_vowels,emd_b01,6,emd,0.1,False,main,dT,0,null,0.0,7.0,0.1323922640708098
sim_vowels,emd_b01,6,emd,0.1,False,main,dT,0,null,0.0,8.0,0.6992023572310233
sim_vowels,emd_b01,6,emd,0.1,False,main,dT,0,null,0.0,9.0,0.1870451991095051
sim_vowels,emd_b01,6,emd,0.1,False,main,dT,0,null,0.0,10.0,0.07348440116449044
sim_vowels,emd_b01,6,emd,0.1,False,main,dT,0,null,0.0,11.0,0.5503978331876082
sim_vowels,emd_b01,6,emd,0.1,False,main,dT,0,null,0.0,12.0,0.3937048901742032
sim_vowels,emd_b01,6,emd,0.1,False,main,dT,0,null,0.0,13.0,0.6098884749004242
sim_vowels,emd_b01,6,emd,0.1,False,main,dT,0,null,0.0,14.0,0.4038668037229025
sim_vowels,emd_b01,6,emd,0.1,False,main,dT,0,null,0.0,15.0,0.36260215895026143
sim_vowels,emd_b01,6,emd,0.1,False,main,dT,0,null,0.0,16.0,0.11642428898385403
sim_vowels,emd_b01,6,emd,0.1,False,main,dT,0,null,0.0,17.0,0.4352239218339162
sim_vowels,emd_b01,6,emd,0.1,False,main,dT,0,null,0.0,18.0,0.42974353744376886
sim_vowels,emd_b01,6,emd,0.1,False,main,dT,0,null,0.0,19.0,0.25118897328521905
sim_vowels,vmd_b01,7,vmd,0.1,False,main,P,0,own,,,0.22952739772798908
sim_vowels,vmd_b01,7,vmd,0.1,False,main,P,0,null,0.0,0.0,0.15475128900959642
sim_vowels,vmd_b01,7,vmd,0.1,False,main,P,0,null,0.0,1.0,0.17467652024063127
sim_vowels,vmd_b01,7,vmd,0.1,False,main,P,0,null,0.0,2.0,0.1608249371823289
sim_vowels,vmd_b01,7,vmd,0.1,False,main,P,0,null,0.0,3.0,0.16333582889905554
sim_vowels,vmd_b01,7,vmd,0.1,False,main,P,0,null,0.0,4.0,0.1714252989741816
sim_vowels,vmd_b01,7,vmd,0.1,False,main,P,0,null,0.0,5.0,0.16343098573194997
sim_vowels,vmd_b01,7,vmd,0.1,False,main,P,0,null,0.0,6.0,0.16658332197379494
sim_vowels,vmd_b01,7,vmd,0.1,False,main,P,0,null,0.0,7.0,0.15996565597310064
sim_vowels,vmd_b01,7,vmd,0.1,False,main,P,0,null,0.0,8.0,0.16757467104554793
sim_vowels,vmd_b01,7,vmd,0.1,False,main,P,0,null,0.0,9.0,0.17046323160808827
sim_vowels,vmd_b01,7,vmd,0.1,False,main,P,0,null,0.0,10.0,0.16334721443114966
sim_vowels,vmd_b01,7,vmd,0.1,False,main,P,0,null,0.0,11.0,0.17290572843737018
sim_vowels,vmd_b01,7,vmd,0.1,False,main,P,0,null,0.0,12.0,0.16411703914989684
sim_vowels,vmd_b01,7,vmd,0.1,False,main,P,0,null,0.0,13.0,0.16242164169564977
sim_vowels,vmd_b01,7,vmd,0.1,False,main,P,0,null,0.0,14.0,0.159299490107517
sim_vowels,vmd_b01,7,vmd,0.1,False,main,P,0,null,0.0,15.0,0.16908416253584935
sim_vowels,vmd_b01,7,vmd,0.1,False,main,P,0,null,0.0,16.0,0.17529826050626088
sim_vowels,vmd_b01,7,vmd,0.1,False,main,P,0,null,0.0,17.0,0.1551435938410904
sim_vowels,vmd_b01,7,vmd,0.1,False,main,P,0,null,0.0,18.0,0.16485225092872852
sim_vowels,vmd_b01,7,vmd,0.1,False,main,P,0,null,0.0,19.0,0.17055790566764237
sim_vowels,vmd_b01,7,vmd,0.1,False,main,A,0,own,,,0.1910149698071241
sim_vowels,vmd_b01,7,vmd,0.1,False,main,A,0,null,0.0,0.0,0.11547920478257155
sim_vowels,vmd_b01,7,vmd,0.1,False,main,A,0,null,0.0,1.0,0.1400795796655864
sim_vowels,vmd_b01,7,vmd,0.1,False,main,A,0,null,0.0,2.0,0.1155349838242592
sim_vowels,vmd_b01,7,vmd,0.1,False,main,A,0,null,0.0,3.0,0.12151605461121841
sim_vowels,vmd_b01,7,vmd,0.1,False,main,A,0,null,0.0,4.0,0.09394788764082446
sim_vowels,vmd_b01,7,vmd,0.1,False,main,A,0,null,0.0,5.0,0.10420345913038553
sim_vowels,vmd_b01,7,vmd,0.1,False,main,A,0,null,0.0,6.0,0.13473959465983354
sim_vowels,vmd_b01,7,vmd,0.1,False,main,A,0,null,0.0,7.0,0.10174693019466331
sim_vowels,vmd_b01,7,vmd,0.1,False,main,A,0,null,0.0,8.0,0.11520370070213924
sim_vowels,vmd_b01,7,vmd,0.1,False,main,A,0,null,0.0,9.0,0.12665304974696115
sim_vowels,vmd_b01,7,vmd,0.1,False,main,A,0,null,0.0,10.0,0.13169490535912684
sim_vowels,vmd_b01,7,vmd,0.1,False,main,A,0,null,0.0,11.0,0.08678150753151441
sim_vowels,vmd_b01,7,vmd,0.1,False,main,A,0,null,0.0,12.0,0.07211710989013463
sim_vowels,vmd_b01,7,vmd,0.1,False,main,A,0,null,0.0,13.0,0.10639959863945617
sim_vowels,vmd_b01,7,vmd,0.1,False,main,A,0,null,0.0,14.0,0.10331461891531504
sim_vowels,vmd_b01,7,vmd,0.1,False,main,A,0,null,0.0,15.0,0.10255243768989675
sim_vowels,vmd_b01,7,vmd,0.1,False,main,A,0,null,0.0,16.0,0.1499808250068962
sim_vowels,vmd_b01,7,vmd,0.1,False,main,A,0,null,0.0,17.0,0.10050170491452838
sim_vowels,vmd_b01,7,vmd,0.1,False,main,A,0,null,0.0,18.0,0.10866400073480158
sim_vowels,vmd_b01,7,vmd,0.1,False,main,A,0,null,0.0,19.0,0.09880935078293916
sim_vowels,vmd_b01,7,vmd,0.1,False,main,dT,0,own,,,0.3472208013917748
sim_vowels,vmd_b01,7,vmd,0.1,False,main,dT,0,null,0.0,0.0,0.2091286690837559
sim_vowels,vmd_b01,7,vmd,0.1,False,main,dT,0,null,0.0,1.0,0.0925080309425404
sim_vowels,vmd_b01,7,vmd,0.1,False,main,dT,0,null,0.0,2.0,0.14113538956976707
sim_vowels,vmd_b01,7,vmd,0.1,False,main,dT,0,null,0.0,3.0,0.4493620455705834
sim_vowels,vmd_b01,7,vmd,0.1,False,main,dT,0,null,0.0,4.0,0.18746581821785563
sim_vowels,vmd_b01,7,vmd,0.1,False,main,dT,0,null,0.0,5.0,0.18221653158568998
sim_vowels,vmd_b01,7,vmd,0.1,False,main,dT,0,null,0.0,6.0,0.3004282791230784
sim_vowels,vmd_b01,7,vmd,0.1,False,main,dT,0,null,0.0,7.0,0.4528204842966193
sim_vowels,vmd_b01,7,vmd,0.1,False,main,dT,0,null,0.0,8.0,0.11128429113574796
sim_vowels,vmd_b01,7,vmd,0.1,False,main,dT,0,null,0.0,9.0,0.1926577328728179
sim_vowels,vmd_b01,7,vmd,0.1,False,main,dT,0,null,0.0,10.0,0.43247495253610774
sim_vowels,vmd_b01,7,vmd,0.1,False,main,dT,0,null,0.0,11.0,0.2093525378936598
sim_vowels,vmd_b01,7,vmd,0.1,False,main,dT,0,null,0.0,12.0,0.31134403085034323
sim_vowels,vmd_b01,7,vmd,0.1,False,main,dT,0,null,0.0,13.0,0.20077593524115553
sim_vowels,vmd_b01,7,vmd,0.1,False,main,dT,0,null,0.0,14.0,0.10204374009205655
sim_vowels,vmd_b01,7,vmd,0.1,False,main,dT,0,null,0.0,15.0,0.3928718475251926
sim_vowels,vmd_b01,7,vmd,0.1,False,main,dT,0,null,0.0,16.0,0.16428827694105624
sim_vowels,vmd_b01,7,vmd,0.1,False,main,dT,0,null,0.0,17.0,0.1046575353434835
sim_vowels,vmd_b01,7,vmd,0.1,False,main,dT,0,null,0.0,18.0,0.15943876063502707
sim_vowels,vmd_b01,7,vmd,0.1,False,main,dT,0,null,0.0,19.0,0.4617650907260483
timit,timit_ewt_b01,8,ewt,0.1,False,main,P,0,own,,,0.4517488915540044
timit,timit_ewt_b01,8,ewt,0.1,False,main,P,0,null,0.0,0.0,0.09459319300544441
timit,timit_ewt_b01,8,ewt,0.1,False,main,P,0,null,0.0,1.0,0.09262227196920347
timit,timit_ewt_b01,8,ewt,0.1,False,main,P,0,null,0.0,2.0,0.09237878034101038
timit,timit_ewt_b01,8,ewt,0.1,False,main,P,0,null,0.0,3.0,0.08147395997406857
timit,timit_ewt_b01,8,ewt,0.1,False,main,P,0,null,0.0,4.0,0.08842948427518003
timit,timit_ewt_b01,8,ewt,0.1,False,main,P,0,null,0.0,5.0,0.09219254717633138
timit,timit_ewt_b01,8,ewt,0.1,False,main,P,0,null,0.0,6.0,0.08745364906582612
timit,timit_ewt_b01,8,ewt,0.1,False,main,P,0,null,0.0,7.0,0.09235812032812565
timit,timit_ewt_b01,8,ewt,0.1,False,main,P,0,null,0.0,8.0,0.0893454699330475
timit,timit_ewt_b01,8,ewt,0.1,False,main,P,0,null,0.0,9.0,0.07914846233353597
timit,timit_ewt_b01,8,ewt,0.1,False,main,P,0,null,0.0,10.0,0.08842496904998386
timit,timit_ewt_b01,8,ewt,0.1,False,main,P,0,null,0.0,11.0,0.09841343173328991
timit,timit_ewt_b01,8,ewt,0.1,False,main,P,0,null,0.0,12.0,0.10061485193413024
timit,timit_ewt_b01,8,ewt,0.1,False,main,P,0,null,0.0,13.0,0.09392143304080086
timit,timit_ewt_b01,8,ewt,0.1,False,main,P,0,null,0.0,14.0,0.09173047110667447
timit,timit_ewt_b01,8,ewt,0.1,False,main,P,0,null,0.0,15.0,0.09029394877914194
timit,timit_ewt_b01,8,ewt,0.1,False,main,P,0,null,0.0,16.0,0.09807085458647445
timit,timit_ewt_b01,8,ewt,0.1,False,main,P,0,null,0.0,17.0,0.08781957769271709
timit,timit_ewt_b01,8,ewt,0.1,False,main,P,0,null,0.0,18.0,0.08453662031360115
timit,timit_ewt_b01,8,ewt,0.1,False,main,P,0,null,0.0,19.0,0.09178552981537091
timit,timit_ewt_b01,8,ewt,0.1,False,main,A,0,own,,,0.646507038213388
timit,timit_ewt_b01,8,ewt,0.1,False,main,A,0,null,0.0,0.0,0.49975664994752783
timit,timit_ewt_b01,8,ewt,0.1,False,main,A,0,null,0.0,1.0,0.46042810733773215
timit,timit_ewt_b01,8,ewt,0.1,False,main,A,0,null,0.0,2.0,0.4333513841385444
timit,timit_ewt_b01,8,ewt,0.1,False,main,A,0,null,0.0,3.0,0.4506851010663754
timit,timit_ewt_b01,8,ewt,0.1,False,main,A,0,null,0.0,4.0,0.41962560973341717
timit,timit_ewt_b01,8,ewt,0.1,False,main,A,0,null,0.0,5.0,0.44913343758864904
timit,timit_ewt_b01,8,ewt,0.1,False,main,A,0,null,0.0,6.0,0.47909632325610496
timit,timit_ewt_b01,8,ewt,0.1,False,main,A,0,null,0.0,7.0,0.4709185018688273
timit,timit_ewt_b01,8,ewt,0.1,False,main,A,0,null,0.0,8.0,0.4764444224431393
timit,timit_ewt_b01,8,ewt,0.1,False,main,A,0,null,0.0,9.0,0.44426014386446955
timit,timit_ewt_b01,8,ewt,0.1,False,main,A,0,null,0.0,10.0,0.5056571435288546
timit,timit_ewt_b01,8,ewt,0.1,False,main,A,0,null,0.0,11.0,0.49615634159066285
timit,timit_ewt_b01,8,ewt,0.1,False,main,A,0,null,0.0,12.0,0.4383619535356482
timit,timit_ewt_b01,8,ewt,0.1,False,main,A,0,null,0.0,13.0,0.4988791500304138
timit,timit_ewt_b01,8,ewt,0.1,False,main,A,0,null,0.0,14.0,0.4563521355353673
timit,timit_ewt_b01,8,ewt,0.1,False,main,A,0,null,0.0,15.0,0.44235658604411543
timit,timit_ewt_b01,8,ewt,0.1,False,main,A,0,null,0.0,16.0,0.44386291348362494
timit,timit_ewt_b01,8,ewt,0.1,False,main,A,0,null,0.0,17.0,0.4748141284455362
timit,timit_ewt_b01,8,ewt,0.1,False,main,A,0,null,0.0,18.0,0.42054081599407256
timit,timit_ewt_b01,8,ewt,0.1,False,main,A,0,null,0.0,19.0,0.4243686715745695
timit,timit_ewt_b01,8,ewt,0.1,False,main,dT,0,own,,,0.5044156318617495
timit,timit_ewt_b01,8,ewt,0.1,False,main,dT,0,null,0.0,0.0,0.5720292043382191
timit,timit_ewt_b01,8,ewt,0.1,False,main,dT,0,null,0.0,1.0,0.33507903404223083
timit,timit_ewt_b01,8,ewt,0.1,False,main,dT,0,null,0.0,2.0,0.46548314918225797
timit,timit_ewt_b01,8,ewt,0.1,False,main,dT,0,null,0.0,3.0,0.2903094647821455
timit,timit_ewt_b01,8,ewt,0.1,False,main,dT,0,null,0.0,4.0,0.23215664657946486
timit,timit_ewt_b01,8,ewt,0.1,False,main,dT,0,null,0.0,5.0,0.4213492815265898
timit,timit_ewt_b01,8,ewt,0.1,False,main,dT,0,null,0.0,6.0,0.19184080268853282
timit,timit_ewt_b01,8,ewt,0.1,False,main,dT,0,null,0.0,7.0,0.47247513007465625
timit,timit_ewt_b01,8,ewt,0.1,False,main,dT,0,null,0.0,8.0,0.4719619720685459
timit,timit_ewt_b01,8,ewt,0.1,False,main,dT,0,null,0.0,9.0,0.602625749173537
timit,timit_ewt_b01,8,ewt,0.1,False,main,dT,0,null,0.0,10.0,0.2769354021860686
timit,timit_ewt_b01,8,ewt,0.1,False,main,dT,0,null,0.0,11.0,0.8665440354255628
timit,timit_ewt_b01,8,ewt,0.1,False,main,dT,0,null,0.0,12.0,0.07939022393971351
timit,timit_ewt_b01,8,ewt,0.1,False,main,dT,0,null,0.0,13.0,0.3147517454933197
timit,timit_ewt_b01,8,ewt,0.1,False,main,dT,0,null,0.0,14.0,0.1569486106353261
timit,timit_ewt_b01,8,ewt,0.1,False,main,dT,0,null,0.0,15.0,0.35392234386558474
timit,timit_ewt_b01,8,ewt,0.1,False,main,dT,0,null,0.0,16.0,0.3902797762641578
timit,timit_ewt_b01,8,ewt,0.1,False,main,dT,0,null,0.0,17.0,0.30282778627673207
timit,timit_ewt_b01,8,ewt,0.1,False,main,dT,0,null,0.0,18.0,0.2959177168847776
timit,timit_ewt_b01,8,ewt,0.1,False,main,dT,0,null,0.0,19.0,0.29416606947427165
iemocap,iemocap_ewt_b01,9,ewt,0.1,False,main,P,0,own,,,0.43002593537661066
iemocap,iemocap_ewt_b01,9,ewt,0.1,False,main,P,0,null,0.0,0.0,0.40367090109242265
iemocap,iemocap_ewt_b01,9,ewt,0.1,False,main,P,0,null,0.0,1.0,0.3974051209939209
iemocap,iemocap_ewt_b01,9,ewt,0.1,False,main,P,0,null,0.0,2.0,0.412598016384914
iemocap,iemocap_ewt_b01,9,ewt,0.1,False,main,P,0,null,0.0,3.0,0.42465870556567087
iemocap,iemocap_ewt_b01,9,ewt,0.1,False,main,P,0,null,0.0,4.0,0.4012663134894073
iemocap,iemocap_ewt_b01,9,ewt,0.1,False,main,P,0,null,0.0,5.0,0.39500786688307743
iemocap,iemocap_ewt_b01,9,ewt,0.1,False,main,P,0,null,0.0,6.0,0.3982335378276128
iemocap,iemocap_ewt_b01,9,ewt,0.1,False,main,P,0,null,0.0,7.0,0.4110736030661116
iemocap,iemocap_ewt_b01,9,ewt,0.1,False,main,P,0,null,0.0,8.0,0.41295825910838324
iemocap,iemocap_ewt_b01,9,ewt,0.1,False,main,P,0,null,0.0,9.0,0.38983359162452763
iemocap,iemocap_ewt_b01,9,ewt,0.1,False,main,P,0,null,0.0,10.0,0.4128447428388961
iemocap,iemocap_ewt_b01,9,ewt,0.1,False,main,P,0,null,0.0,11.0,0.400788402395227
iemocap,iemocap_ewt_b01,9,ewt,0.1,False,main,P,0,null,0.0,12.0,0.40116289827128637
iemocap,iemocap_ewt_b01,9,ewt,0.1,False,main,P,0,null,0.0,13.0,0.40089420241514584
iemocap,iemocap_ewt_b01,9,ewt,0.1,False,main,P,0,null,0.0,14.0,0.4257401343841126
iemocap,iemocap_ewt_b01,9,ewt,0.1,False,main,P,0,null,0.0,15.0,0.4277878620915007
iemocap,iemocap_ewt_b01,9,ewt,0.1,False,main,P,0,null,0.0,16.0,0.40291546956061525
iemocap,iemocap_ewt_b01,9,ewt,0.1,False,main,P,0,null,0.0,17.0,0.40660311064518745
iemocap,iemocap_ewt_b01,9,ewt,0.1,False,main,P,0,null,0.0,18.0,0.3893306508617088
iemocap,iemocap_ewt_b01,9,ewt,0.1,False,main,P,0,null,0.0,19.0,0.4019002799677771
iemocap,iemocap_ewt_b01,9,ewt,0.1,False,main,A,0,own,,,0.4518236087382985
iemocap,iemocap_ewt_b01,9,ewt,0.1,False,main,A,0,null,0.0,0.0,0.45179415269243234
iemocap,iemocap_ewt_b01,9,ewt,0.1,False,main,A,0,null,0.0,1.0,0.40536346534735923
iemocap,iemocap_ewt_b01,9,ewt,0.1,False,main,A,0,null,0.0,2.0,0.6466343398225074
iemocap,iemocap_ewt_b01,9,ewt,0.1,False,main,A,0,null,0.0,3.0,0.39566734598064157
iemocap,iemocap_ewt_b01,9,ewt,0.1,False,main,A,0,null,0.0,4.0,0.3933652050346882
iemocap,iemocap_ewt_b01,9,ewt,0.1,False,main,A,0,null,0.0,5.0,0.49499949579067887
iemocap,iemocap_ewt_b01,9,ewt,0.1,False,main,A,0,null,0.0,6.0,0.5364058623679304
iemocap,iemocap_ewt_b01,9,ewt,0.1,False,main,A,0,null,0.0,7.0,0.7974256467041689
iemocap,iemocap_ewt_b01,9,ewt,0.1,False,main,A,0,null,0.0,8.0,0.4303976434673272
iemocap,iemocap_ewt_b01,9,ewt,0.1,False,main,A,0,null,0.0,9.0,0.4608263446926058
iemocap,iemocap_ewt_b01,9,ewt,0.1,False,main,A,0,null,0.0,10.0,0.5312040929789987
iemocap,iemocap_ewt_b01,9,ewt,0.1,False,main,A,0,null,0.0,11.0,0.44332587340936214
iemocap,iemocap_ewt_b01,9,ewt,0.1,False,main,A,0,null,0.0,12.0,0.6090739538085609
iemocap,iemocap_ewt_b01,9,ewt,0.1,False,main,A,0,null,0.0,13.0,0.5638979804385211
iemocap,iemocap_ewt_b01,9,ewt,0.1,False,main,A,0,null,0.0,14.0,0.4347979660178015
iemocap,iemocap_ewt_b01,9,ewt,0.1,False,main,A,0,null,0.0,15.0,0.3885816531902814
iemocap,iemocap_ewt_b01,9,ewt,0.1,False,main,A,0,null,0.0,16.0,0.48571127194149427
iemocap,iemocap_ewt_b01,9,ewt,0.1,False,main,A,0,null,0.0,17.0,0.37875027690858737
iemocap,iemocap_ewt_b01,9,ewt,0.1,False,main,A,0,null,0.0,18.0,0.6033351157279107
iemocap,iemocap_ewt_b01,9,ewt,0.1,False,main,A,0,null,0.0,19.0,0.4794849958863528
iemocap,iemocap_ewt_b01,9,ewt,0.1,False,main,dT,0,own,,,0.647456071845202
iemocap,iemocap_ewt_b01,9,ewt,0.1,False,main,dT,0,null,0.0,0.0,0.5164048949477256
iemocap,iemocap_ewt_b01,9,ewt,0.1,False,main,dT,0,null,0.0,1.0,0.8981905465763559
iemocap,iemocap_ewt_b01,9,ewt,0.1,False,main,dT,0,null,0.0,2.0,0.7834644250774633
iemocap,iemocap_ewt_b01,9,ewt,0.1,False,main,dT,0,null,0.0,3.0,0.6533150739589793
iemocap,iemocap_ewt_b01,9,ewt,0.1,False,main,dT,0,null,0.0,4.0,0.6570967760385414
iemocap,iemocap_ewt_b01,9,ewt,0.1,False,main,dT,0,null,0.0,5.0,0.6828461686356774
iemocap,iemocap_ewt_b01,9,ewt,0.1,False,main,dT,0,null,0.0,6.0,0.6032637754844516
iemocap,iemocap_ewt_b01,9,ewt,0.1,False,main,dT,0,null,0.0,7.0,0.5223201782753853
iemocap,iemocap_ewt_b01,9,ewt,0.1,False,main,dT,0,null,0.0,8.0,0.7557475597050308
iemocap,iemocap_ewt_b01,9,ewt,0.1,False,main,dT,0,null,0.0,9.0,0.5852750114800696
iemocap,iemocap_ewt_b01,9,ewt,0.1,False,main,dT,0,null,0.0,10.0,0.6348612383426993
iemocap,iemocap_ewt_b01,9,ewt,0.1,False,main,dT,0,null,0.0,11.0,0.5769078327457604
iemocap,iemocap_ewt_b01,9,ewt,0.1,False,main,dT,0,null,0.0,12.0,0.4953138105836568
iemocap,iemocap_ewt_b01,9,ewt,0.1,False,main,dT,0,null,0.0,13.0,0.9157831623250029
iemocap,iemocap_ewt_b01,9,ewt,0.1,False,main,dT,0,null,0.0,14.0,0.8915911334480389
iemocap,iemocap_ewt_b01,9,ewt,0.1,False,main,dT,0,null,0.0,15.0,1.0
iemocap,iemocap_ewt_b01,9,ewt,0.1,False,main,dT,0,null,0.0,16.0,0.8422393340423288
iemocap,iemocap_ewt_b01,9,ewt,0.1,False,main,dT,0,null,0.0,17.0,0.6644498682464952
iemocap,iemocap_ewt_b01,9,ewt,0.1,False,main,dT,0,null,0.0,18.0,0.8684825345887172
iemocap,iemocap_ewt_b01,9,ewt,0.1,False,main,dT,0,null,0.0,19.0,0.47275714289410803
VOC_ALS,voc_als_fd_b01,10,fd,0.1,False,main,P,0,own,,,0.34878256570956945
VOC_ALS,voc_als_fd_b01,10,fd,0.1,False,main,P,0,null,0.0,0.0,0.4177708788869095
VOC_ALS,voc_als_fd_b01,10,fd,0.1,False,main,P,0,null,0.0,1.0,0.405444203961203
VOC_ALS,voc_als_fd_b01,10,fd,0.1,False,main,P,0,null,0.0,2.0,0.40707725234823267
VOC_ALS,voc_als_fd_b01,10,fd,0.1,False,main,P,0,null,0.0,3.0,0.42423850971980026
VOC_ALS,voc_als_fd_b01,10,fd,0.1,False,main,P,0,null,0.0,4.0,0.367558966417876
VOC_ALS,voc_als_fd_b01,10,fd,0.1,False,main,P,0,null,0.0,5.0,0.3979042906647674
VOC_ALS,voc_als_fd_b01,10,fd,0.1,False,main,P,0,null,0.0,6.0,0.41715692378856395
VOC_ALS,voc_als_fd_b01,10,fd,0.1,False,main,P,0,null,0.0,7.0,0.4160429887618402
VOC_ALS,voc_als_fd_b01,10,fd,0.1,False,main,P,0,null,0.0,8.0,0.40558567641254173
VOC_ALS,voc_als_fd_b01,10,fd,0.1,False,main,P,0,null,0.0,9.0,0.4009459532557108
VOC_ALS,voc_als_fd_b01,10,fd,0.1,False,main,P,0,null,0.0,10.0,0.43227856756212846
VOC_ALS,voc_als_fd_b01,10,fd,0.1,False,main,P,0,null,0.0,11.0,0.4197651493956468
VOC_ALS,voc_als_fd_b01,10,fd,0.1,False,main,P,0,null,0.0,12.0,0.3738263025151025
VOC_ALS,voc_als_fd_b01,10,fd,0.1,False,main,P,0,null,0.0,13.0,0.39136349690197664
VOC_ALS,voc_als_fd_b01,10,fd,0.1,False,main,P,0,null,0.0,14.0,0.41526636310418114
VOC_ALS,voc_als_fd_b01,10,fd,0.1,False,main,P,0,null,0.0,15.0,0.39698437025175387
VOC_ALS,voc_als_fd_b01,10,fd,0.1,False,main,P,0,null,0.0,16.0,0.4037817818636582
VOC_ALS,voc_als_fd_b01,10,fd,0.1,False,main,P,0,null,0.0,17.0,0.39976976422131816
VOC_ALS,voc_als_fd_b01,10,fd,0.1,False,main,P,0,null,0.0,18.0,0.3828857742302523
VOC_ALS,voc_als_fd_b01,10,fd,0.1,False,main,P,0,null,0.0,19.0,0.40632483641675643
VOC_ALS,voc_als_fd_b01,10,fd,0.1,False,main,A,0,own,,,0.1480378931157932
VOC_ALS,voc_als_fd_b01,10,fd,0.1,False,main,A,0,null,0.0,0.0,0.17111987134470666
VOC_ALS,voc_als_fd_b01,10,fd,0.1,False,main,A,0,null,0.0,1.0,0.12945042166829462
VOC_ALS,voc_als_fd_b01,10,fd,0.1,False,main,A,0,null,0.0,2.0,0.17116810204565297
VOC_ALS,voc_als_fd_b01,10,fd,0.1,False,main,A,0,null,0.0,3.0,0.09760360990908847
VOC_ALS,voc_als_fd_b01,10,fd,0.1,False,main,A,0,null,0.0,4.0,0.10875295947752285
VOC_ALS,voc_als_fd_b01,10,fd,0.1,False,main,A,0,null,0.0,5.0,0.1343341524628132
VOC_ALS,voc_als_fd_b01,10,fd,0.1,False,main,A,0,null,0.0,6.0,0.19106124265392865
VOC_ALS,voc_als_fd_b01,10,fd,0.1,False,main,A,0,null,0.0,7.0,0.1347312240605009
VOC_ALS,voc_als_fd_b01,10,fd,0.1,False,main,A,0,null,0.0,8.0,0.12219895415420994
VOC_ALS,voc_als_fd_b01,10,fd,0.1,False,main,A,0,null,0.0,9.0,0.2255734721040418
VOC_ALS,voc_als_fd_b01,10,fd,0.1,False,main,A,0,null,0.0,10.0,0.08488652764740501
VOC_ALS,voc_als_fd_b01,10,fd,0.1,False,main,A,0,null,0.0,11.0,0.2450879688509027
VOC_ALS,voc_als_fd_b01,10,fd,0.1,False,main,A,0,null,0.0,12.0,0.12250327037714957
VOC_ALS,voc_als_fd_b01,10,fd,0.1,False,main,A,0,null,0.0,13.0,0.10592855896778629
VOC_ALS,voc_als_fd_b01,10,fd,0.1,False,main,A,0,null,0.0,14.0,0.23887847235936857
VOC_ALS,voc_als_fd_b01,10,fd,0.1,False,main,A,0,null,0.0,15.0,0.08987870543994561
VOC_ALS,voc_als_fd_b01,10,fd,0.1,False,main,A,0,null,0.0,16.0,0.12873044722590218
VOC_ALS,voc_als_fd_b01,10,fd,0.1,False,main,A,0,null,0.0,17.0,0.08645628281413452
VOC_ALS,voc_als_fd_b01,10,fd,0.1,False,main,A,0,null,0.0,18.0,0.11246443354811184
VOC_ALS,voc_als_fd_b01,10,fd,0.1,False,main,A,0,null,0.0,19.0,0.13109837048264705
VOC_ALS,voc_als_fd_b01,10,fd,0.1,False,main,dT,0,own,,,0.14148480445789863
VOC_ALS,voc_als_fd_b01,10,fd,0.1,False,main,dT,0,null,0.0,0.0,0.32125179834184575
VOC_ALS,voc_als_fd_b01,10,fd,0.1,False,main,dT,0,null,0.0,1.0,0.5205406561248108
VOC_ALS,voc_als_fd_b01,10,fd,0.1,False,main,dT,0,null,0.0,2.0,0.389842760983714
VOC_ALS,voc_als_fd_b01,10,fd,0.1,False,main,dT,0,null,0.0,3.0,0.3720956419290137
VOC_ALS,voc_als_fd_b01,10,fd,0.1,False,main,dT,0,null,0.0,4.0,0.15520526055195497
VOC_ALS,voc_als_fd_b01,10,fd,0.1,False,main,dT,0,null,0.0,5.0,0.21663274044728076
VOC_ALS,voc_als_fd_b01,10,fd,0.1,False,main,dT,0,null,0.0,6.0,0.2639380492537639
VOC_ALS,voc_als_fd_b01,10,fd,0.1,False,main,dT,0,null,0.0,7.0,0.309613668558185
VOC_ALS,voc_als_fd_b01,10,fd,0.1,False,main,dT,0,null,0.0,8.0,0.2668305648769992
VOC_ALS,voc_als_fd_b01,10,fd,0.1,False,main,dT,0,null,0.0,9.0,0.4746500975296154
VOC_ALS,voc_als_fd_b01,10,fd,0.1,False,main,dT,0,null,0.0,10.0,0.3526123058857404
VOC_ALS,voc_als_fd_b01,10,fd,0.1,False,main,dT,0,null,0.0,11.0,0.22270367024285095
VOC_ALS,voc_als_fd_b01,10,fd,0.1,False,main,dT,0,null,0.0,12.0,0.29915793079752534
VOC_ALS,voc_als_fd_b01,10,fd,0.1,False,main,dT,0,null,0.0,13.0,0.3383641124488826
VOC_ALS,voc_als_fd_b01,10,fd,0.1,False,main,dT,0,null,0.0,14.0,0.2303585925454213
VOC_ALS,voc_als_fd_b01,10,fd,0.1,False,main,dT,0,null,0.0,15.0,0.3991557343461642
VOC_ALS,voc_als_fd_b01,10,fd,0.1,False,main,dT,0,null,0.0,16.0,0.4075661526950225
VOC_ALS,voc_als_fd_b01,10,fd,0.1,False,main,dT,0,null,0.0,17.0,0.31074123624776506
VOC_ALS,voc_als_fd_b01,10,fd,0.1,False,main,dT,0,null,0.0,18.0,0.3608577279649242
VOC_ALS,voc_als_fd_b01,10,fd,0.1,False,main,dT,0,null,0.0,19.0,0.40642130812244515
VOC_ALS,voc_als_fd_b01,10,fd,0.1,False,speaker_disjoint,P,0,own,,,0.4182682243080625
VOC_ALS,voc_als_fd_b01,10,fd,0.1,False,speaker_disjoint,P,0,null,0.0,0.0,0.41917446840915235
VOC_ALS,voc_als_fd_b01,10,fd,0.1,False,speaker_disjoint,P,0,null,0.0,1.0,0.39454645782225023
VOC_ALS,voc_als_fd_b01,10,fd,0.1,False,speaker_disjoint,P,0,null,0.0,2.0,0.42776179217725846
VOC_ALS,voc_als_fd_b01,10,fd,0.1,False,speaker_disjoint,P,0,null,0.0,3.0,0.4471877085766666
VOC_ALS,voc_als_fd_b01,10,fd,0.1,False,speaker_disjoint,P,0,null,0.0,4.0,0.4270789329581746
VOC_ALS,voc_als_fd_b01,10,fd,0.1,False,speaker_disjoint,P,0,null,0.0,5.0,0.4359180155803584
VOC_ALS,voc_als_fd_b01,10,fd,0.1,False,speaker_disjoint,P,0,null,0.0,6.0,0.42659373846292514
VOC_ALS,voc_als_fd_b01,10,fd,0.1,False,speaker_disjoint,P,0,null,0.0,7.0,0.424754758437649
VOC_ALS,voc_als_fd_b01,10,fd,0.1,False,speaker_disjoint,P,0,null,0.0,8.0,0.46466331413792766
VOC_ALS,voc_als_fd_b01,10,fd,0.1,False,speaker_disjoint,P,0,null,0.0,9.0,0.4507714852845098
VOC_ALS,voc_als_fd_b01,10,fd,0.1,False,speaker_disjoint,P,0,null,0.0,10.0,0.4236804314786978
VOC_ALS,voc_als_fd_b01,10,fd,0.1,False,speaker_disjoint,P,0,null,0.0,11.0,0.43125782005236635
VOC_ALS,voc_als_fd_b01,10,fd,0.1,False,speaker_disjoint,P,0,null,0.0,12.0,0.4095175428780954
VOC_ALS,voc_als_fd_b01,10,fd,0.1,False,speaker_disjoint,P,0,null,0.0,13.0,0.4165189565355661
VOC_ALS,voc_als_fd_b01,10,fd,0.1,False,speaker_disjoint,P,0,null,0.0,14.0,0.40116941721376853
VOC_ALS,voc_als_fd_b01,10,fd,0.1,False,speaker_disjoint,P,0,null,0.0,15.0,0.4223316962459076
VOC_ALS,voc_als_fd_b01,10,fd,0.1,False,speaker_disjoint,P,0,null,0.0,16.0,0.4262613806665973
VOC_ALS,voc_als_fd_b01,10,fd,0.1,False,speaker_disjoint,P,0,null,0.0,17.0,0.4272726258260655
VOC_ALS,voc_als_fd_b01,10,fd,0.1,False,speaker_disjoint,P,0,null,0.0,18.0,0.4454391169477647
VOC_ALS,voc_als_fd_b01,10,fd,0.1,False,speaker_disjoint,P,0,null,0.0,19.0,0.4487915290848482
VOC_ALS,voc_als_fd_b01,10,fd,0.1,False,speaker_disjoint,A,0,own,,,0.6677999158901156
VOC_ALS,voc_als_fd_b01,10,fd,0.1,False,speaker_disjoint,A,0,null,0.0,0.0,0.7927832488385206
VOC_ALS,voc_als_fd_b01,10,fd,0.1,False,speaker_disjoint,A,0,null,0.0,1.0,0.5675070731802758
VOC_ALS,voc_als_fd_b01,10,fd,0.1,False,speaker_disjoint,A,0,null,0.0,2.0,0.8736383393107456
VOC_ALS,voc_als_fd_b01,10,fd,0.1,False,speaker_disjoint,A,0,null,0.0,3.0,0.769867192007208
VOC_ALS,voc_als_fd_b01,10,fd,0.1,False,speaker_disjoint,A,0,null,0.0,4.0,0.7726715886921943
VOC_ALS,voc_als_fd_b01,10,fd,0.1,False,speaker_disjoint,A,0,null,0.0,5.0,0.8644851746873157
VOC_ALS,voc_als_fd_b01,10,fd,0.1,False,speaker_disjoint,A,0,null,0.0,6.0,0.6723176024355011
VOC_ALS,voc_als_fd_b01,10,fd,0.1,False,speaker_disjoint,A,0,null,0.0,7.0,0.7128057204961198
VOC_ALS,voc_als_fd_b01,10,fd,0.1,False,speaker_disjoint,A,0,null,0.0,8.0,0.7977646669731391
VOC_ALS,voc_als_fd_b01,10,fd,0.1,False,speaker_disjoint,A,0,null,0.0,9.0,0.6679679194181342
VOC_ALS,voc_als_fd_b01,10,fd,0.1,False,speaker_disjoint,A,0,null,0.0,10.0,0.8437343008352381
VOC_ALS,voc_als_fd_b01,10,fd,0.1,False,speaker_disjoint,A,0,null,0.0,11.0,0.7547904192363221
VOC_ALS,voc_als_fd_b01,10,fd,0.1,False,speaker_disjoint,A,0,null,0.0,12.0,1.0
VOC_ALS,voc_als_fd_b01,10,fd,0.1,False,speaker_disjoint,A,0,null,0.0,13.0,1.0
VOC_ALS,voc_als_fd_b01,10,fd,0.1,False,speaker_disjoint,A,0,null,0.0,14.0,0.648851737481272
VOC_ALS,voc_als_fd_b01,10,fd,0.1,False,speaker_disjoint,A,0,null,0.0,15.0,0.7956475700289793
VOC_ALS,voc_als_fd_b01,10,fd,0.1,False,speaker_disjoint,A,0,null,0.0,16.0,0.7676366279272612
VOC_ALS,voc_als_fd_b01,10,fd,0.1,False,speaker_disjoint,A,0,null,0.0,17.0,0.7027380924017086
VOC_ALS,voc_als_fd_b01,10,fd,0.1,False,speaker_disjoint,A,0,null,0.0,18.0,0.5821584742797911
VOC_ALS,voc_als_fd_b01,10,fd,0.1,False,speaker_disjoint,A,0,null,0.0,19.0,0.8039335887914598
VOC_ALS,voc_als_fd_b01,10,fd,0.1,False,speaker_disjoint,dT,0,own,,,0.5633673065961184
VOC_ALS,voc_als_fd_b01,10,fd,0.1,False,speaker_disjoint,dT,0,null,0.0,0.0,0.2592127953367557
VOC_ALS,voc_als_fd_b01,10,fd,0.1,False,speaker_disjoint,dT,0,null,0.0,1.0,0.5375391444057105
VOC_ALS,voc_als_fd_b01,10,fd,0.1,False,speaker_disjoint,dT,0,null,0.0,2.0,0.38520233771218015
VOC_ALS,voc_als_fd_b01,10,fd,0.1,False,speaker_disjoint,dT,0,null,0.0,3.0,0.2488269663346445
VOC_ALS,voc_als_fd_b01,10,fd,0.1,False,speaker_disjoint,dT,0,null,0.0,4.0,0.7412036690642262
VOC_ALS,voc_als_fd_b01,10,fd,0.1,False,speaker_disjoint,dT,0,null,0.0,5.0,0.1101079855323863
VOC_ALS,voc_als_fd_b01,10,fd,0.1,False,speaker_disjoint,dT,0,null,0.0,6.0,0.31825086341747616
VOC_ALS,voc_als_fd_b01,10,fd,0.1,False,speaker_disjoint,dT,0,null,0.0,7.0,0.4181126248399684
VOC_ALS,voc_als_fd_b01,10,fd,0.1,False,speaker_disjoint,dT,0,null,0.0,8.0,0.5484196323626411
VOC_ALS,voc_als_fd_b01,10,fd,0.1,False,speaker_disjoint,dT,0,null,0.0,9.0,0.3165349603164535
VOC_ALS,voc_als_fd_b01,10,fd,0.1,False,speaker_disjoint,dT,0,null,0.0,10.0,0.6973008020887057
VOC_ALS,voc_als_fd_b01,10,fd,0.1,False,speaker_disjoint,dT,0,null,0.0,11.0,0.2199039123205825
VOC_ALS,voc_als_fd_b01,10,fd,0.1,False,speaker_disjoint,dT,0,null,0.0,12.0,0.22834400745471498
VOC_ALS,voc_als_fd_b01,10,fd,0.1,False,speaker_disjoint,dT,0,null,0.0,13.0,0.8305142635591116
VOC_ALS,voc_als_fd_b01,10,fd,0.1,False,speaker_disjoint,dT,0,null,0.0,14.0,0.8667915626204555
VOC_ALS,voc_als_fd_b01,10,fd,0.1,False,speaker_disjoint,dT,0,null,0.0,15.0,0.5251263729701443
VOC_ALS,voc_als_fd_b01,10,fd,0.1,False,speaker_disjoint,dT,0,null,0.0,16.0,0.5672756527011772
VOC_ALS,voc_als_fd_b01,10,fd,0.1,False,speaker_disjoint,dT,0,null,0.0,17.0,0.27572183256647625
VOC_ALS,voc_als_fd_b01,10,fd,0.1,False,speaker_disjoint,dT,0,null,0.0,18.0,0.5328311556137292
VOC_ALS,voc_als_fd_b01,10,fd,0.1,False,speaker_disjoint,dT,0,null,0.0,19.0,0.45815712226602984
