dataset,config,order,decomposition,beta,headline,run,matrix,subspace,factor,mean,std,n,std_over
sim_coupled,coupled_fd_b01,0,fd,0.1,False,main,P,X,lag,0.8325549375689172,0.017805902603578384,3,seeds
sim_coupled,coupled_fd_b01,0,fd,0.1,False,main,P,X,gain,0.6807859076983335,0.004967267070479462,3,seeds
sim_coupled,coupled_fd_b01,0,fd,0.1,False,main,P,OC1,lag,0.2994084357943631,0.0171368979829629,3,seeds
sim_coupled,coupled_fd_b01,0,fd,0.1,False,main,P,OC1,gain,0.18543199829392532,0.021570811172099018,3,seeds
sim_coupled,coupled_fd_b01,0,fd,0.1,False,main,P,OC2,lag,0.3047824651207265,0.02030093888040224,3,seeds
sim_coupled,coupled_fd_b01,0,fd,0.1,False,main,P,OC2,gain,0.22541697666705182,0.014985997868936217,3,seeds
sim_coupled,coupled_fd_b01,0,fd,0.1,False,main,P,OC3,lag,0.23371204294953463,0.004856996057592548,3,seeds
sim_coupled,coupled_fd_b01,0,fd,0.1,False,main,P,OC3,gain,0.23539936463070787,0.0073779357621639235,3,seeds
sim_coupled,coupled_fd_b01,0,fd,0.1,False,main,A,X,lag,0.3714094724167321,0.01679680159398051,3,seeds
sim_coupled,coupled_fd_b01,0,fd,0.1,False,main,A,X,gain,0.3588675034826494,0.010468666660032412,3,seeds
sim_coupled,coupled_fd_b01,0,fd,0.1,False,main,A,OC1,lag,0.0058095338782745655,0.0019893906141697512,3,seeds
sim_coupled,coupled_fd_b01,0,fd,0.1,False,main,A,OC1,gain,5.904308518529525e-05,0.0014653157727363803,3,seeds
sim_coupled,coupled_fd_b01,0,fd,0.1,False,main,A,OC2,lag,0.006585552640346577,0.001857060137731054,3,seeds
sim_coupled,coupled_fd_b01,0,fd,0.1,False,main,A,OC2,gain,0.0005093308974571793,0.0009136093613695904,3,seeds
sim_coupled,coupled_fd_b01,0,fd,0.1,False,main,A,OC3,lag,0.0015185943089239965,0.002449619836740666,3,seeds
sim_coupled,coupled_fd_b01,0,fd,0.1,False,main,A,OC3,gain,0.0009970551124373283,0.0026615403972262666,3,seeds
sim_coupled,coupled_fd_b01,0,fd,0.1,False,main,dT,X,lag,0.6909731079773603,0.038078812977870885,3,seeds
sim_coupled,coupled_fd_b01,0,fd,0.1,False,main,dT,X,gain,0.5486395881387565,0.011208490416162138,3,seeds
sim_coupled,coupled_fd_b01,0,fd,0.1,False,main,dT,OC1,lag,0.029608766085702287,0.0025120697397567155,3,seeds
sim_coupled,coupled_fd_b01,0,fd,0.1,False,main,dT,OC1,gain,0.00862679772031111,0.0019444471122624977,3,seeds
sim_coupled,coupled_fd_b01,0,fd,0.1,False,main,dT,OC2,lag,0.021412143305284393,0.005202486785960501,3,seeds
sim_coupled,coupled_fd_b01,0,fd,0.1,False,main,dT,OC2,gain,0.009438344607467694,0.002338590660035165,3,seeds
sim_coupled,coupled_fd_b01,0,fd,0.1,False,main,dT,OC3,lag,0.006243536743417551,0.003996429787145428,3,seeds
sim_coupled,coupled_fd_b01,0,fd,0.1,False,main,dT,OC3,gain,0.019829626800563348,0.00386148848262648,3,seeds
sim_coupled,coupled_fd_b01,0,fd,0.1,False,main,dO,X,lag,0.05828827040069453,0.004751938583896207,3,seeds
sim_coupled,coupled_fd_b01,0,fd,0.1,False,main,dO,X,gain,0.03654293389484901,0.007102536705086043,3,seeds
sim_coupled,coupled_fd_b01,0,fd,0.1,False,main,dO,OC1,lag,0.004722122148079483,0.0009356622000386169,3,seeds
sim_coupled,coupled_fd_b01,0,fd,0.1,False,main,dO,OC1,gain,0.004285020844830816,0.0009623246926748043,3,seeds
sim_coupled,coupled_fd_b01,0,fd,0.1,False,main,dO,OC2,lag,0.0016259131523693173,0.0033018475166659116,3,seeds
sim_coupled,coupled_fd_b01,0,fd,0.1,False,main,dO,OC2,gain,-0.0023512802793600866,0.0019793156651139537,3,seeds
sim_coupled,coupled_fd_b01,0,fd,0.1,False,main,dO,OC3,lag,0.023568880715453388,0.007054757571302259,3,seeds
sim_coupled,coupled_fd_b01,0,fd,0.1,False,main,dO,OC3,gain,0.00431938063774332,0.0033731651935474598,3,seeds
sim_coupled,coupled_fd_b01,0,fd,0.1,False,main,block_importance,X,lag,0.8626406893282965,0.039550242755844275,3,seeds
sim_coupled,coupled_fd_b01,0,fd,0.1,False,main,block_importance,X,gain,0.8913368838162956,0.03732851480902115,3,seeds
sim_coupled,coupled_fd_b01,0,fd,0.1,False,main,block_importance,OC1,lag,0.05930619123152895,0.037674914662037796,3,seeds
sim_coupled,coupled_fd_b01,0,fd,0.1,False,main,block_importance,OC1,gain,0.039920609133788,0.027958381787226053,3,seeds
sim_coupled,coupled_fd_b01,0,fd,0.1,False,main,block_importance,OC2,lag,0.03714244793969879,0.0015093502406926676,3,seeds
sim_coupled,coupled_fd_b01,0,fd,0.1,False,main,block_importance,OC2,gain,0.026159049435312786,0.006570281625095721,3,seeds
sim_coupled,coupled_fd_b01,0,fd,0.1,False,main,block_importance,OC3,lag,0.04091067150047569,0.0028607532300560733,3,seeds
sim_coupled,coupled_fd_b01,0,fd,0.1,False,main,block_importance,OC3,gain,0.042583457614603665,0.0034815627240530637,3,seeds
sim_coupled,coupled_fd_b01,0,fd,0.1,False,indep,P,X,lag,0.4729476345726937,0.03860136912515885,3,seeds
sim_coupled,coupled_fd_b01,0,fd,0.1,False,indep,P,X,gain,0.40503475298654507,0.08685636297454258,3,seeds
sim_coupled,coupled_fd_b01,0,fd,0.1,False,indep,P,OC1,lag,0.16078456415211786,0.022198644972643893,3,seeds
sim_coupled,coupled_fd_b01,0,fd,0.1,False,indep,P,OC1,gain,0.1448441657049118,0.01838718338483585,3,seeds
sim_coupled,coupled_fd_b01,0,fd,0.1,False,indep,P,OC2,lag,0.16282233610613794,0.006651232121392094,3,seeds
sim_coupled,coupled_fd_b01,0,fd,0.1,False,indep,P,OC2,gain,0.19189294499783496,0.02393471510981086,3,seeds
sim_coupled,coupled_fd_b01,0,fd,0.1,False,indep,P,OC3,lag,0.06245851242745376,0.007660024676298391,3,seeds
sim_coupled,coupled_fd_b01,0,fd,0.1,False,indep,P,OC3,gain,0.23836822368596877,0.02247001418627489,3,seeds
sim_coupled,coupled_fd_b01,0,fd,0.1,False,indep,A,X,lag,0.269611944979739,0.0050966607707131125,3,seeds
sim_coupled,coupled_fd_b01,0,fd,0.1,False,indep,A,X,gain,0.16828324813611975,0.06233261619025423,3,seeds
sim_coupled,coupled_fd_b01,0,fd,0.1,False,indep,A,OC1,lag,0.014839648070408365,0.005926274711708161,3,seeds
sim_coupled,coupled_fd_b01,0,fd,0.1,False,indep,A,OC1,gain,0.005790399869334584,0.010849225208427116,3,seeds
sim_coupled,coupled_fd_b01,0,fd,0.1,False,indep,A,OC2,lag,0.018631499730649863,0.008991189271553861,3,seeds
sim_coupled,coupled_fd_b01,0,fd,0.1,False,indep,A,OC2,gain,0.005455882575613147,0.004793902809936174,3,seeds
sim_coupled,coupled_fd_b01,0,fd,0.1,False,indep,A,OC3,lag,0.00884850031047386,0.007016458325156831,3,seeds
sim_coupled,coupled_fd_b01,0,fd,0.1,False,indep,A,OC3,gain,0.011182705091072949,0.007829061407830542,3,seeds
sim_coupled,coupled_fd_b01,0,fd,0.1,False,indep,dT,X,lag,0.3874145307506262,0.05161515634935602,3,seeds
sim_coupled,coupled_fd_b01,0,fd,0.1,False,indep,dT,X,gain,0.30867029153254466,0.03709298781763152,3,seeds
sim_coupled,coupled_fd_b01,0,fd,0.1,False,indep,dT,OC1,lag,0.019872114631183043,0.002953947960947565,3,seeds
sim_coupled,coupled_fd_b01,0,fd,0.1,False,indep,dT,OC1,gain,0.011028990129467538,0.00347838939891794,3,seeds
sim_coupled,coupled_fd_b01,0,fd,0.1,False,indep,dT,OC2,lag,0.019857631082728932,0.003524999774930709,3,seeds
sim_coupled,coupled_fd_b01,0,fd,0.1,False,indep,dT,OC2,gain,0.011610199743517726,0.005225247535777513,3,seeds
sim_coupled,coupled_fd_b01,0,fd,0.1,False,indep,dT,OC3,lag,0.008409381851468637,0.0071211290682386425,3,seeds
sim_coupled,coupled_fd_b01,0,fd,0.1,False,indep,dT,OC3,gain,0.02151659945325975,0.0044566572865011615,3,seeds
sim_coupled,coupled_fd_b01,0,fd,0.1,False,indep,dO,X,lag,0.09872839102812575,0.04014823905788729,3,seeds
sim_coupled,coupled_fd_b01,0,fd,0.1,False,indep,dO,X,gain,0.13528238585347718,0.021429422143932973,3,seeds
sim_coupled,coupled_fd_b01,0,fd,0.1,False,indep,dO,OC1,lag,0.004449120106042901,0.0036866767616787794,3,seeds
sim_coupled,coupled_fd_b01,0,fd,0.1,False,indep,dO,OC1,gain,0.015436215099188015,0.008804362281070736,3,seeds
sim_coupled,coupled_fd_b01,0,fd,0.1,False,indep,dO,OC2,lag,0.00480447545597745,0.0047243986665892156,3,seeds
sim_coupled,coupled_fd_b01,0,fd,0.1,False,indep,dO,OC2,gain,0.022134759956634695,0.007739783991478733,3,seeds
sim_coupled,coupled_fd_b01,0,fd,0.1,False,indep,dO,OC3,lag,0.014862187176253205,0.005525994695047138,3,seeds
sim_coupled,coupled_fd_b01,0,fd,0.1,False,indep,dO,OC3,gain,0.01455098008145625,0.011096472793316452,3,seeds
sim_coupled,coupled_fd_b01,0,fd,0.1,False,indep,block_importance,X,lag,0.8626406893282965,0.039550242755844275,3,seeds
sim_coupled,coupled_fd_b01,0,fd,0.1,False,indep,block_importance,X,gain,0.8913368838162956,0.03732851480902115,3,seeds
sim_coupled,coupled_fd_b01,0,fd,0.1,False,indep,block_importance,OC1,lag,0.05930619123152895,0.037674914662037796,3,seeds
sim_coupled,coupled_fd_b01,0,fd,0.1,False,indep,block_importance,OC1,gain,0.039920609133788,0.027958381787226053,3,seeds
sim_coupled,coupled_fd_b01,0,fd,0.1,False,indep,block_importance,OC2,lag,0.03714244793969879,0.0015093502406926676,3,seeds
sim_coupled,coupled_fd_b01,0,fd,0.1,False,indep,block_importance,OC2,gain,0.026159049435312786,0.006570281625095721,3,seeds
sim_coupled,coupled_fd_b01,0,fd,0.1,False,indep,block_importance,OC3,lag,0.04091067150047569,0.0028607532300560733,3,seeds
sim_coupled,coupled_fd_b01,0,fd,0.1,False,indep,block_importance,OC3,gain,0.042583457614603665,0.0034815627240530637,3,seeds
sim_coupled,coupled_ewt_b01,1,ewt,0.1,False,main,P,X,lag,0.8035189375372879,0.008875045606400268,5,folds
sim_coupled,coupled_ewt_b01,1,ewt,0.1,False,main,P,X,gain,0.6751313617218975,0.0038062053435598707,5,folds
sim_coupled,coupled_ewt_b01,1,ewt,0.1,False,main,P,OC1,lag,0.47179254483938415,0.002569670830642363,5,folds
sim_coupled,coupled_ewt_b01,1,ewt,0.1,False,main,P,OC1,gain,0.30075406560293444,0.01181977748248964,5,folds
sim_coupled,coupled_ewt_b01,1,ewt,0.1,False,main,P,OC2,lag,0.3951319760311166,0.005359082163584481,5,folds
sim_coupled,coupled_ewt_b01,1,ewt,0.1,False,main,P,OC2,gain,0.23582544747092804,0.00926576253503291,5,folds
sim_coupled,coupled_ewt_b01,1,ewt,0.1,False,main,P,OC3,lag,0.5202022661179047,0.008744076810138899,5,folds
sim_coupled,coupled_ewt_b01,1,ewt,0.1,False,main,P,OC3,gain,0.48900849400337965,0.007608331170686039,5,folds
sim_coupled,coupled_ewt_b01,1,ewt,0.1,False,main,A,X,lag,0.159887189396591,0.005933553209559926,5,folds
sim_coupled,coupled_ewt_b01,1,ewt,0.1,False,main,A,X,gain,0.14646983670643376,0.007292871658030148,5,folds
sim_coupled,coupled_ewt_b01,1,ewt,0.1,False,main,A,OC1,lag,0.016648922216140116,0.003384845370659957,5,folds
sim_coupled,coupled_ewt_b01,1,ewt,0.1,False,main,A,OC1,gain,0.00513768226516238,0.003366850507151215,5,folds
sim_coupled,coupled_ewt_b01,1,ewt,0.1,False,main,A,OC2,lag,0.00755143922968351,0.0015328292743894934,5,folds
sim_coupled,coupled_ewt_b01,1,ewt,0.1,False,main,A,OC2,gain,0.002218558640070034,0.0022678218980494,5,folds
sim_coupled,coupled_ewt_b01,1,ewt,0.1,False,main,A,OC3,lag,0.020042880612241132,0.004105104890500084,5,folds
sim_coupled,coupled_ewt_b01,1,ewt,0.1,False,main,A,OC3,gain,0.02700770890329949,0.006136247921523212,5,folds
sim_coupled,coupled_ewt_b01,1,ewt,0.1,False,main,dT,X,lag,0.4950343017478337,0.009977333220079284,5,folds
sim_coupled,coupled_ewt_b01,1,ewt,0.1,False,main,dT,X,gain,0.419811442621703,0.013239616257047584,5,folds
sim_coupled,coupled_ewt_b01,1,ewt,0.1,False,main,dT,OC1,lag,0.06465614777973648,0.0035470060190411303,5,folds
sim_coupled,coupled_ewt_b01,1,ewt,0.1,False,main,dT,OC1,gain,0.013291670119828394,0.0019118671106398656,5,folds
sim_coupled,coupled_ewt_b01,1,ewt,0.1,False,main,dT,OC2,lag,0.028523106118556713,0.00389592833321239,5,folds
sim_coupled,coupled_ewt_b01,1,ewt,0.1,False,main,dT,OC2,gain,0.007518502733779927,0.0033859541210498325,5,folds
sim_coupled,coupled_ewt_b01,1,ewt,0.1,False,main,dT,OC3,lag,0.045811692711634225,0.002661842642300404,5,folds
sim_coupled,coupled_ewt_b01,1,ewt,0.1,False,main,dT,OC3,gain,0.1306741231598782,0.008632789175260933,5,folds
sim_coupled,coupled_ewt_b01,1,ewt,0.1,False,main,dO,X,lag,0.023653898569381798,0.013421631443981867,5,folds
sim_coupled,coupled_ewt_b01,1,ewt,0.1,False,main,dO,X,gain,0.03270594300320624,0.008515987671451938,5,folds
sim_coupled,coupled_ewt_b01,1,ewt,0.1,False,main,dO,OC1,lag,0.0077332762398233,0.004450248852123678,5,folds
sim_coupled,coupled_ewt_b01,1,ewt,0.1,False,main,dO,OC1,gain,0.013615815897414705,0.0036676508190509422,5,folds
sim_coupled,coupled_ewt_b01,1,ewt,0.1,False,main,dO,OC2,lag,9.480026400543462e-05,0.004148653933831084,5,folds
sim_coupled,coupled_ewt_b01,1,ewt,0.1,False,main,dO,OC2,gain,0.0012214306149526289,0.002934766778746729,5,folds
sim_coupled,coupled_ewt_b01,1,ewt,0.1,False,main,dO,OC3,lag,0.018256981025731964,0.010903702823424203,5,folds
sim_coupled,coupled_ewt_b01,1,ewt,0.1,False,main,dO,OC3,gain,0.008459819269843735,0.005680819341591586,5,folds
sim_coupled,coupled_ewt_b01,1,ewt,0.1,False,main,block_importance,X,lag,0.7572585057087959,0.0006821151091921254,5,folds
sim_coupled,coupled_ewt_b01,1,ewt,0.1,False,main,block_importance,X,gain,0.7654119562588664,0.0032860004868008096,5,folds
sim_coupled,coupled_ewt_b01,1,ewt,0.1,False,main,block_importance,OC1,lag,0.12094387452067501,0.0020618140568082555,5,folds
sim_coupled,coupled_ewt_b01,1,ewt,0.1,False,main,block_importance,OC1,gain,0.08752349795589956,0.0030076345759902623,5,folds
sim_coupled,coupled_ewt_b01,1,ewt,0.1,False,main,block_importance,OC2,lag,0.04082689907607302,0.0012127996620676365,5,folds
sim_coupled,coupled_ewt_b01,1,ewt,0.1,False,main,block_importance,OC2,gain,0.03998733800376085,0.0008950550238594872,5,folds
sim_coupled,coupled_ewt_b01,1,ewt,0.1,False,main,block_importance,OC3,lag,0.08097072069445595,0.0016830449524935715,5,folds
sim_coupled,coupled_ewt_b01,1,ewt,0.1,False,main,block_importance,OC3,gain,0.10707720778147338,0.000922916088855732,5,folds
sim_coupled,coupled_ewt_b01,1,ewt,0.1,False,indep,P,X,lag,0.48467881183364075,0.0019016775054731695,5,folds
sim_coupled,coupled_ewt_b01,1,ewt,0.1,False,indep,P,X,gain,0.44254212977225504,0.0017831540399069427,5,folds
sim_coupled,coupled_ewt_b01,1,ewt,0.1,False,indep,P,OC1,lag,0.26284453745784064,0.0028209624202938017,5,folds
sim_coupled,coupled_ewt_b01,1,ewt,0.1,False,indep,P,OC1,gain,0.21418038950771506,0.001639374000187054,5,folds
sim_coupled,coupled_ewt_b01,1,ewt,0.1,False,indep,P,OC2,lag,0.2320871750677643,0.0008846353781024693,5,folds
sim_coupled,coupled_ewt_b01,1,ewt,0.1,False,indep,P,OC2,gain,0.16891035092658316,0.002206494203660462,5,folds
sim_coupled,coupled_ewt_b01,1,ewt,0.1,False,indep,P,OC3,lag,0.21839652434761314,0.001962333712703491,5,folds
sim_coupled,coupled_ewt_b01,1,ewt,0.1,False,indep,P,OC3,gain,0.3384337532366605,0.0010012494403012278,5,folds
sim_coupled,coupled_ewt_b01,1,ewt,0.1,False,indep,A,X,lag,0.19978066281753942,0.004470161149968265,5,folds
sim_coupled,coupled_ewt_b01,1,ewt,0.1,False,indep,A,X,gain,0.0944768868061456,0.0036426407840312387,5,folds
sim_coupled,coupled_ewt_b01,1,ewt,0.1,False,indep,A,OC1,lag,0.0412092729578943,0.0024759469332131037,5,folds
sim_coupled,coupled_ewt_b01,1,ewt,0.1,False,indep,A,OC1,gain,0.001766114722738854,0.0011855541640903783,5,folds
sim_coupled,coupled_ewt_b01,1,ewt,0.1,False,indep,A,OC2,lag,0.02497457733924664,0.0016740795832475277,5,folds
sim_coupled,coupled_ewt_b01,1,ewt,0.1,False,indep,A,OC2,gain,0.0037473092830686006,0.0007366542451564473,5,folds
sim_coupled,coupled_ewt_b01,1,ewt,0.1,False,indep,A,OC3,lag,0.047848829538394685,0.0027170608574056242,5,folds
sim_coupled,coupled_ewt_b01,1,ewt,0.1,False,indep,A,OC3,gain,0.016832748846146606,0.0012206987940393949,5,folds
sim_coupled,coupled_ewt_b01,1,ewt,0.1,False,indep,dT,X,lag,0.30360834522611174,0.007477899620088984,5,folds
sim_coupled,coupled_ewt_b01,1,ewt,0.1,False,indep,dT,X,gain,0.24458912260101454,0.008364254697465427,5,folds
sim_coupled,coupled_ewt_b01,1,ewt,0.1,False,indep,dT,OC1,lag,0.06114507881995137,0.006101165357105387,5,folds
sim_coupled,coupled_ewt_b01,1,ewt,0.1,False,indep,dT,OC1,gain,0.00928013773004797,0.0017180769691388684,5,folds
sim_coupled,coupled_ewt_b01,1,ewt,0.1,False,indep,dT,OC2,lag,0.025201711287083838,0.0035965615917128587,5,folds
sim_coupled,coupled_ewt_b01,1,ewt,0.1,False,indep,dT,OC2,gain,0.007561331872961217,0.0030158577077830187,5,folds
sim_coupled,coupled_ewt_b01,1,ewt,0.1,False,indep,dT,OC3,lag,0.05618369069743891,0.007191798603502913,5,folds
sim_coupled,coupled_ewt_b01,1,ewt,0.1,False,indep,dT,OC3,gain,0.09126498127392543,0.004684118546745139,5,folds
sim_coupled,coupled_ewt_b01,1,ewt,0.1,False,indep,dO,X,lag,0.08094313315749942,0.014214181211542195,5,folds
sim_coupled,coupled_ewt_b01,1,ewt,0.1,False,indep,dO,X,gain,0.13392623835432818,0.005606457704576202,5,folds
sim_coupled,coupled_ewt_b01,1,ewt,0.1,False,indep,dO,OC1,lag,0.006087532557782554,0.0072955485843572065,5,folds
sim_coupled,coupled_ewt_b01,1,ewt,0.1,False,indep,dO,OC1,gain,0.03522280046768087,0.0105097977200195,5,folds
sim_coupled,coupled_ewt_b01,1,ewt,0.1,False,indep,dO,OC2,lag,0.0023528656266176644,0.0030712000679907685,5,folds
sim_coupled,coupled_ewt_b01,1,ewt,0.1,False,indep,dO,OC2,gain,0.009015074402405662,0.0031896797298235358,5,folds
sim_coupled,coupled_ewt_b01,1,ewt,0.1,False,indep,dO,OC3,lag,0.01994436173259545,0.0023067478368684093,5,folds
sim_coupled,coupled_ewt_b01,1,ewt,0.1,False,indep,dO,OC3,gain,0.046405051280596056,0.004071423765583103,5,folds
sim_coupled,coupled_ewt_b01,1,ewt,0.1,False,indep,block_importance,X,lag,0.7572585057087959,0.0006821151091921254,5,folds
sim_coupled,coupled_ewt_b01,1,ewt,0.1,False,indep,block_importance,X,gain,0.7654119562588664,0.0032860004868008096,5,folds
sim_coupled,coupled_ewt_b01,1,ewt,0.1,False,indep,block_importance,OC1,lag,0.12094387452067501,0.0020618140568082555,5,folds
sim_coupled,coupled_ewt_b01,1,ewt,0.1,False,indep,block_importance,OC1,gain,0.08752349795589956,0.0030076345759902623,5,folds
sim_coupled,coupled_ewt_b01,1,ewt,0.1,False,indep,block_importance,OC2,lag,0.04082689907607302,0.0012127996620676365,5,folds
sim_coupled,coupled_ewt_b01,1,ewt,0.1,False,indep,block_importance,OC2,gain,0.03998733800376085,0.0008950550238594872,5,folds
sim_coupled,coupled_ewt_b01,1,ewt,0.1,False,indep,block_importance,OC3,lag,0.08097072069445595,0.0016830449524935715,5,folds
sim_coupled,coupled_ewt_b01,1,ewt,0.1,False,indep,block_importance,OC3,gain,0.10707720778147338,0.000922916088855732,5,folds
