subject,subject_name,alsfrs_total,alsfrs_speech,disease_duration,king_stage,cantagallo,category,n_recordings
0,CT001,-1,-1,-1,-1,0,0,8
1,CT004,-1,-1,-1,-1,0,0,8
2,CT010,-1,-1,-1,-1,1,0,8
3,CT013,-1,-1,-1,-1,1,0,8
4,CT014,-1,-1,-1,-1,0,0,8
5,CT015,-1,-1,-1,-1,0,0,8
6,CT018,-1,-1,-1,-1,0,0,8
7,CT019,-1,-1,-1,-1,0,0,8
8,CT020,-1,-1,-1,-1,1,0,8
9,CT021,-1,-1,-1,-1,0,0,8
10,CT022,-1,-1,-1,-1,1,0,8
11,CT023,-1,-1,-1,-1,0,0,8
12,CT026,-1,-1,-1,-1,0,0,8
13,CT027,-1,-1,-1,-1,2,0,8
14,CT028,-1,-1,-1,-1,1,0,8
15,CT029,-1,-1,-1,-1,1,0,8
16,CT030,-1,-1,-1,-1,0,0,8
17,CT033,-1,-1,-1,-1,1,0,8
18,CT035,-1,-1,-1,-1,1,0,8
19,CT037,-1,-1,-1,-1,0,0,8
20,CT038,-1,-1,-1,-1,1,0,8
21,CT039,-1,-1,-1,-1,1,0,8
22,CT040,-1,-1,-1,-1,1,0,8
23,CT041,-1,-1,-1,-1,1,0,8
24,CT043,-1,-1,-1,-1,0,0,8
25,CT044,-1,-1,-1,-1,1,0,8
26,CT045,-1,-1,-1,-1,1,0,8
27,CT046,-1,-1,-1,-1,1,0,8
28,CT047,-1,-1,-1,-1,1,0,8
29,CT048,-1,-1,-1,-1,0,0,8
30,CT049,-1,-1,-1,-1,0,0,8
31,CT050,-1,-1,-1,-1,1,0,8
32,CT051,-1,-1,-1,-1,2,0,8
33,CT052,-1,-1,-1,-1,1,0,8
34,CT053,-1,-1,-1,-1,1,0,8
35,CT054,-1,-1,-1,-1,2,0,8
36,CT055,-1,-1,-1,-1,0,0,8
37,CT056,-1,-1,-1,-1,0,0,8
38,CT057,-1,-1,-1,-1,2,0,8
39,CT058,-1,-1,-1,-1,1,0,8
40,CT059,-1,-1,-1,-1,0,0,8
41,CT060,-1,-1,-1,-1,0,0,8
42,CT061,-1,-1,-1,-1,1,0,8
43,CT062,-1,-1,-1,-1,1,0,8
44,CT063,-1,-1,-1,-1,1,0,8
45,CT064,-1,-1,-1,-1,1,0,8
46,CT065,-1,-1,-1,-1,0,0,8
47,CT066,-1,-1,-1,-1,0,0,8
48,CT067,-1,-1,-1,-1,0,0,8
49,CT068,-1,-1,-1,-1,1,0,8
50,CT069,-1,-1,-1,-1,1,0,8
51,PZ001,6,3,2,1,1,1,8
52,PZ003,5,4,4,2,3,1,8
53,PZ004,5,3,4,2,2,1,8
54,PZ005,4,3,3,2,1,1,8
55,PZ006,4,3,3,5,3,1,8
56,PZ007,1,2,4,5,2,1,8
57,PZ008,2,2,4,2,3,1,8
58,PZ009,4,4,4,2,0,1,8
59,PZ010,4,2,4,2,3,1,8
60,PZ011,5,4,3,2,1,1,8
61,PZ012,5,4,4,1,1,1,8
62,PZ013,5,3,3,2,1,1,8
63,PZ014,6,4,4,0,1,1,8
64,PZ015,6,4,3,0,2,1,8
65,PZ016,7,3,1,0,1,1,8
66,PZ017,6,4,3,0,0,1,8
67,PZ018,6,4,4,0,0,1,8
68,PZ019,7,4,2,0,0,1,8
69,PZ020,5,1,2,2,3,1,8
70,PZ021,6,3,3,0,3,1,8
71,PZ022,6,4,3,1,1,1,8
72,PZ023,4,4,4,5,1,1,8
73,PZ024,5,3,4,5,1,1,8
74,PZ025,3,4,3,1,3,1,8
75,PZ026,5,4,4,1,0,1,8
76,PZ028,7,4,2,0,1,1,8
77,PZ029,5,4,4,2,2,1,8
78,PZ030,7,4,1,0,0,1,8
79,PZ031,4,4,4,5,1,1,8
80,PZ032,4,3,4,2,3,1,8
81,PZ033,6,4,4,1,0,1,8
82,PZ034,3,3,4,2,1,1,8
83,PZ035,6,4,4,1,0,1,8
84,PZ036,4,4,4,2,1,1,8
85,PZ037,7,3,1,1,1,1,8
86,PZ039,4,4,4,1,0,1,8
87,PZ040,3,4,4,5,1,1,8
88,PZ041,4,3,4,5,2,1,8
89,PZ043,5,4,4,0,0,1,8
90,PZ044,4,3,2,5,3,1,8
91,PZ045,6,4,4,0,0,1,8
92,PZ048,7,4,4,0,1,1,8
93,PZ049,6,4,2,0,0,1,8
94,PZ050,7,4,2,0,1,1,8
95,PZ051,4,1,2,2,3,1,8
96,PZ052,7,4,2,0,1,1,8
97,PZ053,7,4,2,0,1,1,8
98,PZ054,7,4,4,1,1,1,8
99,PZ055,5,4,4,5,2,1,8
100,PZ056,4,3,3,2,1,1,8
101,PZ057,5,4,3,1,0,1,8
102,PZ058,6,3,4,2,3,1,8
103,PZ059,7,4,1,0,0,1,8
104,PZ060,7,3,1,1,2,1,8
105,PZ061,7,4,4,0,1,1,8
106,PZ062,6,4,4,1,1,1,8
107,PZ063,4,1,1,2,3,1,8
108,PZ064,6,3,4,1,2,1,8
109,PZ065,5,3,2,2,2,1,8
110,PZ066,5,4,3,1,1,1,8
111,PZ067,4,3,3,2,1,1,8
112,PZ068,1,1,4,6,3,1,8
113,PZ069,3,3,4,2,3,1,8
114,PZ070,3,3,3,5,3,1,8
115,PZ071,6,3,2,2,2,1,8
116,PZ072,2,2,4,5,2,1,8
117,PZ073,6,3,4,1,2,1,8
118,PZ074,7,1,3,0,3,1,8
119,PZ077,5,4,4,1,1,1,8
120,PZ079,2,2,1,2,3,1,8
121,PZ080,5,4,4,1,0,1,8
122,PZ081,7,4,4,0,1,1,8
123,PZ082,5,3,1,1,2,1,8
124,PZ083,7,4,2,0,0,1,8
125,PZ084,3,4,4,5,1,1,8
126,PZ085,6,4,1,1,1,1,8
127,PZ087,4,4,3,2,3,1,8
128,PZ088,5,2,1,1,2,1,8
129,PZ089,4,4,4,2,1,1,8
130,PZ090,6,2,2,5,3,1,8
131,PZ091,6,4,4,0,0,1,8
132,PZ092,7,4,3,0,1,1,8
133,PZ094,6,4,2,1,1,1,8
134,PZ095,4,3,3,2,2,1,8
135,PZ096,7,4,1,0,0,1,8
136,PZ097,5,2,2,2,1,1,8
137,PZ098,6,4,3,0,1,1,8
138,PZ099,5,4,3,1,2,1,8
139,PZ100,6,3,2,2,1,1,8
140,PZ101,2,2,4,2,2,1,8
141,PZ102,6,2,2,1,1,1,8
142,PZ103,4,3,4,2,1,1,8
143,PZ104,6,3,1,1,1,1,8
144,PZ105,6,3,1,2,1,1,8
145,PZ107,7,2,2,0,3,1,8
146,PZ108,6,4,2,1,0,1,8
147,PZ109,6,4,3,0,0,1,8
148,PZ110,6,3,4,2,1,1,8
149,PZ111,7,2,1,0,2,1,8
150,PZ112,3,2,2,2,3,1,8
151,PZ114,6,3,2,1,1,1,8
152,PZ115,6,4,2,0,0,1,8
