dataset,model,beta,transfer_from,NoC,max_frames_per_batch,run_id,checkpoint,branch,split,measure,value
timit,FD,0.0,,4,178,FD_b0,training_ckp_epoch_99,z,test,n_utt,192.0
timit,FD,0.0,,4,178,FD_b0,training_ckp_epoch_99,z,test,n_frames,24190.0
timit,FD,0.0,,4,178,FD_b0,training_ckp_epoch_99,z,test,d_frame_div_0_1,0.0034848235931529
timit,FD,0.0,,4,178,FD_b0,training_ckp_epoch_99,z,test,d_frame_div_0_2,0.0035016156369621
timit,FD,0.0,,4,178,FD_b0,training_ckp_epoch_99,z,test,d_frame_div_0_3,0.0034593389988034
timit,FD,0.0,,4,178,FD_b0,training_ckp_epoch_99,z,test,d_frame_div_0_4,0.0033870386145678
timit,FD,0.0,,4,178,FD_b0,training_ckp_epoch_99,z,test,d_frame_div_2_1,0.0069261756858197
timit,FD,0.0,,4,178,FD_b0,training_ckp_epoch_99,z,test,d_frame_div_3_1,0.0069369865589262
timit,FD,0.0,,4,178,FD_b0,training_ckp_epoch_99,z,test,d_frame_div_4_1,0.0068773799733693
timit,FD,0.0,,4,178,FD_b0,training_ckp_epoch_99,z,test,d_frame_div_3_2,0.006946171108976
timit,FD,0.0,,4,178,FD_b0,training_ckp_epoch_99,z,test,d_frame_div_4_2,0.0068481029531988
timit,FD,0.0,,4,178,FD_b0,training_ckp_epoch_99,z,test,d_frame_div_4_3,0.0068173452775036
timit,FD,0.0,,4,178,FD_b0,training_ckp_epoch_99,z,test,d_recon,0.0034582042108716
timit,FD,0.0,,4,178,FD_b0,training_ckp_epoch_99,z,test,d_ortho,0.0068920269262989
timit,FD,0.0,,4,178,FD_b0,training_ckp_epoch_99,z,test,d_recon_norm,0.0049891340654057
timit,FD,0.0,,4,178,FD_b0,training_ckp_epoch_99,z,test,d_ortho_norm,0.0099430930682447
timit,FD,0.0,,4,178,FD_b0,training_ckp_epoch_99,z,test,d_recon_utt,0.4356977076092918
timit,FD,0.0,,4,178,FD_b0,training_ckp_epoch_99,z,test,d_ortho_utt,0.8550995228597187
timit,FD,0.0,,4,178,FD_b0,training_ckp_epoch_99,z,test,clamp_frac_recon,0.0
timit,FD,0.0,,4,178,FD_b0,training_ckp_epoch_99,z,test,clamp_frac_ortho,0.1501736111111111
timit,FD,0.0,,4,178,FD_b0,training_ckp_epoch_99,z,test,model_div_pos,0.435692423954606
timit,FD,0.0,,4,178,FD_b0,training_ckp_epoch_99,z,test,model_div_neg,0.8550954510768255
timit,FD,0.0,,4,178,FD_b0,training_ckp_epoch_99,z,test,model_ce_pos,2.319526433944702
timit,FD,0.0,,4,178,FD_b0,training_ckp_epoch_99,z,test,model_ce_neg,0.996146061612914
timit,FD,0.0,,4,178,FD_b0,training_ckp_epoch_99,z,test,model_decomposition_loss,1.1051136230429013
timit,FD,0.0,,4,178,FD_b0,training_ckp_epoch_99,z,test,model_prior_loss,0.0
timit,FD,0.0,,4,178,FD_b0,training_ckp_epoch_99,z,test,model_div_0_1,0.4390461804966132
timit,FD,0.0,,4,178,FD_b0,training_ckp_epoch_99,z,test,model_div_0_2,0.441161818181475
timit,FD,0.0,,4,178,FD_b0,training_ckp_epoch_99,z,test,model_div_0_3,0.4358354099094867
timit,FD,0.0,,4,178,FD_b0,training_ckp_epoch_99,z,test,model_div_0_4,0.4267262909561395
timit,FD,0.0,,4,178,FD_b0,training_ckp_epoch_99,z,test,model_div_2_1,0.8589808978140354
timit,FD,0.0,,4,178,FD_b0,training_ckp_epoch_99,z,test,model_div_3_1,0.860616285353899
timit,FD,0.0,,4,178,FD_b0,training_ckp_epoch_99,z,test,model_div_4_1,0.8562233907481035
timit,FD,0.0,,4,178,FD_b0,training_ckp_epoch_99,z,test,model_div_3_2,0.8580624336997668
timit,FD,0.0,,4,178,FD_b0,training_ckp_epoch_99,z,test,model_div_4_2,0.8494408329327902
timit,FD,0.0,,4,178,FD_b0,training_ckp_epoch_99,z,test,model_div_4_3,0.8472487429777781
timit,FD,0.0,,4,178,FD_b0,training_ckp_epoch_99,z,test,rate_per_frame,
timit,FD,0.0,,4,178,FD_b0,training_ckp_epoch_99,z,test,check_max_abs_diff,6.805549746413675e-06
timit,FD,0.0,,5,178,FD_b0,training_ckp_epoch_99,s,test,n_utt,192.0
timit,FD,0.0,,5,178,FD_b0,training_ckp_epoch_99,s,test,n_frames,192.0
timit,FD,0.0,,5,178,FD_b0,training_ckp_epoch_99,s,test,d_frame_div_0_1,0.323761257783627
timit,FD,0.0,,5,178,FD_b0,training_ckp_epoch_99,s,test,d_frame_div_0_2,0.3519141250556581
timit,FD,0.0,,5,178,FD_b0,training_ckp_epoch_99,s,test,d_frame_div_0_3,0.3750293690177171
timit,FD,0.0,,5,178,FD_b0,training_ckp_epoch_99,s,test,d_frame_div_0_4,0.4103295816151359
timit,FD,0.0,,5,178,FD_b0,training_ckp_epoch_99,s,test,d_frame_div_0_5,0.44032449959781
timit,FD,0.0,,5,178,FD_b0,training_ckp_epoch_99,s,test,d_frame_div_2_1,0.6538820251453613
timit,FD,0.0,,5,178,FD_b0,training_ckp_epoch_99,s,test,d_frame_div_3_1,0.6782478064240772
timit,FD,0.0,,5,178,FD_b0,training_ckp_epoch_99,s,test,d_frame_div_4_1,0.685351785001321
timit,FD,0.0,,5,178,FD_b0,training_ckp_epoch_99,s,test,d_frame_div_5_1,0.6860219304868732
timit,FD,0.0,,5,178,FD_b0,training_ckp_epoch_99,s,test,d_frame_div_3_2,0.5516408353308867
timit,FD,0.0,,5,178,FD_b0,training_ckp_epoch_99,s,test,d_frame_div_4_2,0.636875347931769
timit,FD,0.0,,5,178,FD_b0,training_ckp_epoch_99,s,test,d_frame_div_5_2,0.6602008679550072
timit,FD,0.0,,5,178,FD_b0,training_ckp_epoch_99,s,test,d_frame_div_4_3,0.4207689084444726
timit,FD,0.0,,5,178,FD_b0,training_ckp_epoch_99,s,test,d_frame_div_5_3,0.5266762803164201
timit,FD,0.0,,5,178,FD_b0,training_ckp_epoch_99,s,test,d_frame_div_5_4,0.2093480241746042
timit,FD,0.0,,5,178,FD_b0,training_ckp_epoch_99,s,test,d_recon,0.3802717666139896
timit,FD,0.0,,5,178,FD_b0,training_ckp_epoch_99,s,test,d_ortho,0.5709013811210792
timit,FD,0.0,,5,178,FD_b0,training_ckp_epoch_99,s,test,d_recon_norm,0.5486161918840881
timit,FD,0.0,,5,178,FD_b0,training_ckp_epoch_99,s,test,d_ortho_norm,0.8236365913800411
timit,FD,0.0,,5,178,FD_b0,training_ckp_epoch_99,s,test,d_recon_utt,0.3802717666139896
timit,FD,0.0,,5,178,FD_b0,training_ckp_epoch_99,s,test,d_ortho_utt,0.5709013811210792
timit,FD,0.0,,5,178,FD_b0,training_ckp_epoch_99,s,test,clamp_frac_recon,0.0
timit,FD,0.0,,5,178,FD_b0,training_ckp_epoch_99,s,test,clamp_frac_ortho,0.0
timit,FD,0.0,,5,178,FD_b0,training_ckp_epoch_99,s,test,model_div_pos,0.3802717644721269
timit,FD,0.0,,5,178,FD_b0,training_ckp_epoch_99,s,test,model_div_neg,0.5709013684342304
timit,FD,0.0,,5,178,FD_b0,training_ckp_epoch_99,s,test,model_ce_pos,2.427499537666639
timit,FD,0.0,,5,178,FD_b0,training_ckp_epoch_99,s,test,model_ce_neg,9.634352127710978
timit,FD,0.0,,5,178,FD_b0,training_ckp_epoch_99,s,test,model_decomposition_loss,4.0202150841554
timit,FD,0.0,,5,178,FD_b0,training_ckp_epoch_99,s,test,model_prior_loss,0.0
timit,FD,0.0,,5,178,FD_b0,training_ckp_epoch_99,s,test,model_div_0_1,0.3237612564116716
timit,FD,0.0,,5,178,FD_b0,training_ckp_epoch_99,s,test,model_div_0_2,0.3519141152501106
timit,FD,0.0,,5,178,FD_b0,training_ckp_epoch_99,s,test,model_div_0_3,0.375029352804025
timit,FD,0.0,,5,178,FD_b0,training_ckp_epoch_99,s,test,model_div_0_4,0.410329573477308
timit,FD,0.0,,5,178,FD_b0,training_ckp_epoch_99,s,test,model_div_0_5,0.440324501444896
timit,FD,0.0,,5,178,FD_b0,training_ckp_epoch_99,s,test,model_div_2_1,0.6538819981118044
timit,FD,0.0,,5,178,FD_b0,training_ckp_epoch_99,s,test,model_div_3_1,0.6782477845748266
timit,FD,0.0,,5,178,FD_b0,training_ckp_epoch_99,s,test,model_div_4_1,0.6853517691294352
timit,FD,0.0,,5,178,FD_b0,training_ckp_epoch_99,s,test,model_div_5_1,0.6860219116012255
timit,FD,0.0,,5,178,FD_b0,training_ckp_epoch_99,s,test,model_div_3_2,0.5516408197581768
timit,FD,0.0,,5,178,FD_b0,training_ckp_epoch_99,s,test,model_div_4_2,0.6368753202259541
timit,FD,0.0,,5,178,FD_b0,training_ckp_epoch_99,s,test,model_div_5_2,0.6602008417248726
timit,FD,0.0,,5,178,FD_b0,training_ckp_epoch_99,s,test,model_div_4_3,0.4207688936342795
timit,FD,0.0,,5,178,FD_b0,training_ckp_epoch_99,s,test,model_div_5_3,0.5266762633497516
timit,FD,0.0,,5,178,FD_b0,training_ckp_epoch_99,s,test,model_div_5_4,0.2093480137336882
timit,FD,0.0,,5,178,FD_b0,training_ckp_epoch_99,s,test,rate_per_frame,
timit,FD,0.0,,5,178,FD_b0,training_ckp_epoch_99,s,test,check_max_abs_diff,1.316420048524947e-07
timit,FD,0.1,,4,178,FD_b0.1,training_ckp_epoch_99,z,test,n_utt,192.0
timit,FD,0.1,,4,178,FD_b0.1,training_ckp_epoch_99,z,test,n_frames,24190.0
timit,FD,0.1,,4,178,FD_b0.1,training_ckp_epoch_99,z,test,d_frame_div_0_1,0.0033613059678918
timit,FD,0.1,,4,178,FD_b0.1,training_ckp_epoch_99,z,test,d_frame_div_0_2,0.0033540880110919
timit,FD,0.1,,4,178,FD_b0.1,training_ckp_epoch_99,z,test,d_frame_div_0_3,0.0032932075389714
timit,FD,0.1,,4,178,FD_b0.1,training_ckp_epoch_99,z,test,d_frame_div_0_4,0.0031965120412902
timit,FD,0.1,,4,178,FD_b0.1,training_ckp_epoch_99,z,test,d_frame_div_2_1,0.0066704622506012
timit,FD,0.1,,4,178,FD_b0.1,training_ckp_epoch_99,z,test,d_frame_div_3_1,0.0066473963270518
timit,FD,0.1,,4,178,FD_b0.1,training_ckp_epoch_99,z,test,d_frame_div_4_1,0.0065689433062887
timit,FD,0.1,,4,178,FD_b0.1,training_ckp_epoch_99,z,test,d_frame_div_3_2,0.0066648937366601
timit,FD,0.1,,4,178,FD_b0.1,training_ckp_epoch_99,z,test,d_frame_div_4_2,0.0064961355416524
timit,FD,0.1,,4,178,FD_b0.1,training_ckp_epoch_99,z,test,d_frame_div_4_3,0.0064578996553835
timit,FD,0.1,,4,178,FD_b0.1,training_ckp_epoch_99,z,test,d_recon,0.0033012783898113
timit,FD,0.1,,4,178,FD_b0.1,training_ckp_epoch_99,z,test,d_ortho,0.0065842884696063
timit,FD,0.1,,4,178,FD_b0.1,training_ckp_epoch_99,z,test,d_recon_norm,0.0047627379615747
timit,FD,0.1,,4,178,FD_b0.1,training_ckp_epoch_99,z,test,d_ortho_norm,0.0094991203228834
timit,FD,0.1,,4,178,FD_b0.1,training_ckp_epoch_99,z,test,d_recon_utt,0.4159266887996694
timit,FD,0.1,,4,178,FD_b0.1,training_ckp_epoch_99,z,test,d_ortho_utt,0.8147710539243184
timit,FD,0.1,,4,178,FD_b0.1,training_ckp_epoch_99,z,test,clamp_frac_recon,0.0
timit,FD,0.1,,4,178,FD_b0.1,training_ckp_epoch_99,z,test,clamp_frac_ortho,0.1510416666666666
timit,FD,0.1,,4,178,FD_b0.1,training_ckp_epoch_99,z,test,model_div_pos,0.415921298166116
timit,FD,0.1,,4,178,FD_b0.1,training_ckp_epoch_99,z,test,model_div_neg,0.8147668279707432
timit,FD,0.1,,4,178,FD_b0.1,training_ckp_epoch_99,z,test,model_ce_pos,2.184860661625862
timit,FD,0.1,,4,178,FD_b0.1,training_ckp_epoch_99,z,test,model_ce_neg,1.3241690111656983
timit,FD,0.1,,4,178,FD_b0.1,training_ckp_epoch_99,z,test,model_decomposition_loss,1.1695595681667328
timit,FD,0.1,,4,178,FD_b0.1,training_ckp_epoch_99,z,test,model_prior_loss,0.0013286264923711
timit,FD,0.1,,4,178,FD_b0.1,training_ckp_epoch_99,z,test,model_div_0_1,0.4234841397653023
timit,FD,0.1,,4,178,FD_b0.1,training_ckp_epoch_99,z,test,model_div_0_2,0.4225747560461362
timit,FD,0.1,,4,178,FD_b0.1,training_ckp_epoch_99,z,test,model_div_0_3,0.4149044423053662
timit,FD,0.1,,4,178,FD_b0.1,training_ckp_epoch_99,z,test,model_div_0_4,0.4027218408882618
timit,FD,0.1,,4,178,FD_b0.1,training_ckp_epoch_99,z,test,model_div_2_1,0.822288703173399
timit,FD,0.1,,4,178,FD_b0.1,training_ckp_epoch_99,z,test,model_div_3_1,0.82170345261693
timit,FD,0.1,,4,178,FD_b0.1,training_ckp_epoch_99,z,test,model_div_4_1,0.8142254501581192
timit,FD,0.1,,4,178,FD_b0.1,training_ckp_epoch_99,z,test,model_div_3_2,0.8224049645165602
timit,FD,0.1,,4,178,FD_b0.1,training_ckp_epoch_99,z,test,model_div_4_2,0.8046931326389313
timit,FD,0.1,,4,178,FD_b0.1,training_ckp_epoch_99,z,test,model_div_4_3,0.8032851951817671
timit,FD,0.1,,4,178,FD_b0.1,training_ckp_epoch_99,z,test,rate_per_frame,2.6363816301701434e-06
timit,FD,0.1,,4,178,FD_b0.1,training_ckp_epoch_99,z,test,check_max_abs_diff,6.95742092515772e-06
timit,FD,0.1,,5,178,FD_b0.1,training_ckp_epoch_99,s,test,n_utt,192.0
timit,FD,0.1,,5,178,FD_b0.1,training_ckp_epoch_99,s,test,n_frames,192.0
timit,FD,0.1,,5,178,FD_b0.1,training_ckp_epoch_99,s,test,d_frame_div_0_1,0.3427632724657847
timit,FD,0.1,,5,178,FD_b0.1,training_ckp_epoch_99,s,test,d_frame_div_0_2,0.3530298200873931
timit,FD,0.1,,5,178,FD_b0.1,training_ckp_epoch_99,s,test,d_frame_div_0_3,0.3450763008125674
timit,FD,0.1,,5,178,FD_b0.1,training_ckp_epoch_99,s,test,d_frame_div_0_4,0.3510627221819935
timit,FD,0.1,,5,178,FD_b0.1,training_ckp_epoch_99,s,test,d_frame_div_0_5,0.3725592548023216
timit,FD,0.1,,5,178,FD_b0.1,training_ckp_epoch_99,s,test,d_frame_div_2_1,0.6496730709399084
timit,FD,0.1,,5,178,FD_b0.1,training_ckp_epoch_99,s,test,d_frame_div_3_1,0.6742472473934885
timit,FD,0.1,,5,178,FD_b0.1,training_ckp_epoch_99,s,test,d_frame_div_4_1,0.676145592794081
timit,FD,0.1,,5,178,FD_b0.1,training_ckp_epoch_99,s,test,d_frame_div_5_1,0.6715623592770402
timit,FD,0.1,,5,178,FD_b0.1,training_ckp_epoch_99,s,test,d_frame_div_3_2,0.5412945770726464
timit,FD,0.1,,5,178,FD_b0.1,training_ckp_epoch_99,s,test,d_frame_div_4_2,0.6485826407808765
timit,FD,0.1,,5,178,FD_b0.1,training_ckp_epoch_99,s,test,d_frame_div_5_2,0.6681598757223517
timit,FD,0.1,,5,178,FD_b0.1,training_ckp_epoch_99,s,test,d_frame_div_4_3,0.3101336979681667
timit,FD,0.1,,5,178,FD_b0.1,training_ckp_epoch_99,s,test,d_frame_div_5_3,0.4293696796118947
timit,FD,0.1,,5,178,FD_b0.1,training_ckp_epoch_99,s,test,d_frame_div_5_4,0.1176326916664539
timit,FD,0.1,,5,178,FD_b0.1,training_ckp_epoch_99,s,test,d_recon,0.352898274070012
timit,FD,0.1,,5,178,FD_b0.1,training_ckp_epoch_99,s,test,d_ortho,0.5386801433226908
timit,FD,0.1,,5,178,FD_b0.1,training_ckp_epoch_99,s,test,d_recon_norm,0.5091245899390807
timit,FD,0.1,,5,178,FD_b0.1,training_ckp_epoch_99,s,test,d_ortho_norm,0.7771511713970021
timit,FD,0.1,,5,178,FD_b0.1,training_ckp_epoch_99,s,test,d_recon_utt,0.352898274070012
timit,FD,0.1,,5,178,FD_b0.1,training_ckp_epoch_99,s,test,d_ortho_utt,0.5386801433226908
timit,FD,0.1,,5,178,FD_b0.1,training_ckp_epoch_99,s,test,clamp_frac_recon,0.0
timit,FD,0.1,,5,178,FD_b0.1,training_ckp_epoch_99,s,test,clamp_frac_ortho,0.0
timit,FD,0.1,,5,178,FD_b0.1,training_ckp_epoch_99,s,test,model_div_pos,0.3528982854137818
timit,FD,0.1,,5,178,FD_b0.1,training_ckp_epoch_99,s,test,model_div_neg,0.5386801436543465
timit,FD,0.1,,5,178,FD_b0.1,training_ckp_epoch_99,s,test,model_ce_pos,2.1894344488779702
timit,FD,0.1,,5,178,FD_b0.1,training_ckp_epoch_99,s,test,model_ce_neg,12.697167525688808
timit,FD,0.1,,5,178,FD_b0.1,training_ckp_epoch_99,s,test,model_decomposition_loss,4.961704348524411
timit,FD,0.1,,5,178,FD_b0.1,training_ckp_epoch_99,s,test,model_prior_loss,0.0015001048862662
timit,FD,0.1,,5,178,FD_b0.1,training_ckp_epoch_99,s,test,model_div_0_1,0.3427632711827755
timit,FD,0.1,,5,178,FD_b0.1,training_ckp_epoch_99,s,test,model_div_0_2,0.353029824172457
timit,FD,0.1,,5,178,FD_b0.1,training_ckp_epoch_99,s,test,model_div_0_3,0.3450763051708539
timit,FD,0.1,,5,178,FD_b0.1,training_ckp_epoch_99,s,test,model_div_0_4,0.3510627293338378
timit,FD,0.1,,5,178,FD_b0.1,training_ckp_epoch_99,s,test,model_div_0_5,0.3725592624396086
timit,FD,0.1,,5,178,FD_b0.1,training_ckp_epoch_99,s,test,model_div_2_1,0.6496730496486028
timit,FD,0.1,,5,178,FD_b0.1,training_ckp_epoch_99,s,test,model_div_3_1,0.6742472276091576
timit,FD,0.1,,5,178,FD_b0.1,training_ckp_epoch_99,s,test,model_div_4_1,0.6761455821494261
timit,FD,0.1,,5,178,FD_b0.1,training_ckp_epoch_99,s,test,model_div_5_1,0.6715623388687769
timit,FD,0.1,,5,178,FD_b0.1,training_ckp_epoch_99,s,test,model_div_3_2,0.541294552385807
timit,FD,0.1,,5,178,FD_b0.1,training_ckp_epoch_99,s,test,model_div_4_2,0.648582628617684
timit,FD,0.1,,5,178,FD_b0.1,training_ckp_epoch_99,s,test,model_div_5_2,0.6681598524252573
timit,FD,0.1,,5,178,FD_b0.1,training_ckp_epoch_99,s,test,model_div_4_3,0.3101336835000741
timit,FD,0.1,,5,178,FD_b0.1,training_ckp_epoch_99,s,test,model_div_5_3,0.4293696514917731
timit,FD,0.1,,5,178,FD_b0.1,training_ckp_epoch_99,s,test,model_div_5_4,0.1176326817124504
timit,FD,0.1,,5,178,FD_b0.1,training_ckp_epoch_99,s,test,rate_per_frame,9.375655539164048e-06
timit,FD,0.1,,5,178,FD_b0.1,training_ckp_epoch_99,s,test,check_max_abs_diff,1.4517549340453686e-07
timit,FD,1.0,,4,178,FD_b1,training_ckp_epoch_99,z,test,n_utt,192.0
timit,FD,1.0,,4,178,FD_b1,training_ckp_epoch_99,z,test,n_frames,24190.0
timit,FD,1.0,,4,178,FD_b1,training_ckp_epoch_99,z,test,d_frame_div_0_1,0.0033028993248864
timit,FD,1.0,,4,178,FD_b1,training_ckp_epoch_99,z,test,d_frame_div_0_2,0.0032659727235383
timit,FD,1.0,,4,178,FD_b1,training_ckp_epoch_99,z,test,d_frame_div_0_3,0.0031376931459512
timit,FD,1.0,,4,178,FD_b1,training_ckp_epoch_99,z,test,d_frame_div_0_4,0.003024430437237
timit,FD,1.0,,4,178,FD_b1,training_ckp_epoch_99,z,test,d_frame_div_2_1,0.0064270362300116
timit,FD,1.0,,4,178,FD_b1,training_ckp_epoch_99,z,test,d_frame_div_3_1,0.0063395369381018
timit,FD,1.0,,4,178,FD_b1,training_ckp_epoch_99,z,test,d_frame_div_4_1,0.0062925008333814
timit,FD,1.0,,4,178,FD_b1,training_ckp_epoch_99,z,test,d_frame_div_3_2,0.0062786286688935
timit,FD,1.0,,4,178,FD_b1,training_ckp_epoch_99,z,test,d_frame_div_4_2,0.0062401872265171
timit,FD,1.0,,4,178,FD_b1,training_ckp_epoch_99,z,test,d_frame_div_4_3,0.0059741221533734
timit,FD,1.0,,4,178,FD_b1,training_ckp_epoch_99,z,test,d_recon,0.0031827489079032
timit,FD,1.0,,4,178,FD_b1,training_ckp_epoch_99,z,test,d_ortho,0.0062586686750465
timit,FD,1.0,,4,178,FD_b1,training_ckp_epoch_99,z,test,d_recon_norm,0.0045917360658267
timit,FD,1.0,,4,178,FD_b1,training_ckp_epoch_99,z,test,d_ortho_norm,0.0090293502600566
timit,FD,1.0,,4,178,FD_b1,training_ckp_epoch_99,z,test,d_recon_utt,0.4009932087613526
timit,FD,1.0,,4,178,FD_b1,training_ckp_epoch_99,z,test,d_ortho_utt,0.7817901482506291
timit,FD,1.0,,4,178,FD_b1,training_ckp_epoch_99,z,test,clamp_frac_recon,0.0
timit,FD,1.0,,4,178,FD_b1,training_ckp_epoch_99,z,test,clamp_frac_ortho,0.0885416666666666
timit,FD,1.0,,4,178,FD_b1,training_ckp_epoch_99,z,test,model_div_pos,0.4009881218274434
timit,FD,1.0,,4,178,FD_b1,training_ckp_epoch_99,z,test,model_div_neg,0.7817858643829823
timit,FD,1.0,,4,178,FD_b1,training_ckp_epoch_99,z,test,model_ce_pos,2.0832316229740777
timit,FD,1.0,,4,178,FD_b1,training_ckp_epoch_99,z,test,model_ce_neg,1.583741173769037
timit,FD,1.0,,4,178,FD_b1,training_ckp_epoch_99,z,test,model_decomposition_loss,1.222202015419801
timit,FD,1.0,,4,178,FD_b1,training_ckp_epoch_99,z,test,model_prior_loss,0.0112645685051878
timit,FD,1.0,,4,178,FD_b1,training_ckp_epoch_99,z,test,model_div_0_1,0.4161258606861035
timit,FD,1.0,,4,178,FD_b1,training_ckp_epoch_99,z,test,model_div_0_2,0.4114734518031279
timit,FD,1.0,,4,178,FD_b1,training_ckp_epoch_99,z,test,model_div_0_3,0.3953115691741307
timit,FD,1.0,,4,178,FD_b1,training_ckp_epoch_99,z,test,model_div_0_4,0.3810416099925836
timit,FD,1.0,,4,178,FD_b1,training_ckp_epoch_99,z,test,model_div_2_1,0.7996791042387486
timit,FD,1.0,,4,178,FD_b1,training_ckp_epoch_99,z,test,model_div_3_1,0.790787797421217
timit,FD,1.0,,4,178,FD_b1,training_ckp_epoch_99,z,test,model_div_4_1,0.7840849210818609
timit,FD,1.0,,4,178,FD_b1,training_ckp_epoch_99,z,test,model_div_3_2,0.784698293854793
timit,FD,1.0,,4,178,FD_b1,training_ckp_epoch_99,z,test,model_div_4_2,0.7813527372976145
timit,FD,1.0,,4,178,FD_b1,training_ckp_epoch_99,z,test,model_div_4_3,0.7501122156778971
timit,FD,1.0,,4,178,FD_b1,training_ckp_epoch_99,z,test,rate_per_frame,2.2352182234353694e-06
timit,FD,1.0,,4,178,FD_b1,training_ckp_epoch_99,z,test,check_max_abs_diff,6.566840050514777e-06
timit,FD,1.0,,5,178,FD_b1,training_ckp_epoch_99,s,test,n_utt,192.0
timit,FD,1.0,,5,178,FD_b1,training_ckp_epoch_99,s,test,n_frames,192.0
timit,FD,1.0,,5,178,FD_b1,training_ckp_epoch_99,s,test,d_frame_div_0_1,0.2716482335971906
timit,FD,1.0,,5,178,FD_b1,training_ckp_epoch_99,s,test,d_frame_div_0_2,0.3055024863389322
timit,FD,1.0,,5,178,FD_b1,training_ckp_epoch_99,s,test,d_frame_div_0_3,0.3650000955079826
timit,FD,1.0,,5,178,FD_b1,training_ckp_epoch_99,s,test,d_frame_div_0_4,0.4244932473646725
timit,FD,1.0,,5,178,FD_b1,training_ckp_epoch_99,s,test,d_frame_div_0_5,0.462175831228777
timit,FD,1.0,,5,178,FD_b1,training_ckp_epoch_99,s,test,d_frame_div_2_1,0.6100863854395975
timit,FD,1.0,,5,178,FD_b1,training_ckp_epoch_99,s,test,d_frame_div_3_1,0.6694330515878959
timit,FD,1.0,,5,178,FD_b1,training_ckp_epoch_99,s,test,d_frame_div_4_1,0.6712167770999393
timit,FD,1.0,,5,178,FD_b1,training_ckp_epoch_99,s,test,d_frame_div_5_1,0.6657472979865268
timit,FD,1.0,,5,178,FD_b1,training_ckp_epoch_99,s,test,d_frame_div_3_2,0.4874690179440595
timit,FD,1.0,,5,178,FD_b1,training_ckp_epoch_99,s,test,d_frame_div_4_2,0.6129158290316205
timit,FD,1.0,,5,178,FD_b1,training_ckp_epoch_99,s,test,d_frame_div_5_2,0.6151975630788323
timit,FD,1.0,,5,178,FD_b1,training_ckp_epoch_99,s,test,d_frame_div_4_3,0.3190799444721391
timit,FD,1.0,,5,178,FD_b1,training_ckp_epoch_99,s,test,d_frame_div_5_3,0.44518412951487
timit,FD,1.0,,5,178,FD_b1,training_ckp_epoch_99,s,test,d_frame_div_5_4,0.1374947156106181
timit,FD,1.0,,5,178,FD_b1,training_ckp_epoch_99,s,test,d_recon,0.365763978807511
timit,FD,1.0,,5,178,FD_b1,training_ckp_epoch_99,s,test,d_ortho,0.52338247117661
timit,FD,1.0,,5,178,FD_b1,training_ckp_epoch_99,s,test,d_recon_norm,0.527685878361412
timit,FD,1.0,,5,178,FD_b1,training_ckp_epoch_99,s,test,d_ortho_norm,0.755081295654706
timit,FD,1.0,,5,178,FD_b1,training_ckp_epoch_99,s,test,d_recon_utt,0.365763978807511
timit,FD,1.0,,5,178,FD_b1,training_ckp_epoch_99,s,test,d_ortho_utt,0.52338247117661
timit,FD,1.0,,5,178,FD_b1,training_ckp_epoch_99,s,test,clamp_frac_recon,0.0
timit,FD,1.0,,5,178,FD_b1,training_ckp_epoch_99,s,test,clamp_frac_ortho,0.0
timit,FD,1.0,,5,178,FD_b1,training_ckp_epoch_99,s,test,model_div_pos,0.3657639833788077
timit,FD,1.0,,5,178,FD_b1,training_ckp_epoch_99,s,test,model_div_neg,0.5233824718743563
timit,FD,1.0,,5,178,FD_b1,training_ckp_epoch_99,s,test,model_ce_pos,2.331097977856795
timit,FD,1.0,,5,178,FD_b1,training_ckp_epoch_99,s,test,model_ce_neg,11.757287621498108
timit,FD,1.0,,5,178,FD_b1,training_ckp_epoch_99,s,test,model_decomposition_loss,4.695658827821414
timit,FD,1.0,,5,178,FD_b1,training_ckp_epoch_99,s,test,model_prior_loss,0.0093255440394083
timit,FD,1.0,,5,178,FD_b1,training_ckp_epoch_99,s,test,model_div_0_1,0.2716482415174444
timit,FD,1.0,,5,178,FD_b1,training_ckp_epoch_99,s,test,model_div_0_2,0.3055024755497773
timit,FD,1.0,,5,178,FD_b1,training_ckp_epoch_99,s,test,model_div_0_3,0.3650000890096028
timit,FD,1.0,,5,178,FD_b1,training_ckp_epoch_99,s,test,model_div_0_4,0.4244932495057583
timit,FD,1.0,,5,178,FD_b1,training_ckp_epoch_99,s,test,model_div_0_5,0.4621758305778106
timit,FD,1.0,,5,178,FD_b1,training_ckp_epoch_99,s,test,model_div_2_1,0.6100863671551148
timit,FD,1.0,,5,178,FD_b1,training_ckp_epoch_99,s,test,model_div_3_1,0.6694330349564552
timit,FD,1.0,,5,178,FD_b1,training_ckp_epoch_99,s,test,model_div_4_1,0.6712167685230573
timit,FD,1.0,,5,178,FD_b1,training_ckp_epoch_99,s,test,model_div_5_1,0.6657472786804041
timit,FD,1.0,,5,178,FD_b1,training_ckp_epoch_99,s,test,model_div_3_2,0.4874690075715382
timit,FD,1.0,,5,178,FD_b1,training_ckp_epoch_99,s,test,model_div_4_2,0.6129158126811186
timit,FD,1.0,,5,178,FD_b1,training_ckp_epoch_99,s,test,model_div_5_2,0.6151975492636362
timit,FD,1.0,,5,178,FD_b1,training_ckp_epoch_99,s,test,model_div_4_3,0.3190799377722821
timit,FD,1.0,,5,178,FD_b1,training_ckp_epoch_99,s,test,model_div_5_3,0.4451841216844817
timit,FD,1.0,,5,178,FD_b1,training_ckp_epoch_99,s,test,model_div_5_4,0.137494712416507
timit,FD,1.0,,5,178,FD_b1,training_ckp_epoch_99,s,test,rate_per_frame,5.8284650246302285e-06
timit,FD,1.0,,5,178,FD_b1,training_ckp_epoch_99,s,test,check_max_abs_diff,1.2210288824476834e-07
timit,EWT,0.0,,4,178,EWT_b0,training_ckp_epoch_99,z,test,n_utt,192.0
timit,EWT,0.0,,4,178,EWT_b0,training_ckp_epoch_99,z,test,n_frames,24190.0
timit,EWT,0.0,,4,178,EWT_b0,training_ckp_epoch_99,z,test,d_frame_div_0_1,0.003490293361455614
timit,EWT,0.0,,4,178,EWT_b0,training_ckp_epoch_99,z,test,d_frame_div_0_2,0.0034985216013805865
timit,EWT,0.0,,4,178,EWT_b0,training_ckp_epoch_99,z,test,d_frame_div_0_3,0.0034901279423845293
timit,EWT,0.0,,4,178,EWT_b0,training_ckp_epoch_99,z,test,d_frame_div_0_4,0.003335608275386975
timit,EWT,0.0,,4,178,EWT_b0,training_ckp_epoch_99,z,test,d_frame_div_2_1,0.006935169100458759
timit,EWT,0.0,,4,178,EWT_b0,training_ckp_epoch_99,z,test,d_frame_div_3_1,0.00690557992062641
timit,EWT,0.0,,4,178,EWT_b0,training_ckp_epoch_99,z,test,d_frame_div_4_1,0.006831376794122682
timit,EWT,0.0,,4,178,EWT_b0,training_ckp_epoch_99,z,test,d_frame_div_3_2,0.006939078877512351
timit,EWT,0.0,,4,178,EWT_b0,training_ckp_epoch_99,z,test,d_frame_div_4_2,0.00678525023390776
timit,EWT,0.0,,4,178,EWT_b0,training_ckp_epoch_99,z,test,d_frame_div_4_3,0.006701555789703446
timit,EWT,0.0,,4,178,EWT_b0,training_ckp_epoch_99,z,test,d_recon,0.003453637795151926
timit,EWT,0.0,,4,178,EWT_b0,training_ckp_epoch_99,z,test,d_ortho,0.006849668452721901
timit,EWT,0.0,,4,178,EWT_b0,training_ckp_epoch_99,z,test,d_recon_norm,0.004982546120092377
timit,EWT,0.0,,4,178,EWT_b0,training_ckp_epoch_99,z,test,d_ortho_norm,0.009881982708475467
timit,EWT,0.0,,4,178,EWT_b0,training_ckp_epoch_99,z,test,d_recon_utt,0.4351223867954432
timit,EWT,0.0,,4,178,EWT_b0,training_ckp_epoch_99,z,test,d_ortho_utt,0.8497242775797853
timit,EWT,0.0,,4,178,EWT_b0,training_ckp_epoch_99,z,test,clamp_frac_recon,0.0
timit,EWT,0.0,,4,178,EWT_b0,training_ckp_epoch_99,z,test,clamp_frac_ortho,0.15538194444444445
timit,EWT,0.0,,4,178,EWT_b0,training_ckp_epoch_99,z,test,model_div_pos,0.43511708453297615
timit,EWT,0.0,,4,178,EWT_b0,training_ckp_epoch_99,z,test,model_div_neg,0.8497202123204867
timit,EWT,0.0,,4,178,EWT_b0,training_ckp_epoch_99,z,test,model_ce_pos,2.3188705494006476
timit,EWT,0.0,,4,178,EWT_b0,training_ckp_epoch_99,z,test,model_ce_neg,1.0405092876559745
timit,EWT,0.0,,4,178,EWT_b0,training_ckp_epoch_99,z,test,model_decomposition_loss,1.119681291282177
timit,EWT,0.0,,4,178,EWT_b0,training_ckp_epoch_99,z,test,model_prior_loss,0.0
timit,EWT,0.0,,4,178,EWT_b0,training_ckp_epoch_99,z,test,model_div_0_1,0.43973531139393646
timit,EWT,0.0,,4,178,EWT_b0,training_ckp_epoch_99,z,test,model_div_0_2,0.4407719783484936
timit,EWT,0.0,,4,178,EWT_b0,training_ckp_epoch_99,z,test,model_div_0_3,0.4397144677738349
timit,EWT,0.0,,4,178,EWT_b0,training_ckp_epoch_99,z,test,model_div_0_4,0.42024657999475795
timit,EWT,0.0,,4,178,EWT_b0,training_ckp_epoch_99,z,test,model_div_2_1,0.8595863829056422
timit,EWT,0.0,,4,178,EWT_b0,training_ckp_epoch_99,z,test,model_div_3_1,0.8538144243260225
timit,EWT,0.0,,4,178,EWT_b0,training_ckp_epoch_99,z,test,model_div_4_1,0.8484829179942608
timit,EWT,0.0,,4,178,EWT_b0,training_ckp_epoch_99,z,test,model_div_3_2,0.8594986622532209
timit,EWT,0.0,,4,178,EWT_b0,training_ckp_epoch_99,z,test,model_div_4_2,0.8439672316114107
timit,EWT,0.0,,4,178,EWT_b0,training_ckp_epoch_99,z,test,model_div_4_3,0.8329715641836325
timit,EWT,0.0,,4,178,EWT_b0,training_ckp_epoch_99,z,test,rate_per_frame,
timit,EWT,0.0,,4,178,EWT_b0,training_ckp_epoch_99,z,test,check_max_abs_diff,6.648733039904542e-06
timit,EWT,0.0,,5,178,EWT_b0,training_ckp_epoch_99,s,test,n_utt,192.0
timit,EWT,0.0,,5,178,EWT_b0,training_ckp_epoch_99,s,test,n_frames,192.0
timit,EWT,0.0,,5,178,EWT_b0,training_ckp_epoch_99,s,test,d_frame_div_0_1,0.3291471113444497
timit,EWT,0.0,,5,178,EWT_b0,training_ckp_epoch_99,s,test,d_frame_div_0_2,0.36830345121781627
timit,EWT,0.0,,5,178,EWT_b0,training_ckp_epoch_99,s,test,d_frame_div_0_3,0.37890737053743195
timit,EWT,0.0,,5,178,EWT_b0,training_ckp_epoch_99,s,test,d_frame_div_0_4,0.3773510493695116
timit,EWT,0.0,,5,178,EWT_b0,training_ckp_epoch_99,s,test,d_frame_div_0_5,0.0019755496320463663
timit,EWT,0.0,,5,178,EWT_b0,training_ckp_epoch_99,s,test,d_frame_div_2_1,0.6507354592522309
timit,EWT,0.0,,5,178,EWT_b0,training_ckp_epoch_99,s,test,d_frame_div_3_1,0.6558847194252727
timit,EWT,0.0,,5,178,EWT_b0,training_ckp_epoch_99,s,test,d_frame_div_4_1,0.6610019195130086
timit,EWT,0.0,,5,178,EWT_b0,training_ckp_epoch_99,s,test,d_frame_div_5_1,0.3439385314127888
timit,EWT,0.0,,5,178,EWT_b0,training_ckp_epoch_99,s,test,d_frame_div_3_2,0.46353084466184064
timit,EWT,0.0,,5,178,EWT_b0,training_ckp_epoch_99,s,test,d_frame_div_4_2,0.4583281964187518
timit,EWT,0.0,,5,178,EWT_b0,training_ckp_epoch_99,s,test,d_frame_div_5_2,0.3636371026248309
timit,EWT,0.0,,5,178,EWT_b0,training_ckp_epoch_99,s,test,d_frame_div_4_3,0.4645733868864572
timit,EWT,0.0,,5,178,EWT_b0,training_ckp_epoch_99,s,test,d_frame_div_5_3,0.3742392253022791
timit,EWT,0.0,,5,178,EWT_b0,training_ckp_epoch_99,s,test,d_frame_div_5_4,0.37339664399946854
timit,EWT,0.0,,5,178,EWT_b0,training_ckp_epoch_99,s,test,d_recon,0.2911369064202512
timit,EWT,0.0,,5,178,EWT_b0,training_ckp_epoch_99,s,test,d_ortho,0.48092660294969286
timit,EWT,0.0,,5,178,EWT_b0,training_ckp_epoch_99,s,test,d_recon_norm,0.42002177111225064
timit,EWT,0.0,,5,178,EWT_b0,training_ckp_epoch_99,s,test,d_ortho_norm,0.6938304251070975
timit,EWT,0.0,,5,178,EWT_b0,training_ckp_epoch_99,s,test,d_recon_utt,0.2911369064202512
timit,EWT,0.0,,5,178,EWT_b0,training_ckp_epoch_99,s,test,d_ortho_utt,0.48092660294969286
timit,EWT,0.0,,5,178,EWT_b0,training_ckp_epoch_99,s,test,clamp_frac_recon,0.0
timit,EWT,0.0,,5,178,EWT_b0,training_ckp_epoch_99,s,test,clamp_frac_ortho,0.0
timit,EWT,0.0,,5,178,EWT_b0,training_ckp_epoch_99,s,test,model_div_pos,0.2911369018256664
timit,EWT,0.0,,5,178,EWT_b0,training_ckp_epoch_99,s,test,model_div_neg,0.480926596870025
timit,EWT,0.0,,5,178,EWT_b0,training_ckp_epoch_99,s,test,model_ce_pos,1.8270974829792976
timit,EWT,0.0,,5,178,EWT_b0,training_ckp_epoch_99,s,test,model_ce_neg,7.965023199717204
timit,EWT,0.0,,5,178,EWT_b0,training_ckp_epoch_99,s,test,model_decomposition_loss,3.2637138068675995
timit,EWT,0.0,,5,178,EWT_b0,training_ckp_epoch_99,s,test,model_prior_loss,0.0
timit,EWT,0.0,,5,178,EWT_b0,training_ckp_epoch_99,s,test,model_div_0_1,0.329147099206845
timit,EWT,0.0,,5,178,EWT_b0,training_ckp_epoch_99,s,test,model_div_0_2,0.36830343306064606
timit,EWT,0.0,,5,178,EWT_b0,training_ckp_epoch_99,s,test,model_div_0_3,0.37890735392769176
timit,EWT,0.0,,5,178,EWT_b0,training_ckp_epoch_99,s,test,model_div_0_4,0.37735103629529476
timit,EWT,0.0,,5,178,EWT_b0,training_ckp_epoch_99,s,test,model_div_0_5,0.0019755426822788045
timit,EWT,0.0,,5,178,EWT_b0,training_ckp_epoch_99,s,test,model_div_2_1,0.6507354341447353
timit,EWT,0.0,,5,178,EWT_b0,training_ckp_epoch_99,s,test,model_div_3_1,0.6558846930662791
timit,EWT,0.0,,5,178,EWT_b0,training_ckp_epoch_99,s,test,model_div_4_1,0.6610018933812777
timit,EWT,0.0,,5,178,EWT_b0,training_ckp_epoch_99,s,test,model_div_5_1,0.34393852204084396
timit,EWT,0.0,,5,178,EWT_b0,training_ckp_epoch_99,s,test,model_div_3_2,0.4635308310389519
timit,EWT,0.0,,5,178,EWT_b0,training_ckp_epoch_99,s,test,model_div_4_2,0.45832818063596886
timit,EWT,0.0,,5,178,EWT_b0,training_ckp_epoch_99,s,test,model_div_5_2,0.36363708786666393
timit,EWT,0.0,,5,178,EWT_b0,training_ckp_epoch_99,s,test,model_div_4_3,0.46457337650159997
timit,EWT,0.0,,5,178,EWT_b0,training_ckp_epoch_99,s,test,model_div_5_3,0.3742392112811406
timit,EWT,0.0,,5,178,EWT_b0,training_ckp_epoch_99,s,test,model_div_5_4,0.37339663195113343
timit,EWT,0.0,,5,178,EWT_b0,training_ckp_epoch_99,s,test,rate_per_frame,
timit,EWT,0.0,,5,178,EWT_b0,training_ckp_epoch_99,s,test,check_max_abs_diff,1.2438424024097117e-07
timit,EWT,0.1,,4,178,EWT_b0.1,training_ckp_epoch_99,z,test,n_utt,192.0
timit,EWT,0.1,,4,178,EWT_b0.1,training_ckp_epoch_99,z,test,n_frames,24190.0
timit,EWT,0.1,,4,178,EWT_b0.1,training_ckp_epoch_99,z,test,d_frame_div_0_1,0.0035180246443491585
timit,EWT,0.1,,4,178,EWT_b0.1,training_ckp_epoch_99,z,test,d_frame_div_0_2,0.003475859150800385
timit,EWT,0.1,,4,178,EWT_b0.1,training_ckp_epoch_99,z,test,d_frame_div_0_3,0.0034308950071926334
timit,EWT,0.1,,4,178,EWT_b0.1,training_ckp_epoch_99,z,test,d_frame_div_0_4,0.003336588664443787
timit,EWT,0.1,,4,178,EWT_b0.1,training_ckp_epoch_99,z,test,d_frame_div_2_1,0.0069176443453445
timit,EWT,0.1,,4,178,EWT_b0.1,training_ckp_epoch_99,z,test,d_frame_div_3_1,0.006967580038194664
timit,EWT,0.1,,4,178,EWT_b0.1,training_ckp_epoch_99,z,test,d_frame_div_4_1,0.006815120102181726
timit,EWT,0.1,,4,178,EWT_b0.1,training_ckp_epoch_99,z,test,d_frame_div_3_2,0.006875691691921122
timit,EWT,0.1,,4,178,EWT_b0.1,training_ckp_epoch_99,z,test,d_frame_div_4_2,0.006691069305386451
timit,EWT,0.1,,4,178,EWT_b0.1,training_ckp_epoch_99,z,test,d_frame_div_4_3,0.006656584420437177
timit,EWT,0.1,,4,178,EWT_b0.1,training_ckp_epoch_99,z,test,d_recon,0.0034403418666964915
timit,EWT,0.1,,4,178,EWT_b0.1,training_ckp_epoch_99,z,test,d_ortho,0.006820614983910939
timit,EWT,0.1,,4,178,EWT_b0.1,training_ckp_epoch_99,z,test,d_recon_norm,0.004963364150045707
timit,EWT,0.1,,4,178,EWT_b0.1,training_ckp_epoch_99,z,test,d_ortho_norm,0.00984006741310127
timit,EWT,0.1,,4,178,EWT_b0.1,training_ckp_epoch_99,z,test,d_recon_utt,0.43344723830931314
timit,EWT,0.1,,4,178,EWT_b0.1,training_ckp_epoch_99,z,test,d_ortho_utt,0.8448505232390976
timit,EWT,0.1,,4,178,EWT_b0.1,training_ckp_epoch_99,z,test,clamp_frac_recon,0.0
timit,EWT,0.1,,4,178,EWT_b0.1,training_ckp_epoch_99,z,test,clamp_frac_ortho,0.16145833333333334
timit,EWT,0.1,,4,178,EWT_b0.1,training_ckp_epoch_99,z,test,model_div_pos,0.4334418543924888
timit,EWT,0.1,,4,178,EWT_b0.1,training_ckp_epoch_99,z,test,model_div_neg,0.8448463889459769
timit,EWT,0.1,,4,178,EWT_b0.1,training_ckp_epoch_99,z,test,model_ce_pos,2.3078573867678642
timit,EWT,0.1,,4,178,EWT_b0.1,training_ckp_epoch_99,z,test,model_ce_neg,1.0857848225471873
timit,EWT,0.1,,4,178,EWT_b0.1,training_ckp_epoch_99,z,test,model_decomposition_loss,1.1311009265482426
timit,EWT,0.1,,4,178,EWT_b0.1,training_ckp_epoch_99,z,test,model_prior_loss,0.0019846223294734955
timit,EWT,0.1,,4,178,EWT_b0.1,training_ckp_epoch_99,z,test,model_div_0_1,0.4432290941476822
timit,EWT,0.1,,4,178,EWT_b0.1,training_ckp_epoch_99,z,test,model_div_0_2,0.4379166606813669
timit,EWT,0.1,,4,178,EWT_b0.1,training_ckp_epoch_99,z,test,model_div_0_3,0.4322516495982806
timit,EWT,0.1,,4,178,EWT_b0.1,training_ckp_epoch_99,z,test,model_div_0_4,0.4203700143843889
timit,EWT,0.1,,4,178,EWT_b0.1,training_ckp_epoch_99,z,test,model_div_2_1,0.856302889684836
timit,EWT,0.1,,4,178,EWT_b0.1,training_ckp_epoch_99,z,test,model_div_3_1,0.8597070636848608
timit,EWT,0.1,,4,178,EWT_b0.1,training_ckp_epoch_99,z,test,model_div_4_1,0.844264805316925
timit,EWT,0.1,,4,178,EWT_b0.1,training_ckp_epoch_99,z,test,model_div_3_2,0.8511563204228878
timit,EWT,0.1,,4,178,EWT_b0.1,training_ckp_epoch_99,z,test,model_div_4_2,0.8283501838644346
timit,EWT,0.1,,4,178,EWT_b0.1,training_ckp_epoch_99,z,test,model_div_4_3,0.8292970086137453
timit,EWT,0.1,,4,178,EWT_b0.1,training_ckp_epoch_99,z,test,rate_per_frame,3.938068285023885e-06
timit,EWT,0.1,,4,178,EWT_b0.1,training_ckp_epoch_99,z,test,check_max_abs_diff,6.98738640569907e-06
timit,EWT,0.1,,5,178,EWT_b0.1,training_ckp_epoch_99,s,test,n_utt,192.0
timit,EWT,0.1,,5,178,EWT_b0.1,training_ckp_epoch_99,s,test,n_frames,192.0
timit,EWT,0.1,,5,178,EWT_b0.1,training_ckp_epoch_99,s,test,d_frame_div_0_1,0.32612991731757085
timit,EWT,0.1,,5,178,EWT_b0.1,training_ckp_epoch_99,s,test,d_frame_div_0_2,0.3194418251934066
timit,EWT,0.1,,5,178,EWT_b0.1,training_ckp_epoch_99,s,test,d_frame_div_0_3,0.3166591028146911
timit,EWT,0.1,,5,178,EWT_b0.1,training_ckp_epoch_99,s,test,d_frame_div_0_4,0.30526773339876184
timit,EWT,0.1,,5,178,EWT_b0.1,training_ckp_epoch_99,s,test,d_frame_div_0_5,0.0014850568606614859
timit,EWT,0.1,,5,178,EWT_b0.1,training_ckp_epoch_99,s,test,d_frame_div_2_1,0.5987545551410821
timit,EWT,0.1,,5,178,EWT_b0.1,training_ckp_epoch_99,s,test,d_frame_div_3_1,0.5787774788167793
timit,EWT,0.1,,5,178,EWT_b0.1,training_ckp_epoch_99,s,test,d_frame_div_4_1,0.5787716031550084
timit,EWT,0.1,,5,178,EWT_b0.1,training_ckp_epoch_99,s,test,d_frame_div_5_1,0.3329451726981038
timit,EWT,0.1,,5,178,EWT_b0.1,training_ckp_epoch_99,s,test,d_frame_div_3_2,0.4263149789088437
timit,EWT,0.1,,5,178,EWT_b0.1,training_ckp_epoch_99,s,test,d_frame_div_4_2,0.44302430606514437
timit,EWT,0.1,,5,178,EWT_b0.1,training_ckp_epoch_99,s,test,d_frame_div_5_2,0.3167364390800081
timit,EWT,0.1,,5,178,EWT_b0.1,training_ckp_epoch_99,s,test,d_frame_div_4_3,0.42853690335879624
timit,EWT,0.1,,5,178,EWT_b0.1,training_ckp_epoch_99,s,test,d_frame_div_5_3,0.31468428417525834
timit,EWT,0.1,,5,178,EWT_b0.1,training_ckp_epoch_99,s,test,d_frame_div_5_4,0.305392351323396
timit,EWT,0.1,,5,178,EWT_b0.1,training_ckp_epoch_99,s,test,d_recon,0.2537967271170184
timit,EWT,0.1,,5,178,EWT_b0.1,training_ckp_epoch_99,s,test,d_ortho,0.432393807272242
timit,EWT,0.1,,5,178,EWT_b0.1,training_ckp_epoch_99,s,test,d_recon_norm,0.366151279605572
timit,EWT,0.1,,5,178,EWT_b0.1,training_ckp_epoch_99,s,test,d_ortho_norm,0.6238124014627618
timit,EWT,0.1,,5,178,EWT_b0.1,training_ckp_epoch_99,s,test,d_recon_utt,0.2537967271170184
timit,EWT,0.1,,5,178,EWT_b0.1,training_ckp_epoch_99,s,test,d_ortho_utt,0.432393807272242
timit,EWT,0.1,,5,178,EWT_b0.1,training_ckp_epoch_99,s,test,clamp_frac_recon,0.0
timit,EWT,0.1,,5,178,EWT_b0.1,training_ckp_epoch_99,s,test,clamp_frac_ortho,0.0
timit,EWT,0.1,,5,178,EWT_b0.1,training_ckp_epoch_99,s,test,model_div_pos,0.2537967273965478
timit,EWT,0.1,,5,178,EWT_b0.1,training_ckp_epoch_99,s,test,model_div_neg,0.43239379736284417
timit,EWT,0.1,,5,178,EWT_b0.1,training_ckp_epoch_99,s,test,model_ce_pos,1.5866288964947064
timit,EWT,0.1,,5,178,EWT_b0.1,training_ckp_epoch_99,s,test,model_ce_neg,10.384161909421286
timit,EWT,0.1,,5,178,EWT_b0.1,training_ckp_epoch_99,s,test,model_decomposition_loss,3.9898645083109536
timit,EWT,0.1,,5,178,EWT_b0.1,training_ckp_epoch_99,s,test,model_prior_loss,0.0023897439362675263
timit,EWT,0.1,,5,178,EWT_b0.1,training_ckp_epoch_99,s,test,model_div_0_1,0.32612992202242214
timit,EWT,0.1,,5,178,EWT_b0.1,training_ckp_epoch_99,s,test,model_div_0_2,0.3194418189426263
timit,EWT,0.1,,5,178,EWT_b0.1,training_ckp_epoch_99,s,test,model_div_0_3,0.3166590991119544
timit,EWT,0.1,,5,178,EWT_b0.1,training_ckp_epoch_99,s,test,model_div_0_4,0.3052677232772112
timit,EWT,0.1,,5,178,EWT_b0.1,training_ckp_epoch_99,s,test,model_div_0_5,0.0014850629308966745
timit,EWT,0.1,,5,178,EWT_b0.1,training_ckp_epoch_99,s,test,model_div_2_1,0.5987545338769754
timit,EWT,0.1,,5,178,EWT_b0.1,training_ckp_epoch_99,s,test,model_div_3_1,0.5787774634857973
timit,EWT,0.1,,5,178,EWT_b0.1,training_ckp_epoch_99,s,test,model_div_4_1,0.5787715905656418
timit,EWT,0.1,,5,178,EWT_b0.1,training_ckp_epoch_99,s,test,model_div_5_1,0.33294517391671735
timit,EWT,0.1,,5,178,EWT_b0.1,training_ckp_epoch_99,s,test,model_div_3_2,0.4263149683053295
timit,EWT,0.1,,5,178,EWT_b0.1,training_ckp_epoch_99,s,test,model_div_4_2,0.44302428762118023
timit,EWT,0.1,,5,178,EWT_b0.1,training_ckp_epoch_99,s,test,model_div_5_2,0.31673643458634615
timit,EWT,0.1,,5,178,EWT_b0.1,training_ckp_epoch_99,s,test,model_div_4_3,0.4285368863493204
timit,EWT,0.1,,5,178,EWT_b0.1,training_ckp_epoch_99,s,test,model_div_5_3,0.31468427926301956
timit,EWT,0.1,,5,178,EWT_b0.1,training_ckp_epoch_99,s,test,model_div_5_4,0.30539233796298504
timit,EWT,0.1,,5,178,EWT_b0.1,training_ckp_epoch_99,s,test,rate_per_frame,1.4935899601672039e-05
timit,EWT,0.1,,5,178,EWT_b0.1,training_ckp_epoch_99,s,test,check_max_abs_diff,1.2024258300158408e-07
timit,EWT,1.0,,4,178,EWT_b1,training_ckp_epoch_99,z,test,n_utt,192.0
timit,EWT,1.0,,4,178,EWT_b1,training_ckp_epoch_99,z,test,n_frames,24190.0
timit,EWT,1.0,,4,178,EWT_b1,training_ckp_epoch_99,z,test,d_frame_div_0_1,0.003476988448749649
timit,EWT,1.0,,4,178,EWT_b1,training_ckp_epoch_99,z,test,d_frame_div_0_2,0.003430705524803137
timit,EWT,1.0,,4,178,EWT_b1,training_ckp_epoch_99,z,test,d_frame_div_0_3,0.0033639419465349
timit,EWT,1.0,,4,178,EWT_b1,training_ckp_epoch_99,z,test,d_frame_div_0_4,0.0030996692934588833
timit,EWT,1.0,,4,178,EWT_b1,training_ckp_epoch_99,z,test,d_frame_div_2_1,0.006604427578904437
timit,EWT,1.0,,4,178,EWT_b1,training_ckp_epoch_99,z,test,d_frame_div_3_1,0.006703596880542923
timit,EWT,1.0,,4,178,EWT_b1,training_ckp_epoch_99,z,test,d_frame_div_4_1,0.006457367181021896
timit,EWT,1.0,,4,178,EWT_b1,training_ckp_epoch_99,z,test,d_frame_div_3_2,0.006557572450418183
timit,EWT,1.0,,4,178,EWT_b1,training_ckp_epoch_99,z,test,d_frame_div_4_2,0.006363460772292045
timit,EWT,1.0,,4,178,EWT_b1,training_ckp_epoch_99,z,test,d_frame_div_4_3,0.0062010485514167055
timit,EWT,1.0,,4,178,EWT_b1,training_ckp_epoch_99,z,test,d_recon,0.0033428263033866423
timit,EWT,1.0,,4,178,EWT_b1,training_ckp_epoch_99,z,test,d_ortho,0.006481245569099365
timit,EWT,1.0,,4,178,EWT_b1,training_ckp_epoch_99,z,test,d_recon_norm,0.004822678930449095
timit,EWT,1.0,,4,178,EWT_b1,training_ckp_epoch_99,z,test,d_ortho_norm,0.00935046084132322
timit,EWT,1.0,,4,178,EWT_b1,training_ckp_epoch_99,z,test,d_recon_utt,0.42116129311939
timit,EWT,1.0,,4,178,EWT_b1,training_ckp_epoch_99,z,test,d_ortho_utt,0.801231185520808
timit,EWT,1.0,,4,178,EWT_b1,training_ckp_epoch_99,z,test,clamp_frac_recon,0.0
timit,EWT,1.0,,4,178,EWT_b1,training_ckp_epoch_99,z,test,clamp_frac_ortho,0.14930555555555555
timit,EWT,1.0,,4,178,EWT_b1,training_ckp_epoch_99,z,test,model_div_pos,0.4211561642587185
timit,EWT,1.0,,4,178,EWT_b1,training_ckp_epoch_99,z,test,model_div_neg,0.8012271374464035
timit,EWT,1.0,,4,178,EWT_b1,training_ckp_epoch_99,z,test,model_ce_pos,2.2385450129707656
timit,EWT,1.0,,4,178,EWT_b1,training_ckp_epoch_99,z,test,model_ce_neg,1.4425204060971737
timit,EWT,1.0,,4,178,EWT_b1,training_ckp_epoch_99,z,test,model_decomposition_loss,1.2268990899125736
timit,EWT,1.0,,4,178,EWT_b1,training_ckp_epoch_99,z,test,model_prior_loss,0.02051202890773614
timit,EWT,1.0,,4,178,EWT_b1,training_ckp_epoch_99,z,test,model_div_0_1,0.43805923374990624
timit,EWT,1.0,,4,178,EWT_b1,training_ckp_epoch_99,z,test,model_div_0_2,0.4322280411918958
timit,EWT,1.0,,4,178,EWT_b1,training_ckp_epoch_99,z,test,model_div_0_3,0.4238165020942688
timit,EWT,1.0,,4,178,EWT_b1,training_ckp_epoch_99,z,test,model_div_0_4,0.39052087254822254
timit,EWT,1.0,,4,178,EWT_b1,training_ckp_epoch_99,z,test,model_div_2_1,0.8142787255346775
timit,EWT,1.0,,4,178,EWT_b1,training_ckp_epoch_99,z,test,model_div_3_1,0.822510614991188
timit,EWT,1.0,,4,178,EWT_b1,training_ckp_epoch_99,z,test,model_div_4_1,0.7954696466525396
timit,EWT,1.0,,4,178,EWT_b1,training_ckp_epoch_99,z,test,model_div_3_2,0.8128494210541248
timit,EWT,1.0,,4,178,EWT_b1,training_ckp_epoch_99,z,test,model_div_4_2,0.791737575083971
timit,EWT,1.0,,4,178,EWT_b1,training_ckp_epoch_99,z,test,model_div_4_3,0.7705167047679424
timit,EWT,1.0,,4,178,EWT_b1,training_ckp_epoch_99,z,test,rate_per_frame,4.070183495540863e-06
timit,EWT,1.0,,4,178,EWT_b1,training_ckp_epoch_99,z,test,check_max_abs_diff,6.606610059856077e-06
timit,EWT,1.0,,5,178,EWT_b1,training_ckp_epoch_99,s,test,n_utt,192.0
timit,EWT,1.0,,5,178,EWT_b1,training_ckp_epoch_99,s,test,n_frames,192.0
timit,EWT,1.0,,5,178,EWT_b1,training_ckp_epoch_99,s,test,d_frame_div_0_1,0.4031235009651521
timit,EWT,1.0,,5,178,EWT_b1,training_ckp_epoch_99,s,test,d_frame_div_0_2,0.22422955231602662
timit,EWT,1.0,,5,178,EWT_b1,training_ckp_epoch_99,s,test,d_frame_div_0_3,0.23305899227632085
timit,EWT,1.0,,5,178,EWT_b1,training_ckp_epoch_99,s,test,d_frame_div_0_4,0.2475382696135012
timit,EWT,1.0,,5,178,EWT_b1,training_ckp_epoch_99,s,test,d_frame_div_0_5,0.01921801568996776
timit,EWT,1.0,,5,178,EWT_b1,training_ckp_epoch_99,s,test,d_frame_div_2_1,0.5058218282159471
timit,EWT,1.0,,5,178,EWT_b1,training_ckp_epoch_99,s,test,d_frame_div_3_1,0.5146616673013057
timit,EWT,1.0,,5,178,EWT_b1,training_ckp_epoch_99,s,test,d_frame_div_4_1,0.5080298416559625
timit,EWT,1.0,,5,178,EWT_b1,training_ckp_epoch_99,s,test,d_frame_div_5_1,0.4489039264061245
timit,EWT,1.0,,5,178,EWT_b1,training_ckp_epoch_99,s,test,d_frame_div_3_2,0.3028222715752968
timit,EWT,1.0,,5,178,EWT_b1,training_ckp_epoch_99,s,test,d_frame_div_4_2,0.35581747604765795
timit,EWT,1.0,,5,178,EWT_b1,training_ckp_epoch_99,s,test,d_frame_div_5_2,0.2295632069249082
timit,EWT,1.0,,5,178,EWT_b1,training_ckp_epoch_99,s,test,d_frame_div_4_3,0.30323082903773596
timit,EWT,1.0,,5,178,EWT_b1,training_ckp_epoch_99,s,test,d_frame_div_5_3,0.2330767746641124
timit,EWT,1.0,,5,178,EWT_b1,training_ckp_epoch_99,s,test,d_frame_div_5_4,0.24716711393118398
timit,EWT,1.0,,5,178,EWT_b1,training_ckp_epoch_99,s,test,d_recon,0.22543366617219368
timit,EWT,1.0,,5,178,EWT_b1,training_ckp_epoch_99,s,test,d_ortho,0.36490949357602354
timit,EWT,1.0,,5,178,EWT_b1,training_ckp_epoch_99,s,test,d_recon_norm,0.3252320322360419
timit,EWT,1.0,,5,178,EWT_b1,training_ckp_epoch_99,s,test,d_ortho_norm,0.5264531167554323
timit,EWT,1.0,,5,178,EWT_b1,training_ckp_epoch_99,s,test,d_recon_utt,0.22543366617219368
timit,EWT,1.0,,5,178,EWT_b1,training_ckp_epoch_99,s,test,d_ortho_utt,0.36490949357602354
timit,EWT,1.0,,5,178,EWT_b1,training_ckp_epoch_99,s,test,clamp_frac_recon,0.0
timit,EWT,1.0,,5,178,EWT_b1,training_ckp_epoch_99,s,test,clamp_frac_ortho,0.0
timit,EWT,1.0,,5,178,EWT_b1,training_ckp_epoch_99,s,test,model_div_pos,0.2254336541518569
timit,EWT,1.0,,5,178,EWT_b1,training_ckp_epoch_99,s,test,model_div_neg,0.36490948249896366
timit,EWT,1.0,,5,178,EWT_b1,training_ckp_epoch_99,s,test,model_ce_pos,1.400448774298032
timit,EWT,1.0,,5,178,EWT_b1,training_ckp_epoch_99,s,test,model_ce_neg,13.357050935427347
timit,EWT,1.0,,5,178,EWT_b1,training_ckp_epoch_99,s,test,model_decomposition_loss,4.91867458820343
timit,EWT,1.0,,5,178,EWT_b1,training_ckp_epoch_99,s,test,model_prior_loss,0.03999491571448743
timit,EWT,1.0,,5,178,EWT_b1,training_ckp_epoch_99,s,test,model_div_0_1,0.40312348306179047
timit,EWT,1.0,,5,178,EWT_b1,training_ckp_epoch_99,s,test,model_div_0_2,0.22422954346984625
timit,EWT,1.0,,5,178,EWT_b1,training_ckp_epoch_99,s,test,model_div_0_3,0.2330589760094881
timit,EWT,1.0,,5,178,EWT_b1,training_ckp_epoch_99,s,test,model_div_0_4,0.24753825459629297
timit,EWT,1.0,,5,178,EWT_b1,training_ckp_epoch_99,s,test,model_div_0_5,0.019218004987730335
timit,EWT,1.0,,5,178,EWT_b1,training_ckp_epoch_99,s,test,model_div_2_1,0.5058218141396841
timit,EWT,1.0,,5,178,EWT_b1,training_ckp_epoch_99,s,test,model_div_3_1,0.5146616523464521
timit,EWT,1.0,,5,178,EWT_b1,training_ckp_epoch_99,s,test,model_div_4_1,0.5080298278480768
timit,EWT,1.0,,5,178,EWT_b1,training_ckp_epoch_99,s,test,model_div_5_1,0.4489039083321889
timit,EWT,1.0,,5,178,EWT_b1,training_ckp_epoch_99,s,test,model_div_3_2,0.30282226286362857
timit,EWT,1.0,,5,178,EWT_b1,training_ckp_epoch_99,s,test,model_div_4_2,0.3558174632489681
timit,EWT,1.0,,5,178,EWT_b1,training_ckp_epoch_99,s,test,model_div_5_2,0.2295631906017661
timit,EWT,1.0,,5,178,EWT_b1,training_ckp_epoch_99,s,test,model_div_4_3,0.3032308155670762
timit,EWT,1.0,,5,178,EWT_b1,training_ckp_epoch_99,s,test,model_div_5_3,0.23307676271845898
timit,EWT,1.0,,5,178,EWT_b1,training_ckp_epoch_99,s,test,model_div_5_4,0.2471671001985669
timit,EWT,1.0,,5,178,EWT_b1,training_ckp_epoch_99,s,test,rate_per_frame,2.4996822321554647e-05
timit,EWT,1.0,,5,178,EWT_b1,training_ckp_epoch_99,s,test,check_max_abs_diff,9.054678795639148e-08
