dataset,model,beta,transfer_from,NoC,run_id,checkpoint,branch,split,measure,value
timit,FD,0.1,,4,FD_b0.1,training_ckp_epoch_99,z,test,n_utt,8.0
timit,FD,0.1,,4,FD_b0.1,training_ckp_epoch_99,z,test,n_frames,1196.0
timit,FD,0.1,,4,FD_b0.1,training_ckp_epoch_99,z,test,d_frame_div_0_1,0.0034135401274270638
timit,FD,0.1,,4,FD_b0.1,training_ckp_epoch_99,z,test,d_frame_div_0_2,0.0033518608233742597
timit,FD,0.1,,4,FD_b0.1,training_ckp_epoch_99,z,test,d_frame_div_0_3,0.0034785067160216245
timit,FD,0.1,,4,FD_b0.1,training_ckp_epoch_99,z,test,d_frame_div_0_4,0.0033284600305059702
timit,FD,0.1,,4,FD_b0.1,training_ckp_epoch_99,z,test,d_frame_div_2_1,0.0066796238775089
timit,FD,0.1,,4,FD_b0.1,training_ckp_epoch_99,z,test,d_frame_div_3_1,0.007061420385887897
timit,FD,0.1,,4,FD_b0.1,training_ckp_epoch_99,z,test,d_frame_div_4_1,0.006689557974122412
timit,FD,0.1,,4,FD_b0.1,training_ckp_epoch_99,z,test,d_frame_div_3_2,0.006433410330574617
timit,FD,0.1,,4,FD_b0.1,training_ckp_epoch_99,z,test,d_frame_div_4_2,0.006719464534597786
timit,FD,0.1,,4,FD_b0.1,training_ckp_epoch_99,z,test,d_frame_div_4_3,0.0065927377669202135
timit,FD,0.1,,4,FD_b0.1,training_ckp_epoch_99,z,test,d_recon,0.0033930919243322297
timit,FD,0.1,,4,FD_b0.1,training_ckp_epoch_99,z,test,d_ortho,0.006696035811601972
timit,FD,0.1,,4,FD_b0.1,training_ckp_epoch_99,z,test,d_recon_norm,0.004895196892514498
timit,FD,0.1,,4,FD_b0.1,training_ckp_epoch_99,z,test,d_ortho_norm,0.00966033765901307
timit,FD,0.1,,4,FD_b0.1,training_ckp_epoch_99,z,test,d_recon_utt,0.5072672426876683
timit,FD,0.1,,4,FD_b0.1,training_ckp_epoch_99,z,test,d_ortho_utt,0.9312982623625748
timit,FD,0.1,,4,FD_b0.1,training_ckp_epoch_99,z,test,clamp_frac_recon,0.0
timit,FD,0.1,,4,FD_b0.1,training_ckp_epoch_99,z,test,clamp_frac_ortho,0.4375
timit,FD,0.1,,4,FD_b0.1,training_ckp_epoch_99,z,test,model_div_pos,0.5072607100009918
timit,FD,0.1,,4,FD_b0.1,training_ckp_epoch_99,z,test,model_div_neg,0.9312950968742371
timit,FD,0.1,,4,FD_b0.1,training_ckp_epoch_99,z,test,model_ce_pos,2.884714365005493
timit,FD,0.1,,4,FD_b0.1,training_ckp_epoch_99,z,test,model_ce_neg,0.4503183141350746
timit,FD,0.1,,4,FD_b0.1,training_ckp_epoch_99,z,test,model_decomposition_loss,1.1115663647651672
timit,FD,0.1,,4,FD_b0.1,training_ckp_epoch_99,z,test,model_prior_loss,0.0017683319747447968
timit,FD,0.1,,4,FD_b0.1,training_ckp_epoch_99,z,test,model_div_0_1,0.510317787528038
timit,FD,0.1,,4,FD_b0.1,training_ckp_epoch_99,z,test,model_div_0_2,0.5010966509580612
timit,FD,0.1,,4,FD_b0.1,training_ckp_epoch_99,z,test,model_div_0_3,0.5200302302837372
timit,FD,0.1,,4,FD_b0.1,training_ckp_epoch_99,z,test,model_div_0_4,0.49759820103645325
timit,FD,0.1,,4,FD_b0.1,training_ckp_epoch_99,z,test,model_div_2_1,0.9343709945678711
timit,FD,0.1,,4,FD_b0.1,training_ckp_epoch_99,z,test,model_div_3_1,0.9708504378795624
timit,FD,0.1,,4,FD_b0.1,training_ckp_epoch_99,z,test,model_div_4_1,0.9242658615112305
timit,FD,0.1,,4,FD_b0.1,training_ckp_epoch_99,z,test,model_div_3_2,0.917487621307373
timit,FD,0.1,,4,FD_b0.1,training_ckp_epoch_99,z,test,model_div_4_2,0.9202912747859955
timit,FD,0.1,,4,FD_b0.1,training_ckp_epoch_99,z,test,model_div_4_3,0.9205042719841003
timit,FD,0.1,,4,FD_b0.1,training_ckp_epoch_99,z,test,rate_per_frame,2.9570768808441416e-06
timit,FD,0.1,,4,FD_b0.1,training_ckp_epoch_99,z,test,check_max_abs_diff,7.43702621242015e-06
timit,FD,0.1,,5,FD_b0.1,training_ckp_epoch_99,s,test,n_utt,8.0
timit,FD,0.1,,5,FD_b0.1,training_ckp_epoch_99,s,test,n_frames,8.0
timit,FD,0.1,,5,FD_b0.1,training_ckp_epoch_99,s,test,d_frame_div_0_1,0.3638433404563287
timit,FD,0.1,,5,FD_b0.1,training_ckp_epoch_99,s,test,d_frame_div_0_2,0.36587630477099276
timit,FD,0.1,,5,FD_b0.1,training_ckp_epoch_99,s,test,d_frame_div_0_3,0.3537626962458871
timit,FD,0.1,,5,FD_b0.1,training_ckp_epoch_99,s,test,d_frame_div_0_4,0.3261761830677947
timit,FD,0.1,,5,FD_b0.1,training_ckp_epoch_99,s,test,d_frame_div_0_5,0.35976032542061076
timit,FD,0.1,,5,FD_b0.1,training_ckp_epoch_99,s,test,d_frame_div_2_1,0.6618371372256389
timit,FD,0.1,,5,FD_b0.1,training_ckp_epoch_99,s,test,d_frame_div_3_1,0.6794568203656259
timit,FD,0.1,,5,FD_b0.1,training_ckp_epoch_99,s,test,d_frame_div_4_1,0.6809900977689255
timit,FD,0.1,,5,FD_b0.1,training_ckp_epoch_99,s,test,d_frame_div_5_1,0.6844022618776828
timit,FD,0.1,,5,FD_b0.1,training_ckp_epoch_99,s,test,d_frame_div_3_2,0.5699835489386447
timit,FD,0.1,,5,FD_b0.1,training_ckp_epoch_99,s,test,d_frame_div_4_2,0.6822879368528576
timit,FD,0.1,,5,FD_b0.1,training_ckp_epoch_99,s,test,d_frame_div_5_2,0.6892403228425392
timit,FD,0.1,,5,FD_b0.1,training_ckp_epoch_99,s,test,d_frame_div_4_3,0.4417173208121775
timit,FD,0.1,,5,FD_b0.1,training_ckp_epoch_99,s,test,d_frame_div_5_3,0.5076488704077813
timit,FD,0.1,,5,FD_b0.1,training_ckp_epoch_99,s,test,d_frame_div_5_4,0.014386796269430412
timit,FD,0.1,,5,FD_b0.1,training_ckp_epoch_99,s,test,d_recon,0.3538837699923228
timit,FD,0.1,,5,FD_b0.1,training_ckp_epoch_99,s,test,d_ortho,0.5611951113361304
timit,FD,0.1,,5,FD_b0.1,training_ckp_epoch_99,s,test,d_recon_norm,0.5105463600190147
timit,FD,0.1,,5,FD_b0.1,training_ckp_epoch_99,s,test,d_ortho_norm,0.8096334040957651
timit,FD,0.1,,5,FD_b0.1,training_ckp_epoch_99,s,test,d_recon_utt,0.3538837699923228
timit,FD,0.1,,5,FD_b0.1,training_ckp_epoch_99,s,test,d_ortho_utt,0.5611951113361304
timit,FD,0.1,,5,FD_b0.1,training_ckp_epoch_99,s,test,clamp_frac_recon,0.0
timit,FD,0.1,,5,FD_b0.1,training_ckp_epoch_99,s,test,clamp_frac_ortho,0.0
timit,FD,0.1,,5,FD_b0.1,training_ckp_epoch_99,s,test,model_div_pos,0.3538838028907776
timit,FD,0.1,,5,FD_b0.1,training_ckp_epoch_99,s,test,model_div_neg,0.5611951053142548
timit,FD,0.1,,5,FD_b0.1,training_ckp_epoch_99,s,test,model_ce_pos,2.191879987716675
timit,FD,0.1,,5,FD_b0.1,training_ckp_epoch_99,s,test,model_ce_neg,10.901458263397217
timit,FD,0.1,,5,FD_b0.1,training_ckp_epoch_99,s,test,model_decomposition_loss,4.364009737968445
timit,FD,0.1,,5,FD_b0.1,training_ckp_epoch_99,s,test,model_prior_loss,0.0014410018920898438
timit,FD,0.1,,5,FD_b0.1,training_ckp_epoch_99,s,test,model_div_0_1,0.3638433516025543
timit,FD,0.1,,5,FD_b0.1,training_ckp_epoch_99,s,test,model_div_0_2,0.36587631702423096
timit,FD,0.1,,5,FD_b0.1,training_ckp_epoch_99,s,test,model_div_0_3,0.353762686252594
timit,FD,0.1,,5,FD_b0.1,training_ckp_epoch_99,s,test,model_div_0_4,0.3261762261390686
timit,FD,0.1,,5,FD_b0.1,training_ckp_epoch_99,s,test,model_div_0_5,0.3597603440284729
timit,FD,0.1,,5,FD_b0.1,training_ckp_epoch_99,s,test,model_div_2_1,0.6618371605873108
timit,FD,0.1,,5,FD_b0.1,training_ckp_epoch_99,s,test,model_div_3_1,0.6794567704200745
timit,FD,0.1,,5,FD_b0.1,training_ckp_epoch_99,s,test,model_div_4_1,0.680990070104599
timit,FD,0.1,,5,FD_b0.1,training_ckp_epoch_99,s,test,model_div_5_1,0.6844022870063782
timit,FD,0.1,,5,FD_b0.1,training_ckp_epoch_99,s,test,model_div_3_2,0.569983497262001
timit,FD,0.1,,5,FD_b0.1,training_ckp_epoch_99,s,test,model_div_4_2,0.6822879016399384
timit,FD,0.1,,5,FD_b0.1,training_ckp_epoch_99,s,test,model_div_5_2,0.6892402768135071
timit,FD,0.1,,5,FD_b0.1,training_ckp_epoch_99,s,test,model_div_4_3,0.441717267036438
timit,FD,0.1,,5,FD_b0.1,training_ckp_epoch_99,s,test,model_div_5_3,0.5076488852500916
timit,FD,0.1,,5,FD_b0.1,training_ckp_epoch_99,s,test,model_div_5_4,0.014386798720806837
timit,FD,0.1,,5,FD_b0.1,training_ckp_epoch_99,s,test,rate_per_frame,9.006261825561523e-06
timit,FD,0.1,,5,FD_b0.1,training_ckp_epoch_99,s,test,check_max_abs_diff,8.172644017090391e-08
