dataset,model,transfer_from,beta,source,check_max_abs_diff,clamp_frac_ortho,d_ortho,d_ortho_norm,d_ortho_utt,d_recon,d_recon_norm,d_recon_utt,model_div_neg,model_div_pos,rate_per_frame,accuracy_speaker,accuracy_vowel,completeness,disentanglement,informativeness,mi
sim_vowels,EWT,,0.0,checkpoint,8.136144784121058e-06,1.0,0.0094883078212189,0.0136887346401005,1.0,0.003660143969917,0.0052804715543389,0.7283423148009383,1.0,0.7285471464458265,,0.654941123863467,0.973566619665164,0.261798448202176,0.5291798536546133,0.7610016022655289,0.0891278258947226
sim_vowels,EWT,,0.1,checkpoint,8.274057073709429e-06,1.0,0.008793119219276,0.012685789491595,1.0,0.0035103653822438,0.0050643867286714,0.6985627110665253,1.0,0.698836762654154,5.112846243121916e-06,0.7584960500819794,0.9765455881476774,0.2221711804538235,0.582058762554608,0.7427245966389686,0.036083370171673
sim_vowels,EWT,,1.0,checkpoint,8.299682566326183e-06,1.0,0.0088712567892908,0.0127985181763625,1.0,0.0041293542221516,0.0059573988583721,0.816658005716089,1.0,0.81626106877076,1.3426368060822865e-06,0.734722015203458,0.974043254622366,0.2334926343983621,0.5532004417936476,0.7169206692253233,0.0397500999578586
sim_vowels,EWT,,5.0,checkpoint,8.198812637250086e-06,0.9911111111111112,0.0080496636789363,0.0116132098704254,0.9993770378060792,0.0040886805753209,0.0058987191897945,0.8031485813707897,0.9993819186561986,0.8030783063487003,8.689650838299213e-07,0.6979057981815472,0.9678072805989713,0.2764077206164425,0.5568301528624918,0.6838692849424303,0.0440794354664765
sim_vowels,EWT,,10.0,checkpoint,8.357613582310464e-06,0.9588888888888888,0.0075700763929725,0.0109213116712921,0.9959403750919916,0.003911132154453,0.0056425709634908,0.7637547469802735,0.9959175461216976,0.7638942505183973,7.291236764422213e-07,0.7111715605902519,0.9675888229102536,0.2752106985088716,0.5040403167537375,0.6978984238178634,0.0500645506933598
sim_vowels,EWT,,20.0,checkpoint,8.400712885436867e-06,0.9933333333333332,0.0078799435117493,0.0113683554268858,0.9995883184444374,0.0042820155985724,0.0061776426690696,0.8285111838182796,0.9995936845478258,0.8284921144184313,6.753980015190802e-07,0.6546057534654941,0.9332313864119316,0.257130299892802,0.4925432753174478,0.5990796288705891,0.0701787411755718
sim_vowels,EWT,,40.0,checkpoint,7.893734913944073e-06,0.8366666666666667,0.0070502053382474,0.0101712962787385,0.9723550824337523,0.0036977755873642,0.0053347625022106,0.7036730447322151,0.9722907888261896,0.7037064244872645,3.72398738286004e-07,0.6629527500372634,0.9602605604432704,0.2750527683990783,0.3792172115461119,0.620971047434512,0.0309356047852404
sim_vowels,FD,,0.0,checkpoint,8.125250342327917e-06,1.0,0.0093061147039196,0.0134258855332887,1.0,0.0037670683306328,0.0054347307992938,0.7496465977959385,1.0,0.749934943098771,,0.7889402295424057,0.9436577761007288,0.2194535067832469,0.5263331854758109,0.8046167604426724,0.0640599036863816
sim_vowels,FD,,0.1,checkpoint,8.258137345618088e-06,1.0,0.0089014119250905,0.012842022841238,1.0,0.0037320844929225,0.0053842597901179,0.7425053938418663,1.0,0.7423077100201657,8.788799345992519e-06,0.8787449694440304,0.9242547613846246,0.1960619427523988,0.5258833373398265,0.8086410552595298,0.0505314964385709
sim_vowels,FD,,1.0,checkpoint,8.00966732517061e-06,1.0,0.0096581048042952,0.0139336999055426,1.0,0.0045700440565596,0.0065931798970426,0.8862024222117317,1.0,0.8854110115452817,1.6409458227493057e-06,0.8614174988820986,0.9161122475324212,0.2200770304264556,0.6177263781169491,0.7608711853038714,0.031235330567073
sim_vowels,FD,,5.0,checkpoint,8.275444225769313e-06,0.99,0.0077934635493417,0.0112435912139842,0.9993245998631696,0.003746068057589,0.0054044338095162,0.7442332985330753,0.9993334067495244,0.7441227812516061,1.878987994026299e-06,0.8175585035027575,0.9214148114312952,0.2232493516474154,0.6073478081397801,0.7310615940678913,0.0482916952366655
sim_vowels,FD,,10.0,checkpoint,7.421435264332032e-06,0.9977777777777778,0.0087430495827936,0.0126135542753427,0.9995638527146984,0.0047142156446225,0.006801175532178,0.8822525106275606,0.999569579174644,0.8830996971381339,6.751324263849051e-07,0.7717245491131316,0.8824697634699025,0.2151958088104397,0.4581817450037868,0.6483027163990014,0.0478872297091784
sim_vowels,FD,,20.0,checkpoint,8.349409648222839e-06,0.89,0.0068519789831563,0.0098853160992751,0.9890674480393086,0.0036194978633427,0.0052218316179527,0.7063789990540477,0.9889342031980816,0.7063839027756139,4.711993026174293e-07,0.8418542256670145,0.929438166544198,0.2428065764421889,0.5409852503342707,0.7136788761784104,0.0413537575506651
sim_vowels,FD,,40.0,checkpoint,8.419045011365256e-06,0.6344444444444445,0.0054985602082965,0.0079327455445387,0.9600687419732402,0.0030480289108902,0.0043973761942275,0.6065242652466785,0.9600052519848472,0.6064171853818392,1.7123467209351125e-06,0.7349455954687732,0.9305304549877862,0.2396602795888947,0.5354181123481898,0.7095241643998956,0.0653831596709289
timit,EWT,,0.0,checkpoint,8.72258697737216e-06,0.2083333333333333,0.006780644929319,0.0097824028135575,0.8574262505615666,0.0034297008055818,0.0049480123439457,0.4474151879031678,0.8574225405852,0.4474096937725941,,,,0.0857749276578137,0.2542706066551733,0.3827150219267014,0.0334997827347637
timit,EWT,,0.1,checkpoint,8.702543178640276e-06,0.2092013888888889,0.0067366383466381,0.0097189147349572,0.8532425941835362,0.0034142076194045,0.0049256604010801,0.4451681569759028,0.8532387788097063,0.445162624741594,3.910753147927721e-06,,,0.0871432909504844,0.2556148646401939,0.3760005390023694,0.0512420478713691
timit,EWT,,1.0,checkpoint,8.388450831953165e-06,0.1875,0.0064038829958119,0.009238850240491,0.8123528252104456,0.0033055587930183,0.0047689132780545,0.4312204744204774,0.8123489692807198,0.4312151614576578,4.030686464833991e-06,,,0.0723820052292215,0.2325078297268021,0.4723962418022948,0.0654491166593571
timit,FD,,0.0,checkpoint,8.376154020384163e-06,0.2048611111111111,0.0068105495282879,0.0098255460301896,0.8618201863078523,0.0034287546249217,0.0049466472937996,0.4472917556792398,0.8618164770305157,0.4472862829764684,,,,0.0711315329982274,0.2303744985951377,0.4079019164262947,0.0356282585306581
timit,FD,,0.1,checkpoint,8.670949043665388e-06,0.1901041666666666,0.0065113683992433,0.0093939188989894,0.8214518214618582,0.0032817820826425,0.0047346107359066,0.4280813859813091,0.8214478405813376,0.4280758121361335,2.6318569875750592e-06,,,0.0666104508108711,0.1716639253622297,0.3937036703111595,0.0519691729913626
timit,FD,,1.0,checkpoint,8.708063794271581e-06,0.1371527777777778,0.006203876550918,0.0089503019342967,0.792772496895273,0.0031580930885318,0.0045561652374905,0.411983112439878,0.7927685044705868,0.4119778430710236,2.2278018315100083e-06,,,0.0650525387290075,0.2026585400493338,0.4905422647458556,0.0607164371968669
