dataset,model,transfer_from,beta,source,metric,value,ci
sim_vowels,EMD,,0.0,paper_eval,accuracy_speaker,0.4028171113429721,
sim_vowels,EMD,,0.0,paper_eval,accuracy_vowel,0.8744861279367664,
sim_vowels,EMD,,0.0,paper_eval,completeness,0.2263089052881059,
sim_vowels,EMD,,0.0,paper_eval,disentanglement,0.2765289161524457,
sim_vowels,EMD,,0.0,paper_eval,informativeness,0.5253754145396281,
sim_vowels,EMD,,0.0,paper_eval,mi,0.1153707514345644,
sim_vowels,EMD,,0.1,paper_eval,accuracy_speaker,0.4656059025190043,
sim_vowels,EMD,,0.1,paper_eval,accuracy_vowel,0.8878517665283101,
sim_vowels,EMD,,0.1,paper_eval,completeness,0.1674766147386721,
sim_vowels,EMD,,0.1,paper_eval,disentanglement,0.3197244834463296,
sim_vowels,EMD,,0.1,paper_eval,informativeness,0.5731080225062414,
sim_vowels,EMD,,0.1,paper_eval,mi,0.0407065333154653,
sim_vowels,EMD,,1.0,paper_eval,accuracy_speaker,0.5478089133999106,
sim_vowels,EMD,,1.0,paper_eval,accuracy_vowel,0.927611065874923,
sim_vowels,EMD,,1.0,paper_eval,completeness,0.2613350650179882,
sim_vowels,EMD,,1.0,paper_eval,disentanglement,0.556284765673853,
sim_vowels,EMD,,1.0,paper_eval,informativeness,0.6201326526810002,
sim_vowels,EMD,,1.0,paper_eval,mi,0.0431509038991104,
sim_vowels,EMD,,5.0,paper_eval,accuracy_speaker,0.4999254732448949,
sim_vowels,EMD,,5.0,paper_eval,accuracy_vowel,0.9045935694000358,
sim_vowels,EMD,,5.0,paper_eval,completeness,0.2274023331954538,
sim_vowels,EMD,,5.0,paper_eval,disentanglement,0.3938824059237057,
sim_vowels,EMD,,5.0,paper_eval,informativeness,0.5882736520475462,
sim_vowels,EMD,,5.0,paper_eval,mi,0.0623666131876762,
sim_vowels,EMD,,10.0,paper_eval,accuracy_speaker,0.514383663735281,
sim_vowels,EMD,,10.0,paper_eval,accuracy_vowel,0.9283458781006096,
sim_vowels,EMD,,10.0,paper_eval,completeness,0.2159569098734531,
sim_vowels,EMD,,10.0,paper_eval,disentanglement,0.3273975895223918,
sim_vowels,EMD,,10.0,paper_eval,informativeness,0.5484219547639453,
sim_vowels,EMD,,10.0,paper_eval,mi,0.0433246414184217,
sim_vowels,EMD,,20.0,paper_eval,accuracy_speaker,0.5194887464599791,
sim_vowels,EMD,,20.0,paper_eval,accuracy_vowel,0.9224673802951164,
sim_vowels,EMD,,20.0,paper_eval,completeness,0.1973628506102276,
sim_vowels,EMD,,20.0,paper_eval,disentanglement,0.2493143842983096,
sim_vowels,EMD,,20.0,paper_eval,informativeness,0.5495770764243395,
sim_vowels,EMD,,20.0,paper_eval,mi,0.0460521804802383,
sim_vowels,EMD,,40.0,paper_eval,accuracy_speaker,0.4877030854076613,
sim_vowels,EMD,,40.0,paper_eval,accuracy_vowel,0.900283994995333,
sim_vowels,EMD,,40.0,paper_eval,completeness,0.2244160192163476,
sim_vowels,EMD,,40.0,paper_eval,disentanglement,0.2393589465404133,
sim_vowels,EMD,,40.0,paper_eval,informativeness,0.5262324402876626,
sim_vowels,EMD,,40.0,paper_eval,mi,0.0525724874556374,
sim_vowels,EWT,,0.0,checkpoint,check_max_abs_diff,8.136144784121058e-06,
sim_vowels,EWT,,0.0,checkpoint,clamp_frac_ortho,1.0,
sim_vowels,EWT,,0.0,checkpoint,d_ortho,0.0094883078212189,
sim_vowels,EWT,,0.0,checkpoint,d_ortho_norm,0.0136887346401005,
sim_vowels,EWT,,0.0,checkpoint,d_ortho_utt,1.0,
sim_vowels,EWT,,0.0,checkpoint,d_recon,0.003660143969917,
sim_vowels,EWT,,0.0,checkpoint,d_recon_norm,0.0052804715543389,
sim_vowels,EWT,,0.0,checkpoint,d_recon_utt,0.7283423148009383,
sim_vowels,EWT,,0.0,checkpoint,model_div_neg,1.0,
sim_vowels,EWT,,0.0,checkpoint,model_div_pos,0.7285471464458265,
sim_vowels,EWT,,0.0,checkpoint,rate_per_frame,,
sim_vowels,EWT,,0.0,paper_eval,accuracy_speaker,0.654941123863467,
sim_vowels,EWT,,0.0,paper_eval,accuracy_vowel,0.973566619665164,
sim_vowels,EWT,,0.0,paper_eval,completeness,0.261798448202176,
sim_vowels,EWT,,0.0,paper_eval,disentanglement,0.5291798536546133,
sim_vowels,EWT,,0.0,paper_eval,informativeness,0.7610016022655289,
sim_vowels,EWT,,0.0,paper_eval,mi,0.0891278258947226,
sim_vowels,EWT,,0.1,checkpoint,check_max_abs_diff,8.274057073709429e-06,
sim_vowels,EWT,,0.1,checkpoint,clamp_frac_ortho,1.0,
sim_vowels,EWT,,0.1,checkpoint,d_ortho,0.008793119219276,
sim_vowels,EWT,,0.1,checkpoint,d_ortho_norm,0.012685789491595,
sim_vowels,EWT,,0.1,checkpoint,d_ortho_utt,1.0,
sim_vowels,EWT,,0.1,checkpoint,d_recon,0.0035103653822438,
sim_vowels,EWT,,0.1,checkpoint,d_recon_norm,0.0050643867286714,
sim_vowels,EWT,,0.1,checkpoint,d_recon_utt,0.6985627110665253,
sim_vowels,EWT,,0.1,checkpoint,model_div_neg,1.0,
sim_vowels,EWT,,0.1,checkpoint,model_div_pos,0.698836762654154,
sim_vowels,EWT,,0.1,checkpoint,rate_per_frame,5.112846243121916e-06,
sim_vowels,EWT,,0.1,paper_eval,accuracy_speaker,0.7584960500819794,
sim_vowels,EWT,,0.1,paper_eval,accuracy_vowel,0.9765455881476774,
sim_vowels,EWT,,0.1,paper_eval,completeness,0.2221711804538235,
sim_vowels,EWT,,0.1,paper_eval,disentanglement,0.582058762554608,
sim_vowels,EWT,,0.1,paper_eval,informativeness,0.7427245966389686,
sim_vowels,EWT,,0.1,paper_eval,mi,0.036083370171673,
sim_vowels,EWT,,1.0,checkpoint,check_max_abs_diff,8.299682566326183e-06,
sim_vowels,EWT,,1.0,checkpoint,clamp_frac_ortho,1.0,
sim_vowels,EWT,,1.0,checkpoint,d_ortho,0.0088712567892908,
sim_vowels,EWT,,1.0,checkpoint,d_ortho_norm,0.0127985181763625,
sim_vowels,EWT,,1.0,checkpoint,d_ortho_utt,1.0,
sim_vowels,EWT,,1.0,checkpoint,d_recon,0.0041293542221516,
sim_vowels,EWT,,1.0,checkpoint,d_recon_norm,0.0059573988583721,
sim_vowels,EWT,,1.0,checkpoint,d_recon_utt,0.816658005716089,
sim_vowels,EWT,,1.0,checkpoint,model_div_neg,1.0,
sim_vowels,EWT,,1.0,checkpoint,model_div_pos,0.81626106877076,
sim_vowels,EWT,,1.0,checkpoint,rate_per_frame,1.3426368060822865e-06,
sim_vowels,EWT,,1.0,paper_eval,accuracy_speaker,0.734722015203458,
sim_vowels,EWT,,1.0,paper_eval,accuracy_vowel,0.974043254622366,
sim_vowels,EWT,,1.0,paper_eval,completeness,0.2334926343983621,
sim_vowels,EWT,,1.0,paper_eval,disentanglement,0.5532004417936476,
sim_vowels,EWT,,1.0,paper_eval,informativeness,0.7169206692253233,
sim_vowels,EWT,,1.0,paper_eval,mi,0.0397500999578586,
sim_vowels,EWT,,5.0,checkpoint,check_max_abs_diff,8.198812637250086e-06,
sim_vowels,EWT,,5.0,checkpoint,clamp_frac_ortho,0.9911111111111112,
sim_vowels,EWT,,5.0,checkpoint,d_ortho,0.0080496636789363,
sim_vowels,EWT,,5.0,checkpoint,d_ortho_norm,0.0116132098704254,
sim_vowels,EWT,,5.0,checkpoint,d_ortho_utt,0.9993770378060792,
sim_vowels,EWT,,5.0,checkpoint,d_recon,0.0040886805753209,
sim_vowels,EWT,,5.0,checkpoint,d_recon_norm,0.0058987191897945,
sim_vowels,EWT,,5.0,checkpoint,d_recon_utt,0.8031485813707897,
sim_vowels,EWT,,5.0,checkpoint,model_div_neg,0.9993819186561986,
sim_vowels,EWT,,5.0,checkpoint,model_div_pos,0.8030783063487003,
sim_vowels,EWT,,5.0,checkpoint,rate_per_frame,8.689650838299213e-07,
sim_vowels,EWT,,5.0,paper_eval,accuracy_speaker,0.6979057981815472,
sim_vowels,EWT,,5.0,paper_eval,accuracy_vowel,0.9678072805989713,
sim_vowels,EWT,,5.0,paper_eval,completeness,0.2764077206164425,
sim_vowels,EWT,,5.0,paper_eval,disentanglement,0.5568301528624918,
sim_vowels,EWT,,5.0,paper_eval,informativeness,0.6838692849424303,
sim_vowels,EWT,,5.0,paper_eval,mi,0.0440794354664765,
sim_vowels,EWT,,10.0,checkpoint,check_max_abs_diff,8.357613582310464e-06,
sim_vowels,EWT,,10.0,checkpoint,clamp_frac_ortho,0.9588888888888888,
sim_vowels,EWT,,10.0,checkpoint,d_ortho,0.0075700763929725,
sim_vowels,EWT,,10.0,checkpoint,d_ortho_norm,0.0109213116712921,
sim_vowels,EWT,,10.0,checkpoint,d_ortho_utt,0.9959403750919916,
sim_vowels,EWT,,10.0,checkpoint,d_recon,0.003911132154453,
sim_vowels,EWT,,10.0,checkpoint,d_recon_norm,0.0056425709634908,
sim_vowels,EWT,,10.0,checkpoint,d_recon_utt,0.7637547469802735,
sim_vowels,EWT,,10.0,checkpoint,model_div_neg,0.9959175461216976,
sim_vowels,EWT,,10.0,checkpoint,model_div_pos,0.7638942505183973,
sim_vowels,EWT,,10.0,checkpoint,rate_per_frame,7.291236764422213e-07,
sim_vowels,EWT,,10.0,paper_eval,accuracy_speaker,0.7111715605902519,
sim_vowels,EWT,,10.0,paper_eval,accuracy_vowel,0.9675888229102536,
sim_vowels,EWT,,10.0,paper_eval,completeness,0.2752106985088716,
sim_vowels,EWT,,10.0,paper_eval,disentanglement,0.5040403167537375,
sim_vowels,EWT,,10.0,paper_eval,informativeness,0.6978984238178634,
sim_vowels,EWT,,10.0,paper_eval,mi,0.0500645506933598,
sim_vowels,EWT,,20.0,checkpoint,check_max_abs_diff,8.400712885436867e-06,
sim_vowels,EWT,,20.0,checkpoint,clamp_frac_ortho,0.9933333333333332,
sim_vowels,EWT,,20.0,checkpoint,d_ortho,0.0078799435117493,
sim_vowels,EWT,,20.0,checkpoint,d_ortho_norm,0.0113683554268858,
sim_vowels,EWT,,20.0,checkpoint,d_ortho_utt,0.9995883184444374,
sim_vowels,EWT,,20.0,checkpoint,d_recon,0.0042820155985724,
sim_vowels,EWT,,20.0,checkpoint,d_recon_norm,0.0061776426690696,
sim_vowels,EWT,,20.0,checkpoint,d_recon_utt,0.8285111838182796,
sim_vowels,EWT,,20.0,checkpoint,model_div_neg,0.9995936845478258,
sim_vowels,EWT,,20.0,checkpoint,model_div_pos,0.8284921144184313,
sim_vowels,EWT,,20.0,checkpoint,rate_per_frame,6.753980015190802e-07,
sim_vowels,EWT,,20.0,paper_eval,accuracy_speaker,0.6546057534654941,
sim_vowels,EWT,,20.0,paper_eval,accuracy_vowel,0.9332313864119316,
sim_vowels,EWT,,20.0,paper_eval,completeness,0.257130299892802,
sim_vowels,EWT,,20.0,paper_eval,disentanglement,0.4925432753174478,
sim_vowels,EWT,,20.0,paper_eval,informativeness,0.5990796288705891,
sim_vowels,EWT,,20.0,paper_eval,mi,0.0701787411755718,
sim_vowels,EWT,,40.0,checkpoint,check_max_abs_diff,7.893734913944073e-06,
sim_vowels,EWT,,40.0,checkpoint,clamp_frac_ortho,0.8366666666666667,
sim_vowels,EWT,,40.0,checkpoint,d_ortho,0.0070502053382474,
sim_vowels,EWT,,40.0,checkpoint,d_ortho_norm,0.0101712962787385,
sim_vowels,EWT,,40.0,checkpoint,d_ortho_utt,0.9723550824337523,
sim_vowels,EWT,,40.0,checkpoint,d_recon,0.0036977755873642,
sim_vowels,EWT,,40.0,checkpoint,d_recon_norm,0.0053347625022106,
sim_vowels,EWT,,40.0,checkpoint,d_recon_utt,0.7036730447322151,
sim_vowels,EWT,,40.0,checkpoint,model_div_neg,0.9722907888261896,
sim_vowels,EWT,,40.0,checkpoint,model_div_pos,0.7037064244872645,
sim_vowels,EWT,,40.0,checkpoint,rate_per_frame,3.72398738286004e-07,
sim_vowels,EWT,,40.0,paper_eval,accuracy_speaker,0.6629527500372634,
sim_vowels,EWT,,40.0,paper_eval,accuracy_vowel,0.9602605604432704,
sim_vowels,EWT,,40.0,paper_eval,completeness,0.2750527683990783,
sim_vowels,EWT,,40.0,paper_eval,disentanglement,0.3792172115461119,
sim_vowels,EWT,,40.0,paper_eval,informativeness,0.620971047434512,
sim_vowels,EWT,,40.0,paper_eval,mi,0.0309356047852404,
sim_vowels,FD,,0.0,checkpoint,check_max_abs_diff,8.125250342327917e-06,
sim_vowels,FD,,0.0,checkpoint,clamp_frac_ortho,1.0,
sim_vowels,FD,,0.0,checkpoint,d_ortho,0.0093061147039196,
sim_vowels,FD,,0.0,checkpoint,d_ortho_norm,0.0134258855332887,
sim_vowels,FD,,0.0,checkpoint,d_ortho_utt,1.0,
sim_vowels,FD,,0.0,checkpoint,d_recon,0.0037670683306328,
sim_vowels,FD,,0.0,checkpoint,d_recon_norm,0.0054347307992938,
sim_vowels,FD,,0.0,checkpoint,d_recon_utt,0.7496465977959385,
sim_vowels,FD,,0.0,checkpoint,model_div_neg,1.0,
sim_vowels,FD,,0.0,checkpoint,model_div_pos,0.749934943098771,
sim_vowels,FD,,0.0,checkpoint,rate_per_frame,,
sim_vowels,FD,,0.0,paper_eval,accuracy_speaker,0.7889402295424057,
sim_vowels,FD,,0.0,paper_eval,accuracy_vowel,0.9436577761007288,
sim_vowels,FD,,0.0,paper_eval,completeness,0.2194535067832469,
sim_vowels,FD,,0.0,paper_eval,disentanglement,0.5263331854758109,
sim_vowels,FD,,0.0,paper_eval,informativeness,0.8046167604426724,
sim_vowels,FD,,0.0,paper_eval,mi,0.0640599036863816,
sim_vowels,FD,,0.1,checkpoint,check_max_abs_diff,8.258137345618088e-06,
sim_vowels,FD,,0.1,checkpoint,clamp_frac_ortho,1.0,
sim_vowels,FD,,0.1,checkpoint,d_ortho,0.0089014119250905,
sim_vowels,FD,,0.1,checkpoint,d_ortho_norm,0.012842022841238,
sim_vowels,FD,,0.1,checkpoint,d_ortho_utt,1.0,
sim_vowels,FD,,0.1,checkpoint,d_recon,0.0037320844929225,
sim_vowels,FD,,0.1,checkpoint,d_recon_norm,0.0053842597901179,
sim_vowels,FD,,0.1,checkpoint,d_recon_utt,0.7425053938418663,
sim_vowels,FD,,0.1,checkpoint,model_div_neg,1.0,
sim_vowels,FD,,0.1,checkpoint,model_div_pos,0.7423077100201657,
sim_vowels,FD,,0.1,checkpoint,rate_per_frame,8.788799345992519e-06,
sim_vowels,FD,,0.1,paper_eval,accuracy_speaker,0.8787449694440304,
sim_vowels,FD,,0.1,paper_eval,accuracy_vowel,0.9242547613846246,
sim_vowels,FD,,0.1,paper_eval,completeness,0.1960619427523988,
sim_vowels,FD,,0.1,paper_eval,disentanglement,0.5258833373398265,
sim_vowels,FD,,0.1,paper_eval,informativeness,0.8086410552595298,
sim_vowels,FD,,0.1,paper_eval,mi,0.0505314964385709,
sim_vowels,FD,,1.0,checkpoint,check_max_abs_diff,8.00966732517061e-06,
sim_vowels,FD,,1.0,checkpoint,clamp_frac_ortho,1.0,
sim_vowels,FD,,1.0,checkpoint,d_ortho,0.0096581048042952,
sim_vowels,FD,,1.0,checkpoint,d_ortho_norm,0.0139336999055426,
sim_vowels,FD,,1.0,checkpoint,d_ortho_utt,1.0,
sim_vowels,FD,,1.0,checkpoint,d_recon,0.0045700440565596,
sim_vowels,FD,,1.0,checkpoint,d_recon_norm,0.0065931798970426,
sim_vowels,FD,,1.0,checkpoint,d_recon_utt,0.8862024222117317,
sim_vowels,FD,,1.0,checkpoint,model_div_neg,1.0,
sim_vowels,FD,,1.0,checkpoint,model_div_pos,0.8854110115452817,
sim_vowels,FD,,1.0,checkpoint,rate_per_frame,1.6409458227493057e-06,
sim_vowels,FD,,1.0,paper_eval,accuracy_speaker,0.8614174988820986,
sim_vowels,FD,,1.0,paper_eval,accuracy_vowel,0.9161122475324212,
sim_vowels,FD,,1.0,paper_eval,completeness,0.2200770304264556,
sim_vowels,FD,,1.0,paper_eval,disentanglement,0.6177263781169491,
sim_vowels,FD,,1.0,paper_eval,informativeness,0.7608711853038714,
sim_vowels,FD,,1.0,paper_eval,mi,0.031235330567073,
sim_vowels,FD,,5.0,checkpoint,check_max_abs_diff,8.275444225769313e-06,
sim_vowels,FD,,5.0,checkpoint,clamp_frac_ortho,0.99,
sim_vowels,FD,,5.0,checkpoint,d_ortho,0.0077934635493417,
sim_vowels,FD,,5.0,checkpoint,d_ortho_norm,0.0112435912139842,
sim_vowels,FD,,5.0,checkpoint,d_ortho_utt,0.9993245998631696,
sim_vowels,FD,,5.0,checkpoint,d_recon,0.003746068057589,
sim_vowels,FD,,5.0,checkpoint,d_recon_norm,0.0054044338095162,
sim_vowels,FD,,5.0,checkpoint,d_recon_utt,0.7442332985330753,
sim_vowels,FD,,5.0,checkpoint,model_div_neg,0.9993334067495244,
sim_vowels,FD,,5.0,checkpoint,model_div_pos,0.7441227812516061,
sim_vowels,FD,,5.0,checkpoint,rate_per_frame,1.878987994026299e-06,
sim_vowels,FD,,5.0,paper_eval,accuracy_speaker,0.8175585035027575,
sim_vowels,FD,,5.0,paper_eval,accuracy_vowel,0.9214148114312952,
sim_vowels,FD,,5.0,paper_eval,completeness,0.2232493516474154,
sim_vowels,FD,,5.0,paper_eval,disentanglement,0.6073478081397801,
sim_vowels,FD,,5.0,paper_eval,informativeness,0.7310615940678913,
sim_vowels,FD,,5.0,paper_eval,mi,0.0482916952366655,
sim_vowels,FD,,10.0,checkpoint,check_max_abs_diff,7.421435264332032e-06,
sim_vowels,FD,,10.0,checkpoint,clamp_frac_ortho,0.9977777777777778,
sim_vowels,FD,,10.0,checkpoint,d_ortho,0.0087430495827936,
sim_vowels,FD,,10.0,checkpoint,d_ortho_norm,0.0126135542753427,
sim_vowels,FD,,10.0,checkpoint,d_ortho_utt,0.9995638527146984,
sim_vowels,FD,,10.0,checkpoint,d_recon,0.0047142156446225,
sim_vowels,FD,,10.0,checkpoint,d_recon_norm,0.006801175532178,
sim_vowels,FD,,10.0,checkpoint,d_recon_utt,0.8822525106275606,
sim_vowels,FD,,10.0,checkpoint,model_div_neg,0.999569579174644,
sim_vowels,FD,,10.0,checkpoint,model_div_pos,0.8830996971381339,
sim_vowels,FD,,10.0,checkpoint,rate_per_frame,6.751324263849051e-07,
sim_vowels,FD,,10.0,paper_eval,accuracy_speaker,0.7717245491131316,
sim_vowels,FD,,10.0,paper_eval,accuracy_vowel,0.8824697634699025,
sim_vowels,FD,,10.0,paper_eval,completeness,0.2151958088104397,
sim_vowels,FD,,10.0,paper_eval,disentanglement,0.4581817450037868,
sim_vowels,FD,,10.0,paper_eval,informativeness,0.6483027163990014,
sim_vowels,FD,,10.0,paper_eval,mi,0.0478872297091784,
sim_vowels,FD,,20.0,checkpoint,check_max_abs_diff,8.349409648222839e-06,
sim_vowels,FD,,20.0,checkpoint,clamp_frac_ortho,0.89,
sim_vowels,FD,,20.0,checkpoint,d_ortho,0.0068519789831563,
sim_vowels,FD,,20.0,checkpoint,d_ortho_norm,0.0098853160992751,
sim_vowels,FD,,20.0,checkpoint,d_ortho_utt,0.9890674480393086,
sim_vowels,FD,,20.0,checkpoint,d_recon,0.0036194978633427,
sim_vowels,FD,,20.0,checkpoint,d_recon_norm,0.0052218316179527,
sim_vowels,FD,,20.0,checkpoint,d_recon_utt,0.7063789990540477,
sim_vowels,FD,,20.0,checkpoint,model_div_neg,0.9889342031980816,
sim_vowels,FD,,20.0,checkpoint,model_div_pos,0.7063839027756139,
sim_vowels,FD,,20.0,checkpoint,rate_per_frame,4.711993026174293e-07,
sim_vowels,FD,,20.0,paper_eval,accuracy_speaker,0.8418542256670145,
sim_vowels,FD,,20.0,paper_eval,accuracy_vowel,0.929438166544198,
sim_vowels,FD,,20.0,paper_eval,completeness,0.2428065764421889,
sim_vowels,FD,,20.0,paper_eval,disentanglement,0.5409852503342707,
sim_vowels,FD,,20.0,paper_eval,informativeness,0.7136788761784104,
sim_vowels,FD,,20.0,paper_eval,mi,0.0413537575506651,
sim_vowels,FD,,40.0,checkpoint,check_max_abs_diff,8.419045011365256e-06,
sim_vowels,FD,,40.0,checkpoint,clamp_frac_ortho,0.6344444444444445,
sim_vowels,FD,,40.0,checkpoint,d_ortho,0.0054985602082965,
sim_vowels,FD,,40.0,checkpoint,d_ortho_norm,0.0079327455445387,
sim_vowels,FD,,40.0,checkpoint,d_ortho_utt,0.9600687419732402,
sim_vowels,FD,,40.0,checkpoint,d_recon,0.0030480289108902,
sim_vowels,FD,,40.0,checkpoint,d_recon_norm,0.0043973761942275,
sim_vowels,FD,,40.0,checkpoint,d_recon_utt,0.6065242652466785,
sim_vowels,FD,,40.0,checkpoint,model_div_neg,0.9600052519848472,
sim_vowels,FD,,40.0,checkpoint,model_div_pos,0.6064171853818392,
sim_vowels,FD,,40.0,checkpoint,rate_per_frame,1.7123467209351125e-06,
sim_vowels,FD,,40.0,paper_eval,accuracy_speaker,0.7349455954687732,
sim_vowels,FD,,40.0,paper_eval,accuracy_vowel,0.9305304549877862,
sim_vowels,FD,,40.0,paper_eval,completeness,0.2396602795888947,
sim_vowels,FD,,40.0,paper_eval,disentanglement,0.5354181123481898,
sim_vowels,FD,,40.0,paper_eval,informativeness,0.7095241643998956,
sim_vowels,FD,,40.0,paper_eval,mi,0.0653831596709289,
sim_vowels,VMD,,0.0,paper_eval,accuracy_speaker,0.6079892681472648,
sim_vowels,VMD,,0.0,paper_eval,accuracy_vowel,0.868786368240224,
sim_vowels,VMD,,0.0,paper_eval,completeness,0.2097234121984083,
sim_vowels,VMD,,0.0,paper_eval,disentanglement,0.3658700930569469,
sim_vowels,VMD,,0.0,paper_eval,informativeness,0.6324850020494094,
sim_vowels,VMD,,0.0,paper_eval,mi,0.1161726325198254,
sim_vowels,VMD,,0.1,paper_eval,accuracy_speaker,0.6710016395886124,
sim_vowels,VMD,,0.1,paper_eval,accuracy_vowel,0.9283260183107264,
sim_vowels,VMD,,0.1,paper_eval,completeness,0.1924872837966307,
sim_vowels,VMD,,0.1,paper_eval,disentanglement,0.5128844113890721,
sim_vowels,VMD,,0.1,paper_eval,informativeness,0.6531654059693707,
sim_vowels,VMD,,0.1,paper_eval,mi,0.0312259764339127,
sim_vowels,VMD,,1.0,paper_eval,accuracy_speaker,0.6786406319868833,
sim_vowels,VMD,,1.0,paper_eval,accuracy_vowel,0.9054872599447896,
sim_vowels,VMD,,1.0,paper_eval,completeness,0.2410027727548828,
sim_vowels,VMD,,1.0,paper_eval,disentanglement,0.4869427384712251,
sim_vowels,VMD,,1.0,paper_eval,informativeness,0.5776167231806834,
sim_vowels,VMD,,1.0,paper_eval,mi,0.0390628793831228,
sim_vowels,VMD,,5.0,paper_eval,accuracy_speaker,0.64413474437323,
sim_vowels,VMD,,5.0,paper_eval,accuracy_vowel,0.8945246559291403,
sim_vowels,VMD,,5.0,paper_eval,completeness,0.2794109700808784,
sim_vowels,VMD,,5.0,paper_eval,disentanglement,0.5115446051593948,
sim_vowels,VMD,,5.0,paper_eval,informativeness,0.5940119983604725,
sim_vowels,VMD,,5.0,paper_eval,mi,0.0358384078710844,
sim_vowels,VMD,,10.0,paper_eval,accuracy_speaker,0.6232299895662543,
sim_vowels,VMD,,10.0,paper_eval,accuracy_vowel,0.9065596885984948,
sim_vowels,VMD,,10.0,paper_eval,completeness,0.2898596872583392,
sim_vowels,VMD,,10.0,paper_eval,disentanglement,0.3554669526979557,
sim_vowels,VMD,,10.0,paper_eval,informativeness,0.5673324142042702,
sim_vowels,VMD,,10.0,paper_eval,mi,0.0369142541272864,
sim_vowels,VMD,,20.0,paper_eval,accuracy_speaker,0.6514383663735281,
sim_vowels,VMD,,20.0,paper_eval,accuracy_vowel,0.8376660774929001,
sim_vowels,VMD,,20.0,paper_eval,completeness,0.2741952567214943,
sim_vowels,VMD,,20.0,paper_eval,disentanglement,0.4465882049277657,
sim_vowels,VMD,,20.0,paper_eval,informativeness,0.5454782576293923,
sim_vowels,VMD,,20.0,paper_eval,mi,0.0578800841247751,
sim_vowels,VMD,,40.0,paper_eval,accuracy_speaker,0.6318378297808913,
sim_vowels,VMD,,40.0,paper_eval,accuracy_vowel,0.8826286417889698,
sim_vowels,VMD,,40.0,paper_eval,completeness,0.2726995184388708,
sim_vowels,VMD,,40.0,paper_eval,disentanglement,0.2954772705382197,
sim_vowels,VMD,,40.0,paper_eval,informativeness,0.5972351604128628,
sim_vowels,VMD,,40.0,paper_eval,mi,0.068071965449415,
timit,EWT,,0.0,checkpoint,check_max_abs_diff,8.72258697737216e-06,
timit,EWT,,0.0,checkpoint,clamp_frac_ortho,0.2083333333333333,
timit,EWT,,0.0,checkpoint,d_ortho,0.006780644929319,
timit,EWT,,0.0,checkpoint,d_ortho_norm,0.0097824028135575,
timit,EWT,,0.0,checkpoint,d_ortho_utt,0.8574262505615666,
timit,EWT,,0.0,checkpoint,d_recon,0.0034297008055818,
timit,EWT,,0.0,checkpoint,d_recon_norm,0.0049480123439457,
timit,EWT,,0.0,checkpoint,d_recon_utt,0.4474151879031678,
timit,EWT,,0.0,checkpoint,model_div_neg,0.8574225405852,
timit,EWT,,0.0,checkpoint,model_div_pos,0.4474096937725941,
timit,EWT,,0.0,checkpoint,rate_per_frame,,
timit,EWT,,0.0,paper_eval,completeness,0.0857749276578137,
timit,EWT,,0.0,paper_eval,disentanglement,0.2542706066551733,
timit,EWT,,0.0,paper_eval,informativeness,0.3827150219267014,
timit,EWT,,0.0,paper_eval,mi,0.0334997827347637,
timit,EWT,,0.1,checkpoint,check_max_abs_diff,8.702543178640276e-06,
timit,EWT,,0.1,checkpoint,clamp_frac_ortho,0.2092013888888889,
timit,EWT,,0.1,checkpoint,d_ortho,0.0067366383466381,
timit,EWT,,0.1,checkpoint,d_ortho_norm,0.0097189147349572,
timit,EWT,,0.1,checkpoint,d_ortho_utt,0.8532425941835362,
timit,EWT,,0.1,checkpoint,d_recon,0.0034142076194045,
timit,EWT,,0.1,checkpoint,d_recon_norm,0.0049256604010801,
timit,EWT,,0.1,checkpoint,d_recon_utt,0.4451681569759028,
timit,EWT,,0.1,checkpoint,model_div_neg,0.8532387788097063,
timit,EWT,,0.1,checkpoint,model_div_pos,0.445162624741594,
timit,EWT,,0.1,checkpoint,rate_per_frame,3.910753147927721e-06,
timit,EWT,,0.1,paper_eval,completeness,0.0871432909504844,
timit,EWT,,0.1,paper_eval,disentanglement,0.2556148646401939,
timit,EWT,,0.1,paper_eval,informativeness,0.3760005390023694,
timit,EWT,,0.1,paper_eval,mi,0.0512420478713691,
timit,EWT,,1.0,checkpoint,check_max_abs_diff,8.388450831953165e-06,
timit,EWT,,1.0,checkpoint,clamp_frac_ortho,0.1875,
timit,EWT,,1.0,checkpoint,d_ortho,0.0064038829958119,
timit,EWT,,1.0,checkpoint,d_ortho_norm,0.009238850240491,
timit,EWT,,1.0,checkpoint,d_ortho_utt,0.8123528252104456,
timit,EWT,,1.0,checkpoint,d_recon,0.0033055587930183,
timit,EWT,,1.0,checkpoint,d_recon_norm,0.0047689132780545,
timit,EWT,,1.0,checkpoint,d_recon_utt,0.4312204744204774,
timit,EWT,,1.0,checkpoint,model_div_neg,0.8123489692807198,
timit,EWT,,1.0,checkpoint,model_div_pos,0.4312151614576578,
timit,EWT,,1.0,checkpoint,rate_per_frame,4.030686464833991e-06,
timit,EWT,,1.0,paper_eval,completeness,0.0723820052292215,
timit,EWT,,1.0,paper_eval,disentanglement,0.2325078297268021,
timit,EWT,,1.0,paper_eval,informativeness,0.4723962418022948,
timit,EWT,,1.0,paper_eval,mi,0.0654491166593571,
timit,FD,,0.0,checkpoint,check_max_abs_diff,8.376154020384163e-06,
timit,FD,,0.0,checkpoint,clamp_frac_ortho,0.2048611111111111,
timit,FD,,0.0,checkpoint,d_ortho,0.0068105495282879,
timit,FD,,0.0,checkpoint,d_ortho_norm,0.0098255460301896,
timit,FD,,0.0,checkpoint,d_ortho_utt,0.8618201863078523,
timit,FD,,0.0,checkpoint,d_recon,0.0034287546249217,
timit,FD,,0.0,checkpoint,d_recon_norm,0.0049466472937996,
timit,FD,,0.0,checkpoint,d_recon_utt,0.4472917556792398,
timit,FD,,0.0,checkpoint,model_div_neg,0.8618164770305157,
timit,FD,,0.0,checkpoint,model_div_pos,0.4472862829764684,
timit,FD,,0.0,checkpoint,rate_per_frame,,
timit,FD,,0.0,paper_eval,completeness,0.0711315329982274,
timit,FD,,0.0,paper_eval,disentanglement,0.2303744985951377,
timit,FD,,0.0,paper_eval,informativeness,0.4079019164262947,
timit,FD,,0.0,paper_eval,mi,0.0356282585306581,
timit,FD,,0.1,checkpoint,check_max_abs_diff,8.670949043665388e-06,
timit,FD,,0.1,checkpoint,clamp_frac_ortho,0.1901041666666666,
timit,FD,,0.1,checkpoint,d_ortho,0.0065113683992433,
timit,FD,,0.1,checkpoint,d_ortho_norm,0.0093939188989894,
timit,FD,,0.1,checkpoint,d_ortho_utt,0.8214518214618582,
timit,FD,,0.1,checkpoint,d_recon,0.0032817820826425,
timit,FD,,0.1,checkpoint,d_recon_norm,0.0047346107359066,
timit,FD,,0.1,checkpoint,d_recon_utt,0.4280813859813091,
timit,FD,,0.1,checkpoint,model_div_neg,0.8214478405813376,
timit,FD,,0.1,checkpoint,model_div_pos,0.4280758121361335,
timit,FD,,0.1,checkpoint,rate_per_frame,2.6318569875750592e-06,
timit,FD,,0.1,paper_eval,completeness,0.0666104508108711,
timit,FD,,0.1,paper_eval,disentanglement,0.1716639253622297,
timit,FD,,0.1,paper_eval,informativeness,0.3937036703111595,
timit,FD,,0.1,paper_eval,mi,0.0519691729913626,
timit,FD,,1.0,checkpoint,check_max_abs_diff,8.708063794271581e-06,
timit,FD,,1.0,checkpoint,clamp_frac_ortho,0.1371527777777778,
timit,FD,,1.0,checkpoint,d_ortho,0.006203876550918,
timit,FD,,1.0,checkpoint,d_ortho_norm,0.0089503019342967,
timit,FD,,1.0,checkpoint,d_ortho_utt,0.792772496895273,
timit,FD,,1.0,checkpoint,d_recon,0.0031580930885318,
timit,FD,,1.0,checkpoint,d_recon_norm,0.0045561652374905,
timit,FD,,1.0,checkpoint,d_recon_utt,0.411983112439878,
timit,FD,,1.0,checkpoint,model_div_neg,0.7927685044705868,
timit,FD,,1.0,checkpoint,model_div_pos,0.4119778430710236,
timit,FD,,1.0,checkpoint,rate_per_frame,2.2278018315100083e-06,
timit,FD,,1.0,paper_eval,completeness,0.0650525387290075,
timit,FD,,1.0,paper_eval,disentanglement,0.2026585400493338,
timit,FD,,1.0,paper_eval,informativeness,0.4905422647458556,
timit,FD,,1.0,paper_eval,mi,0.0607164371968669,
