"Step","VOWELS_FILTER_b40_DUAL_bs16 - prior_loss_z","VOWELS_FILTER_b40_DUAL_bs16 - prior_loss_z__MIN","VOWELS_FILTER_b40_DUAL_bs16 - prior_loss_z__MAX","VOWELS_FILTER_b20_DUAL_bs16 - prior_loss_z","VOWELS_FILTER_b20_DUAL_bs16 - prior_loss_z__MIN","VOWELS_FILTER_b20_DUAL_bs16 - prior_loss_z__MAX","VOWELS_FILTER_b10_DUAL_bs16 - prior_loss_z","VOWELS_FILTER_b10_DUAL_bs16 - prior_loss_z__MIN","VOWELS_FILTER_b10_DUAL_bs16 - prior_loss_z__MAX","VOWELS_FILTER_b0_DUAL_bs16 - prior_loss_z","VOWELS_FILTER_b0_DUAL_bs16 - prior_loss_z__MIN","VOWELS_FILTER_b0_DUAL_bs16 - prior_loss_z__MAX","VOWELS_FILTER_b0.1_DUAL_bs16 - prior_loss_z","VOWELS_FILTER_b0.1_DUAL_bs16 - prior_loss_z__MIN","VOWELS_FILTER_b0.1_DUAL_bs16 - prior_loss_z__MAX","VOWELS_FILTER_b1_DUAL_bs16 - prior_loss_z","VOWELS_FILTER_b1_DUAL_bs16 - prior_loss_z__MIN","VOWELS_FILTER_b1_DUAL_bs16 - prior_loss_z__MAX","VOWELS_FILTER_B5_DEFAULTS_DUAL_bs16 - prior_loss_z","VOWELS_FILTER_B5_DEFAULTS_DUAL_bs16 - prior_loss_z__MIN","VOWELS_FILTER_B5_DEFAULTS_DUAL_bs16 - prior_loss_z__MAX"
"0","1557.6441650390625","1557.6441650390625","1557.6441650390625","778.83984375","778.83984375","778.83984375","389.4296875","389.4296875","389.4296875","0","0","0","5.279829502105713","5.279829502105713","5.279829502105713","41.21549606323242","41.21549606323242","41.21549606323242","194.72225952148438","194.72225952148438","194.72225952148438"
"2","663.991943359375","663.991943359375","663.991943359375","332.1941833496094","332.1941833496094","332.1941833496094","166.25570678710938","166.25570678710938","166.25570678710938","0","0","0","3.660175323486328","3.660175323486328","3.660175323486328","22.048259735107422","22.048259735107422","22.048259735107422","83.31423950195312","83.31423950195312","83.31423950195312"
"4","243.02125549316406","243.02125549316406","243.02125549316406","121.94512176513672","121.94512176513672","121.94512176513672","61.18994903564453","61.18994903564453","61.18994903564453","0","0","0","2.35023832321167","2.35023832321167","2.35023832321167","10.177384376525879","10.177384376525879","10.177384376525879","30.79208755493164","30.79208755493164","30.79208755493164"
"6","114.00809478759766","114.00809478759766","114.00809478759766","57.060455322265625","57.060455322265625","57.060455322265625","28.802001953125","28.802001953125","28.802001953125","0","0","0","1.5564340353012085","1.5564340353012085","1.5564340353012085","5.318032264709473","5.318032264709473","5.318032264709473","14.62858772277832","14.62858772277832","14.62858772277832"
"8","43.44845199584961","43.44845199584961","43.44845199584961","21.851320266723633","21.851320266723633","21.851320266723633","11.087082862854004","11.087082862854004","11.087082862854004","0","0","0","0.9020625352859497","0.9020625352859497","0.9020625352859497","2.566483497619629","2.566483497619629","2.566483497619629","5.772988319396973","5.772988319396973","5.772988319396973"
"10","22.044145584106445","22.044145584106445","22.044145584106445","11.137947082519531","11.137947082519531","11.137947082519531","5.821613311767578","5.821613311767578","5.821613311767578","0","0","0","0.5770427584648132","0.5770427584648132","0.5770427584648132","1.6093811988830566","1.6093811988830566","1.6093811988830566","3.143787384033203","3.143787384033203","3.143787384033203"
"12","11.837562561035156","11.837562561035156","11.837562561035156","6.127534866333008","6.127534866333008","6.127534866333008","3.348900318145752","3.348900318145752","3.348900318145752","0","0","0","0.3849264979362488","0.3849264979362488","0.3849264979362488","0.9724855422973633","0.9724855422973633","0.9724855422973633","2.02929425239563","2.02929425239563","2.02929425239563"
"14","7.9169392585754395","7.9169392585754395","7.9169392585754395","4.744048595428467","4.744048595428467","4.744048595428467","2.7906007766723633","2.7906007766723633","2.7906007766723633","0","0","0","0.2593768835067749","0.2593768835067749","0.2593768835067749","0.6916904449462891","0.6916904449462891","0.6916904449462891","1.6502212285995483","1.6502212285995483","1.6502212285995483"
"16","6.300288200378418","6.300288200378418","6.300288200378418","3.361719846725464","3.361719846725464","3.361719846725464","2.4028286933898926","2.4028286933898926","2.4028286933898926","0","0","0","0.1951393187046051","0.1951393187046051","0.1951393187046051","0.6612208485603333","0.6612208485603333","0.6612208485603333","1.2622300386428833","1.2622300386428833","1.2622300386428833"
"18","3.9454221725463867","3.9454221725463867","3.9454221725463867","2.731335163116455","2.731335163116455","2.731335163116455","1.8965065479278564","1.8965065479278564","1.8965065479278564","0","0","0","0.12971532344818115","0.12971532344818115","0.12971532344818115","0.3739883005619049","0.3739883005619049","0.3739883005619049","1.1826432943344116","1.1826432943344116","1.1826432943344116"
"20","3.750136375427246","3.750136375427246","3.750136375427246","4.4232354164123535","4.4232354164123535","4.4232354164123535","2.2797963619232178","2.2797963619232178","2.2797963619232178","0","0","0","0.10564403235912323","0.10564403235912323","0.10564403235912323","0.3218468427658081","0.3218468427658081","0.3218468427658081","1.316536545753479","1.316536545753479","1.316536545753479"
"22","7.062286376953125","7.062286376953125","7.062286376953125","2.8427765369415283","2.8427765369415283","2.8427765369415283","1.3678147792816162","1.3678147792816162","1.3678147792816162","0","0","0","0.08502501994371414","0.08502501994371414","0.08502501994371414","0.2653402090072632","0.2653402090072632","0.2653402090072632","0.9592682123184204","0.9592682123184204","0.9592682123184204"
"24","3.118595600128174","3.118595600128174","3.118595600128174","3.4144208431243896","3.4144208431243896","3.4144208431243896","1.2124515771865845","1.2124515771865845","1.2124515771865845","0","0","0","0.06848575174808502","0.06848575174808502","0.06848575174808502","0.2097395807504654","0.2097395807504654","0.2097395807504654","0.8596606254577637","0.8596606254577637","0.8596606254577637"
"26","2.602595090866089","2.602595090866089","2.602595090866089","1.4161958694458008","1.4161958694458008","1.4161958694458008","1.8934756517410278","1.8934756517410278","1.8934756517410278","0","0","0","0.057833097875118256","0.057833097875118256","0.057833097875118256","0.25379276275634766","0.25379276275634766","0.25379276275634766","0.9420972466468811","0.9420972466468811","0.9420972466468811"
"28","3.0239315032958984","3.0239315032958984","3.0239315032958984","1.671959400177002","1.671959400177002","1.671959400177002","0.9667463302612305","0.9667463302612305","0.9667463302612305","0","0","0","0.054579079151153564","0.054579079151153564","0.054579079151153564","0.21656230092048645","0.21656230092048645","0.21656230092048645","0.7309421896934509","0.7309421896934509","0.7309421896934509"
"30","1.992514729499817","1.992514729499817","1.992514729499817","3.9068281650543213","3.9068281650543213","3.9068281650543213","3.0275955200195312","3.0275955200195312","3.0275955200195312","0","0","0","0.051257528364658356","0.051257528364658356","0.051257528364658356","0.297743022441864","0.297743022441864","0.297743022441864","0.9521644711494446","0.9521644711494446","0.9521644711494446"
"32","2.138343334197998","2.138343334197998","2.138343334197998","2.880293130874634","2.880293130874634","2.880293130874634","0.9133510589599609","0.9133510589599609","0.9133510589599609","0","0","0","0.04739943891763687","0.04739943891763687","0.04739943891763687","0.19421570003032684","0.19421570003032684","0.19421570003032684","1.482038974761963","1.482038974761963","1.482038974761963"
"34","2.2477121353149414","2.2477121353149414","2.2477121353149414","1.9566446542739868","1.9566446542739868","1.9566446542739868","0.7637076377868652","0.7637076377868652","0.7637076377868652","0","0","0","0.049376241862773895","0.049376241862773895","0.049376241862773895","0.11658996343612671","0.11658996343612671","0.11658996343612671","0.5092296600341797","0.5092296600341797","0.5092296600341797"
"36","0.9951144456863403","0.9951144456863403","0.9951144456863403","1.3488755226135254","1.3488755226135254","1.3488755226135254","1.8754161596298218","1.8754161596298218","1.8754161596298218","0","0","0","0.04005936533212662","0.04005936533212662","0.04005936533212662","0.24200424551963806","0.24200424551963806","0.24200424551963806","0.9542316198348999","0.9542316198348999","0.9542316198348999"
"38","2.9401779174804688","2.9401779174804688","2.9401779174804688","5.012467384338379","5.012467384338379","5.012467384338379","0.6275713443756104","0.6275713443756104","0.6275713443756104","0","0","0","0.04991623014211655","0.04991623014211655","0.04991623014211655","0.15941545367240906","0.15941545367240906","0.15941545367240906","0.3486312925815582","0.3486312925815582","0.3486312925815582"
"40","1.5073806047439575","1.5073806047439575","1.5073806047439575","0.9286656975746155","0.9286656975746155","0.9286656975746155","0.35892948508262634","0.35892948508262634","0.35892948508262634","0","0","0","0.04274177551269531","0.04274177551269531","0.04274177551269531","0.11922210454940796","0.11922210454940796","0.11922210454940796","0.8634138703346252","0.8634138703346252","0.8634138703346252"
"42","1.617753505706787","1.617753505706787","1.617753505706787","0.9926468133926392","0.9926468133926392","0.9926468133926392","3.3270254135131836","3.3270254135131836","3.3270254135131836","0","0","0","0.03335500508546829","0.03335500508546829","0.03335500508546829","0.14174401760101318","0.14174401760101318","0.14174401760101318","1.3492841720581055","1.3492841720581055","1.3492841720581055"
"44","5.733808994293213","5.733808994293213","5.733808994293213","0.7279202342033386","0.7279202342033386","0.7279202342033386","0.2979680895805359","0.2979680895805359","0.2979680895805359","0","0","0","0.06643477827310562","0.06643477827310562","0.06643477827310562","0.1861085742712021","0.1861085742712021","0.1861085742712021","0.2540472745895386","0.2540472745895386","0.2540472745895386"
"46","1.3544201850891113","1.3544201850891113","1.3544201850891113","0.7260888814926147","0.7260888814926147","0.7260888814926147","1.1223875284194946","1.1223875284194946","1.1223875284194946","0","0","0","0.018454670906066895","0.018454670906066895","0.018454670906066895","0.05796477198600769","0.05796477198600769","0.05796477198600769","0.7028505206108093","0.7028505206108093","0.7028505206108093"
"48","2.5841622352600098","2.5841622352600098","2.5841622352600098","0.618329644203186","0.618329644203186","0.618329644203186","2.2524192333221436","2.2524192333221436","2.2524192333221436","0","0","0","0.026960790157318115","0.026960790157318115","0.026960790157318115","0.05730882287025452","0.05730882287025452","0.05730882287025452","0.24753175675868988","0.24753175675868988","0.24753175675868988"
"50","0.7939070463180542","0.7939070463180542","0.7939070463180542","5.214169502258301","5.214169502258301","5.214169502258301","0.8245661854743958","0.8245661854743958","0.8245661854743958","0","0","0","0.028050526976585388","0.028050526976585388","0.028050526976585388","0.280284583568573","0.280284583568573","0.280284583568573","0.20481012761592865","0.20481012761592865","0.20481012761592865"
"52","3.7147254943847656","3.7147254943847656","3.7147254943847656","1.933316946029663","1.933316946029663","1.933316946029663","0.23924410343170166","0.23924410343170166","0.23924410343170166","0","0","0","0.023400835692882538","0.023400835692882538","0.023400835692882538","0.10546691715717316","0.10546691715717316","0.10546691715717316","0.2485286444425583","0.2485286444425583","0.2485286444425583"
"54","2.802565574645996","2.802565574645996","2.802565574645996","0.3103584051132202","0.3103584051132202","0.3103584051132202","0.3523118793964386","0.3523118793964386","0.3523118793964386","0","0","0","0.017375968396663666","0.017375968396663666","0.017375968396663666","0.05785539746284485","0.05785539746284485","0.05785539746284485","0.44160857796669006","0.44160857796669006","0.44160857796669006"
"56","6.861406326293945","6.861406326293945","6.861406326293945","0.7080063223838806","0.7080063223838806","0.7080063223838806","3.172546625137329","3.172546625137329","3.172546625137329","0","0","0","0.017746426165103912","0.017746426165103912","0.017746426165103912","0.12062579393386841","0.12062579393386841","0.12062579393386841","0.18062591552734375","0.18062591552734375","0.18062591552734375"
"58","5.639081954956055","5.639081954956055","5.639081954956055","0.26011914014816284","0.26011914014816284","0.26011914014816284","0.2216041088104248","0.2216041088104248","0.2216041088104248","0","0","0","0.014642186462879181","0.014642186462879181","0.014642186462879181","0.0696524977684021","0.0696524977684021","0.0696524977684021","0.17036721110343933","0.17036721110343933","0.17036721110343933"
"60","9.876105308532715","9.876105308532715","9.876105308532715","6.645657062530518","6.645657062530518","6.645657062530518","0.46647563576698303","0.46647563576698303","0.46647563576698303","0","0","0","0.0421573743224144","0.0421573743224144","0.0421573743224144","0.051537975668907166","0.051537975668907166","0.051537975668907166","0.19905082881450653","0.19905082881450653","0.19905082881450653"
"62","1.3928413391113281","1.3928413391113281","1.3928413391113281","0.22792518138885498","0.22792518138885498","0.22792518138885498","0.4213765263557434","0.4213765263557434","0.4213765263557434","0","0","0","0.0188986137509346","0.0188986137509346","0.0188986137509346","0.05773082375526428","0.05773082375526428","0.05773082375526428","0.4499562084674835","0.4499562084674835","0.4499562084674835"
"64","1.9793123006820679","1.9793123006820679","1.9793123006820679","0.19738227128982544","0.19738227128982544","0.19738227128982544","0.4053086042404175","0.4053086042404175","0.4053086042404175","0","0","0","0.012371815741062164","0.012371815741062164","0.012371815741062164","0.04282064735889435","0.04282064735889435","0.04282064735889435","0.3311600685119629","0.3311600685119629","0.3311600685119629"
"66","0.3378629684448242","0.3378629684448242","0.3378629684448242","5.546250820159912","5.546250820159912","5.546250820159912","0.3127537667751312","0.3127537667751312","0.3127537667751312","0","0","0","0.02852223813533783","0.02852223813533783","0.02852223813533783","0.05236797034740448","0.05236797034740448","0.05236797034740448","1.4778319597244263","1.4778319597244263","1.4778319597244263"
"68","0.6046116352081299","0.6046116352081299","0.6046116352081299","0.9469032287597656","0.9469032287597656","0.9469032287597656","0.12810826301574707","0.12810826301574707","0.12810826301574707","0","0","0","0.02318117767572403","0.02318117767572403","0.02318117767572403","0.03827087581157684","0.03827087581157684","0.03827087581157684","0.4404265284538269","0.4404265284538269","0.4404265284538269"
"70","0.4802435636520386","0.4802435636520386","0.4802435636520386","0.19716769456863403","0.19716769456863403","0.19716769456863403","0.1814022660255432","0.1814022660255432","0.1814022660255432","0","0","0","0.014258228242397308","0.014258228242397308","0.014258228242397308","0.1257583498954773","0.1257583498954773","0.1257583498954773","0.3891177475452423","0.3891177475452423","0.3891177475452423"
"72","0.9846240282058716","0.9846240282058716","0.9846240282058716","0.1992359757423401","0.1992359757423401","0.1992359757423401","0.2450205385684967","0.2450205385684967","0.2450205385684967","0","0","0","0.012829653918743134","0.012829653918743134","0.012829653918743134","0.11530615389347076","0.11530615389347076","0.11530615389347076","0.4937879741191864","0.4937879741191864","0.4937879741191864"
"74","0.31565725803375244","0.31565725803375244","0.31565725803375244","0.1897275447845459","0.1897275447845459","0.1897275447845459","0.16229376196861267","0.16229376196861267","0.16229376196861267","0","0","0","0.00984017550945282","0.00984017550945282","0.00984017550945282","0.03585882484912872","0.03585882484912872","0.03585882484912872","0.08554048836231232","0.08554048836231232","0.08554048836231232"
"76","0.8363634347915649","0.8363634347915649","0.8363634347915649","4.075222969055176","4.075222969055176","4.075222969055176","0.22292062640190125","0.22292062640190125","0.22292062640190125","0","0","0","0.018386617302894592","0.018386617302894592","0.018386617302894592","0.2051861584186554","0.2051861584186554","0.2051861584186554","0.11122822761535645","0.11122822761535645","0.11122822761535645"
"78","0.34779608249664307","0.34779608249664307","0.34779608249664307","0.2690359950065613","0.2690359950065613","0.2690359950065613","0.18664449453353882","0.18664449453353882","0.18664449453353882","0","0","0","0.013407900929450989","0.013407900929450989","0.013407900929450989","0.03626607358455658","0.03626607358455658","0.03626607358455658","0.2841569483280182","0.2841569483280182","0.2841569483280182"
"80","1.156964898109436","1.156964898109436","1.156964898109436","1.6722232103347778","1.6722232103347778","1.6722232103347778","1.2354605197906494","1.2354605197906494","1.2354605197906494","0","0","0","0.0087810680270195","0.0087810680270195","0.0087810680270195","0.038613155484199524","0.038613155484199524","0.038613155484199524","0.30259454250335693","0.30259454250335693","0.30259454250335693"
"82","14.90587043762207","14.90587043762207","14.90587043762207","0.704587996006012","0.704587996006012","0.704587996006012","0.37560462951660156","0.37560462951660156","0.37560462951660156","0","0","0","0.017431654036045074","0.017431654036045074","0.017431654036045074","0.06704561412334442","0.06704561412334442","0.06704561412334442","0.45692509412765503","0.45692509412765503","0.45692509412765503"
"84","2.2167980670928955","2.2167980670928955","2.2167980670928955","1.386764645576477","1.386764645576477","1.386764645576477","0.28073564171791077","0.28073564171791077","0.28073564171791077","0","0","0","0.009314462542533875","0.009314462542533875","0.009314462542533875","0.054031312465667725","0.054031312465667725","0.054031312465667725","0.22970065474510193","0.22970065474510193","0.22970065474510193"
"86","0.5070984363555908","0.5070984363555908","0.5070984363555908","0.22297650575637817","0.22297650575637817","0.22297650575637817","0.20128265023231506","0.20128265023231506","0.20128265023231506","0","0","0","0.014384627342224121","0.014384627342224121","0.014384627342224121","0.06649576127529144","0.06649576127529144","0.06649576127529144","0.40704235434532166","0.40704235434532166","0.40704235434532166"
"88","1.0532110929489136","1.0532110929489136","1.0532110929489136","0.22093504667282104","0.22093504667282104","0.22093504667282104","0.14350488781929016","0.14350488781929016","0.14350488781929016","0","0","0","0.01610463112592697","0.01610463112592697","0.01610463112592697","0.04256732761859894","0.04256732761859894","0.04256732761859894","0.49150362610816956","0.49150362610816956","0.49150362610816956"
"90","0.9212881326675415","0.9212881326675415","0.9212881326675415","0.21610110998153687","0.21610110998153687","0.21610110998153687","0.5301520228385925","0.5301520228385925","0.5301520228385925","0","0","0","0.007702693343162537","0.007702693343162537","0.007702693343162537","0.08604899048805237","0.08604899048805237","0.08604899048805237","0.3117896616458893","0.3117896616458893","0.3117896616458893"
"92","7.5677900314331055","7.5677900314331055","7.5677900314331055","0.5080759525299072","0.5080759525299072","0.5080759525299072","0.30401572585105896","0.30401572585105896","0.30401572585105896","0","0","0","0.017014160752296448","0.017014160752296448","0.017014160752296448","0.0532502681016922","0.0532502681016922","0.0532502681016922","0.138893723487854","0.138893723487854","0.138893723487854"
"94","1.0442018508911133","1.0442018508911133","1.0442018508911133","5.68916654586792","5.68916654586792","5.68916654586792","0.47981739044189453","0.47981739044189453","0.47981739044189453","0","0","0","0.006973303854465485","0.006973303854465485","0.006973303854465485","0.09281635284423828","0.09281635284423828","0.09281635284423828","0.29715150594711304","0.29715150594711304","0.29715150594711304"
"96","0.7187336683273315","0.7187336683273315","0.7187336683273315","0.168725848197937","0.168725848197937","0.168725848197937","0.10823085904121399","0.10823085904121399","0.10823085904121399","0","0","0","0.02717699110507965","0.02717699110507965","0.02717699110507965","0.15158429741859436","0.15158429741859436","0.15158429741859436","0.2670608460903168","0.2670608460903168","0.2670608460903168"
"98","0.6081193685531616","0.6081193685531616","0.6081193685531616","0.27259141206741333","0.27259141206741333","0.27259141206741333","0.19029080867767334","0.19029080867767334","0.19029080867767334","0","0","0","0.006303466856479645","0.006303466856479645","0.006303466856479645","0.04736170172691345","0.04736170172691345","0.04736170172691345","0.12607313692569733","0.12607313692569733","0.12607313692569733"
"100","1.0551363229751587","1.0551363229751587","1.0551363229751587","2.7083425521850586","2.7083425521850586","2.7083425521850586","0.15353187918663025","0.15353187918663025","0.15353187918663025","0","0","0","0.012060955166816711","0.012060955166816711","0.012060955166816711","0.03322862088680267","0.03322862088680267","0.03322862088680267","0.18862709403038025","0.18862709403038025","0.18862709403038025"
"102","3.593069314956665","3.593069314956665","3.593069314956665","1.7535686492919922","1.7535686492919922","1.7535686492919922","0.3298826515674591","0.3298826515674591","0.3298826515674591","0","0","0","0.05027938634157181","0.05027938634157181","0.05027938634157181","0.059710144996643066","0.059710144996643066","0.059710144996643066","0.0951763242483139","0.0951763242483139","0.0951763242483139"
"104","0.2958923578262329","0.2958923578262329","0.2958923578262329","0.2917766571044922","0.2917766571044922","0.2917766571044922","0.6662733554840088","0.6662733554840088","0.6662733554840088","0","0","0","0.010210514068603516","0.010210514068603516","0.010210514068603516","0.02638503909111023","0.02638503909111023","0.02638503909111023","0.10839663445949554","0.10839663445949554","0.10839663445949554"
"106","0.3906458616256714","0.3906458616256714","0.3906458616256714","0.2116173505783081","0.2116173505783081","0.2116173505783081","0.19124746322631836","0.19124746322631836","0.19124746322631836","0","0","0","0.03745197504758835","0.03745197504758835","0.03745197504758835","0.06884969770908356","0.06884969770908356","0.06884969770908356","0.1677338033914566","0.1677338033914566","0.1677338033914566"
"108","0.308796763420105","0.308796763420105","0.308796763420105","0.26771873235702515","0.26771873235702515","0.26771873235702515","0.2881087362766266","0.2881087362766266","0.2881087362766266","0","0","0","0.010308437049388885","0.010308437049388885","0.010308437049388885","0.05789928138256073","0.05789928138256073","0.05789928138256073","0.30480697751045227","0.30480697751045227","0.30480697751045227"
"110","1.2602418661117554","1.2602418661117554","1.2602418661117554","0.874549150466919","0.874549150466919","0.874549150466919","0.20271465182304382","0.20271465182304382","0.20271465182304382","0","0","0","0.0063965171575546265","0.0063965171575546265","0.0063965171575546265","0.05872063338756561","0.05872063338756561","0.05872063338756561","0.43795591592788696","0.43795591592788696","0.43795591592788696"
"112","1.8299400806427002","1.8299400806427002","1.8299400806427002","0.35407841205596924","0.35407841205596924","0.35407841205596924","0.22720098495483398","0.22720098495483398","0.22720098495483398","0","0","0","0.006947219371795654","0.006947219371795654","0.006947219371795654","0.15026383101940155","0.15026383101940155","0.15026383101940155","0.638627290725708","0.638627290725708","0.638627290725708"
"114","0.3498166799545288","0.3498166799545288","0.3498166799545288","0.1300334930419922","0.1300334930419922","0.1300334930419922","0.1458577811717987","0.1458577811717987","0.1458577811717987","0","0","0","0.007951080799102783","0.007951080799102783","0.007951080799102783","0.14792107045650482","0.14792107045650482","0.14792107045650482","0.3069203495979309","0.3069203495979309","0.3069203495979309"
"116","0.2191305160522461","0.2191305160522461","0.2191305160522461","0.16415715217590332","0.16415715217590332","0.16415715217590332","0.18993765115737915","0.18993765115737915","0.18993765115737915","0","0","0","0.0085984468460083","0.0085984468460083","0.0085984468460083","0.07340893149375916","0.07340893149375916","0.07340893149375916","0.1530814915895462","0.1530814915895462","0.1530814915895462"
"118","0.28561949729919434","0.28561949729919434","0.28561949729919434","1.695963740348816","1.695963740348816","1.695963740348816","0.414285808801651","0.414285808801651","0.414285808801651","0","0","0","0.004907563328742981","0.004907563328742981","0.004907563328742981","0.06361201405525208","0.06361201405525208","0.06361201405525208","0.10172538459300995","0.10172538459300995","0.10172538459300995"
"120","0.2665281295776367","0.2665281295776367","0.2665281295776367","0.13722926378250122","0.13722926378250122","0.13722926378250122","0.26223212480545044","0.26223212480545044","0.26223212480545044","0","0","0","0.02297857403755188","0.02297857403755188","0.02297857403755188","0.14669373631477356","0.14669373631477356","0.14669373631477356","0.08088052272796631","0.08088052272796631","0.08088052272796631"
"122","6.024643898010254","6.024643898010254","6.024643898010254","0.8150875568389893","0.8150875568389893","0.8150875568389893","1.0665916204452515","1.0665916204452515","1.0665916204452515","0","0","0","0.050925955176353455","0.050925955176353455","0.050925955176353455","0.049973875284194946","0.049973875284194946","0.049973875284194946","0.20095407962799072","0.20095407962799072","0.20095407962799072"
"124","0.3783196210861206","0.3783196210861206","0.3783196210861206","0.2153649926185608","0.2153649926185608","0.2153649926185608","0.39710327982902527","0.39710327982902527","0.39710327982902527","0","0","0","0.006824858486652374","0.006824858486652374","0.006824858486652374","0.03329634666442871","0.03329634666442871","0.03329634666442871","0.3953348994255066","0.3953348994255066","0.3953348994255066"
"126","0.35313963890075684","0.35313963890075684","0.35313963890075684","0.17309784889221191","0.17309784889221191","0.17309784889221191","0.434151291847229","0.434151291847229","0.434151291847229","0","0","0","0.005347386002540588","0.005347386002540588","0.005347386002540588","0.0600375235080719","0.0600375235080719","0.0600375235080719","0.3946036100387573","0.3946036100387573","0.3946036100387573"
"128","0.3256857395172119","0.3256857395172119","0.3256857395172119","0.3398030996322632","0.3398030996322632","0.3398030996322632","0.34740716218948364","0.34740716218948364","0.34740716218948364","0","0","0","0.039108648896217346","0.039108648896217346","0.039108648896217346","0.08914239704608917","0.08914239704608917","0.08914239704608917","0.2519678473472595","0.2519678473472595","0.2519678473472595"
"130","0.6068706512451172","0.6068706512451172","0.6068706512451172","0.16605108976364136","0.16605108976364136","0.16605108976364136","0.22656843066215515","0.22656843066215515","0.22656843066215515","0","0","0","0.00899425894021988","0.00899425894021988","0.00899425894021988","0.08262373507022858","0.08262373507022858","0.08262373507022858","0.11913813650608063","0.11913813650608063","0.11913813650608063"
"132","0.3600269556045532","0.3600269556045532","0.3600269556045532","0.1810818910598755","0.1810818910598755","0.1810818910598755","0.1830071210861206","0.1830071210861206","0.1830071210861206","0","0","0","0.02092873305082321","0.02092873305082321","0.02092873305082321","0.026215985417366028","0.026215985417366028","0.026215985417366028","0.10952949523925781","0.10952949523925781","0.10952949523925781"
"134","0.4620462656021118","0.4620462656021118","0.4620462656021118","0.48491209745407104","0.48491209745407104","0.48491209745407104","0.18311962485313416","0.18311962485313416","0.18311962485313416","0","0","0","0.008092507719993591","0.008092507719993591","0.008092507719993591","0.06322018802165985","0.06322018802165985","0.06322018802165985","0.37928634881973267","0.37928634881973267","0.37928634881973267"
"136","0.3914833068847656","0.3914833068847656","0.3914833068847656","0.3831833600997925","0.3831833600997925","0.3831833600997925","0.3596693277359009","0.3596693277359009","0.3596693277359009","0","0","0","0.009857177734375","0.009857177734375","0.009857177734375","0.025290772318840027","0.025290772318840027","0.025290772318840027","0.0801578164100647","0.0801578164100647","0.0801578164100647"
"138","0.7592260837554932","0.7592260837554932","0.7592260837554932","0.23085623979568481","0.23085623979568481","0.23085623979568481","0.9402267932891846","0.9402267932891846","0.9402267932891846","0","0","0","0.006207205355167389","0.006207205355167389","0.006207205355167389","0.04911676049232483","0.04911676049232483","0.04911676049232483","0.27634426951408386","0.27634426951408386","0.27634426951408386"
"140","0.47857463359832764","0.47857463359832764","0.47857463359832764","0.23564845323562622","0.23564845323562622","0.23564845323562622","0.4204757511615753","0.4204757511615753","0.4204757511615753","0","0","0","0.014237798750400543","0.014237798750400543","0.014237798750400543","0.04638679325580597","0.04638679325580597","0.04638679325580597","0.08190758526325226","0.08190758526325226","0.08190758526325226"
"142","0.24952590465545654","0.24952590465545654","0.24952590465545654","0.2146214246749878","0.2146214246749878","0.2146214246749878","0.5240932106971741","0.5240932106971741","0.5240932106971741","0","0","0","0.065925233066082","0.065925233066082","0.065925233066082","0.05200423300266266","0.05200423300266266","0.05200423300266266","0.2531450390815735","0.2531450390815735","0.2531450390815735"
"144","0.3958761692047119","0.3958761692047119","0.3958761692047119","0.3974840044975281","0.3974840044975281","0.3974840044975281","0.15112534165382385","0.15112534165382385","0.15112534165382385","0","0","0","0.010321758687496185","0.010321758687496185","0.010321758687496185","0.08709117770195007","0.08709117770195007","0.08709117770195007","0.2593945860862732","0.2593945860862732","0.2593945860862732"
"146","0.6971240043640137","0.6971240043640137","0.6971240043640137","1.0185480117797852","1.0185480117797852","1.0185480117797852","0.12856870889663696","0.12856870889663696","0.12856870889663696","0","0","0","0.012156598269939423","0.012156598269939423","0.012156598269939423","0.03244228661060333","0.03244228661060333","0.03244228661060333","0.23430213332176208","0.23430213332176208","0.23430213332176208"
"148","2.183210849761963","2.183210849761963","2.183210849761963","0.17105638980865479","0.17105638980865479","0.17105638980865479","0.13619214296340942","0.13619214296340942","0.13619214296340942","0","0","0","0.003892242908477783","0.003892242908477783","0.003892242908477783","0.022749975323677063","0.022749975323677063","0.022749975323677063","0.10834299027919769","0.10834299027919769","0.10834299027919769"
"150","0.23794770240783691","0.23794770240783691","0.23794770240783691","0.15859007835388184","0.15859007835388184","0.15859007835388184","0.209779292345047","0.209779292345047","0.209779292345047","0","0","0","0.0050074756145477295","0.0050074756145477295","0.0050074756145477295","0.044369474053382874","0.044369474053382874","0.044369474053382874","0.3402233123779297","0.3402233123779297","0.3402233123779297"
"152","1.4642417430877686","1.4642417430877686","1.4642417430877686","0.24842321872711182","0.24842321872711182","0.24842321872711182","0.2465561032295227","0.2465561032295227","0.2465561032295227","0","0","0","0.008771121501922607","0.008771121501922607","0.008771121501922607","0.09572751820087433","0.09572751820087433","0.09572751820087433","0.16759634017944336","0.16759634017944336","0.16759634017944336"
"154","0.2900660037994385","0.2900660037994385","0.2900660037994385","0.15115141868591309","0.15115141868591309","0.15115141868591309","0.299922376871109","0.299922376871109","0.299922376871109","0","0","0","0.00396391749382019","0.00396391749382019","0.00396391749382019","0.12660041451454163","0.12660041451454163","0.12660041451454163","0.24511776864528656","0.24511776864528656","0.24511776864528656"
"156","0.29398202896118164","0.29398202896118164","0.29398202896118164","0.8004322648048401","0.8004322648048401","0.8004322648048401","0.21551325917243958","0.21551325917243958","0.21551325917243958","0","0","0","0.0054630860686302185","0.0054630860686302185","0.0054630860686302185","0.03336206078529358","0.03336206078529358","0.03336206078529358","0.09674616158008575","0.09674616158008575","0.09674616158008575"
"158","0.30394792556762695","0.30394792556762695","0.30394792556762695","0.7758975028991699","0.7758975028991699","0.7758975028991699","0.38948655128479004","0.38948655128479004","0.38948655128479004","0","0","0","0.007164433598518372","0.007164433598518372","0.007164433598518372","0.07049828767776489","0.07049828767776489","0.07049828767776489","0.2804473042488098","0.2804473042488098","0.2804473042488098"
"160","0.6584137678146362","0.6584137678146362","0.6584137678146362","0.6436526775360107","0.6436526775360107","0.6436526775360107","0.24222508072853088","0.24222508072853088","0.24222508072853088","0","0","0","0.01541842520236969","0.01541842520236969","0.01541842520236969","0.06367288529872894","0.06367288529872894","0.06367288529872894","0.08537657558917999","0.08537657558917999","0.08537657558917999"
"162","0.3281712532043457","0.3281712532043457","0.3281712532043457","0.3366932272911072","0.3366932272911072","0.3366932272911072","0.3299996256828308","0.3299996256828308","0.3299996256828308","0","0","0","0.003640487790107727","0.003640487790107727","0.003640487790107727","0.06078742444515228","0.06078742444515228","0.06078742444515228","0.1913849264383316","0.1913849264383316","0.1913849264383316"
"164","0.2774834632873535","0.2774834632873535","0.2774834632873535","0.14901608228683472","0.14901608228683472","0.14901608228683472","0.18594935536384583","0.18594935536384583","0.18594935536384583","0","0","0","0.0033927783370018005","0.0033927783370018005","0.0033927783370018005","0.036894455552101135","0.036894455552101135","0.036894455552101135","0.07849074900150299","0.07849074900150299","0.07849074900150299"
"166","0.8359849452972412","0.8359849452972412","0.8359849452972412","0.19722580909729004","0.19722580909729004","0.19722580909729004","0.18267259001731873","0.18267259001731873","0.18267259001731873","0","0","0","0.0052961185574531555","0.0052961185574531555","0.0052961185574531555","0.03744244575500488","0.03744244575500488","0.03744244575500488","0.11399015784263611","0.11399015784263611","0.11399015784263611"
"168","1.0798603296279907","1.0798603296279907","1.0798603296279907","0.44904351234436035","0.44904351234436035","0.44904351234436035","0.2172715961933136","0.2172715961933136","0.2172715961933136","0","0","0","0.009632356464862823","0.009632356464862823","0.009632356464862823","0.04113800823688507","0.04113800823688507","0.04113800823688507","0.12747310101985931","0.12747310101985931","0.12747310101985931"
"170","1.4909863471984863","1.4909863471984863","1.4909863471984863","0.6051152944564819","0.6051152944564819","0.6051152944564819","0.5977236032485962","0.5977236032485962","0.5977236032485962","0","0","0","0.016596779227256775","0.016596779227256775","0.016596779227256775","0.04856117069721222","0.04856117069721222","0.04856117069721222","0.2738147974014282","0.2738147974014282","0.2738147974014282"
"172","0.5870163440704346","0.5870163440704346","0.5870163440704346","1.5170440673828125","1.5170440673828125","1.5170440673828125","0.09463876485824585","0.09463876485824585","0.09463876485824585","0","0","0","0.009542517364025116","0.009542517364025116","0.009542517364025116","0.03229483962059021","0.03229483962059021","0.03229483962059021","0.10821260511875153","0.10821260511875153","0.10821260511875153"
"174","0.35830140113830566","0.35830140113830566","0.35830140113830566","0.40796250104904175","0.40796250104904175","0.40796250104904175","0.3189399838447571","0.3189399838447571","0.3189399838447571","0","0","0","0.006907522678375244","0.006907522678375244","0.006907522678375244","0.0610264390707016","0.0610264390707016","0.0610264390707016","0.10077506303787231","0.10077506303787231","0.10077506303787231"
"176","0.6638228893280029","0.6638228893280029","0.6638228893280029","1.0666594505310059","1.0666594505310059","1.0666594505310059","0.28345659375190735","0.28345659375190735","0.28345659375190735","0","0","0","0.009579263627529144","0.009579263627529144","0.009579263627529144","0.06151124835014343","0.06151124835014343","0.06151124835014343","0.1024540513753891","0.1024540513753891","0.1024540513753891"
"178","0.43959319591522217","0.43959319591522217","0.43959319591522217","0.6120249629020691","0.6120249629020691","0.6120249629020691","0.3820456564426422","0.3820456564426422","0.3820456564426422","0","0","0","0.006264016032218933","0.006264016032218933","0.006264016032218933","0.03516145050525665","0.03516145050525665","0.03516145050525665","0.07390491664409637","0.07390491664409637","0.07390491664409637"
"180","0.3638952970504761","0.3638952970504761","0.3638952970504761","0.8607268333435059","0.8607268333435059","0.8607268333435059","0.40076524019241333","0.40076524019241333","0.40076524019241333","0","0","0","0.007429875433444977","0.007429875433444977","0.007429875433444977","0.05677312612533569","0.05677312612533569","0.05677312612533569","0.2354014664888382","0.2354014664888382","0.2354014664888382"
"182","0.6388098001480103","0.6388098001480103","0.6388098001480103","0.20816922187805176","0.20816922187805176","0.20816922187805176","0.1607075333595276","0.1607075333595276","0.1607075333595276","0","0","0","0.00431322306394577","0.00431322306394577","0.00431322306394577","0.02634085714817047","0.02634085714817047","0.02634085714817047","0.08622072637081146","0.08622072637081146","0.08622072637081146"
"184","0.3198474645614624","0.3198474645614624","0.3198474645614624","0.8077889680862427","0.8077889680862427","0.8077889680862427","0.24738982319831848","0.24738982319831848","0.24738982319831848","0","0","0","0.004484057426452637","0.004484057426452637","0.004484057426452637","0.05950331687927246","0.05950331687927246","0.05950331687927246","0.26760250329971313","0.26760250329971313","0.26760250329971313"
"186","0.3333747386932373","0.3333747386932373","0.3333747386932373","0.8289411664009094","0.8289411664009094","0.8289411664009094","0.2756260335445404","0.2756260335445404","0.2756260335445404","0","0","0","0.010793708264827728","0.010793708264827728","0.010793708264827728","0.032090842723846436","0.032090842723846436","0.032090842723846436","0.16039609909057617","0.16039609909057617","0.16039609909057617"
"188","0.3050863742828369","0.3050863742828369","0.3050863742828369","0.2806141972541809","0.2806141972541809","0.2806141972541809","0.2445131540298462","0.2445131540298462","0.2445131540298462","0","0","0","0.02223946899175644","0.02223946899175644","0.02223946899175644","0.06988503038883209","0.06988503038883209","0.06988503038883209","0.16951337456703186","0.16951337456703186","0.16951337456703186"
"190","0.9086459875106812","0.9086459875106812","0.9086459875106812","0.16048401594161987","0.16048401594161987","0.16048401594161987","0.1562349498271942","0.1562349498271942","0.1562349498271942","0","0","0","0.002644658088684082","0.002644658088684082","0.002644658088684082","0.042741745710372925","0.042741745710372925","0.042741745710372925","0.06888620555400848","0.06888620555400848","0.06888620555400848"
"192","1.6816496849060059","1.6816496849060059","1.6816496849060059","0.74005126953125","0.74005126953125","0.74005126953125","0.15423670411109924","0.15423670411109924","0.15423670411109924","0","0","0","0.005740396678447723","0.005740396678447723","0.005740396678447723","0.027280151844024658","0.027280151844024658","0.027280151844024658","0.09808018803596497","0.09808018803596497","0.09808018803596497"
"194","0.5692005157470703","0.5692005157470703","0.5692005157470703","0.4877611994743347","0.4877611994743347","0.4877611994743347","0.1470416784286499","0.1470416784286499","0.1470416784286499","0","0","0","0.006639145314693451","0.006639145314693451","0.006639145314693451","0.07172226905822754","0.07172226905822754","0.07172226905822754","0.2675008177757263","0.2675008177757263","0.2675008177757263"
"196","0.28857290744781494","0.28857290744781494","0.28857290744781494","0.2580389380455017","0.2580389380455017","0.2580389380455017","0.10619759559631348","0.10619759559631348","0.10619759559631348","0","0","0","0.006370216608047485","0.006370216608047485","0.006370216608047485","0.04640154540538788","0.04640154540538788","0.04640154540538788","0.08216910064220428","0.08216910064220428","0.08216910064220428"
"198","1.4939039945602417","1.4939039945602417","1.4939039945602417","0.9199634194374084","0.9199634194374084","0.9199634194374084","0.13873353600502014","0.13873353600502014","0.13873353600502014","0","0","0","0.013241678476333618","0.013241678476333618","0.013241678476333618","0.030864626169204712","0.030864626169204712","0.030864626169204712","0.058040767908096313","0.058040767908096313","0.058040767908096313"
"200","0.31849443912506104","0.31849443912506104","0.31849443912506104","0.1631513237953186","0.1631513237953186","0.1631513237953186","0.2498634159564972","0.2498634159564972","0.2498634159564972","0","0","0","0.004987441003322601","0.004987441003322601","0.004987441003322601","0.06350070238113403","0.06350070238113403","0.06350070238113403","0.10911226272583008","0.10911226272583008","0.10911226272583008"
"202","0.2777308225631714","0.2777308225631714","0.2777308225631714","0.5076080560684204","0.5076080560684204","0.5076080560684204","0.2717636525630951","0.2717636525630951","0.2717636525630951","0","0","0","0.0027268752455711365","0.0027268752455711365","0.0027268752455711365","0.09360507130622864","0.09360507130622864","0.09360507130622864","0.14462172985076904","0.14462172985076904","0.14462172985076904"
"204","0.241011381149292","0.241011381149292","0.241011381149292","0.30223727226257324","0.30223727226257324","0.30223727226257324","0.2840086817741394","0.2840086817741394","0.2840086817741394","0","0","0","0.003510892391204834","0.003510892391204834","0.003510892391204834","0.1679787039756775","0.1679787039756775","0.1679787039756775","0.17917193472385406","0.17917193472385406","0.17917193472385406"
"206","0.24270415306091309","0.24270415306091309","0.24270415306091309","1.1059820652008057","1.1059820652008057","1.1059820652008057","0.18239840865135193","0.18239840865135193","0.18239840865135193","0","0","0","0.004401795566082001","0.004401795566082001","0.004401795566082001","0.1105981320142746","0.1105981320142746","0.1105981320142746","0.08203275501728058","0.08203275501728058","0.08203275501728058"
"208","0.7563084363937378","0.7563084363937378","0.7563084363937378","0.12843161821365356","0.12843161821365356","0.12843161821365356","0.21745413541793823","0.21745413541793823","0.21745413541793823","0","0","0","0.0024605244398117065","0.0024605244398117065","0.0024605244398117065","0.03256291151046753","0.03256291151046753","0.03256291151046753","0.10720714926719666","0.10720714926719666","0.10720714926719666"
"210","0.5802661180496216","0.5802661180496216","0.5802661180496216","0.26810765266418457","0.26810765266418457","0.26810765266418457","0.2557225525379181","0.2557225525379181","0.2557225525379181","0","0","0","0.009344801306724548","0.009344801306724548","0.009344801306724548","0.02144142985343933","0.02144142985343933","0.02144142985343933","0.1311853528022766","0.1311853528022766","0.1311853528022766"
"212","0.3421276807785034","0.3421276807785034","0.3421276807785034","0.4087403416633606","0.4087403416633606","0.4087403416633606","0.25717467069625854","0.25717467069625854","0.25717467069625854","0","0","0","0.005661770701408386","0.005661770701408386","0.005661770701408386","0.028483495116233826","0.028483495116233826","0.028483495116233826","0.14238469302654266","0.14238469302654266","0.14238469302654266"
"214","0.4243224859237671","0.4243224859237671","0.4243224859237671","0.4648551344871521","0.4648551344871521","0.4648551344871521","0.30373185873031616","0.30373185873031616","0.30373185873031616","0","0","0","0.004624567925930023","0.004624567925930023","0.004624567925930023","0.09304285049438477","0.09304285049438477","0.09304285049438477","0.0669185072183609","0.0669185072183609","0.0669185072183609"
"216","0.9496718645095825","0.9496718645095825","0.9496718645095825","0.1763477921485901","0.1763477921485901","0.1763477921485901","0.2789013087749481","0.2789013087749481","0.2789013087749481","0","0","0","0.0052702948451042175","0.0052702948451042175","0.0052702948451042175","0.09645774960517883","0.09645774960517883","0.09645774960517883","0.4687514305114746","0.4687514305114746","0.4687514305114746"
"218","0.898522138595581","0.898522138595581","0.898522138595581","0.2522885799407959","0.2522885799407959","0.2522885799407959","0.1471899449825287","0.1471899449825287","0.1471899449825287","0","0","0","0.02159275859594345","0.02159275859594345","0.02159275859594345","0.02217516303062439","0.02217516303062439","0.02217516303062439","0.1675523817539215","0.1675523817539215","0.1675523817539215"
"220","0.6870925426483154","0.6870925426483154","0.6870925426483154","0.24734139442443848","0.24734139442443848","0.24734139442443848","0.16922056674957275","0.16922056674957275","0.16922056674957275","0","0","0","0.005659841001033783","0.005659841001033783","0.005659841001033783","0.05020894110202789","0.05020894110202789","0.05020894110202789","0.114479660987854","0.114479660987854","0.114479660987854"
"222","0.7096290588378906","0.7096290588378906","0.7096290588378906","0.1678377389907837","0.1678377389907837","0.1678377389907837","0.1522541046142578","0.1522541046142578","0.1522541046142578","0","0","0","0.008335866034030914","0.008335866034030914","0.008335866034030914","0.035267993807792664","0.035267993807792664","0.035267993807792664","0.17956942319869995","0.17956942319869995","0.17956942319869995"
"224","0.6596475839614868","0.6596475839614868","0.6596475839614868","0.521436333656311","0.521436333656311","0.521436333656311","0.14034658670425415","0.14034658670425415","0.14034658670425415","0","0","0","0.012376300990581512","0.012376300990581512","0.012376300990581512","0.036230385303497314","0.036230385303497314","0.036230385303497314","0.1841619610786438","0.1841619610786438","0.1841619610786438"
"226","2.341139316558838","2.341139316558838","2.341139316558838","0.20173192024230957","0.20173192024230957","0.20173192024230957","0.23667365312576294","0.23667365312576294","0.23667365312576294","0","0","0","0.013460919260978699","0.013460919260978699","0.013460919260978699","0.062468498945236206","0.062468498945236206","0.062468498945236206","0.09088963270187378","0.09088963270187378","0.09088963270187378"
"228","0.4833310842514038","0.4833310842514038","0.4833310842514038","0.2305850386619568","0.2305850386619568","0.2305850386619568","0.12047514319419861","0.12047514319419861","0.12047514319419861","0","0","0","0.0051705315709114075","0.0051705315709114075","0.0051705315709114075","0.09308092296123505","0.09308092296123505","0.09308092296123505","0.09921640157699585","0.09921640157699585","0.09921640157699585"
"230","0.31369030475616455","0.31369030475616455","0.31369030475616455","0.23444443941116333","0.23444443941116333","0.23444443941116333","0.28032436966896057","0.28032436966896057","0.28032436966896057","0","0","0","0.0035459473729133606","0.0035459473729133606","0.0035459473729133606","0.042129531502723694","0.042129531502723694","0.042129531502723694","0.09750798344612122","0.09750798344612122","0.09750798344612122"