model,condition,level,latent_dim,n_draws,metric,value,value_sd,chance_mean,chance_sd,excess,calibrated
FHVAE seg,ref_sub,,48,1,MI,0.0044270399731871,,-1.2889809412050202e-05,2.0437730448792416e-05,0.00443992978259915,
FHVAE seg,ref_sub,,48,1,GCN,0.511591590221495,,5.508943048724373,5.812118742204834,-4.997351458502878,
FHVAE seg,ref_sub,,48,1,DCI-D,0.35310808418582,,0.011318801885722133,0.0019313492810174695,0.34178928230009786,0.34570221720813155
FHVAE seg,ref_sub,,48,1,DCI-C,0.239329869295739,,0.0037393108995849335,0.0004989475095134269,0.23559055839615406,0.23647481123528344
FHVAE seg,ref_sub,,48,1,DCI-I,0.85425,,0.15541666666666665,0.009540265544871715,0.6988333333333333,0.8274296990626541
FHVAE seg,ref_sub,,48,1,Modularity,0.874566060250744,,0.7778977374871161,0.04846417368182743,0.09666832276362791,0.4352424044217933
FHVAE seg,ref_sub,,48,1,Explicitness,0.990487938966174,,-0.005028008698603167,0.01369989628323007,0.9955159476647772,0.9905355264216537
FHVAE seg,ref_sub,,48,1,IRS,0.41533378024655,,0.3628414843146723,0.002371953802877348,0.05249229593187771,0.08238498684337131
PCA,ref_sub,,20,1,MI,0.0103279098571878,,6.239558155391507e-05,4.0920649692464474e-05,0.010265514275633885,
PCA,ref_sub,,20,1,GCN,0.254377206333759,,0.3765259009283854,0.2526446276583682,-0.1221486945946264,
PCA,ref_sub,,20,1,DCI-D,0.222167802927853,,0.0040984388711493335,0.0006358124973674525,0.21806936405670366,0.2189667860441175
PCA,ref_sub,,20,1,DCI-C,0.175394800590786,,0.0020248856311996,0.0005942880140672013,0.1733699149595864,0.17372168149627604
PCA,ref_sub,,20,1,DCI-I,0.77975,,0.16208333333333333,0.005311936244597305,0.6176666666666667,0.7371456986573844
PCA,ref_sub,,20,1,Modularity,0.731403764630414,,0.7469832452443924,0.07875895989679657,-0.015579480613978403,-0.06157489700248049
PCA,ref_sub,,20,1,Explicitness,0.879421283045134,,0.0037645091318002,0.006106948306526904,0.8756567739133339,0.8789656481222287
PCA,ref_sub,,20,1,IRS,0.443855809680599,,0.36517717356177504,0.012190408290536156,0.07867863611882397,0.12393794432418735
beta-VAE,ref_sub,,48,1,MI,0.0078955059117991,,-1.2889809412050202e-05,2.0437730448792416e-05,0.00790839572121115,
beta-VAE,ref_sub,,48,1,GCN,0.0615973852996706,,5.508943048724373,5.812118742204834,-5.447345663424703,
beta-VAE,ref_sub,,48,1,DCI-D,0.0789358867188023,,0.011318801885722133,0.0019313492810174695,0.06761708483308017,0.06839119117673821
beta-VAE,ref_sub,,48,1,DCI-C,0.527656552595719,,0.0037393108995849335,0.0004989475095134269,0.5239172416961341,0.5258836842887087
beta-VAE,ref_sub,,48,1,DCI-I,0.77175,,0.15541666666666665,0.009540265544871715,0.6163333333333334,0.7297483966452887
beta-VAE,ref_sub,,48,1,Modularity,0.552043446659163,,0.7778977374871161,0.04846417368182743,-0.22585429082795305,-1.0168932467081533
beta-VAE,ref_sub,,48,1,Explicitness,0.742120650164552,,-0.005028008698603167,0.01369989628323007,0.7471486588631552,0.7434107829796979
beta-VAE,ref_sub,,48,1,IRS,0.49108476091386,,0.3628414843146723,0.002371953802877348,0.12824327659918772,0.20127373870417356
DecVAE + EWT,ref_sub,,192,1,MI,0.0300152167721184,,-2.5866745685098056e-06,1.5730043071591787e-06,0.030017803446686912,
DecVAE + EWT,ref_sub,,192,1,GCN,0.136280403360661,,33.0975525483523,33.39704503496172,-32.96127214499164,
DecVAE + EWT,ref_sub,,192,1,DCI-D,0.433499182721692,,0.04472897218275914,0.004814834183502597,0.3887702105389329,0.40697372705551277
DecVAE + EWT,ref_sub,,192,1,DCI-C,0.141587056590444,,0.011372135217428999,0.0009736318171918452,0.130214921373015,0.13171277688157532
DecVAE + EWT,ref_sub,,192,1,DCI-I,0.69275,,0.15866666666666665,0.0017078251276599293,0.5340833333333334,0.6348058637083993
DecVAE + EWT,ref_sub,,192,1,Modularity,0.905839790655658,,0.7151812833770604,0.03824902613657802,0.19065850727859757,0.6694030137457678
DecVAE + EWT,ref_sub,,192,1,Explicitness,0.882366599241311,,-0.003472141501870867,0.005063445660742206,0.8858387407431819,0.8827736258002837
DecVAE + EWT,ref_sub,,192,1,IRS,0.488697668932804,,0.36494686071377574,0.004930942247174037,0.12375080821902823,0.19486685532823203
wav2vec2 + PCA,ref_sub,,192,1,MI,0.0020833571232261,,-2.5866745685098056e-06,1.5730043071591787e-06,0.0020859437977946097,
wav2vec2 + PCA,ref_sub,,192,1,GCN,0.0386933420653948,,33.0975525483523,33.39704503496172,-33.058859206286904,
wav2vec2 + PCA,ref_sub,,192,1,DCI-D,0.38715293154496,,0.04472897218275914,0.004814834183502597,0.3424239593622009,0.3584573899876635
wav2vec2 + PCA,ref_sub,,192,1,DCI-C,0.439341709295035,,0.011372135217428999,0.0009736318171918452,0.427969574077606,0.43289248596258145
wav2vec2 + PCA,ref_sub,,192,1,DCI-I,0.855,,0.15866666666666665,0.0017078251276599293,0.6963333333333334,0.8276545166402536
wav2vec2 + PCA,ref_sub,,192,1,Modularity,0.633149971725341,,0.7151812833770604,0.03824902613657802,-0.0820313116517194,-0.28801236317737317
wav2vec2 + PCA,ref_sub,,192,1,Explicitness,0.997057660907242,,-0.003472141501870867,0.005063445660742206,1.000529802409113,0.9970678417755034
wav2vec2 + PCA,ref_sub,,192,1,IRS,0.419671831345234,,0.36494686071377574,0.004930942247174037,0.05472497063145826,0.08617384474780655
CoST,ref_sub,,96,1,MI,0.0161347771792173,,-1.0020925817632736e-05,6.712673821904932e-06,0.016144798105034934,
CoST,ref_sub,,96,1,GCN,186.146759635518,,3.1545282136599706,2.751069138933357,182.99223142185804,
CoST,ref_sub,,96,1,DCI-D,0.688723087591402,,0.02173969753545063,0.0021061493587447356,0.6669833900559514,0.6818056384130152
CoST,ref_sub,,96,1,DCI-C,0.244646245954035,,0.006728082317834501,0.0004986162690146281,0.2379181636362005,0.23952973944072717
CoST,ref_sub,,96,1,DCI-I,0.7395,,0.15941666666666665,0.00819857711232054,0.5800833333333334,0.6900961633786062
CoST,ref_sub,,96,1,Modularity,0.9493780869479,,0.7435859031587896,0.024404712223029854,0.20579218378911046,0.8025774960280417
CoST,ref_sub,,96,1,Explicitness,0.950023152978381,,-0.009185961355375633,0.0019966256511421802,0.9592091143337567,0.9504780596090555
CoST,ref_sub,,96,1,IRS,0.430052428717538,,0.37067823413141365,0.005014549045481831,0.05937419458612436,0.09434632298817193
SFA,ref_sub,,48,1,MI,0.005225676378223,,-1.2889809412050202e-05,2.0437730448792416e-05,0.00523856618763505,
SFA,ref_sub,,48,1,GCN,1.10893518461982,,5.508943048724373,5.812118742204834,-4.400007864104554,
SFA,ref_sub,,48,1,DCI-D,0.427750658229142,,0.011318801885722133,0.0019313492810174695,0.41643185634341984,0.4211993280924981
SFA,ref_sub,,48,1,DCI-C,0.426298089167279,,0.0037393108995849335,0.0004989475095134269,0.42255877826769406,0.4241447874945746
SFA,ref_sub,,48,1,DCI-I,0.92275,,0.15541666666666665,0.009540265544871715,0.7673333333333333,0.9085347804637395
SFA,ref_sub,,48,1,Modularity,0.737411079182535,,0.7778977374871161,0.04846417368182743,-0.04048665830458109,-0.1822883650374003
SFA,ref_sub,,48,1,Explicitness,0.969699456465223,,-0.005028008698603167,0.01369989628323007,0.9747274651638262,0.9698510456698488
SFA,ref_sub,,48,1,IRS,0.415777625710806,,0.3628414843146723,0.002371953802877348,0.05293614139613373,0.08308158816522387
DecVAE + FD,ref_sub,,192,1,MI,0.0409873917888019,,-2.5866745685098056e-06,1.5730043071591787e-06,0.04098997846337041,
DecVAE + FD,ref_sub,,192,1,GCN,0.157216815182555,,33.0975525483523,33.39704503496172,-32.94033573316974,
DecVAE + FD,ref_sub,,192,1,DCI-D,0.445651374373603,,0.04472897218275914,0.004814834183502597,0.4009224021908439,0.419694924807818
DecVAE + FD,ref_sub,,192,1,DCI-C,0.147183598202523,,0.011372135217428999,0.0009736318171918452,0.135811462985094,0.13737369522248194
DecVAE + FD,ref_sub,,192,1,DCI-I,0.73775,,0.15866666666666665,0.0017078251276599293,0.5790833333333334,0.6882923930269415
DecVAE + FD,ref_sub,,192,1,Modularity,0.808693800352557,,0.7151812833770604,0.03824902613657802,0.09351251697549656,0.3283229349681192
DecVAE + FD,ref_sub,,192,1,Explicitness,0.890355039594491,,-0.003472141501870867,0.005063445660742206,0.893827181096362,0.8907344251317171
DecVAE + FD,ref_sub,,192,1,IRS,0.496910038400203,,0.36494686071377574,0.004930942247174037,0.13196317768642724,0.20779863844897906
wav2vec2,ref_sub,,768,1,MI,0.0289702939610533,,5.466832729848397e-07,8.51161356957419e-07,0.028969747277780317,
wav2vec2,ref_sub,,768,1,GCN,0.5583896652540206,,101.1437099213931,117.61846367989746,-100.58532025613907,
wav2vec2,ref_sub,,768,1,DCI-D,0.8404593666398814,,0.15649135864384559,0.008992998913344616,0.6839680079960359,0.8108607007230934
wav2vec2,ref_sub,,768,1,DCI-C,0.3258555819757078,,0.032730961641431834,0.0006055665103527959,0.29312462033427594,0.30304352637163
wav2vec2,ref_sub,,768,1,DCI-I,0.90375,,0.1565,0.0006708203932499375,0.7472500000000001,0.8858921161825727
wav2vec2,ref_sub,,768,1,Modularity,0.6490948886765987,,0.733138033749052,0.004110011754564906,-0.08404314507245325,-0.3149311468140121
wav2vec2,ref_sub,,768,1,Explicitness,0.9989279955224176,,-0.0067496714425216665,0.005491367311272332,1.0056776669649392,0.9989351826894103
wav2vec2,ref_sub,,768,1,IRS,0.428952677644937,,0.3638269089198738,0.0022514174301362273,0.0651257687250632,0.10237114652946017
wav2vec2,dim_subset,k = 48,48,5,MI,0.02838886612984352,0.0016415140161804354,-1.2889809412050202e-05,2.0437730448792416e-05,0.02840175593925557,
wav2vec2,dim_subset,k = 48,48,5,GCN,0.14685943805456614,0.011908778824100321,5.508943048724373,5.812118742204834,-5.362083610669807,
wav2vec2,dim_subset,k = 48,48,5,DCI-D,0.3720978760474273,0.059742278528791444,0.011318801885722133,0.0019313492810174695,0.3607790741617051,0.3649094114966714
wav2vec2,dim_subset,k = 48,48,5,DCI-C,0.14538471611543474,0.011400154756225746,0.0037393108995849335,0.0004989475095134269,0.1416454052158498,0.14217704940636586
wav2vec2,dim_subset,k = 48,48,5,DCI-I,0.8454499999999999,0.00682687703126399,0.15541666666666665,0.009540265544871715,0.6900333333333333,0.8170103601381351
wav2vec2,dim_subset,k = 48,48,5,Modularity,0.6528248468426665,0.03153602777919862,0.7778977374871161,0.04846417368182743,-0.1250728906444496,-0.5631319970781219
wav2vec2,dim_subset,k = 48,48,5,Explicitness,0.9762932446882824,0.003393461092849661,-0.005028008698603167,0.01369989628323007,0.9813212533868856,0.9764118461311191
wav2vec2,dim_subset,k = 48,48,5,IRS,0.42196926556166126,0.01477782432666599,0.3628414843146723,0.002371953802877348,0.059127781246988975,0.09279916973783382
wav2vec2,dim_subset,k = 96,96,5,MI,0.03020905370496208,0.0020322602291458205,-1.0020925817632736e-05,6.712673821904932e-06,0.030219074630779715,
wav2vec2,dim_subset,k = 96,96,5,GCN,0.2298560101525325,0.04145162885142082,3.1545282136599706,2.751069138933357,-2.924672203507438,
wav2vec2,dim_subset,k = 96,96,5,DCI-D,0.5397819793985321,0.04752995625913737,0.02173969753545063,0.0021061493587447356,0.5180422818630814,0.5295546395555129
wav2vec2,dim_subset,k = 96,96,5,DCI-C,0.20447569661784892,0.01901765056894174,0.006728082317834501,0.0004986162690146281,0.19774761430001442,0.19908708862067231
wav2vec2,dim_subset,k = 96,96,5,DCI-I,0.86195,0.004381780460041315,0.15941666666666665,0.00819857711232054,0.7025333333333333,0.8357688113413304
wav2vec2,dim_subset,k = 96,96,5,Modularity,0.6615334061556609,0.019754128317608328,0.7435859031587896,0.024404712223029854,-0.08205249700312867,-0.3199999454551882
wav2vec2,dim_subset,k = 96,96,5,Explicitness,0.9900168774063391,0.0010588405445341852,-0.009185961355375633,0.0019966256511421802,0.9992028387617148,0.9901077472577472
wav2vec2,dim_subset,k = 96,96,5,IRS,0.4418679498340019,0.009016403426557639,0.37067823413141365,0.005014549045481831,0.07118971570258825,0.11312133087329755
wav2vec2,dim_subset,k = 192,192,5,MI,0.027949673287186637,0.0011170418839735147,-2.5866745685098056e-06,1.5730043071591787e-06,0.027952259961755148,
wav2vec2,dim_subset,k = 192,192,5,GCN,0.29474793895551027,0.01254045087838128,33.0975525483523,33.39704503496172,-32.80280460939679,
wav2vec2,dim_subset,k = 192,192,5,DCI-D,0.6342882332457516,0.01854138214882244,0.04472897218275914,0.004814834183502597,0.5895592610629924,0.6171643898905985
wav2vec2,dim_subset,k = 192,192,5,DCI-C,0.2246794198830885,0.007676720883923933,0.011372135217428999,0.0009736318171918452,0.2133072846656595,0.21576094733337522
wav2vec2,dim_subset,k = 192,192,5,DCI-I,0.88095,0.006210877554742147,0.15866666666666665,0.0017078251276599293,0.7222833333333334,0.8584984152139461
wav2vec2,dim_subset,k = 192,192,5,Modularity,0.6479204288291023,0.027962669159502452,0.7151812833770604,0.03824902613657802,-0.06726085454795816,-0.23615321122664207
wav2vec2,dim_subset,k = 192,192,5,Explicitness,0.9965592639503947,0.0004311482102863297,-0.003472141501870867,0.005063445660742206,1.0000314054522657,0.9965711693356474
wav2vec2,dim_subset,k = 192,192,5,IRS,0.42609529917439415,0.003231114528479601,0.36494686071377574,0.004930942247174037,0.061148438460618404,0.09628869566623502
wav2vec2,dim_subset,k = 320,320,5,MI,0.02923356305817204,0.0004984488082478168,-1.1866805799711734e-06,3.0485578275940313e-06,0.029234749738752012,
wav2vec2,dim_subset,k = 320,320,5,GCN,0.40622084604258524,0.018452531919607985,35.75755888935916,11.639221139199014,-35.351338043316574,
wav2vec2,dim_subset,k = 320,320,5,DCI-D,0.7359278980128272,0.015249078894876054,0.07221631630158444,0.009874156154876815,0.6637115817112428,0.7153731989179799
wav2vec2,dim_subset,k = 320,320,5,DCI-C,0.2870554470661168,0.00955747416475631,0.016921978610999033,0.0015280869918327868,0.27013346845511776,0.27478334636496443
wav2vec2,dim_subset,k = 320,320,5,DCI-I,0.891,0.003980420832022652,0.16074999999999998,0.0033090784215548293,0.7302500000000001,0.8701221328567174
wav2vec2,dim_subset,k = 320,320,5,Modularity,0.649035413524426,0.010460257602931526,0.7329485212848406,0.01571166932482495,-0.08391310776041461,-0.31422071940637863
wav2vec2,dim_subset,k = 320,320,5,Explicitness,0.9982580810755026,9.003473473137867e-05,-0.0007022057717778997,0.005979420086897687,0.9989602868472806,0.9982593034027003
wav2vec2,dim_subset,k = 320,320,5,IRS,0.4331725241849133,0.006536925043082924,0.3651338146429974,0.0018421997333853948,0.06803870954191593,0.10717015823366921
