model,condition,level,seed,n_frames,latent_dim,MI,GCN,gaussian_total_correlation,gaussian_total_correlation_norm,DCI-D,DCI-C,DCI-I,Modularity,Explicitness,IRS,mi_gcn_from,cramers_v_achieved,replacement,shift,zipf_a,target_v,lambda,flip_rate,speaker_groups,noise_sd,subset_dims,frames_from
FHVAE seg,ref_full,,0,134183,48,0.0050037289511135,0.512603406668369,8.08599326912168,0.512603406668369,0.379376627831813,0.272124380900532,0.884636881916757,0.87312463907047,0.990562915483405,0.467875173874978,self,0.0207669784622254,FALSE,,,,,,,,,
FHVAE seg,null_shift0,,0,134183,48,0.0050037289511135,0.512603406668369,8.08599326912168,0.512603406668369,0.379376627831813,0.272124380900532,0.884636881916757,0.87312463907047,0.990562915483405,0.467875173874978,self,0.0207669784622254,FALSE,0,,,,,,,,
FHVAE seg,null,,0,134183,48,0.0050037289511135,0.512603406668369,8.08599326912168,0.512603406668369,0.0235652213310516,0.0185177488998874,0.199128069456348,0.986689539399802,0.0936430421881806,0.395926391894891,ref_full,0.0207669784622254,FALSE,34885,,,,,,,,
DecVAE + EWT,ref_full,,0,134347,192,0.0314851992789445,0.134973611805712,209.71257538489,0.134973611805712,0.574817922952211,0.199148493815397,0.729028656494231,0.905166770318941,0.896321214661899,0.56058289742506,self,0.0206932874508365,FALSE,,,,,,,,,
FHVAE seg,null,,1,134183,48,0.0050037289511135,0.512603406668369,8.08599326912168,0.512603406668369,0.0220266740762562,0.0150080569664846,0.193762343033871,0.973108365827878,0.0753198141890827,0.395667241591418,ref_full,0.0207669784622254,FALSE,50915,,,,,,,,
FHVAE seg,null,,2,134183,48,0.0050037289511135,0.512603406668369,8.08599326912168,0.512603406668369,0.0217243401024777,0.0147404410713374,0.193333830159854,0.976489297674846,0.085901235207553,0.395641409427433,ref_full,0.0207669784622254,FALSE,67195,,,,,,,,
FHVAE seg,null,,3,134183,48,0.0050037289511135,0.512603406668369,8.08599326912168,0.512603406668369,0.0177476749270497,0.015758713170836,0.190464657003391,0.969092542968755,0.0696158350961675,0.395660633973438,ref_full,0.0207669784622254,FALSE,38304,,,,,,,,
FHVAE seg,null,,4,134183,48,0.0050037289511135,0.512603406668369,8.08599326912168,0.512603406668369,0.0307121063859266,0.0177978466717517,0.19584901442039,0.979185997468944,0.0840027652088779,0.395673083237098,ref_full,0.0207669784622254,FALSE,77431,,,,,,,,
FHVAE seg,ref_sub,,0,10000,48,0.0044270399731871,0.511591590221495,8.08457961844564,0.511591590221495,0.35310808418582,0.239329869295739,0.85425,0.874566060250744,0.990487938966174,0.41533378024655,self,0.0207801845123251,FALSE,,,,,,,,,
FHVAE seg,imbalance,Zipf a = 1,0,10000,48,0.0044270399731871,0.511591590221495,8.08457961844564,0.511591590221495,0.434933323168409,0.269513936836224,0.879,0.811142988279121,0.990966704535668,0.412089572822174,ref_sub,0.0010613132884809,FALSE,,1,,,,,,,
FHVAE seg,imbalance,Zipf a = 2,0,10000,48,0.0044270399731871,0.511591590221495,8.08457961844564,0.511591590221495,0.579443182426592,0.358706157982541,0.92425,0.706368839286177,0.992044984829684,0.423563245908677,ref_sub,0.0028875819311766,TRUE,,2,,,,,,,
FHVAE seg,correlated,V = 0.3,0,10000,48,0.0044270399731871,0.511591590221495,8.08457961844564,0.511591590221495,0.288372804132587,0.23859806406213,0.862,0.836868723451288,0.98997223897807,0.417995008462164,ref_sub,0.3,FALSE,,,0.3,0.3,,,,,
FHVAE seg,correlated,V = 0.6,0,10000,48,0.0044270399731871,0.511591590221495,8.08457961844564,0.511591590221495,0.192982014112906,0.25415772118639,0.8935,0.785478261432676,0.993536655701776,0.41107073065925,ref_sub,0.6,FALSE,,,0.6,0.6,,,,,
FHVAE seg,label_noise,10%,0,10000,48,0.0044270399731871,0.511591590221495,8.08457961844564,0.511591590221495,0.313316486844724,0.205365061590318,0.76375,0.882200993371853,0.861378292334813,0.383771382231062,ref_sub,0.0268041347693201,FALSE,,,,,0.1,,,,
FHVAE seg,label_noise,30%,0,10000,48,0.0044270399731871,0.511591590221495,8.08457961844564,0.511591590221495,0.220408120119743,0.147127922372648,0.564,0.889708572772721,0.599849450632118,0.354500719302228,ref_sub,0.0263535600453248,FALSE,,,,,0.3,,,,
FHVAE seg,partial,5 speaker groups,0,10000,48,0.0044270399731871,0.511591590221495,8.08457961844564,0.511591590221495,0.392062291433645,0.302697313921686,0.97425,0.87888751292313,0.993260230538173,0.410379599754341,ref_sub,0.0150497464033375,FALSE,,,,,,5,,,
FHVAE seg,dimensionality,+d noise dims,0,10000,96,0.0010941802138912,0.243628771564862,8.25449404627699,0.243628771564862,0.357549382882627,0.344297108862432,0.85075,0.768767118194997,0.988907900170968,0.390202855907527,self,0.0207801845123251,FALSE,,,,,,,0.828188061714172,,
DecVAE + EWT,null_shift0,,0,134347,192,0.0314851992789445,0.134973611805712,209.71257538489,0.134973611805712,0.574817922952211,0.199148493815397,0.729028656494231,0.905166770318941,0.896321214661899,0.56058289742506,self,0.0206932874508365,FALSE,0,,,,,,,,
wav2vec2 + PCA,ref_full,,0,134183,192,0.001981195697379,0.0354248708646608,11.0558444641454,0.0354248708646608,0.382565263810225,0.49400050981876,0.891194991988672,0.617700547409931,0.999353984459051,0.47991586647925,self,0.0207669784622254,FALSE,,,,,,,,,
DecVAE + EWT,null,,0,134347,192,0.0314851992789445,0.134973611805712,209.71257538489,0.134973611805712,0.196695139896295,0.0659591373236618,0.231764049125419,0.997800550490484,0.119475405614522,0.482731660591879,ref_full,0.0206932874508365,FALSE,34928,,,,,,,,
PCA,ref_full,,0,134183,20,0.0110915355200283,0.254206392236014,3.06749616441918,0.254206392236014,0.232306916695085,0.199021905192865,0.794406975444349,0.733260995845595,0.884060219848462,0.498229265687663,self,0.0207669784622254,FALSE,,,,,,,,,
PCA,null_shift0,,0,134183,20,0.0110915355200283,0.254206392236014,3.06749616441918,0.254206392236014,0.232306916695085,0.199021905192865,0.794406975444349,0.733260995845595,0.884060219848462,0.498229265687663,self,0.0207669784622254,FALSE,0,,,,,,,,
beta-VAE,ref_full,,0,134183,48,0.0072901239258167,0.0603787091273643,7.21775230255025,0.0603787091273643,0.0593320280791205,0.626649265937685,0.795208108208816,0.55209522218312,0.75150405824621,0.535726266851868,self,0.0207669784622254,FALSE,,,,,,,,,
PCA,null,,0,134183,20,0.0110915355200283,0.254206392236014,3.06749616441918,0.254206392236014,0.0356233409969617,0.015402709767073,0.176044267242985,0.948786954244534,0.0550193738914632,0.407019070622934,ref_full,0.0207669784622254,FALSE,34885,,,,,,,,
wav2vec2 + PCA,null_shift0,,0,134183,192,0.001981195697379,0.0354248708646608,11.0558444641454,0.0354248708646608,0.382565263810225,0.49400050981876,0.891194991988672,0.617700547409931,0.999353984459051,0.47991586647925,self,0.0207669784622254,FALSE,0,,,,,,,,
PCA,null,,1,134183,20,0.0110915355200283,0.254206392236014,3.06749616441918,0.254206392236014,0.0131458287895373,0.0064061802401473,0.173286880053657,0.980233891710152,0.0388578395605139,0.406614775721125,ref_full,0.0207669784622254,FALSE,50915,,,,,,,,
DecVAE + EWT,null,,1,134347,192,0.0314851992789445,0.134973611805712,209.71257538489,0.134973611805712,0.132829392691738,0.0579671862758487,0.214867882396725,0.996829757933881,0.102135137994498,0.482614683783669,ref_full,0.0206932874508365,FALSE,50978,,,,,,,,
beta-VAE,null_shift0,,0,134183,48,0.0072901239258167,0.0603787091273643,7.21775230255025,0.0603787091273643,0.0593320280791205,0.626649265937685,0.795208108208816,0.55209522218312,0.75150405824621,0.535726266851868,self,0.0207669784622254,FALSE,0,,,,,,,,
PCA,null,,2,134183,20,0.0110915355200283,0.254206392236014,3.06749616441918,0.254206392236014,0.0164804535712409,0.0095968236266142,0.172597533256325,0.9757929551168,0.0477110224764194,0.407365030789351,ref_full,0.0207669784622254,FALSE,67195,,,,,,,,
PCA,null,,3,134183,20,0.0110915355200283,0.254206392236014,3.06749616441918,0.254206392236014,0.0140538147159956,0.0059680131134905,0.171665983530201,0.98302336770806,0.0349346116054456,0.406855139222905,ref_full,0.0207669784622254,FALSE,38304,,,,,,,,
PCA,null,,4,134183,20,0.0110915355200283,0.254206392236014,3.06749616441918,0.254206392236014,0.0117668156654715,0.0101467857960834,0.173417297015315,0.969210371166767,0.0513063024440794,0.407176216951493,ref_full,0.0207669784622254,FALSE,77431,,,,,,,,
PCA,ref_sub,,0,10000,20,0.0103279098571878,0.254377206333759,3.07315760628183,0.254377206333759,0.222167802927853,0.175394800590786,0.77975,0.731403764630414,0.879421283045134,0.443855809680599,self,0.0207801845123251,FALSE,,,,,,,,,
PCA,imbalance,Zipf a = 1,0,10000,20,0.0103279098571878,0.254377206333759,3.07315760628183,0.254377206333759,0.273123869059691,0.187419079121729,0.817,0.749756523953393,0.893336463980846,0.450077343034543,ref_sub,0.0010613132884809,FALSE,,1,,,,,,,
PCA,imbalance,Zipf a = 2,0,10000,20,0.0103279098571878,0.254377206333759,3.07315760628183,0.254377206333759,0.363867810695069,0.259546920138153,0.90225,0.706462331963756,0.922638513627808,0.469351742912669,ref_sub,0.0028875819311766,TRUE,,2,,,,,,,
PCA,correlated,V = 0.3,0,10000,20,0.0103279098571878,0.254377206333759,3.07315760628183,0.254377206333759,0.199214875909051,0.165978661964213,0.777,0.679358362306404,0.902807029496052,0.431502035692146,ref_sub,0.3,FALSE,,,0.3,0.3,,,,,
PCA,correlated,V = 0.6,0,10000,20,0.0103279098571878,0.254377206333759,3.07315760628183,0.254377206333759,0.123228927091359,0.165978638025744,0.86225,0.530672947905357,0.942671868547826,0.444122323360721,ref_sub,0.6,FALSE,,,0.6,0.6,,,,,
beta-VAE,null,,0,134183,48,0.0072901239258167,0.0603787091273643,7.21775230255025,0.0603787091273643,0.0809144256194286,0.042463462713219,0.175708909341581,0.808263743852463,0.033724597438737,0.426481382625114,ref_full,0.0207669784622254,FALSE,34885,,,,,,,,
PCA,label_noise,10%,0,10000,20,0.0103279098571878,0.254377206333759,3.07315760628183,0.254377206333759,0.191051241685501,0.14782916479972,0.687,0.729429612754786,0.770505940640355,0.386827794655242,ref_sub,0.0268041347693201,FALSE,,,,,0.1,,,,
PCA,label_noise,30%,0,10000,20,0.0103279098571878,0.254377206333759,3.07315760628183,0.254377206333759,0.150487501017605,0.112419341369815,0.515,0.705130760543548,0.531548349884246,0.359469654331377,ref_sub,0.0263535600453248,FALSE,,,,,0.3,,,,
PCA,partial,5 speaker groups,0,10000,20,0.0103279098571878,0.254377206333759,3.07315760628183,0.254377206333759,0.224631937728421,0.205036113499261,0.92725,0.732211654759806,0.92345341581538,0.441928477573919,ref_sub,0.0150497464033375,FALSE,,,,,,5,,,
PCA,dimensionality,+d noise dims,0,10000,40,0.0024766612130014,0.203754902587109,3.10216008498405,0.203754902587109,0.230558660892698,0.308914719976831,0.77275,0.6830747834787,0.877070759530773,0.409681166365168,self,0.0207801845123251,FALSE,,,,,,,1.04503560066223,,
beta-VAE,null,,1,134183,48,0.0072901239258167,0.0603787091273643,7.21775230255025,0.0603787091273643,0.0871491031091214,0.041734827806545,0.171069791705481,0.85624124138701,0.0351589432112331,0.425428750707703,ref_full,0.0207669784622254,FALSE,50915,,,,,,,,
beta-VAE,null,,2,134183,48,0.0072901239258167,0.0603787091273643,7.21775230255025,0.0603787091273643,0.0554871983967452,0.0280825999379264,0.170902112754779,0.90415282467693,0.0327156231116769,0.425862346344263,ref_full,0.0207669784622254,FALSE,67195,,,,,,,,
wav2vec2 + PCA,null,,0,134183,192,0.001981195697379,0.0354248708646608,11.0558444641454,0.0354248708646608,0.119027366976245,0.0433581868402882,0.276092707828744,0.996366015209434,0.235427859988837,0.424955938878488,ref_full,0.0207669784622254,FALSE,34885,,,,,,,,
DecVAE + EWT,null,,2,134347,192,0.0314851992789445,0.134973611805712,209.71257538489,0.134973611805712,0.130510313563893,0.051170855169591,0.212523260141422,0.994964993254041,0.0891998870736974,0.482834130844391,ref_full,0.0206932874508365,FALSE,67277,,,,,,,,
beta-VAE,null,,3,134183,48,0.0072901239258167,0.0603787091273643,7.21775230255025,0.0603787091273643,0.0458520205052904,0.0225832007538057,0.172094496404218,0.802096857036121,0.0198869160122199,0.426194357580837,ref_full,0.0207669784622254,FALSE,38304,,,,,,,,
beta-VAE,null,,4,134183,48,0.0072901239258167,0.0603787091273643,7.21775230255025,0.0603787091273643,0.0670355075769392,0.0390315256096357,0.172299437343965,0.892071751471629,0.0398167337591237,0.426311399006758,ref_full,0.0207669784622254,FALSE,77431,,,,,,,,
beta-VAE,ref_sub,,0,10000,48,0.0078955059117991,0.0615973852996706,7.36488556048599,0.0615973852996706,0.0789358867188023,0.527656552595719,0.77175,0.552043446659163,0.742120650164552,0.49108476091386,self,0.0207801845123251,FALSE,,,,,,,,,
beta-VAE,imbalance,Zipf a = 1,0,10000,48,0.0078955059117991,0.0615973852996706,7.36488556048599,0.0615973852996706,0.140795297546847,0.511215525545481,0.8115,0.598662465085653,0.797219048773317,0.505372476123459,ref_sub,0.0010613132884809,FALSE,,1,,,,,,,
beta-VAE,imbalance,Zipf a = 2,0,10000,48,0.0078955059117991,0.0615973852996706,7.36488556048599,0.0615973852996706,0.284194760181105,0.510204663555242,0.89225,0.60179894284474,0.868810977623074,0.512642153117391,ref_sub,0.0028875819311766,TRUE,,2,,,,,,,
beta-VAE,correlated,V = 0.3,0,10000,48,0.0078955059117991,0.0615973852996706,7.36488556048599,0.0615973852996706,0.0655530688143632,0.533178034267552,0.78325,0.41858017391892,0.782390019138602,0.483490724741675,ref_sub,0.3,FALSE,,,0.3,0.3,,,,,
beta-VAE,correlated,V = 0.6,0,10000,48,0.0078955059117991,0.0615973852996706,7.36488556048599,0.0615973852996706,0.0502682760550466,0.578909454092336,0.8485,0.326919790104456,0.865681089048417,0.490447944790318,ref_sub,0.6,FALSE,,,0.6,0.6,,,,,
beta-VAE,label_noise,10%,0,10000,48,0.0078955059117991,0.0615973852996706,7.36488556048599,0.0615973852996706,0.0688176283777365,0.458625235565512,0.683,0.552397643446897,0.656621133317402,0.441133513308505,ref_sub,0.0268041347693201,FALSE,,,,,0.1,,,,
beta-VAE,label_noise,30%,0,10000,48,0.0078955059117991,0.0615973852996706,7.36488556048599,0.0615973852996706,0.0562838090974215,0.320446668603272,0.521,0.549240658333419,0.435296350839594,0.398182649035671,ref_sub,0.0263535600453248,FALSE,,,,,0.3,,,,
beta-VAE,partial,5 speaker groups,0,10000,48,0.0078955059117991,0.0615973852996706,7.36488556048599,0.0615973852996706,0.0610576741832633,0.609385783061201,0.91625,0.551781880512047,0.778676262808927,0.490983256,ref_sub,0.0150497464033375,FALSE,,,,,,5,,,
beta-VAE,dimensionality,+d noise dims,0,10000,96,0.0019470236124089,0.0246445936188994,7.53100297021081,0.0246445936188994,0.0912551080708522,0.57037041121863,0.772,0.607505811399206,0.734855209888484,0.480492687005615,self,0.0207801845123251,FALSE,,,,,,,0.0086939726024866,,
wav2vec2 + PCA,null,,1,134183,192,0.001981195697379,0.0354248708646608,11.0558444641454,0.0354248708646608,0.111577435466397,0.0369759065886487,0.264075716361739,0.99333008956396,0.227470303803222,0.424591977957959,ref_full,0.0207669784622254,FALSE,50915,,,,,,,,
CoST,ref_full,,0,134183,96,0.0171044610043246,216.425734451233,70.7885583438373,216.425734451233,0.817164098926118,0.316199396018481,0.763367738569885,0.948196532745269,0.955251225002736,0.474671193208125,self,0.0207669784622254,FALSE,,,,,,,,,
DecVAE + EWT,null,,3,134347,192,0.0314851992789445,0.134973611805712,209.71257538489,0.134973611805712,0.137722888670071,0.0535458549172585,0.214960922962412,0.997059438130766,0.0972239644182728,0.482513291833754,ref_full,0.0206932874508365,FALSE,38351,,,,,,,,
CoST,null_shift0,,0,134183,96,0.0171044610043246,216.425734451233,70.7885583438373,216.425734451233,0.817164098926118,0.316199396018481,0.763367738569885,0.948196532745269,0.955251225002736,0.474671193208125,self,0.0207669784622254,FALSE,0,,,,,,,,
wav2vec2 + PCA,null,,2,134183,192,0.001981195697379,0.0354248708646608,11.0558444641454,0.0354248708646608,0.106395813245518,0.0345185364402201,0.265212207027611,0.995871178778797,0.226404791826846,0.425092058675969,ref_full,0.0207669784622254,FALSE,67195,,,,,,,,
CoST,null,,0,134183,96,0.0171044610043246,216.425734451233,70.7885583438373,216.425734451233,0.113021302743953,0.0399168368191927,0.223441517308194,0.982584982531088,0.103094411422268,0.3894501711246,ref_full,0.0207669784622254,FALSE,34885,,,,,,,,
DecVAE + EWT,null,,4,134347,192,0.0314851992789445,0.134973611805712,209.71257538489,0.134973611805712,0.155689307084715,0.0540577978620476,0.214867882396725,0.995744914595207,0.104716145796333,0.482838431687799,ref_full,0.0206932874508365,FALSE,77525,,,,,,,,
DecVAE + EWT,ref_sub,,0,10000,192,0.0300152167721184,0.136280403360661,211.616765503776,0.136280403360661,0.433499182721692,0.141587056590444,0.69275,0.905839790655658,0.882366599241311,0.488697668932804,self,0.0206091419849636,FALSE,,,,,,,,,
DecVAE + EWT,imbalance,Zipf a = 1,0,10000,192,0.0300152167721184,0.136280403360661,211.616765503776,0.136280403360661,0.441440319374499,0.152131438060145,0.74225,0.894620655735301,0.883977621185753,0.486338822531803,ref_sub,0.0010613132884809,FALSE,,1,,,,,,,
DecVAE + EWT,imbalance,Zipf a = 2,0,10000,192,0.0300152167721184,0.136280403360661,211.616765503776,0.136280403360661,0.43872934233108,0.207347496799935,0.8555,0.849186243086072,0.899628802287547,0.52577209261341,ref_sub,0.0028875819311766,TRUE,,2,,,,,,,
DecVAE + EWT,correlated,V = 0.3,0,10000,192,0.0300152167721184,0.136280403360661,211.616765503776,0.136280403360661,0.367973853010447,0.129053273397438,0.71675,0.838646743894326,0.89318423457697,0.463585367140847,ref_sub,0.3,FALSE,,,0.3,0.3,,,,,
DecVAE + EWT,correlated,V = 0.6,0,10000,192,0.0300152167721184,0.136280403360661,211.616765503776,0.136280403360661,0.281552936782259,0.129923294565179,0.7805,0.662413081068649,0.932903440744142,0.45563343655718,ref_sub,0.6,FALSE,,,0.6,0.6,,,,,
DecVAE + EWT,label_noise,10%,0,10000,192,0.0300152167721184,0.136280403360661,211.616765503776,0.136280403360661,0.380436884436923,0.123778163530872,0.60525,0.90110899842514,0.750071309938952,0.435252394576276,ref_sub,0.0221483850210128,FALSE,,,,,0.1,,,,
DecVAE + EWT,label_noise,30%,0,10000,192,0.0300152167721184,0.136280403360661,211.616765503776,0.136280403360661,0.235840043743626,0.0733560324480486,0.464,0.895634272269455,0.521475620499333,0.401916231094809,ref_sub,0.0270514432920954,FALSE,,,,,0.3,,,,
CoST,null,,1,134183,96,0.0171044610043246,216.425734451233,70.7885583438373,216.425734451233,0.153949896082994,0.054300538753541,0.217908111935015,0.970895308594509,0.0934156717918281,0.388732749957088,ref_full,0.0207669784622254,FALSE,50915,,,,,,,,
DecVAE + EWT,partial,5 speaker groups,0,10000,192,0.0300152167721184,0.136280403360661,211.616765503776,0.136280403360661,0.541945475388036,0.191459965139011,0.81575,0.900754903848658,0.918971012364405,0.487721895753399,ref_sub,0.0151812043494135,FALSE,,,,,,5,,,
DecVAE + EWT,dimensionality,+d noise dims,0,10000,384,0.0074865685023969,0.0635895839359168,214.396234229392,0.0635895839359168,0.493255359843869,0.21434654111265,0.68325,0.807753788581572,0.858876206965788,0.482701931970509,self,0.0206091419849636,FALSE,,,,,,,0.0004023012588731,,
wav2vec2 + PCA,null,,3,134183,192,0.001981195697379,0.0354248708646608,11.0558444641454,0.0354248708646608,0.103356684780203,0.0358918802408256,0.262380295860193,0.994591844350474,0.2275365776638,0.424644182398137,ref_full,0.0207669784622254,FALSE,38304,,,,,,,,
CoST,null,,2,134183,96,0.0171044610043246,216.425734451233,70.7885583438373,216.425734451233,0.148058112091696,0.0535196706287381,0.22595670156873,0.976628682182597,0.0898677367021596,0.389198919351674,ref_full,0.0207669784622254,FALSE,67195,,,,,,,,
CoST,null,,3,134183,96,0.0171044610043246,216.425734451233,70.7885583438373,216.425734451233,0.0878222032369779,0.0346144183773951,0.217125610165071,0.964144070874291,0.0887919591841461,0.389073792706433,ref_full,0.0207669784622254,FALSE,38304,,,,,,,,
DecVAE + FD,ref_full,,0,134347,192,0.043883712818228,0.156869435955949,239.434310941393,0.156869435955949,0.527703622544565,0.181259711233368,0.78516933382955,0.814205257498813,0.908771019315154,0.580398307697894,self,0.0206932874508365,FALSE,,,,,,,,,
wav2vec2,ref_full,,0,134183,768,0.0310501401021786,0.552188987140976,1271.95048870181,0.552188987140976,0.892182512421997,0.359489073720219,0.943920706487312,0.647317002446296,0.999652147847473,0.469332463772802,self,0.0207669784622254,FALSE,,,,,,,,,
wav2vec2 + PCA,null,,4,134183,192,0.001981195697379,0.0354248708646608,11.0558444641454,0.0354248708646608,0.107682227801289,0.0355347452121143,0.269869955658233,0.996847348998619,0.237369459032075,0.424858616342105,ref_full,0.0207669784622254,FALSE,77431,,,,,,,,
wav2vec2 + PCA,ref_sub,,0,10000,192,0.0020833571232261,0.0386933420653948,12.0776668190056,0.0386933420653948,0.38715293154496,0.439341709295035,0.855,0.633149971725341,0.997057660907242,0.419671831345234,self,0.0207801845123251,FALSE,,,,,,,,,
CoST,null,,4,134183,96,0.0171044610043246,216.425734451233,70.7885583438373,216.425734451233,0.174129365709605,0.0541101395263847,0.224689793941201,0.968230201381582,0.100718455006108,0.389409486415859,ref_full,0.0207669784622254,FALSE,77431,,,,,,,,
CoST,ref_sub,,0,10000,96,0.0161347771792173,186.146759635518,71.0412522882102,186.146759635518,0.688723087591402,0.244646245954035,0.7395,0.9493780869479,0.950023152978381,0.430052428717538,self,0.0207801845123251,FALSE,,,,,,,,,
CoST,imbalance,Zipf a = 1,0,10000,96,0.0161347771792173,186.146759635518,71.0412522882102,186.146759635518,0.719237161000427,0.255507469133364,0.786,0.946303621316395,0.965422924033461,0.421845642209453,ref_sub,0.0010613132884809,FALSE,,1,,,,,,,
CoST,imbalance,Zipf a = 2,0,10000,96,0.0161347771792173,186.146759635518,71.0412522882102,186.146759635518,0.752040379230353,0.31531033236966,0.87475,0.92081590643572,0.972371155531073,0.430500179247708,ref_sub,0.0028875819311766,TRUE,,2,,,,,,,
CoST,correlated,V = 0.3,0,10000,96,0.0161347771792173,186.146759635518,71.0412522882102,186.146759635518,0.592241180213135,0.233610009527638,0.74625,0.939136860617234,0.953799612961581,0.429613675338542,ref_sub,0.3,FALSE,,,0.3,0.3,,,,,
CoST,correlated,V = 0.6,0,10000,96,0.0161347771792173,186.146759635518,71.0412522882102,186.146759635518,0.40471415178152,0.2070161365577,0.80525,0.901100510507194,0.967121774067954,0.431648150285132,ref_sub,0.6,FALSE,,,0.6,0.6,,,,,
CoST,label_noise,10%,0,10000,96,0.0161347771792173,186.146759635518,71.0412522882102,186.146759635518,0.618276963627968,0.212107272606875,0.635,0.949570584720926,0.816331201406622,0.390331307886243,ref_sub,0.0268041347693201,FALSE,,,,,0.1,,,,
CoST,label_noise,30%,0,10000,96,0.0161347771792173,186.146759635518,71.0412522882102,186.146759635518,0.400017823286407,0.136428766604138,0.48875,0.953513642074292,0.551976703624381,0.357723303108959,ref_sub,0.0263535600453248,FALSE,,,,,0.3,,,,
CoST,partial,5 speaker groups,0,10000,96,0.0161347771792173,186.146759635518,71.0412522882102,186.146759635518,0.869594619224946,0.349873556828276,0.81475,0.954353033914012,0.949026283336722,0.424598835618385,ref_sub,0.0150497464033375,FALSE,,,,,,5,,,
CoST,dimensionality,+d noise dims,0,10000,192,0.0040172418375284,1.31516945164077,71.7405963124916,1.31516945164077,0.70167670283264,0.326711683633039,0.7405,0.819202700825881,0.941706728840666,0.395441791165571,self,0.0207801845123251,FALSE,,,,,,,0.708820283412933,,
DecVAE + FD,null_shift0,,0,134347,192,0.043883712818228,0.156869435955949,239.434310941393,0.156869435955949,0.527703622544565,0.181259711233368,0.78516933382955,0.814205257498813,0.908771019315154,0.580398307697894,self,0.0206932874508365,FALSE,0,,,,,,,,
DecVAE + FD,null,,0,134347,192,0.043883712818228,0.156869435955949,239.434310941393,0.156869435955949,0.196719311633011,0.0769741911015281,0.26163007071083,0.998786613802241,0.120184666051226,0.439047670689265,ref_full,0.0206932874508365,FALSE,34928,,,,,,,,
SFA,ref_full,,0,134183,48,0.0055855853292691,1.109598698,2.51415501836543,1.109598698,0.4274484702826,0.450508457106262,0.944554160301077,0.741851175386026,0.972468495984196,0.484767686834979,self,0.0207669784622254,FALSE,,,,,,,,,
DecVAE + FD,null,,1,134347,192,0.043883712818228,0.156869435955949,239.434310941393,0.156869435955949,0.131864156931046,0.062310524657194,0.238965388909565,0.997970233889588,0.117982103976492,0.438873716663299,ref_full,0.0206932874508365,FALSE,50978,,,,,,,,
SFA,null_shift0,,0,134183,48,0.0055855853292691,1.109598698,2.51415501836543,1.109598698,0.4274484702826,0.450508457106262,0.944554160301077,0.741851175386026,0.972468495984196,0.484767686834979,self,0.0207669784622254,FALSE,0,,,,,,,,
SFA,null,,0,134183,48,0.0055855853292691,1.109598698,2.51415501836543,1.109598698,0.131049787137496,0.0617627892575429,0.188396616611395,0.877973306807957,0.0796007614015688,0.421419721241801,ref_full,0.0207669784622254,FALSE,34885,,,,,,,,
SFA,null,,1,134183,48,0.0055855853292691,1.109598698,2.51415501836543,1.109598698,0.190419791830918,0.0804591756199026,0.187819055781198,0.887574747907162,0.0792169200967514,0.421672893306817,ref_full,0.0207669784622254,FALSE,50915,,,,,,,,
SFA,null,,2,134183,48,0.0055855853292691,1.109598698,2.51415501836543,1.109598698,0.184480008365974,0.074212477314897,0.187055185005776,0.884545057484288,0.0767253679222186,0.422035970369935,ref_full,0.0207669784622254,FALSE,67195,,,,,,,,
DecVAE + FD,null,,2,134347,192,0.043883712818228,0.156869435955949,239.434310941393,0.156869435955949,0.144310364434201,0.0639204018224631,0.23349460364719,0.993771114550112,0.111395164806837,0.438906374202512,ref_full,0.0206932874508365,FALSE,67277,,,,,,,,
SFA,null,,3,134183,48,0.0055855853292691,1.109598698,2.51415501836543,1.109598698,0.0885105612118996,0.0370783735746134,0.180143086037933,0.873391232370163,0.0571069157610066,0.420965280314193,ref_full,0.0207669784622254,FALSE,38304,,,,,,,,
wav2vec2,null_shift0,,0,134183,768,0.0310501401021786,0.552188987140976,1271.95048870181,0.552188987140976,0.892182512421997,0.359489073720219,0.943920706487312,0.647317002446296,0.999652147847473,0.469332463772802,self,0.0207669784622254,FALSE,0,,,,,,,,
SFA,null,,4,134183,48,0.0055855853292691,1.109598698,2.51415501836543,1.109598698,0.163324508597379,0.07696531309666,0.185080299586392,0.929509814342581,0.0758402361699839,0.422111391239971,ref_full,0.0207669784622254,FALSE,77431,,,,,,,,
SFA,ref_sub,,0,10000,48,0.005225676378223,1.10893518461982,2.53817596887767,1.10893518461982,0.427750658229142,0.426298089167279,0.92275,0.737411079182535,0.969699456465223,0.415777625710806,self,0.0207801845123251,FALSE,,,,,,,,,
SFA,imbalance,Zipf a = 1,0,10000,48,0.005225676378223,1.10893518461982,2.53817596887767,1.10893518461982,0.405046538073769,0.422592770802472,0.94475,0.732494120122027,0.968419621228977,0.425776363020529,ref_sub,0.0010613132884809,FALSE,,1,,,,,,,
SFA,imbalance,Zipf a = 2,0,10000,48,0.005225676378223,1.10893518461982,2.53817596887767,1.10893518461982,0.533833085985452,0.474131721612248,0.97,0.723088588627084,0.965962484867757,0.426191591882659,ref_sub,0.0028875819311766,TRUE,,2,,,,,,,
SFA,correlated,V = 0.3,0,10000,48,0.005225676378223,1.10893518461982,2.53817596887767,1.10893518461982,0.367151097519804,0.416503155483082,0.928,0.689535380955302,0.974467781021099,0.425743031457455,ref_sub,0.3,FALSE,,,0.3,0.3,,,,,
SFA,correlated,V = 0.6,0,10000,48,0.005225676378223,1.10893518461982,2.53817596887767,1.10893518461982,0.269642837876971,0.404042125299185,0.95425,0.676592774273693,0.986825398050326,0.427121102680778,ref_sub,0.6,FALSE,,,0.6,0.6,,,,,
SFA,label_noise,10%,0,10000,48,0.005225676378223,1.10893518461982,2.53817596887767,1.10893518461982,0.366131315208155,0.373390131384638,0.823,0.719065773540277,0.837779367830508,0.380966793237658,ref_sub,0.0268041347693201,FALSE,,,,,0.1,,,,
SFA,label_noise,30%,0,10000,48,0.005225676378223,1.10893518461982,2.53817596887767,1.10893518461982,0.303581305876484,0.277048720874495,0.6215,0.734054114493068,0.5880334783658,0.358917325753185,ref_sub,0.0263535600453248,FALSE,,,,,0.3,,,,
SFA,partial,5 speaker groups,0,10000,48,0.005225676378223,1.10893518461982,2.53817596887767,1.10893518461982,0.447317880980399,0.498377379906001,0.99575,0.735869386929718,0.994589906544455,0.4103223091071,ref_sub,0.0150497464033375,FALSE,,,,,,5,,,
SFA,dimensionality,+d noise dims,0,10000,96,0.0012857845861668,0.877006754323615,2.7070911505554,0.877006754323615,0.437152624799913,0.5083294929763,0.92,0.699633063843106,0.967902471296158,0.390629984847279,self,0.0207801845123251,FALSE,,,,,,,1.00831532478333,,
DecVAE + FD,null,,3,134347,192,0.0438837128182281,0.156869435955949,239.434310941393,0.156869435955949,0.151844940364247,0.0685628863191611,0.237439523632304,0.997549742161152,0.109891274806317,0.439032095515556,ref_full,0.0206932874508365,FALSE,38351,,,,,,,,
DecVAE + FD,null,,4,134347,192,0.0438837128182281,0.156869435955949,239.434310941393,0.156869435955949,0.146881595592814,0.0716723116594182,0.242110160029773,0.997914194875398,0.119005563124796,0.439466206322579,ref_full,0.0206932874508365,FALSE,77525,,,,,,,,
DecVAE + FD,ref_sub,,0,10000,192,0.0409873917888019,0.157216815182555,240.279929817449,0.157216815182555,0.445651374373603,0.147183598202523,0.73775,0.808693800352557,0.890355039594491,0.496910038400203,self,0.0206091419849636,FALSE,,,,,,,,,
DecVAE + FD,imbalance,Zipf a = 1,0,10000,192,0.0409873917888019,0.157216815182555,240.279929817449,0.157216815182555,0.438685844747881,0.154296830087778,0.7795,0.766001244510819,0.896972199531032,0.544776923331097,ref_sub,0.0010613132884809,FALSE,,1,,,,,,,
DecVAE + FD,imbalance,Zipf a = 2,0,10000,192,0.0409873917888019,0.157216815182555,240.279929817449,0.157216815182555,0.488411338223376,0.196384540173754,0.876,0.564384305932496,0.882002300335418,0.531980484537379,ref_sub,0.0028875819311766,TRUE,,2,,,,,,,
DecVAE + FD,correlated,V = 0.3,0,10000,192,0.0409873917888019,0.157216815182555,240.279929817449,0.157216815182555,0.382069151191806,0.144129784213144,0.7435,0.768789283602198,0.904702911001261,0.509166465959097,ref_sub,0.3,FALSE,,,0.3,0.3,,,,,
DecVAE + FD,correlated,V = 0.6,0,10000,192,0.0409873917888019,0.157216815182555,240.279929817449,0.157216815182555,0.273731232975414,0.152302058944123,0.812,0.654523926343817,0.932955003028885,0.55077163011075,ref_sub,0.6,FALSE,,,0.6,0.6,,,,,
DecVAE + FD,label_noise,10%,0,10000,192,0.0409873917888019,0.157216815182555,240.279929817449,0.157216815182555,0.373538469788562,0.124952140411116,0.6435,0.800423904326246,0.749195256239053,0.422755181599705,ref_sub,0.0221483850210128,FALSE,,,,,0.1,,,,
DecVAE + FD,label_noise,30%,0,10000,192,0.0409873917888019,0.157216815182555,240.279929817449,0.157216815182555,0.253214495676027,0.0886815560939816,0.4905,0.796883552267851,0.527864029858759,0.361109829506516,ref_sub,0.0270514432920955,FALSE,,,,,0.3,,,,
DecVAE + FD,partial,5 speaker groups,0,10000,192,0.0409873917888019,0.157216815182555,240.279929817449,0.157216815182555,0.555199045567834,0.195560393776438,0.8475,0.808888811140469,0.918950411092936,0.495452500428344,ref_sub,0.0151812043494136,FALSE,,,,,,5,,,
DecVAE + FD,dimensionality,+d noise dims,0,10000,384,0.0102251414505951,0.0731642779281529,243.098441727375,0.0731642779281529,0.47832511141026,0.22368563877707,0.731,0.760174095512202,0.868224002585447,0.490539060995999,self,0.0206091419849636,FALSE,,,,,,,0.0004143728292547,,
wav2vec2,null,,0,134183,768,0.0310501401021786,0.5521889871409762,1271.9504887018147,0.5521889871409762,0.2380157801884717,0.0580562836593882,0.2947795953347989,0.9979475751398428,0.3955268947598769,0.3575587229727816,ref_full,0.0207669784622254,FALSE,34885,,,,,,,,
wav2vec2,null,,1,134183,768,0.0310501401021786,0.5521889871409762,1271.9504887018147,0.5521889871409762,0.2205086921679512,0.056852063795415,0.2787942020345046,0.9967367168344936,0.374391743131121,0.3569778636949573,ref_full,0.0207669784622254,FALSE,50915,,,,,,,,
wav2vec2,null,,2,134183,768,0.0310501401021786,0.5521889871409762,1271.9504887018147,0.5521889871409762,0.2141343205646086,0.0566379638142969,0.2843648693967284,0.9968667329852342,0.379395471855638,0.3567354940074858,ref_full,0.0207669784622254,FALSE,67195,,,,,,,,
wav2vec2,null,,3,134183,768,0.0310501401021786,0.5521889871409762,1271.9504887018147,0.5521889871409762,0.2190967116806565,0.0559799543934552,0.2790736669523419,0.9955860936402,0.3699506265599555,0.3566633644181088,ref_full,0.0207669784622254,FALSE,38304,,,,,,,,
wav2vec2,null,,4,134183,768,0.0310501401021786,0.5521889871409762,1271.9504887018147,0.5521889871409762,0.2158338040932513,0.0547451512186001,0.2821105190595074,0.99698393564572,0.3828965672247792,0.3572381821847183,ref_full,0.0207669784622254,FALSE,77431,,,,,,,,
wav2vec2,ref_sub,,0,10000,768,0.0289702939610533,0.5583896652540206,1286.3207168380843,0.5583896652540206,0.8404593666398814,0.3258555819757078,0.90375,0.6490948886765987,0.9989279955224176,0.428952677644937,self,0.0207801845123251,FALSE,,,,,,,,,
wav2vec2,dim_subset,k = 48,0,10000,48,0.0288444869173269,0.1592004269527689,22.4054411088989,0.1592004269527689,0.3685426535347345,0.1586233468046169,0.84825,0.6267477418797806,0.977474271944599,0.4113907740742807,self,0.0207801845123251,FALSE,,,,,,,,48,
wav2vec2,dim_subset,k = 48,1,10000,48,0.0283585246529954,0.1460994799124026,23.337661455352617,0.1460994799124026,0.426900382247488,0.1494700391538922,0.854,0.7058303412897811,0.9789751062925308,0.423404335589517,self,0.0207801845123251,FALSE,,,,,,,,48,
wav2vec2,dim_subset,k = 48,2,10000,48,0.0256400777200362,0.1331097322698329,20.863048420013016,0.1331097322698329,0.2896903033066342,0.1372573077492397,0.83675,0.6367446130685483,0.9719367274467788,0.4057192104962278,self,0.0207801845123251,FALSE,,,,,,,,48,
wav2vec2,dim_subset,k = 48,3,10000,48,0.0299472169257584,0.1585029546114616,24.72190924545103,0.1585029546114616,0.4323104932277399,0.1512640365974343,0.84775,0.6566493144988628,0.979571067683216,0.4253629439902917,self,0.0207801845123251,FALSE,,,,,,,,48,
wav2vec2,dim_subset,k = 48,4,10000,48,0.0291540244331007,0.1373845965263647,22.232900092930223,0.1373845965263647,0.3430455479205396,0.1303088502719907,0.8405,0.6381522234763594,0.9735090500742872,0.4439690636579893,self,0.0207801845123251,FALSE,,,,,,,,48,
wav2vec2,dim_subset,k = 96,0,10000,96,0.0296802667993318,0.2021763588169259,66.97619002340556,0.2021763588169259,0.4831500226730224,0.1895342494950064,0.865,0.6382838575461584,0.9901879643504744,0.4524672478970111,self,0.0207801845123251,FALSE,,,,,,,,96,
wav2vec2,dim_subset,k = 96,1,10000,96,0.0338047591007309,0.2926212911214859,71.25807692074434,0.2926212911214859,0.5901588327975503,0.2006888089261268,0.8614999999999999,0.6488917628127626,0.9912593291988878,0.4459792449802995,self,0.0207801845123251,FALSE,,,,,,,,96,
wav2vec2,dim_subset,k = 96,2,10000,96,0.0288756814083721,0.2046962898936654,66.99220988132066,0.2046962898936654,0.4985050129644625,0.1847915440833263,0.8545,0.6568119307058563,0.9890036926537084,0.4284920648529112,self,0.0207801845123251,FALSE,,,,,,,,96,
wav2vec2,dim_subset,k = 96,3,10000,96,0.0292174992248663,0.2521422130909121,66.17351974451483,0.2521422130909121,0.5786798400307689,0.2301577151093863,0.8645,0.6844438690984953,0.9888667185733018,0.4383607688115526,self,0.0207801845123251,FALSE,,,,,,,,96,
wav2vec2,dim_subset,k = 96,4,10000,96,0.0294670619915093,0.197643897839673,65.67735136768556,0.197643897839673,0.5484161885268564,0.2172061654753987,0.86425,0.679235610615032,0.9907666822553228,0.4440404226282353,self,0.0207801845123251,FALSE,,,,,,,,96,
wav2vec2,dim_subset,k = 192,0,10000,192,0.0285507676049299,0.2881286821756214,180.82551968040616,0.2881286821756214,0.6183426349288498,0.2311032886067753,0.88625,0.6446458170623012,0.99609390208369,0.422754965416491,self,0.0207801845123251,FALSE,,,,,,,,192,
wav2vec2,dim_subset,k = 192,1,10000,192,0.0267383710745389,0.28296147088482,180.12771963342487,0.28296147088482,0.628589912210873,0.2201288485952788,0.8845000000000001,0.6237026632209025,0.9968850673202758,0.423468598203198,self,0.0207801845123251,FALSE,,,,,,,,192,
wav2vec2,dim_subset,k = 192,2,10000,192,0.0267484894695687,0.2882998451862391,178.5286528890556,0.2882998451862391,0.6576053150396352,0.2322610126538111,0.883,0.668527876380033,0.9960939438299105,0.4299013540592722,self,0.0207801845123251,FALSE,,,,,,,,192,
wav2vec2,dim_subset,k = 192,3,10000,192,0.0290543042097524,0.3140987987195239,185.47991128359183,0.3140987987195239,0.6169696557864909,0.2139696523902983,0.8805000000000001,0.6190979577508658,0.9967583017872076,0.4253207896291102,self,0.0207801845123251,FALSE,,,,,,,,192,
wav2vec2,dim_subset,k = 192,4,10000,192,0.0286564340771433,0.3002508978113471,185.97580235991484,0.3002508978113471,0.649933648262909,0.2259342971692791,0.8705,0.6836278297314089,0.99696510473089,0.4290307885638993,self,0.0207801845123251,FALSE,,,,,,,,192,
wav2vec2,dim_subset,k = 320,0,10000,320,0.0288110222477532,0.3870748906544216,378.0793170275567,0.3870748906544216,0.717037113689529,0.2751596993959986,0.88575,0.6430940121233708,0.9983597507990444,0.4302851647796528,self,0.0207801845123251,FALSE,,,,,,,,320,
wav2vec2,dim_subset,k = 320,1,10000,320,0.0297051465823837,0.4317480519588674,382.5741086101549,0.4317480519588674,0.7549782717840594,0.3002641120584516,0.896,0.6584695105117939,0.9982821606889032,0.4363714772903039,self,0.0207801845123251,FALSE,,,,,,,,320,
wav2vec2,dim_subset,k = 320,2,10000,320,0.0292412523082547,0.3940320579536761,381.4548272687405,0.3940320579536761,0.7454840756538258,0.2877976384851729,0.893,0.6396037098513656,0.9981188402213004,0.4425796619601059,self,0.0207801845123251,FALSE,,,,,,,,320,
wav2vec2,dim_subset,k = 320,3,10000,320,0.0286615038177843,0.3996814271720215,378.743969855145,0.3996814271720215,0.7370633674208443,0.2908621983362802,0.8885000000000001,0.6621728223962187,0.9982966814049824,0.4254292115940892,self,0.0207801845123251,FALSE,,,,,,,,320,
wav2vec2,dim_subset,k = 320,4,10000,320,0.0297488903346843,0.4185678024739396,387.1414780245907,0.4185678024739396,0.7250766615158775,0.2811935870546808,0.89175,0.6418370127393804,0.9982329722632826,0.4311971053004147,self,0.0207801845123251,FALSE,,,,,,,,320,
Gaussian noise,chance,d = 20,0,10000,20,6.782439703015316e-05,0.1323208480866513,0.0096269844675225,0.1323208480866513,0.0043046815358337,0.0014439119281436,0.15525,0.6460397964421856,-0.002870287,0.3806600056221433,self,0.0207801845123251,FALSE,,,,,,,,,PCA
Gaussian noise,chance,d = 20,1,10000,20,1.4172708274092046e-05,0.3113864609509082,0.0103037540520206,0.3113864609509082,0.0046833726871846,0.0027493367345364,0.1649999999999999,0.8080158556390449,0.0033936643943035,0.3549926035443658,self,0.0207801845123251,FALSE,,,,,,,,,PCA
Gaussian noise,chance,d = 20,2,10000,20,0.0001051896393575,0.6858703937475967,0.011128904384497,0.6858703937475967,0.0033072623904297,0.0018814082309188,0.166,0.7868940836519465,0.0107701498004817,0.3598789115188161,self,0.0207801845123251,FALSE,,,,,,,,,PCA
Gaussian noise,chance,d = 48,0,10000,48,6.740645301439654e-06,2.9357184260317646,0.0562138736425559,2.9357184260317646,0.0101184352825736,0.0033773980070515,0.1565,0.8165229816212626,0.00896140408819,0.36351992833364,self,0.0207801845123251,FALSE,,,,,,,,,PCA
Gaussian noise,chance,d = 48,1,10000,48,-7.44E-06,12.899635276219955,0.0563969626894815,12.899635276219955,0.0100263738774542,0.0034588022169138,0.1654999999999999,0.7159583861294777,-0.002650885,0.365088280738722,self,0.0207801845123251,FALSE,,,,,,,,,PCA
Gaussian noise,chance,d = 48,2,10000,48,-3.80E-05,0.6914754439213822,0.0537453678844973,0.6914754439213822,0.0138115964971386,0.0043817324747895,0.14425,0.801211844710608,-0.021394545,0.3599162438716546,self,0.0207801845123251,FALSE,,,,,,,,,PCA
Gaussian noise,chance,d = 96,0,10000,96,-1.42E-05,1.245489067878473,0.2257177575161007,1.245489067878473,0.0197727328031106,0.006468015845644,0.15425,0.7744807700365436,-0.006608357,0.3642049588686581,self,0.0207801845123251,FALSE,,,,,,,,,PCA
Gaussian noise,chance,d = 96,1,10000,96,-1.46E-05,6.702723539973802,0.2263221335535327,6.702723539973802,0.0210974127879251,0.0063481677113131,0.154,0.733488037348751,-0.010464366,0.3739831227069283,self,0.0207801845123251,FALSE,,,,,,,,,PCA
Gaussian noise,chance,d = 96,2,10000,96,-1.36E-06,1.5153720331276377,0.2354699713001079,1.5153720331276377,0.0243489470153162,0.0073680633965464,0.1699999999999999,0.7227889020910744,-0.010485161,0.3738466208186546,self,0.0207801845123251,FALSE,,,,,,,,,PCA
Gaussian noise,chance,d = 192,0,10000,192,-4.61E-06,76.08179447830997,0.925355984883704,76.08179447830997,0.0446385251659872,0.010681449780257,0.157,0.7645604755768929,-0.003897205,0.3712143916170022,self,0.0207801845123251,FALSE,,,,,,,,,PCA
Gaussian noise,chance,d = 192,1,10000,192,-1.43E-06,8.695194374102194,0.914569489172192,8.695194374102194,0.0393916173339682,0.0108079924416451,0.15825,0.6904108555705685,-0.008908733,0.3608480659418649,self,0.0207801845123251,FALSE,,,,,,,,,PCA
Gaussian noise,chance,d = 192,2,10000,192,-1.72E-06,14.51566879264472,0.923591212801668,14.51566879264472,0.050156774048322,0.0126269634303849,0.16075,0.6905725189837204,0.0023895134176301,0.3627781245824602,self,0.0207801845123251,FALSE,,,,,,,,,PCA
Gaussian noise,chance,d = 320,0,10000,320,-2.95E-06,33.148780808341776,2.571491119515871,33.148780808341776,0.074984431827746,0.0165685750635404,0.15825,0.7509670192450836,-0.000417584,0.3628165183920958,self,0.0207801845123251,FALSE,,,,,,,,,PCA
Gaussian noise,chance,d = 320,1,10000,320,-3.36E-06,24.246525829836425,2.556772854117529,24.246525829836425,0.0600560415752562,0.0154178645805001,0.159,0.7158726131661203,-0.007525166,0.365829074824847,self,0.0207801845123251,FALSE,,,,,,,,,PCA
Gaussian noise,chance,d = 320,2,10000,320,2.741927018373711e-06,49.87737002989925,2.589037203077719,49.87737002989925,0.0816084755017511,0.0187794961889566,0.1649999999999999,0.7320059314433177,0.005836132586511,0.3667558507120495,self,0.0207801845123251,FALSE,,,,,,,,,PCA
Gaussian noise,chance,d = 768,0,10000,768,4.198908737758742e-07,252.88581617758865,15.134372685298752,252.88581617758865,0.1680980923210702,0.0334842521789024,0.15725,0.7278775807129868,-0.009455222,0.36656736852267,self,0.0207801845123251,FALSE,,,,,,,,,PCA
Gaussian noise,chance,d = 768,1,10000,768,-3.35E-07,30.107803091418536,15.131539455830818,30.107803091418536,0.1504527539920347,0.0325354338006102,0.15575,0.7363690690302048,0.0002779511028985,0.3632954350007102,self,0.0207801845123251,FALSE,,,,,,,,,PCA
Gaussian noise,chance,d = 768,2,10000,768,1.5553505104928017e-06,20.437510495171924,15.167959727444488,20.437510495171924,0.1509232296184316,0.0321731989447829,0.1565,0.7351674515039645,-0.011071743,0.3616179232362415,self,0.0207801845123251,FALSE,,,,,,,,,PCA
