model,condition,level,MI,GCN,DCI-D,DCI-C,DCI-I,Modularity,Explicitness,IRS
FHVAE seg,imbalance,Zipf a = 1,0.0,0.0,0.08182523898258848,0.030184067540485582,0.02475000000000005,-0.06342307197162378,0.0004787655694939996,-0.0032442074243764774
FHVAE seg,imbalance,Zipf a = 2,0.0,0.0,0.22633509824077203,0.11937628868680228,0.07000000000000006,-0.16819722096456702,0.0015570458635100204,0.0082294656621264
FHVAE seg,correlated,V = 0.3,0.0,0.0,-0.06473528005323309,-0.0007318052336089953,0.007750000000000035,-0.03769733679945664,-0.0005156999881039681,0.00266122821561382
FHVAE seg,correlated,V = 0.6,0.0,0.0,-0.160126070072914,0.014827851890651111,0.03925000000000001,-0.08908779881806872,0.0030487167356018086,-0.004263049587300394
FHVAE seg,label_noise,10%,0.0,0.0,-0.039791597341096,-0.033964807705420985,-0.09050000000000002,0.007634933121109078,-0.12910964663136137,-0.03156239801548799
FHVAE seg,label_noise,30%,0.0,0.0,-0.1326999640660776,-0.09220194692309108,-0.2902499999999999,0.01514251252197718,-0.390638488334056,-0.060833060944322004
FHVAE seg,partial,5 speaker groups,0.0,0.0,0.03895420724782511,0.06336744462594718,0.12,0.004321452672385262,0.002772291571998431,-0.004954180492209692
FHVAE seg,dimensionality,+d noise dims,-0.0033328597592959,-0.2679628186566328,0.004441298696806872,0.1049672395666929,-0.0034999999999999476,-0.10579894205574691,-0.0015800387952064066,-0.025130924339023586
DecVAE + EWT,imbalance,Zipf a = 1,0.0,0.0,0.00794113665280699,0.010544381469700409,0.04949999999999999,-0.011219134920357199,0.0016110219444414042,-0.0023588464010012022
DecVAE + EWT,imbalance,Zipf a = 2,0.0,0.0,0.0052301596093879965,0.0657604402094902,0.16274999999999995,-0.056653547569585516,0.017262203046235935,0.03707442368060582
DecVAE + EWT,correlated,V = 0.3,0.0,0.0,-0.0655253297112452,-0.012533783193006298,0.02400000000000002,-0.06719304676133153,0.010817635335658604,-0.025112301791957004
DecVAE + EWT,correlated,V = 0.6,0.0,0.0,-0.1519462459394335,-0.011663762025265395,0.08775,-0.2434267095870084,0.05053684150283111,-0.033064232375623615
DecVAE + EWT,label_noise,10%,0.0,0.0,-0.05306229828476983,-0.01780889305957209,-0.08749999999999991,-0.004730792230517755,-0.13229528930235945,-0.05344527435652763
DecVAE + EWT,label_noise,30%,0.0,0.0,-0.19765913897806642,-0.06823102414239589,-0.22875000000000006,-0.010205518386202539,-0.36089097874197895,-0.08678143783799441
DecVAE + EWT,partial,5 speaker groups,0.0,0.0,0.10844629266634354,0.0498729085485666,0.123,-0.005084886807000144,0.03660441312309337,-0.0009757731794047264
DecVAE + EWT,dimensionality,+d noise dims,-0.0225286482697215,-0.0726908194247437,0.05975617712217607,0.07275948452220563,-0.009499999999999953,-0.09808600207408569,-0.023490392275522964,-0.005995736962295106
PCA,imbalance,Zipf a = 1,0.0,0.0,0.050956066131838534,0.012024278530943011,0.037250000000000005,0.01835275932297864,0.013915180935712534,0.0062215333539440976
PCA,imbalance,Zipf a = 2,0.0,0.0,0.1417000077672165,0.08415211954736773,0.12250000000000005,-0.02494143266665816,0.04321723058267457,0.02549593323207
PCA,correlated,V = 0.3,0.0,0.0,-0.02295292701880189,-0.009416138626572701,-0.002749999999999919,-0.05204540232401045,0.023385746450918177,-0.012353773988453165
PCA,correlated,V = 0.6,0.0,0.0,-0.09893887583649419,-0.009416162565041103,0.08250000000000002,-0.200730816725057,0.06325058550269225,0.00026651368012209353
PCA,label_noise,10%,0.0,0.0,-0.031116561242351404,-0.0275656357910658,-0.09274999999999989,-0.001974151875628549,-0.10891534240477929,-0.05702801502535659
PCA,label_noise,30%,0.0,0.0,-0.0716803019102481,-0.06297545922097099,-0.26474999999999993,-0.02627300408686639,-0.3478729331608874,-0.08438615534922161
PCA,partial,5 speaker groups,0.0,0.0,0.0024641348005687014,0.02964131290847602,0.14750000000000008,0.000807890129392197,0.04403213277024598,-0.0019273321066802795
PCA,dimensionality,+d noise dims,-0.0078512486441864,-0.05062230374664983,0.00839085796484551,0.1335199193860459,-0.006999999999999895,-0.04832898115171369,-0.002350523514361047,-0.034174643315430575
beta-VAE,imbalance,Zipf a = 1,0.0,0.0,0.0618594108280443,-0.016441027050237755,0.03975000000000006,0.04661901842649052,0.055098398608764754,0.014287715209598928
beta-VAE,imbalance,Zipf a = 2,0.0,0.0,0.20525887346230237,-0.017451889040476787,0.12050000000000005,0.049755496185577175,0.12669032745852205,0.02155739220353059
beta-VAE,correlated,V = 0.3,0.0,0.0,-0.013382817904439112,0.00552148167183264,0.011500000000000066,-0.1334632727402429,0.040269368974049424,-0.007594036172184682
beta-VAE,correlated,V = 0.6,0.0,0.0,-0.028667610663755706,0.05125290149661699,0.0767500000000001,-0.2251236565547063,0.12356043888386514,-0.000636816123542383
beta-VAE,label_noise,10%,0.0,0.0,-0.010118258341065806,-0.06903131703020687,-0.08874999999999988,0.00035419678773496166,-0.0854995168471504,-0.04995124760535491
beta-VAE,label_noise,30%,0.0,0.0,-0.022652077621380808,-0.20720988399244678,-0.2507499999999999,-0.0028027883257430997,-0.3068242993249584,-0.09290211187818942
beta-VAE,partial,5 speaker groups,0.0,0.0,-0.017878212535539006,0.08172923046548175,0.14450000000000007,-0.00026156614711558834,0.036555612644374236,-0.00010150483785970055
beta-VAE,dimensionality,+d noise dims,-0.0059484822993902,-0.0369527916807712,0.012319221352049894,0.042713858622911216,0.0002500000000000835,0.055462364740043846,-0.007265440276067903,-0.010592073908245292
CoST,imbalance,Zipf a = 1,0.0,0.0,0.030514073409024234,0.010861223179329194,0.046499999999999986,-0.003074465631504375,0.015399771055079392,-0.00820678650808554
CoST,imbalance,Zipf a = 2,0.0,0.0,0.06331729163895017,0.07066408641562466,0.13524999999999987,-0.02856218051217918,0.022348002552691204,0.00044775053017026556
CoST,correlated,V = 0.3,0.0,0.0,-0.09648190737826734,-0.011036236426396923,0.006750000000000034,-0.010241226330665598,0.0037764599831994206,-0.00043875337899590416
CoST,correlated,V = 0.6,0.0,0.0,-0.28400893580988235,-0.03763010939633532,0.06574999999999998,-0.04827757644070518,0.017098621089572608,0.0015957215675940772
CoST,label_noise,10%,0.0,0.0,-0.07044612396343475,-0.032538973347159716,-0.10450000000000004,0.0001924977730267674,-0.13369195157175895,-0.03972112083129514
CoST,label_noise,30%,0.0,0.0,-0.28870526430499555,-0.10821747934989712,-0.25075000000000003,0.0041355551263924095,-0.39804644935400035,-0.07232912560857901
CoST,partial,5 speaker groups,0.0,0.0,0.18087153163354308,0.10522731087424136,0.07524999999999993,0.004974946966112448,-0.000996869641659348,-0.00545359309915272
CoST,dimensionality,+d noise dims,-0.0121175353416889,-184.83159018387684,0.012953615241237837,0.08206543767900426,0.0009999999999998899,-0.13017538612201862,-0.00831642413771494,-0.034610637551967305
