"Step","VOWELS_VMD_b10_DUAL_bs16 - cross_entropy_positive_z","VOWELS_VMD_b10_DUAL_bs16 - cross_entropy_positive_z__MIN","VOWELS_VMD_b10_DUAL_bs16 - cross_entropy_positive_z__MAX","VOWELS_EMD_b10_DUAL_bs16 - cross_entropy_positive_z","VOWELS_EMD_b10_DUAL_bs16 - cross_entropy_positive_z__MIN","VOWELS_EMD_b10_DUAL_bs16 - cross_entropy_positive_z__MAX","VOWELS_EMD_b0_DUAL_bs16 - cross_entropy_positive_z","VOWELS_EMD_b0_DUAL_bs16 - cross_entropy_positive_z__MIN","VOWELS_EMD_b0_DUAL_bs16 - cross_entropy_positive_z__MAX","VOWELS_VMD_b0_DUAL_bs16 - cross_entropy_positive_z","VOWELS_VMD_b0_DUAL_bs16 - cross_entropy_positive_z__MIN","VOWELS_VMD_b0_DUAL_bs16 - cross_entropy_positive_z__MAX","VOWELS_FILTER_b10_DUAL_bs16 - cross_entropy_positive_z","VOWELS_FILTER_b10_DUAL_bs16 - cross_entropy_positive_z__MIN","VOWELS_FILTER_b10_DUAL_bs16 - cross_entropy_positive_z__MAX","VOWELS_EWT_b10_DUAL_bs16 - cross_entropy_positive_z","VOWELS_EWT_b10_DUAL_bs16 - cross_entropy_positive_z__MIN","VOWELS_EWT_b10_DUAL_bs16 - cross_entropy_positive_z__MAX","VOWELS_EWT_b0_DUAL_bs16 - cross_entropy_positive_z","VOWELS_EWT_b0_DUAL_bs16 - cross_entropy_positive_z__MIN","VOWELS_EWT_b0_DUAL_bs16 - cross_entropy_positive_z__MAX","VOWELS_FILTER_b0_DUAL_bs16 - cross_entropy_positive_z","VOWELS_FILTER_b0_DUAL_bs16 - cross_entropy_positive_z__MIN","VOWELS_FILTER_b0_DUAL_bs16 - cross_entropy_positive_z__MAX","VOWELS_EWT_b1_DUAL_bs16 - cross_entropy_positive_z","VOWELS_EWT_b1_DUAL_bs16 - cross_entropy_positive_z__MIN","VOWELS_EWT_b1_DUAL_bs16 - cross_entropy_positive_z__MAX","VOWELS_EMD_b1_DUAL_bs16 - cross_entropy_positive_z","VOWELS_EMD_b1_DUAL_bs16 - cross_entropy_positive_z__MIN","VOWELS_EMD_b1_DUAL_bs16 - cross_entropy_positive_z__MAX","VOWELS_VMD_b1_DUAL_bs16 - cross_entropy_positive_z","VOWELS_VMD_b1_DUAL_bs16 - cross_entropy_positive_z__MIN","VOWELS_VMD_b1_DUAL_bs16 - cross_entropy_positive_z__MAX","VOWELS_FILTER_b1_DUAL_bs16 - cross_entropy_positive_z","VOWELS_FILTER_b1_DUAL_bs16 - cross_entropy_positive_z__MIN","VOWELS_FILTER_b1_DUAL_bs16 - cross_entropy_positive_z__MAX"
"0","0.13548137247562408","0.13548137247562408","0.13548137247562408","0.13655567169189453","0.13655567169189453","0.13655567169189453","0.18893583118915558","0.18893583118915558","0.18893583118915558","0.18436674773693085","0.18436674773693085","0.18436674773693085","0.13340383768081665","0.13340383768081665","0.13340383768081665","0.13677462935447693","0.13677462935447693","0.13677462935447693","0.19747260212898254","0.19747260212898254","0.19747260212898254","0.18129053711891174","0.18129053711891174","0.18129053711891174","0.14073088765144348","0.14073088765144348","0.14073088765144348","0.140812486410141","0.140812486410141","0.140812486410141","0.13948190212249756","0.13948190212249756","0.13948190212249756","0.13722848892211914","0.13722848892211914","0.13722848892211914"
"2","0.08745531737804413","0.08745531737804413","0.08745531737804413","0.08760284632444382","0.08760284632444382","0.08760284632444382","7.45402717590332","7.45402717590332","7.45402717590332","1.2165600061416626","1.2165600061416626","1.2165600061416626","0.09040644764900208","0.09040644764900208","0.09040644764900208","0.08947150409221649","0.08947150409221649","0.08947150409221649","1.1543755531311035","1.1543755531311035","1.1543755531311035","0.34661003947257996","0.34661003947257996","0.34661003947257996","0.10216481983661652","0.10216481983661652","0.10216481983661652","0.09946082532405853","0.09946082532405853","0.09946082532405853","0.10058697313070297","0.10058697313070297","0.10058697313070297","0.10368604212999344","0.10368604212999344","0.10368604212999344"
"4","0.05624982714653015","0.05624982714653015","0.05624982714653015","0.051983270794153214","0.051983270794153214","0.051983270794153214","7.605529308319092","7.605529308319092","7.605529308319092","1.8272783756256104","1.8272783756256104","1.8272783756256104","0.06194455176591873","0.06194455176591873","0.06194455176591873","0.060477957129478455","0.060477957129478455","0.060477957129478455","1.276902675628662","1.276902675628662","1.276902675628662","1.4543918371200562","1.4543918371200562","1.4543918371200562","0.0758109986782074","0.0758109986782074","0.0758109986782074","0.06871145218610764","0.06871145218610764","0.06871145218610764","0.07282029092311859","0.07282029092311859","0.07282029092311859","0.07869791984558105","0.07869791984558105","0.07869791984558105"
"6","0.04199809208512306","0.04199809208512306","0.04199809208512306","0.03561246022582054","0.03561246022582054","0.03561246022582054","1.8360059261322021","1.8360059261322021","1.8360059261322021","1.497009038925171","1.497009038925171","1.497009038925171","0.048226162791252136","0.048226162791252136","0.048226162791252136","0.04546888917684555","0.04546888917684555","0.04546888917684555","0.8576620221138","0.8576620221138","0.8576620221138","0.7593487501144409","0.7593487501144409","0.7593487501144409","0.07427096366882324","0.07427096366882324","0.07427096366882324","0.06476353108882904","0.06476353108882904","0.06476353108882904","0.07505357265472412","0.07505357265472412","0.07505357265472412","0.07621157169342041","0.07621157169342041","0.07621157169342041"
"8","0.03936535865068436","0.03936535865068436","0.03936535865068436","0.04231364279985428","0.04231364279985428","0.04231364279985428","1.3207881450653076","1.3207881450653076","1.3207881450653076","1.9601376056671143","1.9601376056671143","1.9601376056671143","0.04193924367427826","0.04193924367427826","0.04193924367427826","0.04219260811805725","0.04219260811805725","0.04219260811805725","1.8048877716064453","1.8048877716064453","1.8048877716064453","1.3905125856399536","1.3905125856399536","1.3905125856399536","0.1856202483177185","0.1856202483177185","0.1856202483177185","0.22344467043876648","0.22344467043876648","0.22344467043876648","0.3258362412452698","0.3258362412452698","0.3258362412452698","0.18536409735679626","0.18536409735679626","0.18536409735679626"
"10","0.07095552980899811","0.07095552980899811","0.07095552980899811","0.09031833708286285","0.09031833708286285","0.09031833708286285","1.870368242263794","1.870368242263794","1.870368242263794","1.6262692213058472","1.6262692213058472","1.6262692213058472","0.053978610783815384","0.053978610783815384","0.053978610783815384","0.0747239887714386","0.0747239887714386","0.0747239887714386","1.6853755712509155","1.6853755712509155","1.6853755712509155","1.82907235622406","1.82907235622406","1.82907235622406","0.6240975856781006","0.6240975856781006","0.6240975856781006","0.7243286967277527","0.7243286967277527","0.7243286967277527","1.5078275203704834","1.5078275203704834","1.5078275203704834","1.0508966445922852","1.0508966445922852","1.0508966445922852"
"12","0.11973364651203156","0.11973364651203156","0.11973364651203156","0.13325995206832886","0.13325995206832886","0.13325995206832886","1.6645009517669678","1.6645009517669678","1.6645009517669678","1.932987093925476","1.932987093925476","1.932987093925476","0.0886203944683075","0.0886203944683075","0.0886203944683075","0.11768428981304169","0.11768428981304169","0.11768428981304169","1.5033245086669922","1.5033245086669922","1.5033245086669922","1.8336460590362549","1.8336460590362549","1.8336460590362549","1.408949375152588","1.408949375152588","1.408949375152588","1.3791173696517944","1.3791173696517944","1.3791173696517944","1.6143401861190796","1.6143401861190796","1.6143401861190796","1.5187554359436035","1.5187554359436035","1.5187554359436035"
"14","0.18201781809329987","0.18201781809329987","0.18201781809329987","0.19020016491413116","0.19020016491413116","0.19020016491413116","1.9281206130981445","1.9281206130981445","1.9281206130981445","1.7200736999511719","1.7200736999511719","1.7200736999511719","0.13034825026988983","0.13034825026988983","0.13034825026988983","0.1714181900024414","0.1714181900024414","0.1714181900024414","1.2756551504135132","1.2756551504135132","1.2756551504135132","8.044257164001465","8.044257164001465","8.044257164001465","1.7551207542419434","1.7551207542419434","1.7551207542419434","1.6617658138275146","1.6617658138275146","1.6617658138275146","1.8028006553649902","1.8028006553649902","1.8028006553649902","7.690898895263672","7.690898895263672","7.690898895263672"
"16","0.23964367806911469","0.23964367806911469","0.23964367806911469","0.24004331231117249","0.24004331231117249","0.24004331231117249","1.7344422340393066","1.7344422340393066","1.7344422340393066","1.942734718322754","1.942734718322754","1.942734718322754","0.162684366106987","0.162684366106987","0.162684366106987","0.2165118306875229","0.2165118306875229","0.2165118306875229","1.5709058046340942","1.5709058046340942","1.5709058046340942","1.772141695022583","1.772141695022583","1.772141695022583","1.7709916830062866","1.7709916830062866","1.7709916830062866","1.7486584186553955","1.7486584186553955","1.7486584186553955","1.6936330795288086","1.6936330795288086","1.6936330795288086","1.5473785400390625","1.5473785400390625","1.5473785400390625"
"18","0.3082176148891449","0.3082176148891449","0.3082176148891449","0.3051137328147888","0.3051137328147888","0.3051137328147888","1.907411813735962","1.907411813735962","1.907411813735962","1.8996119499206543","1.8996119499206543","1.8996119499206543","0.21799340844154358","0.21799340844154358","0.21799340844154358","0.2849031686782837","0.2849031686782837","0.2849031686782837","1.8456792831420898","1.8456792831420898","1.8456792831420898","1.8622772693634033","1.8622772693634033","1.8622772693634033","1.8759832382202148","1.8759832382202148","1.8759832382202148","1.7981793880462646","1.7981793880462646","1.7981793880462646","1.5474894046783447","1.5474894046783447","1.5474894046783447","1.8281558752059937","1.8281558752059937","1.8281558752059937"
"20","0.3687189221382141","0.3687189221382141","0.3687189221382141","0.35103702545166016","0.35103702545166016","0.35103702545166016","1.9475349187850952","1.9475349187850952","1.9475349187850952","1.8892650604248047","1.8892650604248047","1.8892650604248047","0.24423018097877502","0.24423018097877502","0.24423018097877502","0.3220502734184265","0.3220502734184265","0.3220502734184265","1.8110527992248535","1.8110527992248535","1.8110527992248535","1.7843873500823975","1.7843873500823975","1.7843873500823975","1.727312684059143","1.727312684059143","1.727312684059143","1.75652015209198","1.75652015209198","1.75652015209198","1.6904014348983765","1.6904014348983765","1.6904014348983765","1.5920943021774292","1.5920943021774292","1.5920943021774292"
"22","0.4020066261291504","0.4020066261291504","0.4020066261291504","0.3976694941520691","0.3976694941520691","0.3976694941520691","1.9514331817626953","1.9514331817626953","1.9514331817626953","2.042273998260498","2.042273998260498","2.042273998260498","0.2999621331691742","0.2999621331691742","0.2999621331691742","0.3781639337539673","0.3781639337539673","0.3781639337539673","1.8785167932510376","1.8785167932510376","1.8785167932510376","1.8399029970169067","1.8399029970169067","1.8399029970169067","1.6987683773040771","1.6987683773040771","1.6987683773040771","1.762884497642517","1.762884497642517","1.762884497642517","1.6191405057907104","1.6191405057907104","1.6191405057907104","1.6517951488494873","1.6517951488494873","1.6517951488494873"
"24","0.49886924028396606","0.49886924028396606","0.49886924028396606","0.45872485637664795","0.45872485637664795","0.45872485637664795","1.9526344537734985","1.9526344537734985","1.9526344537734985","2.0018200874328613","2.0018200874328613","2.0018200874328613","0.32972627878189087","0.32972627878189087","0.32972627878189087","0.41497164964675903","0.41497164964675903","0.41497164964675903","1.731450080871582","1.731450080871582","1.731450080871582","1.7505383491516113","1.7505383491516113","1.7505383491516113","1.7613314390182495","1.7613314390182495","1.7613314390182495","1.698409080505371","1.698409080505371","1.698409080505371","1.8096144199371338","1.8096144199371338","1.8096144199371338","1.718179702758789","1.718179702758789","1.718179702758789"
"26","0.5386872887611389","0.5386872887611389","0.5386872887611389","0.5132710337638855","0.5132710337638855","0.5132710337638855","1.9190125465393066","1.9190125465393066","1.9190125465393066","2.022599220275879","2.022599220275879","2.022599220275879","0.39087530970573425","0.39087530970573425","0.39087530970573425","0.44366198778152466","0.44366198778152466","0.44366198778152466","1.6385291814804077","1.6385291814804077","1.6385291814804077","1.8010895252227783","1.8010895252227783","1.8010895252227783","1.6250497102737427","1.6250497102737427","1.6250497102737427","1.6605910062789917","1.6605910062789917","1.6605910062789917","1.8067948818206787","1.8067948818206787","1.8067948818206787","1.6764837503433228","1.6764837503433228","1.6764837503433228"
"28","0.5169923305511475","0.5169923305511475","0.5169923305511475","0.49340784549713135","0.49340784549713135","0.49340784549713135","1.8521456718444824","1.8521456718444824","1.8521456718444824","1.8869879245758057","1.8869879245758057","1.8869879245758057","0.39127445220947266","0.39127445220947266","0.39127445220947266","0.4753338098526001","0.4753338098526001","0.4753338098526001","1.6271677017211914","1.6271677017211914","1.6271677017211914","1.8189231157302856","1.8189231157302856","1.8189231157302856","1.669002890586853","1.669002890586853","1.669002890586853","1.6706287860870361","1.6706287860870361","1.6706287860870361","1.516524076461792","1.516524076461792","1.516524076461792","1.797908067703247","1.797908067703247","1.797908067703247"
"30","0.5372815132141113","0.5372815132141113","0.5372815132141113","0.5417841672897339","0.5417841672897339","0.5417841672897339","1.848429799079895","1.848429799079895","1.848429799079895","1.8445929288864136","1.8445929288864136","1.8445929288864136","0.4032962918281555","0.4032962918281555","0.4032962918281555","0.5124325752258301","0.5124325752258301","0.5124325752258301","1.5481754541397095","1.5481754541397095","1.5481754541397095","1.6895642280578613","1.6895642280578613","1.6895642280578613","1.6905019283294678","1.6905019283294678","1.6905019283294678","1.684818983078003","1.684818983078003","1.684818983078003","1.7158923149108887","1.7158923149108887","1.7158923149108887","1.618667721748352","1.618667721748352","1.618667721748352"
"32","0.594555139541626","0.594555139541626","0.594555139541626","0.523018479347229","0.523018479347229","0.523018479347229","1.7988219261169434","1.7988219261169434","1.7988219261169434","1.802929401397705","1.802929401397705","1.802929401397705","0.40509355068206787","0.40509355068206787","0.40509355068206787","0.5416762828826904","0.5416762828826904","0.5416762828826904","1.6062008142471313","1.6062008142471313","1.6062008142471313","1.6685396432876587","1.6685396432876587","1.6685396432876587","1.608606219291687","1.608606219291687","1.608606219291687","1.6127982139587402","1.6127982139587402","1.6127982139587402","1.601014494895935","1.601014494895935","1.601014494895935","1.550972819328308","1.550972819328308","1.550972819328308"
"34","0.5958007574081421","0.5958007574081421","0.5958007574081421","0.5898353457450867","0.5898353457450867","0.5898353457450867","1.8881409168243408","1.8881409168243408","1.8881409168243408","1.8544442653656006","1.8544442653656006","1.8544442653656006","0.511147677898407","0.511147677898407","0.511147677898407","0.5922985076904297","0.5922985076904297","0.5922985076904297","1.545884132385254","1.545884132385254","1.545884132385254","1.7227771282196045","1.7227771282196045","1.7227771282196045","1.6391468048095703","1.6391468048095703","1.6391468048095703","1.7496309280395508","1.7496309280395508","1.7496309280395508","1.6941838264465332","1.6941838264465332","1.6941838264465332","1.7671871185302734","1.7671871185302734","1.7671871185302734"
"36","0.5964757800102234","0.5964757800102234","0.5964757800102234","0.6120551228523254","0.6120551228523254","0.6120551228523254","1.8485444784164429","1.8485444784164429","1.8485444784164429","1.9024252891540527","1.9024252891540527","1.9024252891540527","0.40130773186683655","0.40130773186683655","0.40130773186683655","0.6184263229370117","0.6184263229370117","0.6184263229370117","1.5760159492492676","1.5760159492492676","1.5760159492492676","1.667074203491211","1.667074203491211","1.667074203491211","1.6904493570327759","1.6904493570327759","1.6904493570327759","1.8508338928222656","1.8508338928222656","1.8508338928222656","1.7110872268676758","1.7110872268676758","1.7110872268676758","1.4541049003601074","1.4541049003601074","1.4541049003601074"
"38","0.8050019145011902","0.8050019145011902","0.8050019145011902","0.6882550716400146","0.6882550716400146","0.6882550716400146","1.8082740306854248","1.8082740306854248","1.8082740306854248","1.897881031036377","1.897881031036377","1.897881031036377","0.5582789778709412","0.5582789778709412","0.5582789778709412","0.6418651342391968","0.6418651342391968","0.6418651342391968","1.5253801345825195","1.5253801345825195","1.5253801345825195","1.6594343185424805","1.6594343185424805","1.6594343185424805","1.6984285116195679","1.6984285116195679","1.6984285116195679","1.761181116104126","1.761181116104126","1.761181116104126","2.0639638900756836","2.0639638900756836","2.0639638900756836","1.7437844276428223","1.7437844276428223","1.7437844276428223"
"40","0.7067762017250061","0.7067762017250061","0.7067762017250061","0.5273082852363586","0.5273082852363586","0.5273082852363586","1.6529204845428467","1.6529204845428467","1.6529204845428467","1.8710806369781494","1.8710806369781494","1.8710806369781494","0.5302733778953552","0.5302733778953552","0.5302733778953552","0.6175752282142639","0.6175752282142639","0.6175752282142639","1.4896501302719116","1.4896501302719116","1.4896501302719116","1.6442742347717285","1.6442742347717285","1.6442742347717285","1.680215835571289","1.680215835571289","1.680215835571289","1.8557920455932617","1.8557920455932617","1.8557920455932617","1.7502660751342773","1.7502660751342773","1.7502660751342773","1.5509917736053467","1.5509917736053467","1.5509917736053467"
"42","0.9229519367218018","0.9229519367218018","0.9229519367218018","0.700849175453186","0.700849175453186","0.700849175453186","1.703256368637085","1.703256368637085","1.703256368637085","1.7409136295318604","1.7409136295318604","1.7409136295318604","0.6402192115783691","0.6402192115783691","0.6402192115783691","0.792326807975769","0.792326807975769","0.792326807975769","1.4974600076675415","1.4974600076675415","1.4974600076675415","1.520923137664795","1.520923137664795","1.520923137664795","1.708349347114563","1.708349347114563","1.708349347114563","1.8284379243850708","1.8284379243850708","1.8284379243850708","1.881155014038086","1.881155014038086","1.881155014038086","1.4464774131774902","1.4464774131774902","1.4464774131774902"
"44","0.8621842861175537","0.8621842861175537","0.8621842861175537","0.5265140533447266","0.5265140533447266","0.5265140533447266","1.7022905349731445","1.7022905349731445","1.7022905349731445","1.7614275217056274","1.7614275217056274","1.7614275217056274","0.626618504524231","0.626618504524231","0.626618504524231","0.9421377182006836","0.9421377182006836","0.9421377182006836","1.4075288772583008","1.4075288772583008","1.4075288772583008","1.5159823894500732","1.5159823894500732","1.5159823894500732","1.7489314079284668","1.7489314079284668","1.7489314079284668","1.6894456148147583","1.6894456148147583","1.6894456148147583","1.5046716928482056","1.5046716928482056","1.5046716928482056","1.500492811203003","1.500492811203003","1.500492811203003"
"46","1.1595005989074707","1.1595005989074707","1.1595005989074707","0.42374029755592346","0.42374029755592346","0.42374029755592346","1.7664557695388794","1.7664557695388794","1.7664557695388794","1.7781939506530762","1.7781939506530762","1.7781939506530762","0.7337239384651184","0.7337239384651184","0.7337239384651184","1.061018466949463","1.061018466949463","1.061018466949463","1.4094622135162354","1.4094622135162354","1.4094622135162354","1.6239348649978638","1.6239348649978638","1.6239348649978638","1.7597248554229736","1.7597248554229736","1.7597248554229736","1.8474762439727783","1.8474762439727783","1.8474762439727783","1.86701238155365","1.86701238155365","1.86701238155365","1.7980706691741943","1.7980706691741943","1.7980706691741943"
"48","1.2488588094711304","1.2488588094711304","1.2488588094711304","0.7615296840667725","0.7615296840667725","0.7615296840667725","1.798789143562317","1.798789143562317","1.798789143562317","1.7581387758255005","1.7581387758255005","1.7581387758255005","0.8541299104690552","0.8541299104690552","0.8541299104690552","0.8052828907966614","0.8052828907966614","0.8052828907966614","1.6425511837005615","1.6425511837005615","1.6425511837005615","1.6416449546813965","1.6416449546813965","1.6416449546813965","1.7022215127944946","1.7022215127944946","1.7022215127944946","1.5570216178894043","1.5570216178894043","1.5570216178894043","2.0933616161346436","2.0933616161346436","2.0933616161346436","1.6422512531280518","1.6422512531280518","1.6422512531280518"
"50","0.964240550994873","0.964240550994873","0.964240550994873","0.5198546648025513","0.5198546648025513","0.5198546648025513","1.6223030090332031","1.6223030090332031","1.6223030090332031","1.7655344009399414","1.7655344009399414","1.7655344009399414","0.9041383266448975","0.9041383266448975","0.9041383266448975","1.0004608631134033","1.0004608631134033","1.0004608631134033","1.4879043102264404","1.4879043102264404","1.4879043102264404","1.6256139278411865","1.6256139278411865","1.6256139278411865","1.673983097076416","1.673983097076416","1.673983097076416","1.6288974285125732","1.6288974285125732","1.6288974285125732","1.8092774152755737","1.8092774152755737","1.8092774152755737","1.5940430164337158","1.5940430164337158","1.5940430164337158"
"52","1.2188972234725952","1.2188972234725952","1.2188972234725952","0.29432740807533264","0.29432740807533264","0.29432740807533264","1.7049278020858765","1.7049278020858765","1.7049278020858765","1.759404182434082","1.759404182434082","1.759404182434082","0.9560692310333252","0.9560692310333252","0.9560692310333252","0.9501991868019104","0.9501991868019104","0.9501991868019104","1.4421542882919312","1.4421542882919312","1.4421542882919312","1.5966482162475586","1.5966482162475586","1.5966482162475586","1.78360116481781","1.78360116481781","1.78360116481781","1.731191635131836","1.731191635131836","1.731191635131836","1.6937490701675415","1.6937490701675415","1.6937490701675415","1.8965637683868408","1.8965637683868408","1.8965637683868408"
"54","1.01664137840271","1.01664137840271","1.01664137840271","0.6625609993934631","0.6625609993934631","0.6625609993934631","1.7119834423065186","1.7119834423065186","1.7119834423065186","1.7455081939697266","1.7455081939697266","1.7455081939697266","0.846589982509613","0.846589982509613","0.846589982509613","1.0610990524291992","1.0610990524291992","1.0610990524291992","1.518736481666565","1.518736481666565","1.518736481666565","1.618090271949768","1.618090271949768","1.618090271949768","1.962782859802246","1.962782859802246","1.962782859802246","1.6933376789093018","1.6933376789093018","1.6933376789093018","1.7807719707489014","1.7807719707489014","1.7807719707489014","1.754124402999878","1.754124402999878","1.754124402999878"
"56","1.4150069952011108","1.4150069952011108","1.4150069952011108","0.6692436933517456","0.6692436933517456","0.6692436933517456","1.6677662134170532","1.6677662134170532","1.6677662134170532","1.6435792446136475","1.6435792446136475","1.6435792446136475","0.969910740852356","0.969910740852356","0.969910740852356","1.1594477891921997","1.1594477891921997","1.1594477891921997","1.4685876369476318","1.4685876369476318","1.4685876369476318","1.6390745639801025","1.6390745639801025","1.6390745639801025","1.8149261474609375","1.8149261474609375","1.8149261474609375","1.779991865158081","1.779991865158081","1.779991865158081","1.8500128984451294","1.8500128984451294","1.8500128984451294","1.665686845779419","1.665686845779419","1.665686845779419"
"58","1.4434419870376587","1.4434419870376587","1.4434419870376587","0.9307681918144226","0.9307681918144226","0.9307681918144226","1.6208381652832031","1.6208381652832031","1.6208381652832031","1.7539863586425781","1.7539863586425781","1.7539863586425781","1.1975864171981812","1.1975864171981812","1.1975864171981812","1.222569465637207","1.222569465637207","1.222569465637207","1.345857858657837","1.345857858657837","1.345857858657837","1.4460450410842896","1.4460450410842896","1.4460450410842896","1.654376745223999","1.654376745223999","1.654376745223999","1.7963396310806274","1.7963396310806274","1.7963396310806274","1.8302667140960693","1.8302667140960693","1.8302667140960693","1.69439697265625","1.69439697265625","1.69439697265625"
"60","1.4193588495254517","1.4193588495254517","1.4193588495254517","1.1157217025756836","1.1157217025756836","1.1157217025756836","1.588927984237671","1.588927984237671","1.588927984237671","1.7662997245788574","1.7662997245788574","1.7662997245788574","1.356400489807129","1.356400489807129","1.356400489807129","1.3387737274169922","1.3387737274169922","1.3387737274169922","1.419653058052063","1.419653058052063","1.419653058052063","1.4488052129745483","1.4488052129745483","1.4488052129745483","1.7184420824050903","1.7184420824050903","1.7184420824050903","1.7406436204910278","1.7406436204910278","1.7406436204910278","1.7102149724960327","1.7102149724960327","1.7102149724960327","1.6973413228988647","1.6973413228988647","1.6973413228988647"
"62","1.3636372089385986","1.3636372089385986","1.3636372089385986","1.086635708808899","1.086635708808899","1.086635708808899","1.46762216091156","1.46762216091156","1.46762216091156","1.658097743988037","1.658097743988037","1.658097743988037","1.2836196422576904","1.2836196422576904","1.2836196422576904","1.1824012994766235","1.1824012994766235","1.1824012994766235","1.4533665180206299","1.4533665180206299","1.4533665180206299","1.7019387483596802","1.7019387483596802","1.7019387483596802","1.6492923498153687","1.6492923498153687","1.6492923498153687","1.7301619052886963","1.7301619052886963","1.7301619052886963","1.7619855403900146","1.7619855403900146","1.7619855403900146","1.9141767024993896","1.9141767024993896","1.9141767024993896"
"64","1.617283821105957","1.617283821105957","1.617283821105957","1.014638900756836","1.014638900756836","1.014638900756836","1.4705722332000732","1.4705722332000732","1.4705722332000732","1.610708236694336","1.610708236694336","1.610708236694336","1.3045580387115479","1.3045580387115479","1.3045580387115479","1.335411787033081","1.335411787033081","1.335411787033081","1.5014946460723877","1.5014946460723877","1.5014946460723877","1.5820602178573608","1.5820602178573608","1.5820602178573608","1.6828322410583496","1.6828322410583496","1.6828322410583496","1.761432409286499","1.761432409286499","1.761432409286499","1.7175440788269043","1.7175440788269043","1.7175440788269043","1.5992919206619263","1.5992919206619263","1.5992919206619263"
"66","1.424262285232544","1.424262285232544","1.424262285232544","1.0468320846557617","1.0468320846557617","1.0468320846557617","1.644371747970581","1.644371747970581","1.644371747970581","1.5892422199249268","1.5892422199249268","1.5892422199249268","1.356308937072754","1.356308937072754","1.356308937072754","1.2006067037582397","1.2006067037582397","1.2006067037582397","1.5015709400177002","1.5015709400177002","1.5015709400177002","1.4271025657653809","1.4271025657653809","1.4271025657653809","1.817786455154419","1.817786455154419","1.817786455154419","1.8250985145568848","1.8250985145568848","1.8250985145568848","1.779693841934204","1.779693841934204","1.779693841934204","1.700787901878357","1.700787901878357","1.700787901878357"
"68","1.683754324913025","1.683754324913025","1.683754324913025","1.0420496463775635","1.0420496463775635","1.0420496463775635","1.5369365215301514","1.5369365215301514","1.5369365215301514","1.8199388980865479","1.8199388980865479","1.8199388980865479","1.276738166809082","1.276738166809082","1.276738166809082","1.417405128479004","1.417405128479004","1.417405128479004","1.4848682880401611","1.4848682880401611","1.4848682880401611","1.6062500476837158","1.6062500476837158","1.6062500476837158","1.7199581861495972","1.7199581861495972","1.7199581861495972","1.800333023071289","1.800333023071289","1.800333023071289","1.980532169342041","1.980532169342041","1.980532169342041","1.7745906114578247","1.7745906114578247","1.7745906114578247"
"70","1.4776533842086792","1.4776533842086792","1.4776533842086792","1.4290273189544678","1.4290273189544678","1.4290273189544678","1.5154684782028198","1.5154684782028198","1.5154684782028198","1.7417703866958618","1.7417703866958618","1.7417703866958618","1.22609543800354","1.22609543800354","1.22609543800354","1.363876223564148","1.363876223564148","1.363876223564148","1.3938606977462769","1.3938606977462769","1.3938606977462769","1.557163953781128","1.557163953781128","1.557163953781128","1.7537059783935547","1.7537059783935547","1.7537059783935547","1.8550111055374146","1.8550111055374146","1.8550111055374146","1.6469849348068237","1.6469849348068237","1.6469849348068237","1.9163180589675903","1.9163180589675903","1.9163180589675903"
"72","1.3271135091781616","1.3271135091781616","1.3271135091781616","1.4226810932159424","1.4226810932159424","1.4226810932159424","1.6090420484542847","1.6090420484542847","1.6090420484542847","1.5761728286743164","1.5761728286743164","1.5761728286743164","1.555321455001831","1.555321455001831","1.555321455001831","1.2966198921203613","1.2966198921203613","1.2966198921203613","1.4724154472351074","1.4724154472351074","1.4724154472351074","1.5594874620437622","1.5594874620437622","1.5594874620437622","1.7132172584533691","1.7132172584533691","1.7132172584533691","1.4739503860473633","1.4739503860473633","1.4739503860473633","1.7371424436569214","1.7371424436569214","1.7371424436569214","1.7402809858322144","1.7402809858322144","1.7402809858322144"
"74","1.3859657049179077","1.3859657049179077","1.3859657049179077","0.8988912105560303","0.8988912105560303","0.8988912105560303","1.537184238433838","1.537184238433838","1.537184238433838","1.608140468597412","1.608140468597412","1.608140468597412","1.6007870435714722","1.6007870435714722","1.6007870435714722","1.420276165008545","1.420276165008545","1.420276165008545","1.4863018989562988","1.4863018989562988","1.4863018989562988","1.4720587730407715","1.4720587730407715","1.4720587730407715","1.6677476167678833","1.6677476167678833","1.6677476167678833","1.6562073230743408","1.6562073230743408","1.6562073230743408","1.709965467453003","1.709965467453003","1.709965467453003","1.7373517751693726","1.7373517751693726","1.7373517751693726"
"76","1.3819046020507812","1.3819046020507812","1.3819046020507812","1.3832179307937622","1.3832179307937622","1.3832179307937622","1.5163846015930176","1.5163846015930176","1.5163846015930176","1.566771388053894","1.566771388053894","1.566771388053894","1.3356152772903442","1.3356152772903442","1.3356152772903442","1.454651117324829","1.454651117324829","1.454651117324829","1.4411591291427612","1.4411591291427612","1.4411591291427612","1.6375044584274292","1.6375044584274292","1.6375044584274292","1.5903173685073853","1.5903173685073853","1.5903173685073853","1.5546059608459473","1.5546059608459473","1.5546059608459473","1.5766475200653076","1.5766475200653076","1.5766475200653076","1.7937989234924316","1.7937989234924316","1.7937989234924316"
"78","1.5981354713439941","1.5981354713439941","1.5981354713439941","1.4698028564453125","1.4698028564453125","1.4698028564453125","1.4917585849761963","1.4917585849761963","1.4917585849761963","1.5411174297332764","1.5411174297332764","1.5411174297332764","1.4813578128814697","1.4813578128814697","1.4813578128814697","1.3748996257781982","1.3748996257781982","1.3748996257781982","1.4118781089782715","1.4118781089782715","1.4118781089782715","1.2775464057922363","1.2775464057922363","1.2775464057922363","1.6586761474609375","1.6586761474609375","1.6586761474609375","1.794205904006958","1.794205904006958","1.794205904006958","1.639708161354065","1.639708161354065","1.639708161354065","1.8275617361068726","1.8275617361068726","1.8275617361068726"
"80","1.514874815940857","1.514874815940857","1.514874815940857","1.5637340545654297","1.5637340545654297","1.5637340545654297","1.491614818572998","1.491614818572998","1.491614818572998","1.6504963636398315","1.6504963636398315","1.6504963636398315","1.3302913904190063","1.3302913904190063","1.3302913904190063","1.236107349395752","1.236107349395752","1.236107349395752","1.4902769327163696","1.4902769327163696","1.4902769327163696","1.5282329320907593","1.5282329320907593","1.5282329320907593","1.8189053535461426","1.8189053535461426","1.8189053535461426","1.8143247365951538","1.8143247365951538","1.8143247365951538","1.7458468675613403","1.7458468675613403","1.7458468675613403","1.7471601963043213","1.7471601963043213","1.7471601963043213"
"82","1.4135768413543701","1.4135768413543701","1.4135768413543701","1.2303965091705322","1.2303965091705322","1.2303965091705322","1.3329262733459473","1.3329262733459473","1.3329262733459473","1.9770108461380005","1.9770108461380005","1.9770108461380005","1.5675468444824219","1.5675468444824219","1.5675468444824219","1.4250298738479614","1.4250298738479614","1.4250298738479614","1.3469915390014648","1.3469915390014648","1.3469915390014648","1.0721232891082764","1.0721232891082764","1.0721232891082764","1.8123912811279297","1.8123912811279297","1.8123912811279297","1.8732883930206299","1.8732883930206299","1.8732883930206299","1.5807628631591797","1.5807628631591797","1.5807628631591797","1.8015689849853516","1.8015689849853516","1.8015689849853516"
"84","1.5649449825286865","1.5649449825286865","1.5649449825286865","1.5768247842788696","1.5768247842788696","1.5768247842788696","1.4412319660186768","1.4412319660186768","1.4412319660186768","1.5823113918304443","1.5823113918304443","1.5823113918304443","1.3928874731063843","1.3928874731063843","1.3928874731063843","1.5681440830230713","1.5681440830230713","1.5681440830230713","1.4850324392318726","1.4850324392318726","1.4850324392318726","1.3578846454620361","1.3578846454620361","1.3578846454620361","1.725228190422058","1.725228190422058","1.725228190422058","1.8318616151809692","1.8318616151809692","1.8318616151809692","1.714400053024292","1.714400053024292","1.714400053024292","1.6180545091629028","1.6180545091629028","1.6180545091629028"
"86","1.6745970249176025","1.6745970249176025","1.6745970249176025","1.4433512687683105","1.4433512687683105","1.4433512687683105","1.5702377557754517","1.5702377557754517","1.5702377557754517","1.69354248046875","1.69354248046875","1.69354248046875","1.4061598777770996","1.4061598777770996","1.4061598777770996","1.5808229446411133","1.5808229446411133","1.5808229446411133","1.494335651397705","1.494335651397705","1.494335651397705","1.5742628574371338","1.5742628574371338","1.5742628574371338","1.5094929933547974","1.5094929933547974","1.5094929933547974","1.7092771530151367","1.7092771530151367","1.7092771530151367","1.8112778663635254","1.8112778663635254","1.8112778663635254","1.7413159608840942","1.7413159608840942","1.7413159608840942"
"88","1.2799725532531738","1.2799725532531738","1.2799725532531738","1.5529236793518066","1.5529236793518066","1.5529236793518066","1.3565431833267212","1.3565431833267212","1.3565431833267212","1.6405832767486572","1.6405832767486572","1.6405832767486572","1.2063250541687012","1.2063250541687012","1.2063250541687012","1.3993198871612549","1.3993198871612549","1.3993198871612549","1.3963186740875244","1.3963186740875244","1.3963186740875244","1.2036254405975342","1.2036254405975342","1.2036254405975342","1.6206138134002686","1.6206138134002686","1.6206138134002686","1.6767483949661255","1.6767483949661255","1.6767483949661255","1.831705093383789","1.831705093383789","1.831705093383789","1.5710477828979492","1.5710477828979492","1.5710477828979492"
"90","1.5583336353302002","1.5583336353302002","1.5583336353302002","1.2324857711791992","1.2324857711791992","1.2324857711791992","1.5420746803283691","1.5420746803283691","1.5420746803283691","1.726736307144165","1.726736307144165","1.726736307144165","1.3731164932250977","1.3731164932250977","1.3731164932250977","1.419621229171753","1.419621229171753","1.419621229171753","1.458958387374878","1.458958387374878","1.458958387374878","1.4526206254959106","1.4526206254959106","1.4526206254959106","1.5699468851089478","1.5699468851089478","1.5699468851089478","1.8148303031921387","1.8148303031921387","1.8148303031921387","1.6923748254776","1.6923748254776","1.6923748254776","1.7777316570281982","1.7777316570281982","1.7777316570281982"
"92","1.4112313985824585","1.4112313985824585","1.4112313985824585","1.1827664375305176","1.1827664375305176","1.1827664375305176","1.4664733409881592","1.4664733409881592","1.4664733409881592","1.6575204133987427","1.6575204133987427","1.6575204133987427","1.2670302391052246","1.2670302391052246","1.2670302391052246","1.4880657196044922","1.4880657196044922","1.4880657196044922","1.4735852479934692","1.4735852479934692","1.4735852479934692","1.4748671054840088","1.4748671054840088","1.4748671054840088","1.7203503847122192","1.7203503847122192","1.7203503847122192","1.644348382949829","1.644348382949829","1.644348382949829","1.6394474506378174","1.6394474506378174","1.6394474506378174","1.6545686721801758","1.6545686721801758","1.6545686721801758"
"94","1.59825599193573","1.59825599193573","1.59825599193573","1.3787717819213867","1.3787717819213867","1.3787717819213867","1.6447069644927979","1.6447069644927979","1.6447069644927979","1.6121691465377808","1.6121691465377808","1.6121691465377808","1.5846903324127197","1.5846903324127197","1.5846903324127197","1.5534254312515259","1.5534254312515259","1.5534254312515259","1.4955246448516846","1.4955246448516846","1.4955246448516846","1.5747623443603516","1.5747623443603516","1.5747623443603516","1.6445947885513306","1.6445947885513306","1.6445947885513306","1.6879066228866577","1.6879066228866577","1.6879066228866577","1.6513296365737915","1.6513296365737915","1.6513296365737915","1.644330382347107","1.644330382347107","1.644330382347107"
"96","1.5072892904281616","1.5072892904281616","1.5072892904281616","1.5882198810577393","1.5882198810577393","1.5882198810577393","1.5395386219024658","1.5395386219024658","1.5395386219024658","1.5469903945922852","1.5469903945922852","1.5469903945922852","1.3416838645935059","1.3416838645935059","1.3416838645935059","1.7919566631317139","1.7919566631317139","1.7919566631317139","1.3905980587005615","1.3905980587005615","1.3905980587005615","1.3292557001113892","1.3292557001113892","1.3292557001113892","1.7674354314804077","1.7674354314804077","1.7674354314804077","1.6828196048736572","1.6828196048736572","1.6828196048736572","1.7108219861984253","1.7108219861984253","1.7108219861984253","1.643646240234375","1.643646240234375","1.643646240234375"
"98","1.5780103206634521","1.5780103206634521","1.5780103206634521","1.5793421268463135","1.5793421268463135","1.5793421268463135","1.6642029285430908","1.6642029285430908","1.6642029285430908","1.7125415802001953","1.7125415802001953","1.7125415802001953","1.5050417184829712","1.5050417184829712","1.5050417184829712","1.4311518669128418","1.4311518669128418","1.4311518669128418","1.5313371419906616","1.5313371419906616","1.5313371419906616","1.4627424478530884","1.4627424478530884","1.4627424478530884","1.6824196577072144","1.6824196577072144","1.6824196577072144","1.6776139736175537","1.6776139736175537","1.6776139736175537","1.8584420680999756","1.8584420680999756","1.8584420680999756","1.73661208152771","1.73661208152771","1.73661208152771"
"100","1.5065721273422241","1.5065721273422241","1.5065721273422241","1.4968047142028809","1.4968047142028809","1.4968047142028809","1.469655156135559","1.469655156135559","1.469655156135559","1.6615636348724365","1.6615636348724365","1.6615636348724365","1.5501476526260376","1.5501476526260376","1.5501476526260376","1.539642095565796","1.539642095565796","1.539642095565796","1.501523494720459","1.501523494720459","1.501523494720459","1.418712854385376","1.418712854385376","1.418712854385376","1.5949609279632568","1.5949609279632568","1.5949609279632568","1.7769562005996704","1.7769562005996704","1.7769562005996704","1.6545517444610596","1.6545517444610596","1.6545517444610596","1.711581826210022","1.711581826210022","1.711581826210022"
"102","1.5429553985595703","1.5429553985595703","1.5429553985595703","1.2775797843933105","1.2775797843933105","1.2775797843933105","1.4042280912399292","1.4042280912399292","1.4042280912399292","1.494443416595459","1.494443416595459","1.494443416595459","1.3133788108825684","1.3133788108825684","1.3133788108825684","1.4782681465148926","1.4782681465148926","1.4782681465148926","1.3162888288497925","1.3162888288497925","1.3162888288497925","1.3808958530426025","1.3808958530426025","1.3808958530426025","1.7538907527923584","1.7538907527923584","1.7538907527923584","1.8147746324539185","1.8147746324539185","1.8147746324539185","1.7467188835144043","1.7467188835144043","1.7467188835144043","1.6503653526306152","1.6503653526306152","1.6503653526306152"
"104","1.4161732196807861","1.4161732196807861","1.4161732196807861","1.6632763147354126","1.6632763147354126","1.6632763147354126","1.6033869981765747","1.6033869981765747","1.6033869981765747","1.5583404302597046","1.5583404302597046","1.5583404302597046","1.4846186637878418","1.4846186637878418","1.4846186637878418","1.5746862888336182","1.5746862888336182","1.5746862888336182","1.4326283931732178","1.4326283931732178","1.4326283931732178","1.3055579662322998","1.3055579662322998","1.3055579662322998","1.7204152345657349","1.7204152345657349","1.7204152345657349","1.7421860694885254","1.7421860694885254","1.7421860694885254","1.7915022373199463","1.7915022373199463","1.7915022373199463","1.581676721572876","1.581676721572876","1.581676721572876"
"106","1.3795139789581299","1.3795139789581299","1.3795139789581299","1.4430432319641113","1.4430432319641113","1.4430432319641113","1.4994983673095703","1.4994983673095703","1.4994983673095703","1.5208836793899536","1.5208836793899536","1.5208836793899536","1.2706472873687744","1.2706472873687744","1.2706472873687744","1.6659855842590332","1.6659855842590332","1.6659855842590332","1.5061622858047485","1.5061622858047485","1.5061622858047485","1.4525542259216309","1.4525542259216309","1.4525542259216309","1.7670607566833496","1.7670607566833496","1.7670607566833496","1.5862863063812256","1.5862863063812256","1.5862863063812256","1.632912039756775","1.632912039756775","1.632912039756775","1.8939379453659058","1.8939379453659058","1.8939379453659058"
"108","1.3186873197555542","1.3186873197555542","1.3186873197555542","1.5700922012329102","1.5700922012329102","1.5700922012329102","1.5536906719207764","1.5536906719207764","1.5536906719207764","1.5459729433059692","1.5459729433059692","1.5459729433059692","1.3618619441986084","1.3618619441986084","1.3618619441986084","1.5641182661056519","1.5641182661056519","1.5641182661056519","1.4071626663208008","1.4071626663208008","1.4071626663208008","1.4474941492080688","1.4474941492080688","1.4474941492080688","1.6936085224151611","1.6936085224151611","1.6936085224151611","1.6107922792434692","1.6107922792434692","1.6107922792434692","1.5399013757705688","1.5399013757705688","1.5399013757705688","1.7361136674880981","1.7361136674880981","1.7361136674880981"
"110","1.452218770980835","1.452218770980835","1.452218770980835","1.4794400930404663","1.4794400930404663","1.4794400930404663","1.6357636451721191","1.6357636451721191","1.6357636451721191","1.545180082321167","1.545180082321167","1.545180082321167","1.3847943544387817","1.3847943544387817","1.3847943544387817","1.4820489883422852","1.4820489883422852","1.4820489883422852","1.6846625804901123","1.6846625804901123","1.6846625804901123","1.6235928535461426","1.6235928535461426","1.6235928535461426","1.5620019435882568","1.5620019435882568","1.5620019435882568","1.7634785175323486","1.7634785175323486","1.7634785175323486","1.5069973468780518","1.5069973468780518","1.5069973468780518","1.6650075912475586","1.6650075912475586","1.6650075912475586"
"112","1.6230554580688477","1.6230554580688477","1.6230554580688477","1.6545964479446411","1.6545964479446411","1.6545964479446411","1.464203119277954","1.464203119277954","1.464203119277954","1.6165049076080322","1.6165049076080322","1.6165049076080322","1.2771105766296387","1.2771105766296387","1.2771105766296387","1.5731749534606934","1.5731749534606934","1.5731749534606934","1.373247742652893","1.373247742652893","1.373247742652893","1.4336150884628296","1.4336150884628296","1.4336150884628296","1.8387296199798584","1.8387296199798584","1.8387296199798584","1.5898783206939697","1.5898783206939697","1.5898783206939697","1.576114535331726","1.576114535331726","1.576114535331726","1.8158506155014038","1.8158506155014038","1.8158506155014038"
"114","1.787062168121338","1.787062168121338","1.787062168121338","1.847337245941162","1.847337245941162","1.847337245941162","1.4222851991653442","1.4222851991653442","1.4222851991653442","1.5874723196029663","1.5874723196029663","1.5874723196029663","1.375350832939148","1.375350832939148","1.375350832939148","1.7173227071762085","1.7173227071762085","1.7173227071762085","1.4606199264526367","1.4606199264526367","1.4606199264526367","1.4658234119415283","1.4658234119415283","1.4658234119415283","1.732649326324463","1.732649326324463","1.732649326324463","1.655312418937683","1.655312418937683","1.655312418937683","1.750029444694519","1.750029444694519","1.750029444694519","1.6262537240982056","1.6262537240982056","1.6262537240982056"
"116","1.5784218311309814","1.5784218311309814","1.5784218311309814","1.6208879947662354","1.6208879947662354","1.6208879947662354","1.402221918106079","1.402221918106079","1.402221918106079","1.4560803174972534","1.4560803174972534","1.4560803174972534","1.6159543991088867","1.6159543991088867","1.6159543991088867","1.4360389709472656","1.4360389709472656","1.4360389709472656","1.335923671722412","1.335923671722412","1.335923671722412","1.4507710933685303","1.4507710933685303","1.4507710933685303","1.516714096069336","1.516714096069336","1.516714096069336","1.632673740386963","1.632673740386963","1.632673740386963","1.8536961078643799","1.8536961078643799","1.8536961078643799","1.6262773275375366","1.6262773275375366","1.6262773275375366"
"118","1.4517338275909424","1.4517338275909424","1.4517338275909424","1.4275476932525635","1.4275476932525635","1.4275476932525635","1.547424077987671","1.547424077987671","1.547424077987671","1.4277516603469849","1.4277516603469849","1.4277516603469849","1.2983745336532593","1.2983745336532593","1.2983745336532593","1.5368425846099854","1.5368425846099854","1.5368425846099854","1.4543004035949707","1.4543004035949707","1.4543004035949707","1.3700388669967651","1.3700388669967651","1.3700388669967651","1.7638859748840332","1.7638859748840332","1.7638859748840332","1.7474915981292725","1.7474915981292725","1.7474915981292725","1.365522861480713","1.365522861480713","1.365522861480713","1.6914623975753784","1.6914623975753784","1.6914623975753784"
"120","1.5274744033813477","1.5274744033813477","1.5274744033813477","1.8090378046035767","1.8090378046035767","1.8090378046035767","1.5335209369659424","1.5335209369659424","1.5335209369659424","1.4778169393539429","1.4778169393539429","1.4778169393539429","1.5608125925064087","1.5608125925064087","1.5608125925064087","1.6767215728759766","1.6767215728759766","1.6767215728759766","1.403109073638916","1.403109073638916","1.403109073638916","1.4382773637771606","1.4382773637771606","1.4382773637771606","1.7349412441253662","1.7349412441253662","1.7349412441253662","1.7140333652496338","1.7140333652496338","1.7140333652496338","1.7080450057983398","1.7080450057983398","1.7080450057983398","1.5974434614181519","1.5974434614181519","1.5974434614181519"
"122","1.5626604557037354","1.5626604557037354","1.5626604557037354","1.7575894594192505","1.7575894594192505","1.7575894594192505","1.4008135795593262","1.4008135795593262","1.4008135795593262","1.6061289310455322","1.6061289310455322","1.6061289310455322","1.363097906112671","1.363097906112671","1.363097906112671","1.7275919914245605","1.7275919914245605","1.7275919914245605","1.2894818782806396","1.2894818782806396","1.2894818782806396","1.3129888772964478","1.3129888772964478","1.3129888772964478","1.8026480674743652","1.8026480674743652","1.8026480674743652","1.5594546794891357","1.5594546794891357","1.5594546794891357","1.707686424255371","1.707686424255371","1.707686424255371","1.6466975212097168","1.6466975212097168","1.6466975212097168"
"124","1.5863929986953735","1.5863929986953735","1.5863929986953735","1.782050371170044","1.782050371170044","1.782050371170044","1.4678294658660889","1.4678294658660889","1.4678294658660889","1.557053804397583","1.557053804397583","1.557053804397583","1.4421281814575195","1.4421281814575195","1.4421281814575195","1.4045908451080322","1.4045908451080322","1.4045908451080322","1.4448093175888062","1.4448093175888062","1.4448093175888062","1.5374042987823486","1.5374042987823486","1.5374042987823486","1.644545555114746","1.644545555114746","1.644545555114746","1.5568106174468994","1.5568106174468994","1.5568106174468994","1.5638171434402466","1.5638171434402466","1.5638171434402466","1.6179896593093872","1.6179896593093872","1.6179896593093872"
"126","1.7064404487609863","1.7064404487609863","1.7064404487609863","1.0764118432998657","1.0764118432998657","1.0764118432998657","1.7223238945007324","1.7223238945007324","1.7223238945007324","1.6003851890563965","1.6003851890563965","1.6003851890563965","1.3855502605438232","1.3855502605438232","1.3855502605438232","1.4306552410125732","1.4306552410125732","1.4306552410125732","1.4932990074157715","1.4932990074157715","1.4932990074157715","1.5932729244232178","1.5932729244232178","1.5932729244232178","1.6480294466018677","1.6480294466018677","1.6480294466018677","1.7009459733963013","1.7009459733963013","1.7009459733963013","1.4876222610473633","1.4876222610473633","1.4876222610473633","1.7359323501586914","1.7359323501586914","1.7359323501586914"
"128","1.6703879833221436","1.6703879833221436","1.6703879833221436","1.5108683109283447","1.5108683109283447","1.5108683109283447","1.588425874710083","1.588425874710083","1.588425874710083","1.5781065225601196","1.5781065225601196","1.5781065225601196","1.6286561489105225","1.6286561489105225","1.6286561489105225","1.5626037120819092","1.5626037120819092","1.5626037120819092","1.453765869140625","1.453765869140625","1.453765869140625","1.5177472829818726","1.5177472829818726","1.5177472829818726","1.5333271026611328","1.5333271026611328","1.5333271026611328","1.6435620784759521","1.6435620784759521","1.6435620784759521","1.6334216594696045","1.6334216594696045","1.6334216594696045","1.6686148643493652","1.6686148643493652","1.6686148643493652"
"130","1.2982409000396729","1.2982409000396729","1.2982409000396729","1.4636712074279785","1.4636712074279785","1.4636712074279785","1.6303406953811646","1.6303406953811646","1.6303406953811646","1.5072144269943237","1.5072144269943237","1.5072144269943237","1.4228687286376953","1.4228687286376953","1.4228687286376953","1.6062614917755127","1.6062614917755127","1.6062614917755127","1.5228667259216309","1.5228667259216309","1.5228667259216309","1.5489388704299927","1.5489388704299927","1.5489388704299927","1.5865240097045898","1.5865240097045898","1.5865240097045898","1.5908501148223877","1.5908501148223877","1.5908501148223877","1.4923115968704224","1.4923115968704224","1.4923115968704224","1.7573268413543701","1.7573268413543701","1.7573268413543701"
"132","1.5882138013839722","1.5882138013839722","1.5882138013839722","1.515875220298767","1.515875220298767","1.515875220298767","1.67689049243927","1.67689049243927","1.67689049243927","1.442562460899353","1.442562460899353","1.442562460899353","1.4997777938842773","1.4997777938842773","1.4997777938842773","1.6736013889312744","1.6736013889312744","1.6736013889312744","1.4472678899765015","1.4472678899765015","1.4472678899765015","1.4248944520950317","1.4248944520950317","1.4248944520950317","1.5047247409820557","1.5047247409820557","1.5047247409820557","1.7072570323944092","1.7072570323944092","1.7072570323944092","1.7914726734161377","1.7914726734161377","1.7914726734161377","1.6518512964248657","1.6518512964248657","1.6518512964248657"
"134","1.733942985534668","1.733942985534668","1.733942985534668","1.1075222492218018","1.1075222492218018","1.1075222492218018","1.5548853874206543","1.5548853874206543","1.5548853874206543","1.615856647491455","1.615856647491455","1.615856647491455","1.6489477157592773","1.6489477157592773","1.6489477157592773","1.7057311534881592","1.7057311534881592","1.7057311534881592","1.4502480030059814","1.4502480030059814","1.4502480030059814","1.461047887802124","1.461047887802124","1.461047887802124","1.601943016052246","1.601943016052246","1.601943016052246","1.622101068496704","1.622101068496704","1.622101068496704","1.4075465202331543","1.4075465202331543","1.4075465202331543","1.7115263938903809","1.7115263938903809","1.7115263938903809"
"136","1.431313395500183","1.431313395500183","1.431313395500183","1.5131570100784302","1.5131570100784302","1.5131570100784302","1.5265898704528809","1.5265898704528809","1.5265898704528809","1.5357372760772705","1.5357372760772705","1.5357372760772705","1.555904746055603","1.555904746055603","1.555904746055603","1.6015543937683105","1.6015543937683105","1.6015543937683105","1.2914271354675293","1.2914271354675293","1.2914271354675293","1.4097107648849487","1.4097107648849487","1.4097107648849487","1.4280884265899658","1.4280884265899658","1.4280884265899658","1.5720982551574707","1.5720982551574707","1.5720982551574707","1.6238327026367188","1.6238327026367188","1.6238327026367188","1.7866054773330688","1.7866054773330688","1.7866054773330688"
"138","1.6363952159881592","1.6363952159881592","1.6363952159881592","1.6632846593856812","1.6632846593856812","1.6632846593856812","1.5463392734527588","1.5463392734527588","1.5463392734527588","1.5170657634735107","1.5170657634735107","1.5170657634735107","0.6493310928344727","0.6493310928344727","0.6493310928344727","1.6217570304870605","1.6217570304870605","1.6217570304870605","1.4542778730392456","1.4542778730392456","1.4542778730392456","1.4425959587097168","1.4425959587097168","1.4425959587097168","1.491880178451538","1.491880178451538","1.491880178451538","1.639243721961975","1.639243721961975","1.639243721961975","1.276119351387024","1.276119351387024","1.276119351387024","1.6327943801879883","1.6327943801879883","1.6327943801879883"
"140","1.6140098571777344","1.6140098571777344","1.6140098571777344","1.2392053604125977","1.2392053604125977","1.2392053604125977","1.5070199966430664","1.5070199966430664","1.5070199966430664","1.4231265783309937","1.4231265783309937","1.4231265783309937","1.5099457502365112","1.5099457502365112","1.5099457502365112","1.5680577754974365","1.5680577754974365","1.5680577754974365","1.473073124885559","1.473073124885559","1.473073124885559","1.5466474294662476","1.5466474294662476","1.5466474294662476","1.4938057661056519","1.4938057661056519","1.4938057661056519","1.6008563041687012","1.6008563041687012","1.6008563041687012","1.9315481185913086","1.9315481185913086","1.9315481185913086","1.8506677150726318","1.8506677150726318","1.8506677150726318"
"142","1.5005509853363037","1.5005509853363037","1.5005509853363037","1.420362114906311","1.420362114906311","1.420362114906311","1.4729113578796387","1.4729113578796387","1.4729113578796387","1.534181833267212","1.534181833267212","1.534181833267212","1.3356733322143555","1.3356733322143555","1.3356733322143555","1.4975967407226562","1.4975967407226562","1.4975967407226562","1.4239968061447144","1.4239968061447144","1.4239968061447144","1.423912525177002","1.423912525177002","1.423912525177002","1.5527310371398926","1.5527310371398926","1.5527310371398926","1.5514748096466064","1.5514748096466064","1.5514748096466064","1.6261051893234253","1.6261051893234253","1.6261051893234253","1.5952448844909668","1.5952448844909668","1.5952448844909668"
"144","1.6808007955551147","1.6808007955551147","1.6808007955551147","1.518285870552063","1.518285870552063","1.518285870552063","1.50761079788208","1.50761079788208","1.50761079788208","1.400374174118042","1.400374174118042","1.400374174118042","1.6877679824829102","1.6877679824829102","1.6877679824829102","1.6001783609390259","1.6001783609390259","1.6001783609390259","1.423095464706421","1.423095464706421","1.423095464706421","1.4278680086135864","1.4278680086135864","1.4278680086135864","1.5474779605865479","1.5474779605865479","1.5474779605865479","1.5735535621643066","1.5735535621643066","1.5735535621643066","1.4681575298309326","1.4681575298309326","1.4681575298309326","1.553043007850647","1.553043007850647","1.553043007850647"
"146","1.6470378637313843","1.6470378637313843","1.6470378637313843","1.5957896709442139","1.5957896709442139","1.5957896709442139","1.5001903772354126","1.5001903772354126","1.5001903772354126","1.4868699312210083","1.4868699312210083","1.4868699312210083","1.747288465499878","1.747288465499878","1.747288465499878","1.4374057054519653","1.4374057054519653","1.4374057054519653","1.5407155752182007","1.5407155752182007","1.5407155752182007","1.5310808420181274","1.5310808420181274","1.5310808420181274","1.614168643951416","1.614168643951416","1.614168643951416","1.6499767303466797","1.6499767303466797","1.6499767303466797","1.2520310878753662","1.2520310878753662","1.2520310878753662","1.6529064178466797","1.6529064178466797","1.6529064178466797"
"148","1.7589576244354248","1.7589576244354248","1.7589576244354248","1.2937750816345215","1.2937750816345215","1.2937750816345215","1.5773861408233643","1.5773861408233643","1.5773861408233643","1.3434875011444092","1.3434875011444092","1.3434875011444092","1.5161577463150024","1.5161577463150024","1.5161577463150024","1.5951951742172241","1.5951951742172241","1.5951951742172241","1.4101414680480957","1.4101414680480957","1.4101414680480957","1.512671947479248","1.512671947479248","1.512671947479248","1.6042330265045166","1.6042330265045166","1.6042330265045166","1.5485681295394897","1.5485681295394897","1.5485681295394897","1.8076045513153076","1.8076045513153076","1.8076045513153076","1.702174186706543","1.702174186706543","1.702174186706543"
"150","1.597659945487976","1.597659945487976","1.597659945487976","1.5543646812438965","1.5543646812438965","1.5543646812438965","1.6231404542922974","1.6231404542922974","1.6231404542922974","1.4299981594085693","1.4299981594085693","1.4299981594085693","1.532924771308899","1.532924771308899","1.532924771308899","1.4648574590682983","1.4648574590682983","1.4648574590682983","1.489187479019165","1.489187479019165","1.489187479019165","1.4232254028320312","1.4232254028320312","1.4232254028320312","1.6688228845596313","1.6688228845596313","1.6688228845596313","1.5724893808364868","1.5724893808364868","1.5724893808364868","1.6497267484664917","1.6497267484664917","1.6497267484664917","1.50813889503479","1.50813889503479","1.50813889503479"
"152","1.8014124631881714","1.8014124631881714","1.8014124631881714","1.8015614748001099","1.8015614748001099","1.8015614748001099","1.4262155294418335","1.4262155294418335","1.4262155294418335","1.3745203018188477","1.3745203018188477","1.3745203018188477","1.6242610216140747","1.6242610216140747","1.6242610216140747","1.838045597076416","1.838045597076416","1.838045597076416","1.3035870790481567","1.3035870790481567","1.3035870790481567","1.392293095588684","1.392293095588684","1.392293095588684","1.5028200149536133","1.5028200149536133","1.5028200149536133","1.5799853801727295","1.5799853801727295","1.5799853801727295","1.4885485172271729","1.4885485172271729","1.4885485172271729","1.584531307220459","1.584531307220459","1.584531307220459"
"154","1.6912862062454224","1.6912862062454224","1.6912862062454224","1.6640360355377197","1.6640360355377197","1.6640360355377197","1.4745880365371704","1.4745880365371704","1.4745880365371704","1.2630306482315063","1.2630306482315063","1.2630306482315063","1.6192817687988281","1.6192817687988281","1.6192817687988281","1.3970414400100708","1.3970414400100708","1.3970414400100708","1.407547950744629","1.407547950744629","1.407547950744629","1.3864191770553589","1.3864191770553589","1.3864191770553589","1.5468745231628418","1.5468745231628418","1.5468745231628418","1.584247350692749","1.584247350692749","1.584247350692749","2.044894218444824","2.044894218444824","2.044894218444824","1.5364066362380981","1.5364066362380981","1.5364066362380981"
"156","1.5594733953475952","1.5594733953475952","1.5594733953475952","1.4138259887695312","1.4138259887695312","1.4138259887695312","1.6141753196716309","1.6141753196716309","1.6141753196716309","1.3635735511779785","1.3635735511779785","1.3635735511779785","1.5735359191894531","1.5735359191894531","1.5735359191894531","1.4543993473052979","1.4543993473052979","1.4543993473052979","1.464231252670288","1.464231252670288","1.464231252670288","1.4426981210708618","1.4426981210708618","1.4426981210708618","1.5007456541061401","1.5007456541061401","1.5007456541061401","1.5883867740631104","1.5883867740631104","1.5883867740631104","1.6471468210220337","1.6471468210220337","1.6471468210220337","1.7553277015686035","1.7553277015686035","1.7553277015686035"
"158","1.7873793840408325","1.7873793840408325","1.7873793840408325","1.6558640003204346","1.6558640003204346","1.6558640003204346","1.3136653900146484","1.3136653900146484","1.3136653900146484","1.3216726779937744","1.3216726779937744","1.3216726779937744","1.474220871925354","1.474220871925354","1.474220871925354","1.512812852859497","1.512812852859497","1.512812852859497","1.3503127098083496","1.3503127098083496","1.3503127098083496","1.3697036504745483","1.3697036504745483","1.3697036504745483","1.5888155698776245","1.5888155698776245","1.5888155698776245","1.7589401006698608","1.7589401006698608","1.7589401006698608","1.7022204399108887","1.7022204399108887","1.7022204399108887","1.472622275352478","1.472622275352478","1.472622275352478"
"160","1.7989890575408936","1.7989890575408936","1.7989890575408936","1.5353264808654785","1.5353264808654785","1.5353264808654785","1.6739732027053833","1.6739732027053833","1.6739732027053833","1.4153385162353516","1.4153385162353516","1.4153385162353516","1.5715962648391724","1.5715962648391724","1.5715962648391724","1.35238778591156","1.35238778591156","1.35238778591156","1.4523653984069824","1.4523653984069824","1.4523653984069824","1.4079022407531738","1.4079022407531738","1.4079022407531738","1.5403451919555664","1.5403451919555664","1.5403451919555664","1.693834900856018","1.693834900856018","1.693834900856018","1.0045247077941895","1.0045247077941895","1.0045247077941895","1.6616780757904053","1.6616780757904053","1.6616780757904053"
"162","1.2939876317977905","1.2939876317977905","1.2939876317977905","1.572687029838562","1.572687029838562","1.572687029838562","1.4727061986923218","1.4727061986923218","1.4727061986923218","1.426254391670227","1.426254391670227","1.426254391670227","1.3761777877807617","1.3761777877807617","1.3761777877807617","1.5747566223144531","1.5747566223144531","1.5747566223144531","1.3707010746002197","1.3707010746002197","1.3707010746002197","1.3904716968536377","1.3904716968536377","1.3904716968536377","1.7390034198760986","1.7390034198760986","1.7390034198760986","1.6191704273223877","1.6191704273223877","1.6191704273223877","1.493559718132019","1.493559718132019","1.493559718132019","1.532459020614624","1.532459020614624","1.532459020614624"
"164","1.6115504503250122","1.6115504503250122","1.6115504503250122","1.6876006126403809","1.6876006126403809","1.6876006126403809","1.4492402076721191","1.4492402076721191","1.4492402076721191","1.430672526359558","1.430672526359558","1.430672526359558","1.5494542121887207","1.5494542121887207","1.5494542121887207","1.3645201921463013","1.3645201921463013","1.3645201921463013","1.3055049180984497","1.3055049180984497","1.3055049180984497","1.363686442375183","1.363686442375183","1.363686442375183","1.7347204685211182","1.7347204685211182","1.7347204685211182","1.631368637084961","1.631368637084961","1.631368637084961","1.6990586519241333","1.6990586519241333","1.6990586519241333","1.499000906944275","1.499000906944275","1.499000906944275"
"166","1.6703336238861084","1.6703336238861084","1.6703336238861084","1.4596331119537354","1.4596331119537354","1.4596331119537354","1.50885808467865","1.50885808467865","1.50885808467865","1.4102752208709717","1.4102752208709717","1.4102752208709717","1.454270601272583","1.454270601272583","1.454270601272583","1.443382978439331","1.443382978439331","1.443382978439331","1.4884803295135498","1.4884803295135498","1.4884803295135498","1.5278581380844116","1.5278581380844116","1.5278581380844116","1.7353785037994385","1.7353785037994385","1.7353785037994385","1.640372633934021","1.640372633934021","1.640372633934021","1.7573139667510986","1.7573139667510986","1.7573139667510986","1.6247979402542114","1.6247979402542114","1.6247979402542114"
"168","1.7020034790039062","1.7020034790039062","1.7020034790039062","1.5756709575653076","1.5756709575653076","1.5756709575653076","1.4876950979232788","1.4876950979232788","1.4876950979232788","1.4013028144836426","1.4013028144836426","1.4013028144836426","1.5025925636291504","1.5025925636291504","1.5025925636291504","1.3797210454940796","1.3797210454940796","1.3797210454940796","1.3324114084243774","1.3324114084243774","1.3324114084243774","1.527787208557129","1.527787208557129","1.527787208557129","1.5476958751678467","1.5476958751678467","1.5476958751678467","1.5462005138397217","1.5462005138397217","1.5462005138397217","1.6645562648773193","1.6645562648773193","1.6645562648773193","1.89191734790802","1.89191734790802","1.89191734790802"
"170","1.6056827306747437","1.6056827306747437","1.6056827306747437","1.276746153831482","1.276746153831482","1.276746153831482","1.4256442785263062","1.4256442785263062","1.4256442785263062","1.4133648872375488","1.4133648872375488","1.4133648872375488","1.2118251323699951","1.2118251323699951","1.2118251323699951","1.5939154624938965","1.5939154624938965","1.5939154624938965","1.4793719053268433","1.4793719053268433","1.4793719053268433","1.4920614957809448","1.4920614957809448","1.4920614957809448","1.5393872261047363","1.5393872261047363","1.5393872261047363","1.5145344734191895","1.5145344734191895","1.5145344734191895","1.6012704372406006","1.6012704372406006","1.6012704372406006","1.544731855392456","1.544731855392456","1.544731855392456"
"172","1.4942326545715332","1.4942326545715332","1.4942326545715332","0.8740043640136719","0.8740043640136719","0.8740043640136719","1.4483026266098022","1.4483026266098022","1.4483026266098022","1.4281737804412842","1.4281737804412842","1.4281737804412842","1.5740020275115967","1.5740020275115967","1.5740020275115967","1.4908428192138672","1.4908428192138672","1.4908428192138672","1.3795559406280518","1.3795559406280518","1.3795559406280518","1.4937362670898438","1.4937362670898438","1.4937362670898438","1.732936143875122","1.732936143875122","1.732936143875122","1.653398036956787","1.653398036956787","1.653398036956787","1.7227433919906616","1.7227433919906616","1.7227433919906616","1.7230398654937744","1.7230398654937744","1.7230398654937744"
"174","1.6771578788757324","1.6771578788757324","1.6771578788757324","1.1177659034729004","1.1177659034729004","1.1177659034729004","1.3759572505950928","1.3759572505950928","1.3759572505950928","1.3598791360855103","1.3598791360855103","1.3598791360855103","1.999415397644043","1.999415397644043","1.999415397644043","1.6722567081451416","1.6722567081451416","1.6722567081451416","1.459780216217041","1.459780216217041","1.459780216217041","1.4524282217025757","1.4524282217025757","1.4524282217025757","1.4330956935882568","1.4330956935882568","1.4330956935882568","1.568985104560852","1.568985104560852","1.568985104560852","1.244701862335205","1.244701862335205","1.244701862335205","1.5597903728485107","1.5597903728485107","1.5597903728485107"
"176","1.7483750581741333","1.7483750581741333","1.7483750581741333","1.5443087816238403","1.5443087816238403","1.5443087816238403","1.5757392644882202","1.5757392644882202","1.5757392644882202","1.5043286085128784","1.5043286085128784","1.5043286085128784","1.6709495782852173","1.6709495782852173","1.6709495782852173","1.411463737487793","1.411463737487793","1.411463737487793","1.5432826280593872","1.5432826280593872","1.5432826280593872","1.4609302282333374","1.4609302282333374","1.4609302282333374","1.672349214553833","1.672349214553833","1.672349214553833","1.6345758438110352","1.6345758438110352","1.6345758438110352","2.4524502754211426","2.4524502754211426","2.4524502754211426","1.7946140766143799","1.7946140766143799","1.7946140766143799"
"178","1.6323699951171875","1.6323699951171875","1.6323699951171875","1.8610095977783203","1.8610095977783203","1.8610095977783203","1.4869489669799805","1.4869489669799805","1.4869489669799805","1.3060510158538818","1.3060510158538818","1.3060510158538818","1.6238665580749512","1.6238665580749512","1.6238665580749512","1.5444623231887817","1.5444623231887817","1.5444623231887817","1.4776990413665771","1.4776990413665771","1.4776990413665771","1.5370028018951416","1.5370028018951416","1.5370028018951416","1.6352354288101196","1.6352354288101196","1.6352354288101196","1.6725581884384155","1.6725581884384155","1.6725581884384155","1.998829960823059","1.998829960823059","1.998829960823059","1.8142461776733398","1.8142461776733398","1.8142461776733398"
"180","1.742525339126587","1.742525339126587","1.742525339126587","1.7357683181762695","1.7357683181762695","1.7357683181762695","1.3463672399520874","1.3463672399520874","1.3463672399520874","1.4354376792907715","1.4354376792907715","1.4354376792907715","1.6718491315841675","1.6718491315841675","1.6718491315841675","1.542905330657959","1.542905330657959","1.542905330657959","1.262223720550537","1.262223720550537","1.262223720550537","1.4115369319915771","1.4115369319915771","1.4115369319915771","1.6382280588150024","1.6382280588150024","1.6382280588150024","1.5844144821166992","1.5844144821166992","1.5844144821166992","1.033313512802124","1.033313512802124","1.033313512802124","1.5517902374267578","1.5517902374267578","1.5517902374267578"
"182","1.7284016609191895","1.7284016609191895","1.7284016609191895","1.8155300617218018","1.8155300617218018","1.8155300617218018","1.5408083200454712","1.5408083200454712","1.5408083200454712","1.5936022996902466","1.5936022996902466","1.5936022996902466","1.7378566265106201","1.7378566265106201","1.7378566265106201","1.4514844417572021","1.4514844417572021","1.4514844417572021","1.4533891677856445","1.4533891677856445","1.4533891677856445","1.4756064414978027","1.4756064414978027","1.4756064414978027","1.6281424760818481","1.6281424760818481","1.6281424760818481","1.4325551986694336","1.4325551986694336","1.4325551986694336","1.824912667274475","1.824912667274475","1.824912667274475","1.6851012706756592","1.6851012706756592","1.6851012706756592"
"184","1.8803811073303223","1.8803811073303223","1.8803811073303223","7.923224449157715","7.923224449157715","7.923224449157715","1.5321705341339111","1.5321705341339111","1.5321705341339111","1.2980313301086426","1.2980313301086426","1.2980313301086426","1.5876893997192383","1.5876893997192383","1.5876893997192383","1.646173357963562","1.646173357963562","1.646173357963562","1.3481017351150513","1.3481017351150513","1.3481017351150513","1.428154706954956","1.428154706954956","1.428154706954956","1.6569652557373047","1.6569652557373047","1.6569652557373047","1.4183034896850586","1.4183034896850586","1.4183034896850586","2.2874131202697754","2.2874131202697754","2.2874131202697754","1.5118176937103271","1.5118176937103271","1.5118176937103271"
"186","1.6652946472167969","1.6652946472167969","1.6652946472167969","1.6950732469558716","1.6950732469558716","1.6950732469558716","1.4559893608093262","1.4559893608093262","1.4559893608093262","1.3611598014831543","1.3611598014831543","1.3611598014831543","1.7399975061416626","1.7399975061416626","1.7399975061416626","1.6388944387435913","1.6388944387435913","1.6388944387435913","1.4063892364501953","1.4063892364501953","1.4063892364501953","1.480441689491272","1.480441689491272","1.480441689491272","1.759760856628418","1.759760856628418","1.759760856628418","1.4895631074905396","1.4895631074905396","1.4895631074905396","1.7891883850097656","1.7891883850097656","1.7891883850097656","1.6773505210876465","1.6773505210876465","1.6773505210876465"
"188","1.659899353981018","1.659899353981018","1.659899353981018","1.55753755569458","1.55753755569458","1.55753755569458","1.5140528678894043","1.5140528678894043","1.5140528678894043","1.4466009140014648","1.4466009140014648","1.4466009140014648","1.7807031869888306","1.7807031869888306","1.7807031869888306","1.4566059112548828","1.4566059112548828","1.4566059112548828","1.3709380626678467","1.3709380626678467","1.3709380626678467","1.3886265754699707","1.3886265754699707","1.3886265754699707","1.701732873916626","1.701732873916626","1.701732873916626","1.4718945026397705","1.4718945026397705","1.4718945026397705","1.5843901634216309","1.5843901634216309","1.5843901634216309","1.7445387840270996","1.7445387840270996","1.7445387840270996"
"190","1.597354531288147","1.597354531288147","1.597354531288147","1.7088040113449097","1.7088040113449097","1.7088040113449097","1.6348614692687988","1.6348614692687988","1.6348614692687988","1.378408670425415","1.378408670425415","1.378408670425415","1.6116023063659668","1.6116023063659668","1.6116023063659668","1.4381606578826904","1.4381606578826904","1.4381606578826904","1.4308784008026123","1.4308784008026123","1.4308784008026123","1.554015874862671","1.554015874862671","1.554015874862671","1.3933072090148926","1.3933072090148926","1.3933072090148926","1.4717531204223633","1.4717531204223633","1.4717531204223633","1.596612811088562","1.596612811088562","1.596612811088562","1.5108709335327148","1.5108709335327148","1.5108709335327148"
"192","1.4771904945373535","1.4771904945373535","1.4771904945373535","1.4138109683990479","1.4138109683990479","1.4138109683990479","1.5355186462402344","1.5355186462402344","1.5355186462402344","1.327439785003662","1.327439785003662","1.327439785003662","1.6798466444015503","1.6798466444015503","1.6798466444015503","1.4683586359024048","1.4683586359024048","1.4683586359024048","1.3935693502426147","1.3935693502426147","1.3935693502426147","1.4534356594085693","1.4534356594085693","1.4534356594085693","1.7913670539855957","1.7913670539855957","1.7913670539855957","1.5400803089141846","1.5400803089141846","1.5400803089141846","1.7794723510742188","1.7794723510742188","1.7794723510742188","1.5709364414215088","1.5709364414215088","1.5709364414215088"
"194","1.6976675987243652","1.6976675987243652","1.6976675987243652","1.5749542713165283","1.5749542713165283","1.5749542713165283","1.6123032569885254","1.6123032569885254","1.6123032569885254","1.484985589981079","1.484985589981079","1.484985589981079","1.6203720569610596","1.6203720569610596","1.6203720569610596","1.5232954025268555","1.5232954025268555","1.5232954025268555","1.325226068496704","1.325226068496704","1.325226068496704","1.4274743795394897","1.4274743795394897","1.4274743795394897","1.5375224351882935","1.5375224351882935","1.5375224351882935","1.479628324508667","1.479628324508667","1.479628324508667","1.458235740661621","1.458235740661621","1.458235740661621","1.6850508451461792","1.6850508451461792","1.6850508451461792"
"196","1.4895076751708984","1.4895076751708984","1.4895076751708984","1.3538920879364014","1.3538920879364014","1.3538920879364014","1.3789645433425903","1.3789645433425903","1.3789645433425903","1.437996506690979","1.437996506690979","1.437996506690979","1.8517863750457764","1.8517863750457764","1.8517863750457764","1.218120813369751","1.218120813369751","1.218120813369751","1.2776678800582886","1.2776678800582886","1.2776678800582886","1.2284739017486572","1.2284739017486572","1.2284739017486572","2.0168447494506836","2.0168447494506836","2.0168447494506836","1.3074369430541992","1.3074369430541992","1.3074369430541992","2.126795530319214","2.126795530319214","2.126795530319214","1.6078689098358154","1.6078689098358154","1.6078689098358154"
"198","1.6088865995407104","1.6088865995407104","1.6088865995407104","0.9953162670135498","0.9953162670135498","0.9953162670135498","1.5379804372787476","1.5379804372787476","1.5379804372787476","1.5542125701904297","1.5542125701904297","1.5542125701904297","1.6031930446624756","1.6031930446624756","1.6031930446624756","1.5745905637741089","1.5745905637741089","1.5745905637741089","1.4441684484481812","1.4441684484481812","1.4441684484481812","1.5873640775680542","1.5873640775680542","1.5873640775680542","1.515394926071167","1.515394926071167","1.515394926071167","1.519486665725708","1.519486665725708","1.519486665725708","1.7521214485168457","1.7521214485168457","1.7521214485168457","1.6021333932876587","1.6021333932876587","1.6021333932876587"
"200","1.7712442874908447","1.7712442874908447","1.7712442874908447","1.6621071100234985","1.6621071100234985","1.6621071100234985","1.6364970207214355","1.6364970207214355","1.6364970207214355","1.4606881141662598","1.4606881141662598","1.4606881141662598","1.444135069847107","1.444135069847107","1.444135069847107","1.4036624431610107","1.4036624431610107","1.4036624431610107","1.4199016094207764","1.4199016094207764","1.4199016094207764","1.5091102123260498","1.5091102123260498","1.5091102123260498","1.522608995437622","1.522608995437622","1.522608995437622","1.4259405136108398","1.4259405136108398","1.4259405136108398","1.5367257595062256","1.5367257595062256","1.5367257595062256","1.4544605016708374","1.4544605016708374","1.4544605016708374"
"202","1.7339842319488525","1.7339842319488525","1.7339842319488525","1.50930917263031","1.50930917263031","1.50930917263031","1.5679175853729248","1.5679175853729248","1.5679175853729248","1.4829940795898438","1.4829940795898438","1.4829940795898438","2.1594464778900146","2.1594464778900146","2.1594464778900146","1.589416742324829","1.589416742324829","1.589416742324829","1.4489474296569824","1.4489474296569824","1.4489474296569824","1.5889105796813965","1.5889105796813965","1.5889105796813965","1.562126636505127","1.562126636505127","1.562126636505127","1.660193920135498","1.660193920135498","1.660193920135498","1.8840031623840332","1.8840031623840332","1.8840031623840332","1.5607762336730957","1.5607762336730957","1.5607762336730957"
"204","1.5238585472106934","1.5238585472106934","1.5238585472106934","1.5487737655639648","1.5487737655639648","1.5487737655639648","1.551039695739746","1.551039695739746","1.551039695739746","1.479640245437622","1.479640245437622","1.479640245437622","1.4696640968322754","1.4696640968322754","1.4696640968322754","1.5259437561035156","1.5259437561035156","1.5259437561035156","1.439835786819458","1.439835786819458","1.439835786819458","1.4379167556762695","1.4379167556762695","1.4379167556762695","1.6834005117416382","1.6834005117416382","1.6834005117416382","1.2901389598846436","1.2901389598846436","1.2901389598846436","1.5798542499542236","1.5798542499542236","1.5798542499542236","1.2757776975631714","1.2757776975631714","1.2757776975631714"
"206","1.6644923686981201","1.6644923686981201","1.6644923686981201","1.6235681772232056","1.6235681772232056","1.6235681772232056","1.2952091693878174","1.2952091693878174","1.2952091693878174","1.394754409790039","1.394754409790039","1.394754409790039","1.9400763511657715","1.9400763511657715","1.9400763511657715","1.717172622680664","1.717172622680664","1.717172622680664","1.2796622514724731","1.2796622514724731","1.2796622514724731","1.456634283065796","1.456634283065796","1.456634283065796","1.5119168758392334","1.5119168758392334","1.5119168758392334","1.5953893661499023","1.5953893661499023","1.5953893661499023","1.6078627109527588","1.6078627109527588","1.6078627109527588","1.5653159618377686","1.5653159618377686","1.5653159618377686"
"208","1.6629197597503662","1.6629197597503662","1.6629197597503662","1.7606821060180664","1.7606821060180664","1.7606821060180664","1.4553213119506836","1.4553213119506836","1.4553213119506836","1.3289806842803955","1.3289806842803955","1.3289806842803955","1.5920829772949219","1.5920829772949219","1.5920829772949219","1.8536043167114258","1.8536043167114258","1.8536043167114258","1.4199975728988647","1.4199975728988647","1.4199975728988647","1.4275747537612915","1.4275747537612915","1.4275747537612915","1.6046618223190308","1.6046618223190308","1.6046618223190308","1.7019819021224976","1.7019819021224976","1.7019819021224976","1.4922157526016235","1.4922157526016235","1.4922157526016235","1.715895175933838","1.715895175933838","1.715895175933838"
"210","1.5855525732040405","1.5855525732040405","1.5855525732040405","1.6924952268600464","1.6924952268600464","1.6924952268600464","1.4357267618179321","1.4357267618179321","1.4357267618179321","1.5810608863830566","1.5810608863830566","1.5810608863830566","1.557155728340149","1.557155728340149","1.557155728340149","1.7273129224777222","1.7273129224777222","1.7273129224777222","1.4613356590270996","1.4613356590270996","1.4613356590270996","1.6200124025344849","1.6200124025344849","1.6200124025344849","1.6509156227111816","1.6509156227111816","1.6509156227111816","1.7033395767211914","1.7033395767211914","1.7033395767211914","1.556150197982788","1.556150197982788","1.556150197982788","1.6232273578643799","1.6232273578643799","1.6232273578643799"
"212","1.3293238878250122","1.3293238878250122","1.3293238878250122","1.0893908739089966","1.0893908739089966","1.0893908739089966","1.5855447053909302","1.5855447053909302","1.5855447053909302","1.2599365711212158","1.2599365711212158","1.2599365711212158","1.6198699474334717","1.6198699474334717","1.6198699474334717","1.7159950733184814","1.7159950733184814","1.7159950733184814","1.5743895769119263","1.5743895769119263","1.5743895769119263","1.462144374847412","1.462144374847412","1.462144374847412","1.5828639268875122","1.5828639268875122","1.5828639268875122","1.6146296262741089","1.6146296262741089","1.6146296262741089","1.9014313220977783","1.9014313220977783","1.9014313220977783","1.6176677942276","1.6176677942276","1.6176677942276"
"214","1.4719245433807373","1.4719245433807373","1.4719245433807373","1.378488540649414","1.378488540649414","1.378488540649414","1.573824167251587","1.573824167251587","1.573824167251587","1.4619808197021484","1.4619808197021484","1.4619808197021484","1.6338059902191162","1.6338059902191162","1.6338059902191162","1.8824623823165894","1.8824623823165894","1.8824623823165894","1.4481117725372314","1.4481117725372314","1.4481117725372314","1.4268434047698975","1.4268434047698975","1.4268434047698975","1.6972124576568604","1.6972124576568604","1.6972124576568604","1.390503168106079","1.390503168106079","1.390503168106079","1.670678734779358","1.670678734779358","1.670678734779358","1.512366533279419","1.512366533279419","1.512366533279419"
"216","1.6464736461639404","1.6464736461639404","1.6464736461639404","1.7213140726089478","1.7213140726089478","1.7213140726089478","1.444493055343628","1.444493055343628","1.444493055343628","1.316351294517517","1.316351294517517","1.316351294517517","1.4461076259613037","1.4461076259613037","1.4461076259613037","1.4674263000488281","1.4674263000488281","1.4674263000488281","1.50005042552948","1.50005042552948","1.50005042552948","1.500369906425476","1.500369906425476","1.500369906425476","1.5069472789764404","1.5069472789764404","1.5069472789764404","1.6001777648925781","1.6001777648925781","1.6001777648925781","1.7393509149551392","1.7393509149551392","1.7393509149551392","1.5756542682647705","1.5756542682647705","1.5756542682647705"
"218","1.3802704811096191","1.3802704811096191","1.3802704811096191","1.5692541599273682","1.5692541599273682","1.5692541599273682","1.32393479347229","1.32393479347229","1.32393479347229","1.4207556247711182","1.4207556247711182","1.4207556247711182","1.5331141948699951","1.5331141948699951","1.5331141948699951","1.7870368957519531","1.7870368957519531","1.7870368957519531","1.3540711402893066","1.3540711402893066","1.3540711402893066","1.4041972160339355","1.4041972160339355","1.4041972160339355","1.536693811416626","1.536693811416626","1.536693811416626","1.461158275604248","1.461158275604248","1.461158275604248","1.6842551231384277","1.6842551231384277","1.6842551231384277","1.7237505912780762","1.7237505912780762","1.7237505912780762"
"220","1.4366601705551147","1.4366601705551147","1.4366601705551147","1.1880137920379639","1.1880137920379639","1.1880137920379639","1.4623929262161255","1.4623929262161255","1.4623929262161255","1.433896541595459","1.433896541595459","1.433896541595459","1.8668394088745117","1.8668394088745117","1.8668394088745117","1.6147321462631226","1.6147321462631226","1.6147321462631226","1.3857624530792236","1.3857624530792236","1.3857624530792236","1.3808162212371826","1.3808162212371826","1.3808162212371826","1.393372893333435","1.393372893333435","1.393372893333435","1.5052632093429565","1.5052632093429565","1.5052632093429565","1.635738492012024","1.635738492012024","1.635738492012024","1.7240252494812012","1.7240252494812012","1.7240252494812012"
"222","1.4592299461364746","1.4592299461364746","1.4592299461364746","1.4433245658874512","1.4433245658874512","1.4433245658874512","1.395684003829956","1.395684003829956","1.395684003829956","1.3673462867736816","1.3673462867736816","1.3673462867736816","1.8480920791625977","1.8480920791625977","1.8480920791625977","1.6207929849624634","1.6207929849624634","1.6207929849624634","1.4600648880004883","1.4600648880004883","1.4600648880004883","1.4892690181732178","1.4892690181732178","1.4892690181732178","1.5378684997558594","1.5378684997558594","1.5378684997558594","1.505187749862671","1.505187749862671","1.505187749862671","1.449573278427124","1.449573278427124","1.449573278427124","1.6389427185058594","1.6389427185058594","1.6389427185058594"
"224","1.508457064628601","1.508457064628601","1.508457064628601","1.7124011516571045","1.7124011516571045","1.7124011516571045","1.5209388732910156","1.5209388732910156","1.5209388732910156","1.495460867881775","1.495460867881775","1.495460867881775","1.702957034111023","1.702957034111023","1.702957034111023","1.4950242042541504","1.4950242042541504","1.4950242042541504","1.4440064430236816","1.4440064430236816","1.4440064430236816","1.4355828762054443","1.4355828762054443","1.4355828762054443","1.6361877918243408","1.6361877918243408","1.6361877918243408","1.4813907146453857","1.4813907146453857","1.4813907146453857","1.9004898071289062","1.9004898071289062","1.9004898071289062","1.4896163940429688","1.4896163940429688","1.4896163940429688"
"226","1.4219945669174194","1.4219945669174194","1.4219945669174194","1.6538194417953491","1.6538194417953491","1.6538194417953491","1.3588333129882812","1.3588333129882812","1.3588333129882812","1.571299433708191","1.571299433708191","1.571299433708191","1.4418758153915405","1.4418758153915405","1.4418758153915405","1.5870076417922974","1.5870076417922974","1.5870076417922974","1.4878432750701904","1.4878432750701904","1.4878432750701904","1.280510425567627","1.280510425567627","1.280510425567627","1.4963698387145996","1.4963698387145996","1.4963698387145996","1.4841079711914062","1.4841079711914062","1.4841079711914062","1.8823076486587524","1.8823076486587524","1.8823076486587524","1.5356028079986572","1.5356028079986572","1.5356028079986572"
"228","1.4833416938781738","1.4833416938781738","1.4833416938781738","1.5462427139282227","1.5462427139282227","1.5462427139282227","1.5045688152313232","1.5045688152313232","1.5045688152313232","1.4474029541015625","1.4474029541015625","1.4474029541015625","1.7167861461639404","1.7167861461639404","1.7167861461639404","1.537252426147461","1.537252426147461","1.537252426147461","1.3922199010849","1.3922199010849","1.3922199010849","1.4219844341278076","1.4219844341278076","1.4219844341278076","1.8215031623840332","1.8215031623840332","1.8215031623840332","1.5389964580535889","1.5389964580535889","1.5389964580535889","1.7941654920578003","1.7941654920578003","1.7941654920578003","1.812538743019104","1.812538743019104","1.812538743019104"
"230","1.2842698097229004","1.2842698097229004","1.2842698097229004","1.6962817907333374","1.6962817907333374","1.6962817907333374","1.5207054615020752","1.5207054615020752","1.5207054615020752","1.386289119720459","1.386289119720459","1.386289119720459","1.6608185768127441","1.6608185768127441","1.6608185768127441","1.527062177658081","1.527062177658081","1.527062177658081","1.4265447854995728","1.4265447854995728","1.4265447854995728","1.535387635231018","1.535387635231018","1.535387635231018","1.4155446290969849","1.4155446290969849","1.4155446290969849","1.3907122611999512","1.3907122611999512","1.3907122611999512","1.900406002998352","1.900406002998352","1.900406002998352","1.554957389831543","1.554957389831543","1.554957389831543"