"Step","VOWELS_VMD_b10_DUAL_bs16 - cross_entropy_negative_s","VOWELS_VMD_b10_DUAL_bs16 - cross_entropy_negative_s__MIN","VOWELS_VMD_b10_DUAL_bs16 - cross_entropy_negative_s__MAX","VOWELS_EMD_b10_DUAL_bs16 - cross_entropy_negative_s","VOWELS_EMD_b10_DUAL_bs16 - cross_entropy_negative_s__MIN","VOWELS_EMD_b10_DUAL_bs16 - cross_entropy_negative_s__MAX","VOWELS_EMD_b0_DUAL_bs16 - cross_entropy_negative_s","VOWELS_EMD_b0_DUAL_bs16 - cross_entropy_negative_s__MIN","VOWELS_EMD_b0_DUAL_bs16 - cross_entropy_negative_s__MAX","VOWELS_VMD_b0_DUAL_bs16 - cross_entropy_negative_s","VOWELS_VMD_b0_DUAL_bs16 - cross_entropy_negative_s__MIN","VOWELS_VMD_b0_DUAL_bs16 - cross_entropy_negative_s__MAX","VOWELS_FILTER_b10_DUAL_bs16 - cross_entropy_negative_s","VOWELS_FILTER_b10_DUAL_bs16 - cross_entropy_negative_s__MIN","VOWELS_FILTER_b10_DUAL_bs16 - cross_entropy_negative_s__MAX","VOWELS_EWT_b10_DUAL_bs16 - cross_entropy_negative_s","VOWELS_EWT_b10_DUAL_bs16 - cross_entropy_negative_s__MIN","VOWELS_EWT_b10_DUAL_bs16 - cross_entropy_negative_s__MAX","VOWELS_EWT_b0_DUAL_bs16 - cross_entropy_negative_s","VOWELS_EWT_b0_DUAL_bs16 - cross_entropy_negative_s__MIN","VOWELS_EWT_b0_DUAL_bs16 - cross_entropy_negative_s__MAX","VOWELS_FILTER_b0_DUAL_bs16 - cross_entropy_negative_s","VOWELS_FILTER_b0_DUAL_bs16 - cross_entropy_negative_s__MIN","VOWELS_FILTER_b0_DUAL_bs16 - cross_entropy_negative_s__MAX","VOWELS_EWT_b1_DUAL_bs16 - cross_entropy_negative_s","VOWELS_EWT_b1_DUAL_bs16 - cross_entropy_negative_s__MIN","VOWELS_EWT_b1_DUAL_bs16 - cross_entropy_negative_s__MAX","VOWELS_EMD_b1_DUAL_bs16 - cross_entropy_negative_s","VOWELS_EMD_b1_DUAL_bs16 - cross_entropy_negative_s__MIN","VOWELS_EMD_b1_DUAL_bs16 - cross_entropy_negative_s__MAX","VOWELS_VMD_b1_DUAL_bs16 - cross_entropy_negative_s","VOWELS_VMD_b1_DUAL_bs16 - cross_entropy_negative_s__MIN","VOWELS_VMD_b1_DUAL_bs16 - cross_entropy_negative_s__MAX","VOWELS_FILTER_b1_DUAL_bs16 - cross_entropy_negative_s","VOWELS_FILTER_b1_DUAL_bs16 - cross_entropy_negative_s__MIN","VOWELS_FILTER_b1_DUAL_bs16 - cross_entropy_negative_s__MAX"
"0","20.368335723876953","20.368335723876953","20.368335723876953","19.98242950439453","19.98242950439453","19.98242950439453","4.866279602050781","4.866279602050781","4.866279602050781","6.895185947418213","6.895185947418213","6.895185947418213","19.230030059814453","19.230030059814453","19.230030059814453","17.552631378173828","17.552631378173828","17.552631378173828","7.13528299331665","7.13528299331665","7.13528299331665","6.5384721755981445","6.5384721755981445","6.5384721755981445","17.095294952392578","17.095294952392578","17.095294952392578","19.413103103637695","19.413103103637695","19.413103103637695","19.83987045288086","19.83987045288086","19.83987045288086","18.65257453918457","18.65257453918457","18.65257453918457"
"2","24.556982040405273","24.556982040405273","24.556982040405273","23.5291748046875","23.5291748046875","23.5291748046875","1.9603177309036255","1.9603177309036255","1.9603177309036255","4.519881725311279","4.519881725311279","4.519881725311279","24.044334411621094","24.044334411621094","24.044334411621094","20.50965690612793","20.50965690612793","20.50965690612793","3.765709161758423","3.765709161758423","3.765709161758423","4.291584014892578","4.291584014892578","4.291584014892578","18.82083511352539","18.82083511352539","18.82083511352539","21.847585678100586","21.847585678100586","21.847585678100586","22.7861328125","22.7861328125","22.7861328125","22.16586685180664","22.16586685180664","22.16586685180664"
"4","26.68121910095215","26.68121910095215","26.68121910095215","25.66978645324707","25.66978645324707","25.66978645324707","1.4506700038909912","1.4506700038909912","1.4506700038909912","4.352348327636719","4.352348327636719","4.352348327636719","26.116973876953125","26.116973876953125","26.116973876953125","23.094743728637695","23.094743728637695","23.094743728637695","3.28601336479187","3.28601336479187","3.28601336479187","1.8770833015441895","1.8770833015441895","1.8770833015441895","19.887042999267578","19.887042999267578","19.887042999267578","22.71329116821289","22.71329116821289","22.71329116821289","23.353803634643555","23.353803634643555","23.353803634643555","22.89990997314453","22.89990997314453","22.89990997314453"
"6","28.649906158447266","28.649906158447266","28.649906158447266","27.45830726623535","27.45830726623535","27.45830726623535","1.2685928344726562","1.2685928344726562","1.2685928344726562","2.0898780822753906","2.0898780822753906","2.0898780822753906","27.532026290893555","27.532026290893555","27.532026290893555","24.526714324951172","24.526714324951172","24.526714324951172","1.7237262725830078","1.7237262725830078","1.7237262725830078","1.829255223274231","1.829255223274231","1.829255223274231","19.821720123291016","19.821720123291016","19.821720123291016","22.17140007019043","22.17140007019043","22.17140007019043","22.70633316040039","22.70633316040039","22.70633316040039","22.344528198242188","22.344528198242188","22.344528198242188"
"8","29.919443130493164","29.919443130493164","29.919443130493164","28.898487091064453","28.898487091064453","28.898487091064453","1.2381606101989746","1.2381606101989746","1.2381606101989746","2.1519200801849365","2.1519200801849365","2.1519200801849365","29.13677406311035","29.13677406311035","29.13677406311035","25.556880950927734","25.556880950927734","25.556880950927734","1.4980424642562866","1.4980424642562866","1.4980424642562866","1.5635262727737427","1.5635262727737427","1.5635262727737427","18.634679794311523","18.634679794311523","18.634679794311523","21.224098205566406","21.224098205566406","21.224098205566406","20.912527084350586","20.912527084350586","20.912527084350586","20.996623992919922","20.996623992919922","20.996623992919922"
"10","30.26142692565918","30.26142692565918","30.26142692565918","29.70226287841797","29.70226287841797","29.70226287841797","1.204285740852356","1.204285740852356","1.204285740852356","1.396119236946106","1.396119236946106","1.396119236946106","29.435129165649414","29.435129165649414","29.435129165649414","26.59471893310547","26.59471893310547","26.59471893310547","1.6472634077072144","1.6472634077072144","1.6472634077072144","1.3382562398910522","1.3382562398910522","1.3382562398910522","18.084228515625","18.084228515625","18.084228515625","19.217388153076172","19.217388153076172","19.217388153076172","17.277786254882812","17.277786254882812","17.277786254882812","17.925626754760742","17.925626754760742","17.925626754760742"
"12","30.727237701416016","30.727237701416016","30.727237701416016","29.871883392333984","29.871883392333984","29.871883392333984","1.1731770038604736","1.1731770038604736","1.1731770038604736","1.5390393733978271","1.5390393733978271","1.5390393733978271","29.31376838684082","29.31376838684082","29.31376838684082","26.635356903076172","26.635356903076172","26.635356903076172","1.3899075984954834","1.3899075984954834","1.3899075984954834","1.5418593883514404","1.5418593883514404","1.5418593883514404","16.166275024414062","16.166275024414062","16.166275024414062","15.36023235321045","15.36023235321045","15.36023235321045","14.48890495300293","14.48890495300293","14.48890495300293","15.225371360778809","15.225371360778809","15.225371360778809"
"14","30.667633056640625","30.667633056640625","30.667633056640625","29.89236068725586","29.89236068725586","29.89236068725586","1.1711901426315308","1.1711901426315308","1.1711901426315308","1.2976113557815552","1.2976113557815552","1.2976113557815552","29.70553970336914","29.70553970336914","29.70553970336914","26.839176177978516","26.839176177978516","26.839176177978516","1.4880074262619019","1.4880074262619019","1.4880074262619019","1.5168185234069824","1.5168185234069824","1.5168185234069824","14.429975509643555","14.429975509643555","14.429975509643555","11.944744110107422","11.944744110107422","11.944744110107422","12.59005355834961","12.59005355834961","12.59005355834961","12.662405014038086","12.662405014038086","12.662405014038086"
"16","29.899850845336914","29.899850845336914","29.899850845336914","29.025571823120117","29.025571823120117","29.025571823120117","1.14634108543396","1.14634108543396","1.14634108543396","1.4557044506072998","1.4557044506072998","1.4557044506072998","29.28717613220215","29.28717613220215","29.28717613220215","26.575910568237305","26.575910568237305","26.575910568237305","1.3860989809036255","1.3860989809036255","1.3860989809036255","1.2943366765975952","1.2943366765975952","1.2943366765975952","12.473440170288086","12.473440170288086","12.473440170288086","8.502439498901367","8.502439498901367","8.502439498901367","10.744806289672852","10.744806289672852","10.744806289672852","10.475257873535156","10.475257873535156","10.475257873535156"
"18","28.408918380737305","28.408918380737305","28.408918380737305","28.801191329956055","28.801191329956055","28.801191329956055","1.151267647743225","1.151267647743225","1.151267647743225","1.2221860885620117","1.2221860885620117","1.2221860885620117","28.131677627563477","28.131677627563477","28.131677627563477","26.082433700561523","26.082433700561523","26.082433700561523","1.5569905042648315","1.5569905042648315","1.5569905042648315","1.1998083591461182","1.1998083591461182","1.1998083591461182","10.203399658203125","10.203399658203125","10.203399658203125","7.90854549407959","7.90854549407959","7.90854549407959","8.680150985717773","8.680150985717773","8.680150985717773","8.295177459716797","8.295177459716797","8.295177459716797"
"20","26.91776466369629","26.91776466369629","26.91776466369629","27.22427749633789","27.22427749633789","27.22427749633789","1.1376922130584717","1.1376922130584717","1.1376922130584717","1.3618346452713013","1.3618346452713013","1.3618346452713013","27.465837478637695","27.465837478637695","27.465837478637695","25.392898559570312","25.392898559570312","25.392898559570312","1.326171875","1.326171875","1.326171875","1.529986023902893","1.529986023902893","1.529986023902893","8.582864761352539","8.582864761352539","8.582864761352539","6.004143238067627","6.004143238067627","6.004143238067627","7.043249130249023","7.043249130249023","7.043249130249023","7.873938083648682","7.873938083648682","7.873938083648682"
"22","25.954608917236328","25.954608917236328","25.954608917236328","25.51249122619629","25.51249122619629","25.51249122619629","1.131545066833496","1.131545066833496","1.131545066833496","1.2693517208099365","1.2693517208099365","1.2693517208099365","26.3541202545166","26.3541202545166","26.3541202545166","24.83271598815918","24.83271598815918","24.83271598815918","1.2528198957443237","1.2528198957443237","1.2528198957443237","1.3364346027374268","1.3364346027374268","1.3364346027374268","7.7154340744018555","7.7154340744018555","7.7154340744018555","5.247337341308594","5.247337341308594","5.247337341308594","5.989274978637695","5.989274978637695","5.989274978637695","6.3311567306518555","6.3311567306518555","6.3311567306518555"
"24","24.176998138427734","24.176998138427734","24.176998138427734","23.67906951904297","23.67906951904297","23.67906951904297","1.1246418952941895","1.1246418952941895","1.1246418952941895","1.2055761814117432","1.2055761814117432","1.2055761814117432","24.855588912963867","24.855588912963867","24.855588912963867","24.5744686126709","24.5744686126709","24.5744686126709","1.1604870557785034","1.1604870557785034","1.1604870557785034","1.2281770706176758","1.2281770706176758","1.2281770706176758","6.924866676330566","6.924866676330566","6.924866676330566","4.918581008911133","4.918581008911133","4.918581008911133","5.719372749328613","5.719372749328613","5.719372749328613","5.579801082611084","5.579801082611084","5.579801082611084"
"26","22.12604331970215","22.12604331970215","22.12604331970215","21.88112449645996","21.88112449645996","21.88112449645996","1.1215507984161377","1.1215507984161377","1.1215507984161377","1.1405428647994995","1.1405428647994995","1.1405428647994995","22.650325775146484","22.650325775146484","22.650325775146484","23.30597686767578","23.30597686767578","23.30597686767578","1.187503457069397","1.187503457069397","1.187503457069397","1.2335469722747803","1.2335469722747803","1.2335469722747803","5.783026695251465","5.783026695251465","5.783026695251465","4.967774868011475","4.967774868011475","4.967774868011475","4.708805561065674","4.708805561065674","4.708805561065674","4.757321834564209","4.757321834564209","4.757321834564209"
"28","20.521591186523438","20.521591186523438","20.521591186523438","19.168567657470703","19.168567657470703","19.168567657470703","1.1183483600616455","1.1183483600616455","1.1183483600616455","1.1869642734527588","1.1869642734527588","1.1869642734527588","21.466983795166016","21.466983795166016","21.466983795166016","22.180110931396484","22.180110931396484","22.180110931396484","1.2341874837875366","1.2341874837875366","1.2341874837875366","1.1803522109985352","1.1803522109985352","1.1803522109985352","5.995559215545654","5.995559215545654","5.995559215545654","4.376735687255859","4.376735687255859","4.376735687255859","5.237814903259277","5.237814903259277","5.237814903259277","4.939299583435059","4.939299583435059","4.939299583435059"
"30","18.725170135498047","18.725170135498047","18.725170135498047","17.425411224365234","17.425411224365234","17.425411224365234","1.118100881576538","1.118100881576538","1.118100881576538","1.1495311260223389","1.1495311260223389","1.1495311260223389","19.356914520263672","19.356914520263672","19.356914520263672","21.412517547607422","21.412517547607422","21.412517547607422","1.172893762588501","1.172893762588501","1.172893762588501","1.1536121368408203","1.1536121368408203","1.1536121368408203","4.932307720184326","4.932307720184326","4.932307720184326","4.40478515625","4.40478515625","4.40478515625","4.567692756652832","4.567692756652832","4.567692756652832","4.565338134765625","4.565338134765625","4.565338134765625"
"32","17.228660583496094","17.228660583496094","17.228660583496094","15.247304916381836","15.247304916381836","15.247304916381836","1.114412784576416","1.114412784576416","1.114412784576416","1.2015928030014038","1.2015928030014038","1.2015928030014038","17.694400787353516","17.694400787353516","17.694400787353516","20.516252517700195","20.516252517700195","20.516252517700195","1.2225821018218994","1.2225821018218994","1.2225821018218994","1.156736135482788","1.156736135482788","1.156736135482788","5.210015773773193","5.210015773773193","5.210015773773193","4.137675762176514","4.137675762176514","4.137675762176514","5.176159858703613","5.176159858703613","5.176159858703613","4.759459495544434","4.759459495544434","4.759459495544434"
"34","15.621116638183594","15.621116638183594","15.621116638183594","13.882983207702637","13.882983207702637","13.882983207702637","1.1132726669311523","1.1132726669311523","1.1132726669311523","1.1238895654678345","1.1238895654678345","1.1238895654678345","15.240022659301758","15.240022659301758","15.240022659301758","19.011125564575195","19.011125564575195","19.011125564575195","1.1422110795974731","1.1422110795974731","1.1422110795974731","1.1572256088256836","1.1572256088256836","1.1572256088256836","4.552104949951172","4.552104949951172","4.552104949951172","4.3930559158325195","4.3930559158325195","4.3930559158325195","4.351530075073242","4.351530075073242","4.351530075073242","4.319890022277832","4.319890022277832","4.319890022277832"
"36","14.387557983398438","14.387557983398438","14.387557983398438","12.319746017456055","12.319746017456055","12.319746017456055","1.1117453575134277","1.1117453575134277","1.1117453575134277","1.1577882766723633","1.1577882766723633","1.1577882766723633","14.259191513061523","14.259191513061523","14.259191513061523","18.096668243408203","18.096668243408203","18.096668243408203","1.347318410873413","1.347318410873413","1.347318410873413","1.169378638267517","1.169378638267517","1.169378638267517","4.652031898498535","4.652031898498535","4.652031898498535","4.138328552246094","4.138328552246094","4.138328552246094","4.245862007141113","4.245862007141113","4.245862007141113","4.414682388305664","4.414682388305664","4.414682388305664"
"38","13.46544075012207","13.46544075012207","13.46544075012207","11.385675430297852","11.385675430297852","11.385675430297852","1.110900640487671","1.110900640487671","1.110900640487671","1.117458701133728","1.117458701133728","1.117458701133728","14.026124000549316","14.026124000549316","14.026124000549316","17.13699722290039","17.13699722290039","17.13699722290039","1.1663143634796143","1.1663143634796143","1.1663143634796143","1.1760451793670654","1.1760451793670654","1.1760451793670654","4.226949214935303","4.226949214935303","4.226949214935303","4.062873363494873","4.062873363494873","4.062873363494873","4.004161834716797","4.004161834716797","4.004161834716797","4.833780288696289","4.833780288696289","4.833780288696289"
"40","12.589712142944336","12.589712142944336","12.589712142944336","10.08305549621582","10.08305549621582","10.08305549621582","1.1104246377944946","1.1104246377944946","1.1104246377944946","1.1369234323501587","1.1369234323501587","1.1369234323501587","12.720500946044922","12.720500946044922","12.720500946044922","16.142086029052734","16.142086029052734","16.142086029052734","1.1843692064285278","1.1843692064285278","1.1843692064285278","1.2388893365859985","1.2388893365859985","1.2388893365859985","4.376779556274414","4.376779556274414","4.376779556274414","4.071908950805664","4.071908950805664","4.071908950805664","3.9792959690093994","3.9792959690093994","3.9792959690093994","4.420475959777832","4.420475959777832","4.420475959777832"
"42","11.267845153808594","11.267845153808594","11.267845153808594","9.227684020996094","9.227684020996094","9.227684020996094","1.1094443798065186","1.1094443798065186","1.1094443798065186","1.1814554929733276","1.1814554929733276","1.1814554929733276","10.391284942626953","10.391284942626953","10.391284942626953","13.8622465133667","13.8622465133667","13.8622465133667","1.1850758790969849","1.1850758790969849","1.1850758790969849","1.1405656337738037","1.1405656337738037","1.1405656337738037","4.02158260345459","4.02158260345459","4.02158260345459","4.339761734008789","4.339761734008789","4.339761734008789","4.107937812805176","4.107937812805176","4.107937812805176","4.134926795959473","4.134926795959473","4.134926795959473"
"44","10.232820510864258","10.232820510864258","10.232820510864258","8.270298957824707","8.270298957824707","8.270298957824707","1.1102054119110107","1.1102054119110107","1.1102054119110107","1.2021889686584473","1.2021889686584473","1.2021889686584473","9.657142639160156","9.657142639160156","9.657142639160156","13.095370292663574","13.095370292663574","13.095370292663574","1.1484653949737549","1.1484653949737549","1.1484653949737549","1.1645430326461792","1.1645430326461792","1.1645430326461792","3.886295795440674","3.886295795440674","3.886295795440674","4.026499271392822","4.026499271392822","4.026499271392822","3.6084980964660645","3.6084980964660645","3.6084980964660645","3.9220898151397705","3.9220898151397705","3.9220898151397705"
"46","9.71227741241455","9.71227741241455","9.71227741241455","7.75631856918335","7.75631856918335","7.75631856918335","1.1081501245498657","1.1081501245498657","1.1081501245498657","1.13151216506958","1.13151216506958","1.13151216506958","8.996795654296875","8.996795654296875","8.996795654296875","11.662639617919922","11.662639617919922","11.662639617919922","1.1725338697433472","1.1725338697433472","1.1725338697433472","1.12721586227417","1.12721586227417","1.12721586227417","3.737903118133545","3.737903118133545","3.737903118133545","3.947359323501587","3.947359323501587","3.947359323501587","3.4742789268493652","3.4742789268493652","3.4742789268493652","3.945627212524414","3.945627212524414","3.945627212524414"
"48","8.720797538757324","8.720797538757324","8.720797538757324","7.153798580169678","7.153798580169678","7.153798580169678","1.108256220817566","1.108256220817566","1.108256220817566","1.1364245414733887","1.1364245414733887","1.1364245414733887","8.54962158203125","8.54962158203125","8.54962158203125","10.844419479370117","10.844419479370117","10.844419479370117","1.1404242515563965","1.1404242515563965","1.1404242515563965","1.1827776432037354","1.1827776432037354","1.1827776432037354","3.620278835296631","3.620278835296631","3.620278835296631","4.014215469360352","4.014215469360352","4.014215469360352","3.5255935192108154","3.5255935192108154","3.5255935192108154","4.049655437469482","4.049655437469482","4.049655437469482"
"50","8.721965789794922","8.721965789794922","8.721965789794922","6.875479698181152","6.875479698181152","6.875479698181152","1.1095032691955566","1.1095032691955566","1.1095032691955566","1.1403529644012451","1.1403529644012451","1.1403529644012451","8.491159439086914","8.491159439086914","8.491159439086914","10.903399467468262","10.903399467468262","10.903399467468262","1.136296272277832","1.136296272277832","1.136296272277832","1.1613713502883911","1.1613713502883911","1.1613713502883911","3.4677300453186035","3.4677300453186035","3.4677300453186035","3.898991823196411","3.898991823196411","3.898991823196411","3.945812463760376","3.945812463760376","3.945812463760376","4.2107367515563965","4.2107367515563965","4.2107367515563965"
"52","7.695250988006592","7.695250988006592","7.695250988006592","6.552727699279785","6.552727699279785","6.552727699279785","1.1069321632385254","1.1069321632385254","1.1069321632385254","1.1160259246826172","1.1160259246826172","1.1160259246826172","7.285261154174805","7.285261154174805","7.285261154174805","9.499107360839844","9.499107360839844","9.499107360839844","1.171438455581665","1.171438455581665","1.171438455581665","1.1222532987594604","1.1222532987594604","1.1222532987594604","3.3106279373168945","3.3106279373168945","3.3106279373168945","3.874234676361084","3.874234676361084","3.874234676361084","3.0321402549743652","3.0321402549743652","3.0321402549743652","3.839726209640503","3.839726209640503","3.839726209640503"
"54","7.304507255554199","7.304507255554199","7.304507255554199","6.2856950759887695","6.2856950759887695","6.2856950759887695","1.1062610149383545","1.1062610149383545","1.1062610149383545","1.1136775016784668","1.1136775016784668","1.1136775016784668","7.145471096038818","7.145471096038818","7.145471096038818","8.8338623046875","8.8338623046875","8.8338623046875","1.1419652700424194","1.1419652700424194","1.1419652700424194","1.140087604522705","1.140087604522705","1.140087604522705","3.2359604835510254","3.2359604835510254","3.2359604835510254","3.747612476348877","3.747612476348877","3.747612476348877","3.147841453552246","3.147841453552246","3.147841453552246","3.9248604774475098","3.9248604774475098","3.9248604774475098"
"56","7.893111705780029","7.893111705780029","7.893111705780029","5.742201805114746","5.742201805114746","5.742201805114746","1.1076866388320923","1.1076866388320923","1.1076866388320923","1.1444625854492188","1.1444625854492188","1.1444625854492188","7.469196319580078","7.469196319580078","7.469196319580078","9.691213607788086","9.691213607788086","9.691213607788086","1.2723262310028076","1.2723262310028076","1.2723262310028076","1.1562625169754028","1.1562625169754028","1.1562625169754028","3.7750067710876465","3.7750067710876465","3.7750067710876465","3.8230762481689453","3.8230762481689453","3.8230762481689453","3.860239267349243","3.860239267349243","3.860239267349243","5.09990930557251","5.09990930557251","5.09990930557251"
"58","6.607118129730225","6.607118129730225","6.607118129730225","5.447746276855469","5.447746276855469","5.447746276855469","1.1059467792510986","1.1059467792510986","1.1059467792510986","1.114018440246582","1.114018440246582","1.114018440246582","6.961719036102295","6.961719036102295","6.961719036102295","8.4161958694458","8.4161958694458","8.4161958694458","1.2163423299789429","1.2163423299789429","1.2163423299789429","1.1885179281234741","1.1885179281234741","1.1885179281234741","3.3624460697174072","3.3624460697174072","3.3624460697174072","5.778449535369873","5.778449535369873","5.778449535369873","2.8873939514160156","2.8873939514160156","2.8873939514160156","4.040761947631836","4.040761947631836","4.040761947631836"
"60","6.489124298095703","6.489124298095703","6.489124298095703","5.521410942077637","5.521410942077637","5.521410942077637","1.1054737567901611","1.1054737567901611","1.1054737567901611","1.1112946271896362","1.1112946271896362","1.1112946271896362","6.723349094390869","6.723349094390869","6.723349094390869","7.779606342315674","7.779606342315674","7.779606342315674","1.1641348600387573","1.1641348600387573","1.1641348600387573","1.1683478355407715","1.1683478355407715","1.1683478355407715","24.763771057128906","24.763771057128906","24.763771057128906","4.05074405670166","4.05074405670166","4.05074405670166","2.8478851318359375","2.8478851318359375","2.8478851318359375","4.171047210693359","4.171047210693359","4.171047210693359"
"62","6.9912428855896","6.9912428855896","6.9912428855896","5.060396194458008","5.060396194458008","5.060396194458008","1.109728217124939","1.109728217124939","1.109728217124939","1.124586582183838","1.124586582183838","1.124586582183838","6.4671831130981445","6.4671831130981445","6.4671831130981445","7.874178886413574","7.874178886413574","7.874178886413574","1.130149006843567","1.130149006843567","1.130149006843567","1.20780348777771","1.20780348777771","1.20780348777771","3.7647933959960938","3.7647933959960938","3.7647933959960938","3.713991641998291","3.713991641998291","3.713991641998291","3.1334445476531982","3.1334445476531982","3.1334445476531982","4.115180969238281","4.115180969238281","4.115180969238281"
"64","6.129364967346191","6.129364967346191","6.129364967346191","5.00700044631958","5.00700044631958","5.00700044631958","1.1062798500061035","1.1062798500061035","1.1062798500061035","1.1114619970321655","1.1114619970321655","1.1114619970321655","6.206149101257324","6.206149101257324","6.206149101257324","7.307320594787598","7.307320594787598","7.307320594787598","1.1156643629074097","1.1156643629074097","1.1156643629074097","1.1554933786392212","1.1554933786392212","1.1554933786392212","3.433241605758667","3.433241605758667","3.433241605758667","3.7559967041015625","3.7559967041015625","3.7559967041015625","2.8374946117401123","2.8374946117401123","2.8374946117401123","3.7653729915618896","3.7653729915618896","3.7653729915618896"
"66","6.267162799835205","6.267162799835205","6.267162799835205","4.618216037750244","4.618216037750244","4.618216037750244","1.1056973934173584","1.1056973934173584","1.1056973934173584","1.1301122903823853","1.1301122903823853","1.1301122903823853","5.991964340209961","5.991964340209961","5.991964340209961","6.834765434265137","6.834765434265137","6.834765434265137","1.1180078983306885","1.1180078983306885","1.1180078983306885","1.1190476417541504","1.1190476417541504","1.1190476417541504","3.244568347930908","3.244568347930908","3.244568347930908","3.7987828254699707","3.7987828254699707","3.7987828254699707","2.902864456176758","2.902864456176758","2.902864456176758","3.7344970703125","3.7344970703125","3.7344970703125"
"68","5.645044803619385","5.645044803619385","5.645044803619385","4.740179061889648","4.740179061889648","4.740179061889648","1.105271339416504","1.105271339416504","1.105271339416504","1.1058987379074097","1.1058987379074097","1.1058987379074097","6.110098838806152","6.110098838806152","6.110098838806152","6.5042829513549805","6.5042829513549805","6.5042829513549805","1.1490018367767334","1.1490018367767334","1.1490018367767334","1.1606682538986206","1.1606682538986206","1.1606682538986206","2.9785048961639404","2.9785048961639404","2.9785048961639404","3.72662353515625","3.72662353515625","3.72662353515625","2.5677242279052734","2.5677242279052734","2.5677242279052734","3.7973427772521973","3.7973427772521973","3.7973427772521973"
"70","5.716543197631836","5.716543197631836","5.716543197631836","4.667454719543457","4.667454719543457","4.667454719543457","1.1057136058807373","1.1057136058807373","1.1057136058807373","1.224149465560913","1.224149465560913","1.224149465560913","5.748892784118652","5.748892784118652","5.748892784118652","6.570817470550537","6.570817470550537","6.570817470550537","1.3346498012542725","1.3346498012542725","1.3346498012542725","1.1507272720336914","1.1507272720336914","1.1507272720336914","3.0196075439453125","3.0196075439453125","3.0196075439453125","3.6553587913513184","3.6553587913513184","3.6553587913513184","3.057910680770874","3.057910680770874","3.057910680770874","3.374035358428955","3.374035358428955","3.374035358428955"
"72","5.610344886779785","5.610344886779785","5.610344886779785","4.515120506286621","4.515120506286621","4.515120506286621","1.1049606800079346","1.1049606800079346","1.1049606800079346","1.1126904487609863","1.1126904487609863","1.1126904487609863","5.954308032989502","5.954308032989502","5.954308032989502","6.740274429321289","6.740274429321289","6.740274429321289","1.1289924383163452","1.1289924383163452","1.1289924383163452","1.1799815893173218","1.1799815893173218","1.1799815893173218","2.6842947006225586","2.6842947006225586","2.6842947006225586","3.6405537128448486","3.6405537128448486","3.6405537128448486","2.6796140670776367","2.6796140670776367","2.6796140670776367","3.403276205062866","3.403276205062866","3.403276205062866"
"74","5.445221900939941","5.445221900939941","5.445221900939941","4.428484916687012","4.428484916687012","4.428484916687012","1.1049023866653442","1.1049023866653442","1.1049023866653442","1.1068565845489502","1.1068565845489502","1.1068565845489502","5.805960655212402","5.805960655212402","5.805960655212402","6.017184257507324","6.017184257507324","6.017184257507324","1.1205666065216064","1.1205666065216064","1.1205666065216064","1.1609487533569336","1.1609487533569336","1.1609487533569336","2.7096781730651855","2.7096781730651855","2.7096781730651855","3.5782551765441895","3.5782551765441895","3.5782551765441895","2.5430068969726562","2.5430068969726562","2.5430068969726562","3.3447587490081787","3.3447587490081787","3.3447587490081787"
"76","5.2434282302856445","5.2434282302856445","5.2434282302856445","4.234015464782715","4.234015464782715","4.234015464782715","1.1049952507019043","1.1049952507019043","1.1049952507019043","1.1077781915664673","1.1077781915664673","1.1077781915664673","5.347389221191406","5.347389221191406","5.347389221191406","5.641915321350098","5.641915321350098","5.641915321350098","1.121476173400879","1.121476173400879","1.121476173400879","1.115838646888733","1.115838646888733","1.115838646888733","2.508143424987793","2.508143424987793","2.508143424987793","3.500969886779785","3.500969886779785","3.500969886779785","2.4789133071899414","2.4789133071899414","2.4789133071899414","3.088223695755005","3.088223695755005","3.088223695755005"
"78","5.152867794036865","5.152867794036865","5.152867794036865","4.356298446655273","4.356298446655273","4.356298446655273","1.1042988300323486","1.1042988300323486","1.1042988300323486","1.1109552383422852","1.1109552383422852","1.1109552383422852","5.384463787078857","5.384463787078857","5.384463787078857","5.833431243896484","5.833431243896484","5.833431243896484","1.120037317276001","1.120037317276001","1.120037317276001","1.1408498287200928","1.1408498287200928","1.1408498287200928","2.5168118476867676","2.5168118476867676","2.5168118476867676","3.7046475410461426","3.7046475410461426","3.7046475410461426","2.452817678451538","2.452817678451538","2.452817678451538","3.003955602645874","3.003955602645874","3.003955602645874"
"80","5.082318305969238","5.082318305969238","5.082318305969238","4.5435943603515625","4.5435943603515625","4.5435943603515625","1.1042251586914062","1.1042251586914062","1.1042251586914062","1.1091246604919434","1.1091246604919434","1.1091246604919434","5.588599681854248","5.588599681854248","5.588599681854248","5.552191257476807","5.552191257476807","5.552191257476807","1.1211274862289429","1.1211274862289429","1.1211274862289429","1.241558313369751","1.241558313369751","1.241558313369751","2.45670485496521","2.45670485496521","2.45670485496521","3.6622233390808105","3.6622233390808105","3.6622233390808105","2.44073486328125","2.44073486328125","2.44073486328125","3.3144354820251465","3.3144354820251465","3.3144354820251465"
"82","4.959297180175781","4.959297180175781","4.959297180175781","4.054895877838135","4.054895877838135","4.054895877838135","1.105604887008667","1.105604887008667","1.105604887008667","1.1070117950439453","1.1070117950439453","1.1070117950439453","5.383522987365723","5.383522987365723","5.383522987365723","5.4685564041137695","5.4685564041137695","5.4685564041137695","1.1310880184173584","1.1310880184173584","1.1310880184173584","1.1222920417785645","1.1222920417785645","1.1222920417785645","2.2766096591949463","2.2766096591949463","2.2766096591949463","3.701889991760254","3.701889991760254","3.701889991760254","2.4272055625915527","2.4272055625915527","2.4272055625915527","2.75530743598938","2.75530743598938","2.75530743598938"
"84","5.101042747497559","5.101042747497559","5.101042747497559","4.059343338012695","4.059343338012695","4.059343338012695","1.1044703722000122","1.1044703722000122","1.1044703722000122","1.1323761940002441","1.1323761940002441","1.1323761940002441","5.3956122398376465","5.3956122398376465","5.3956122398376465","5.0272417068481445","5.0272417068481445","5.0272417068481445","1.1078885793685913","1.1078885793685913","1.1078885793685913","1.1222676038742065","1.1222676038742065","1.1222676038742065","2.1619114875793457","2.1619114875793457","2.1619114875793457","3.5493786334991455","3.5493786334991455","3.5493786334991455","2.5003204345703125","2.5003204345703125","2.5003204345703125","2.7161731719970703","2.7161731719970703","2.7161731719970703"
"86","5.120977878570557","5.120977878570557","5.120977878570557","4.227483749389648","4.227483749389648","4.227483749389648","1.1043484210968018","1.1043484210968018","1.1043484210968018","1.1129465103149414","1.1129465103149414","1.1129465103149414","5.072305202484131","5.072305202484131","5.072305202484131","5.394713878631592","5.394713878631592","5.394713878631592","1.2084007263183594","1.2084007263183594","1.2084007263183594","1.132856845855713","1.132856845855713","1.132856845855713","2.2174954414367676","2.2174954414367676","2.2174954414367676","3.31546688079834","3.31546688079834","3.31546688079834","2.642430067062378","2.642430067062378","2.642430067062378","2.804478645324707","2.804478645324707","2.804478645324707"
"88","4.415665626525879","4.415665626525879","4.415665626525879","4.1965556144714355","4.1965556144714355","4.1965556144714355","1.1050448417663574","1.1050448417663574","1.1050448417663574","1.1059709787368774","1.1059709787368774","1.1059709787368774","5.802280426025391","5.802280426025391","5.802280426025391","5.261515140533447","5.261515140533447","5.261515140533447","1.11039137840271","1.11039137840271","1.11039137840271","1.157716989517212","1.157716989517212","1.157716989517212","2.0557188987731934","2.0557188987731934","2.0557188987731934","3.477555990219116","3.477555990219116","3.477555990219116","2.1715264320373535","2.1715264320373535","2.1715264320373535","3.2336459159851074","3.2336459159851074","3.2336459159851074"
"90","4.505257606506348","4.505257606506348","4.505257606506348","4.090149879455566","4.090149879455566","4.090149879455566","1.1047604084014893","1.1047604084014893","1.1047604084014893","1.1512221097946167","1.1512221097946167","1.1512221097946167","4.8368635177612305","4.8368635177612305","4.8368635177612305","5.127939224243164","5.127939224243164","5.127939224243164","1.117815613746643","1.117815613746643","1.117815613746643","1.1060446500778198","1.1060446500778198","1.1060446500778198","2.048381805419922","2.048381805419922","2.048381805419922","3.098681688308716","3.098681688308716","3.098681688308716","2.1869328022003174","2.1869328022003174","2.1869328022003174","2.463392734527588","2.463392734527588","2.463392734527588"
"92","4.498610973358154","4.498610973358154","4.498610973358154","3.9386560916900635","3.9386560916900635","3.9386560916900635","1.1038634777069092","1.1038634777069092","1.1038634777069092","1.1112226247787476","1.1112226247787476","1.1112226247787476","5.137286186218262","5.137286186218262","5.137286186218262","4.801138877868652","4.801138877868652","4.801138877868652","1.1316052675247192","1.1316052675247192","1.1316052675247192","1.153043270111084","1.153043270111084","1.153043270111084","1.944455623626709","1.944455623626709","1.944455623626709","2.8700294494628906","2.8700294494628906","2.8700294494628906","2.1911492347717285","2.1911492347717285","2.1911492347717285","2.6325364112854004","2.6325364112854004","2.6325364112854004"
"94","4.831860542297363","4.831860542297363","4.831860542297363","4.0248003005981445","4.0248003005981445","4.0248003005981445","1.1054127216339111","1.1054127216339111","1.1054127216339111","1.105468988418579","1.105468988418579","1.105468988418579","5.1193437576293945","5.1193437576293945","5.1193437576293945","4.941764831542969","4.941764831542969","4.941764831542969","1.1410527229309082","1.1410527229309082","1.1410527229309082","1.1133146286010742","1.1133146286010742","1.1133146286010742","1.8976796865463257","1.8976796865463257","1.8976796865463257","2.8406238555908203","2.8406238555908203","2.8406238555908203","2.2666513919830322","2.2666513919830322","2.2666513919830322","2.48395037651062","2.48395037651062","2.48395037651062"
"96","4.269468307495117","4.269468307495117","4.269468307495117","3.9404690265655518","3.9404690265655518","3.9404690265655518","1.1033620834350586","1.1033620834350586","1.1033620834350586","1.1053707599639893","1.1053707599639893","1.1053707599639893","4.912707328796387","4.912707328796387","4.912707328796387","4.984770774841309","4.984770774841309","4.984770774841309","1.170129418373108","1.170129418373108","1.170129418373108","1.1287059783935547","1.1287059783935547","1.1287059783935547","1.8392713069915771","1.8392713069915771","1.8392713069915771","2.6092352867126465","2.6092352867126465","2.6092352867126465","2.072272539138794","2.072272539138794","2.072272539138794","2.4031853675842285","2.4031853675842285","2.4031853675842285"
"98","4.21364164352417","4.21364164352417","4.21364164352417","4.280313968658447","4.280313968658447","4.280313968658447","1.103309154510498","1.103309154510498","1.103309154510498","1.1073130369186401","1.1073130369186401","1.1073130369186401","4.5135416984558105","4.5135416984558105","4.5135416984558105","4.778596878051758","4.778596878051758","4.778596878051758","1.1197508573532104","1.1197508573532104","1.1197508573532104","1.1585698127746582","1.1585698127746582","1.1585698127746582","1.8075225353240967","1.8075225353240967","1.8075225353240967","2.357412815093994","2.357412815093994","2.357412815093994","2.0127487182617188","2.0127487182617188","2.0127487182617188","2.2659127712249756","2.2659127712249756","2.2659127712249756"
"100","4.17774772644043","4.17774772644043","4.17774772644043","3.806859254837036","3.806859254837036","3.806859254837036","1.103118896484375","1.103118896484375","1.103118896484375","1.103721022605896","1.103721022605896","1.103721022605896","4.788023948669434","4.788023948669434","4.788023948669434","4.624997138977051","4.624997138977051","4.624997138977051","1.1105538606643677","1.1105538606643677","1.1105538606643677","1.1347898244857788","1.1347898244857788","1.1347898244857788","1.6885666847229004","1.6885666847229004","1.6885666847229004","2.3515563011169434","2.3515563011169434","2.3515563011169434","2.014655590057373","2.014655590057373","2.014655590057373","2.333167791366577","2.333167791366577","2.333167791366577"
"102","4.1379265785217285","4.1379265785217285","4.1379265785217285","3.897188425064087","3.897188425064087","3.897188425064087","1.1030714511871338","1.1030714511871338","1.1030714511871338","1.1064743995666504","1.1064743995666504","1.1064743995666504","4.656862258911133","4.656862258911133","4.656862258911133","4.504602432250977","4.504602432250977","4.504602432250977","1.1087555885314941","1.1087555885314941","1.1087555885314941","1.1290695667266846","1.1290695667266846","1.1290695667266846","1.6347708702087402","1.6347708702087402","1.6347708702087402","2.403317928314209","2.403317928314209","2.403317928314209","1.9325711727142334","1.9325711727142334","1.9325711727142334","2.1583118438720703","2.1583118438720703","2.1583118438720703"
"104","4.4962944984436035","4.4962944984436035","4.4962944984436035","3.828857898712158","3.828857898712158","3.828857898712158","1.1032042503356934","1.1032042503356934","1.1032042503356934","1.1288375854492188","1.1288375854492188","1.1288375854492188","4.957565784454346","4.957565784454346","4.957565784454346","4.547461032867432","4.547461032867432","4.547461032867432","1.143096685409546","1.143096685409546","1.143096685409546","1.1308287382125854","1.1308287382125854","1.1308287382125854","1.6430364847183228","1.6430364847183228","1.6430364847183228","2.4198672771453857","2.4198672771453857","2.4198672771453857","2.128983974456787","2.128983974456787","2.128983974456787","2.1436948776245117","2.1436948776245117","2.1436948776245117"
"106","4.0208845138549805","4.0208845138549805","4.0208845138549805","3.817056894302368","3.817056894302368","3.817056894302368","1.1031007766723633","1.1031007766723633","1.1031007766723633","1.103730320930481","1.103730320930481","1.103730320930481","4.619880676269531","4.619880676269531","4.619880676269531","4.518641948699951","4.518641948699951","4.518641948699951","1.166862964630127","1.166862964630127","1.166862964630127","1.1318330764770508","1.1318330764770508","1.1318330764770508","1.5985898971557617","1.5985898971557617","1.5985898971557617","1.9401577711105347","1.9401577711105347","1.9401577711105347","2.111264228820801","2.111264228820801","2.111264228820801","2.1503825187683105","2.1503825187683105","2.1503825187683105"
"108","4.68077278137207","4.68077278137207","4.68077278137207","3.7482123374938965","3.7482123374938965","3.7482123374938965","1.1032027006149292","1.1032027006149292","1.1032027006149292","1.1092965602874756","1.1092965602874756","1.1092965602874756","4.673888206481934","4.673888206481934","4.673888206481934","4.917619228363037","4.917619228363037","4.917619228363037","1.125793218612671","1.125793218612671","1.125793218612671","1.1630803346633911","1.1630803346633911","1.1630803346633911","1.5874873399734497","1.5874873399734497","1.5874873399734497","1.9392083883285522","1.9392083883285522","1.9392083883285522","2.1894800662994385","2.1894800662994385","2.1894800662994385","2.160085678100586","2.160085678100586","2.160085678100586"
"110","4.202704906463623","4.202704906463623","4.202704906463623","3.732830762863159","3.732830762863159","3.732830762863159","1.1032212972640991","1.1032212972640991","1.1032212972640991","1.1047484874725342","1.1047484874725342","1.1047484874725342","4.498554229736328","4.498554229736328","4.498554229736328","4.187141418457031","4.187141418457031","4.187141418457031","1.108275055885315","1.108275055885315","1.108275055885315","1.1807172298431396","1.1807172298431396","1.1807172298431396","1.5342689752578735","1.5342689752578735","1.5342689752578735","1.8824414014816284","1.8824414014816284","1.8824414014816284","1.8932238817214966","1.8932238817214966","1.8932238817214966","1.9848096370697021","1.9848096370697021","1.9848096370697021"
"112","3.963016986846924","3.963016986846924","3.963016986846924","3.771198272705078","3.771198272705078","3.771198272705078","1.1027474403381348","1.1027474403381348","1.1027474403381348","1.106285810470581","1.106285810470581","1.106285810470581","4.758803367614746","4.758803367614746","4.758803367614746","4.259554862976074","4.259554862976074","4.259554862976074","1.123622179031372","1.123622179031372","1.123622179031372","1.1629996299743652","1.1629996299743652","1.1629996299743652","1.5421005487442017","1.5421005487442017","1.5421005487442017","1.770919680595398","1.770919680595398","1.770919680595398","1.7845591306686401","1.7845591306686401","1.7845591306686401","2.0365195274353027","2.0365195274353027","2.0365195274353027"
"114","4.021134376525879","4.021134376525879","4.021134376525879","3.7474169731140137","3.7474169731140137","3.7474169731140137","1.102867841720581","1.102867841720581","1.102867841720581","1.119157314300537","1.119157314300537","1.119157314300537","4.687901973724365","4.687901973724365","4.687901973724365","4.117260932922363","4.117260932922363","4.117260932922363","1.1852328777313232","1.1852328777313232","1.1852328777313232","1.1940665245056152","1.1940665245056152","1.1940665245056152","1.5049149990081787","1.5049149990081787","1.5049149990081787","1.7152745723724365","1.7152745723724365","1.7152745723724365","1.8224632740020752","1.8224632740020752","1.8224632740020752","2.2281322479248047","2.2281322479248047","2.2281322479248047"
"116","4.373610496520996","4.373610496520996","4.373610496520996","3.6849935054779053","3.6849935054779053","3.6849935054779053","1.1029677391052246","1.1029677391052246","1.1029677391052246","1.1198052167892456","1.1198052167892456","1.1198052167892456","4.703197479248047","4.703197479248047","4.703197479248047","4.130303382873535","4.130303382873535","4.130303382873535","1.112905502319336","1.112905502319336","1.112905502319336","1.1421318054199219","1.1421318054199219","1.1421318054199219","1.5102516412734985","1.5102516412734985","1.5102516412734985","1.7917957305908203","1.7917957305908203","1.7917957305908203","2.3212103843688965","2.3212103843688965","2.3212103843688965","2.083615779876709","2.083615779876709","2.083615779876709"
"118","3.7917532920837402","3.7917532920837402","3.7917532920837402","3.62607479095459","3.62607479095459","3.62607479095459","1.1029239892959595","1.1029239892959595","1.1029239892959595","1.1036293506622314","1.1036293506622314","1.1036293506622314","4.555834770202637","4.555834770202637","4.555834770202637","4.030384540557861","4.030384540557861","4.030384540557861","1.1293308734893799","1.1293308734893799","1.1293308734893799","1.1323885917663574","1.1323885917663574","1.1323885917663574","1.4971961975097656","1.4971961975097656","1.4971961975097656","2.1912992000579834","2.1912992000579834","2.1912992000579834","1.6682748794555664","1.6682748794555664","1.6682748794555664","1.8129714727401733","1.8129714727401733","1.8129714727401733"
"120","3.592268228530884","3.592268228530884","3.592268228530884","3.5540432929992676","3.5540432929992676","3.5540432929992676","1.1028411388397217","1.1028411388397217","1.1028411388397217","1.1053922176361084","1.1053922176361084","1.1053922176361084","4.228814125061035","4.228814125061035","4.228814125061035","4.114482879638672","4.114482879638672","4.114482879638672","1.1065880060195923","1.1065880060195923","1.1065880060195923","1.1367677450180054","1.1367677450180054","1.1367677450180054","1.48940110206604","1.48940110206604","1.48940110206604","1.8391960859298706","1.8391960859298706","1.8391960859298706","1.5866687297821045","1.5866687297821045","1.5866687297821045","1.5830656290054321","1.5830656290054321","1.5830656290054321"
"122","3.9510698318481445","3.9510698318481445","3.9510698318481445","3.7056851387023926","3.7056851387023926","3.7056851387023926","1.1027088165283203","1.1027088165283203","1.1027088165283203","1.1053017377853394","1.1053017377853394","1.1053017377853394","4.758699417114258","4.758699417114258","4.758699417114258","3.9690535068511963","3.9690535068511963","3.9690535068511963","1.1074944734573364","1.1074944734573364","1.1074944734573364","1.1789805889129639","1.1789805889129639","1.1789805889129639","1.5207103490829468","1.5207103490829468","1.5207103490829468","1.6597747802734375","1.6597747802734375","1.6597747802734375","1.7071645259857178","1.7071645259857178","1.7071645259857178","2.227403163909912","2.227403163909912","2.227403163909912"
"124","3.7500698566436768","3.7500698566436768","3.7500698566436768","3.559678792953491","3.559678792953491","3.559678792953491","1.1026605367660522","1.1026605367660522","1.1026605367660522","1.1046147346496582","1.1046147346496582","1.1046147346496582","4.1513872146606445","4.1513872146606445","4.1513872146606445","3.8353500366210938","3.8353500366210938","3.8353500366210938","1.104278802871704","1.104278802871704","1.104278802871704","1.1336002349853516","1.1336002349853516","1.1336002349853516","1.4490041732788086","1.4490041732788086","1.4490041732788086","1.5605283975601196","1.5605283975601196","1.5605283975601196","1.6932123899459839","1.6932123899459839","1.6932123899459839","1.6825153827667236","1.6825153827667236","1.6825153827667236"
"126","3.7908716201782227","3.7908716201782227","3.7908716201782227","3.5508055686950684","3.5508055686950684","3.5508055686950684","1.1028549671173096","1.1028549671173096","1.1028549671173096","1.1048375368118286","1.1048375368118286","1.1048375368118286","4.513089179992676","4.513089179992676","4.513089179992676","3.8771214485168457","3.8771214485168457","3.8771214485168457","1.2016680240631104","1.2016680240631104","1.2016680240631104","1.1706024408340454","1.1706024408340454","1.1706024408340454","1.4523475170135498","1.4523475170135498","1.4523475170135498","2.0355608463287354","2.0355608463287354","2.0355608463287354","1.652588129043579","1.652588129043579","1.652588129043579","1.8324329853057861","1.8324329853057861","1.8324329853057861"
"128","3.836215019226074","3.836215019226074","3.836215019226074","3.749795913696289","3.749795913696289","3.749795913696289","1.1026027202606201","1.1026027202606201","1.1026027202606201","1.1057103872299194","1.1057103872299194","1.1057103872299194","4.132619857788086","4.132619857788086","4.132619857788086","3.7983381748199463","3.7983381748199463","3.7983381748199463","1.104782223701477","1.104782223701477","1.104782223701477","1.12808358669281","1.12808358669281","1.12808358669281","1.4084007740020752","1.4084007740020752","1.4084007740020752","1.5670301914215088","1.5670301914215088","1.5670301914215088","1.7064809799194336","1.7064809799194336","1.7064809799194336","1.6329238414764404","1.6329238414764404","1.6329238414764404"
"130","3.594648838043213","3.594648838043213","3.594648838043213","3.6216282844543457","3.6216282844543457","3.6216282844543457","1.1027946472167969","1.1027946472167969","1.1027946472167969","1.1046198606491089","1.1046198606491089","1.1046198606491089","4.090383529663086","4.090383529663086","4.090383529663086","3.7464263439178467","3.7464263439178467","3.7464263439178467","1.1111738681793213","1.1111738681793213","1.1111738681793213","1.1163380146026611","1.1163380146026611","1.1163380146026611","1.3931268453598022","1.3931268453598022","1.3931268453598022","1.5417462587356567","1.5417462587356567","1.5417462587356567","1.519734501838684","1.519734501838684","1.519734501838684","1.629009485244751","1.629009485244751","1.629009485244751"
"132","3.6002540588378906","3.6002540588378906","3.6002540588378906","3.5730032920837402","3.5730032920837402","3.5730032920837402","1.1023857593536377","1.1023857593536377","1.1023857593536377","1.1051876544952393","1.1051876544952393","1.1051876544952393","4.459779739379883","4.459779739379883","4.459779739379883","3.6794991493225098","3.6794991493225098","3.6794991493225098","1.1051971912384033","1.1051971912384033","1.1051971912384033","1.2606141567230225","1.2606141567230225","1.2606141567230225","1.417423963546753","1.417423963546753","1.417423963546753","2.018059730529785","2.018059730529785","2.018059730529785","1.5119088888168335","1.5119088888168335","1.5119088888168335","1.8521997928619385","1.8521997928619385","1.8521997928619385"
"134","3.5876176357269287","3.5876176357269287","3.5876176357269287","3.5006165504455566","3.5006165504455566","3.5006165504455566","1.1026945114135742","1.1026945114135742","1.1026945114135742","1.1058528423309326","1.1058528423309326","1.1058528423309326","4.138082504272461","4.138082504272461","4.138082504272461","3.6166067123413086","3.6166067123413086","3.6166067123413086","1.1074868440628052","1.1074868440628052","1.1074868440628052","1.109968900680542","1.109968900680542","1.109968900680542","1.4070756435394287","1.4070756435394287","1.4070756435394287","1.6758549213409424","1.6758549213409424","1.6758549213409424","1.5237574577331543","1.5237574577331543","1.5237574577331543","1.585426926612854","1.585426926612854","1.585426926612854"
"136","3.4697463512420654","3.4697463512420654","3.4697463512420654","3.4986283779144287","3.4986283779144287","3.4986283779144287","1.1021854877471924","1.1021854877471924","1.1021854877471924","1.1036338806152344","1.1036338806152344","1.1036338806152344","4.083078861236572","4.083078861236572","4.083078861236572","3.658377170562744","3.658377170562744","3.658377170562744","1.115945816040039","1.115945816040039","1.115945816040039","1.1121456623077393","1.1121456623077393","1.1121456623077393","1.3949193954467773","1.3949193954467773","1.3949193954467773","1.4256725311279297","1.4256725311279297","1.4256725311279297","1.4772205352783203","1.4772205352783203","1.4772205352783203","1.6073474884033203","1.6073474884033203","1.6073474884033203"
"138","3.5701193809509277","3.5701193809509277","3.5701193809509277","3.471407890319824","3.471407890319824","3.471407890319824","1.1026301383972168","1.1026301383972168","1.1026301383972168","1.1067969799041748","1.1067969799041748","1.1067969799041748","4.170583724975586","4.170583724975586","4.170583724975586","3.882387161254883","3.882387161254883","3.882387161254883","1.118941307067871","1.118941307067871","1.118941307067871","1.115588903427124","1.115588903427124","1.115588903427124","1.4162712097167969","1.4162712097167969","1.4162712097167969","1.800794243812561","1.800794243812561","1.800794243812561","1.512993335723877","1.512993335723877","1.512993335723877","1.5985223054885864","1.5985223054885864","1.5985223054885864"
"140","3.590111017227173","3.590111017227173","3.590111017227173","3.4894871711730957","3.4894871711730957","3.4894871711730957","1.1020865440368652","1.1020865440368652","1.1020865440368652","1.105893850326538","1.105893850326538","1.105893850326538","4.261170387268066","4.261170387268066","4.261170387268066","3.582505464553833","3.582505464553833","3.582505464553833","1.1048113107681274","1.1048113107681274","1.1048113107681274","1.1265616416931152","1.1265616416931152","1.1265616416931152","1.336843729019165","1.336843729019165","1.336843729019165","1.6199002265930176","1.6199002265930176","1.6199002265930176","1.5392539501190186","1.5392539501190186","1.5392539501190186","1.5893785953521729","1.5893785953521729","1.5893785953521729"
"142","3.3601794242858887","3.3601794242858887","3.3601794242858887","3.4450387954711914","3.4450387954711914","3.4450387954711914","1.10256826877594","1.10256826877594","1.10256826877594","1.1035995483398438","1.1035995483398438","1.1035995483398438","4.061347007751465","4.061347007751465","4.061347007751465","3.592928886413574","3.592928886413574","3.592928886413574","1.1191496849060059","1.1191496849060059","1.1191496849060059","1.1406736373901367","1.1406736373901367","1.1406736373901367","1.3560724258422852","1.3560724258422852","1.3560724258422852","1.574997901916504","1.574997901916504","1.574997901916504","1.433309555053711","1.433309555053711","1.433309555053711","1.613764762878418","1.613764762878418","1.613764762878418"
"144","3.317802667617798","3.317802667617798","3.317802667617798","3.430176258087158","3.430176258087158","3.430176258087158","1.1024391651153564","1.1024391651153564","1.1024391651153564","1.1031118631362915","1.1031118631362915","1.1031118631362915","3.957211494445801","3.957211494445801","3.957211494445801","3.481278419494629","3.481278419494629","3.481278419494629","1.1054829359054565","1.1054829359054565","1.1054829359054565","1.1186922788619995","1.1186922788619995","1.1186922788619995","1.353925347328186","1.353925347328186","1.353925347328186","1.6172035932540894","1.6172035932540894","1.6172035932540894","1.4245655536651611","1.4245655536651611","1.4245655536651611","1.4625537395477295","1.4625537395477295","1.4625537395477295"
"146","3.253661632537842","3.253661632537842","3.253661632537842","3.422402858734131","3.422402858734131","3.422402858734131","1.1023447513580322","1.1023447513580322","1.1023447513580322","1.1037611961364746","1.1037611961364746","1.1037611961364746","4.141653060913086","4.141653060913086","4.141653060913086","3.4463396072387695","3.4463396072387695","3.4463396072387695","1.1049556732177734","1.1049556732177734","1.1049556732177734","1.127157211303711","1.127157211303711","1.127157211303711","1.3239340782165527","1.3239340782165527","1.3239340782165527","1.460835337638855","1.460835337638855","1.460835337638855","1.4106409549713135","1.4106409549713135","1.4106409549713135","1.4454429149627686","1.4454429149627686","1.4454429149627686"
"148","3.2507333755493164","3.2507333755493164","3.2507333755493164","3.3539187908172607","3.3539187908172607","3.3539187908172607","1.1025161743164062","1.1025161743164062","1.1025161743164062","1.104767084121704","1.104767084121704","1.104767084121704","4.1523356437683105","4.1523356437683105","4.1523356437683105","3.7554430961608887","3.7554430961608887","3.7554430961608887","1.115956425666809","1.115956425666809","1.115956425666809","1.1602174043655396","1.1602174043655396","1.1602174043655396","1.7259092330932617","1.7259092330932617","1.7259092330932617","1.4585390090942383","1.4585390090942383","1.4585390090942383","1.4171535968780518","1.4171535968780518","1.4171535968780518","1.6638691425323486","1.6638691425323486","1.6638691425323486"
"150","3.2653756141662598","3.2653756141662598","3.2653756141662598","3.6076817512512207","3.6076817512512207","3.6076817512512207","1.1022552251815796","1.1022552251815796","1.1022552251815796","1.1043835878372192","1.1043835878372192","1.1043835878372192","4.322866916656494","4.322866916656494","4.322866916656494","3.396822452545166","3.396822452545166","3.396822452545166","1.1031534671783447","1.1031534671783447","1.1031534671783447","1.1324045658111572","1.1324045658111572","1.1324045658111572","1.671870470046997","1.671870470046997","1.671870470046997","1.5693819522857666","1.5693819522857666","1.5693819522857666","1.390043020248413","1.390043020248413","1.390043020248413","1.4413046836853027","1.4413046836853027","1.4413046836853027"
"152","3.160008192062378","3.160008192062378","3.160008192062378","3.344353199005127","3.344353199005127","3.344353199005127","1.102299690246582","1.102299690246582","1.102299690246582","1.1027780771255493","1.1027780771255493","1.1027780771255493","3.832456111907959","3.832456111907959","3.832456111907959","3.3560681343078613","3.3560681343078613","3.3560681343078613","1.1060469150543213","1.1060469150543213","1.1060469150543213","1.1439543962478638","1.1439543962478638","1.1439543962478638","1.3405284881591797","1.3405284881591797","1.3405284881591797","1.4300751686096191","1.4300751686096191","1.4300751686096191","1.363109827041626","1.363109827041626","1.363109827041626","1.3997974395751953","1.3997974395751953","1.3997974395751953"
"154","3.3722312450408936","3.3722312450408936","3.3722312450408936","3.3735556602478027","3.3735556602478027","3.3735556602478027","1.1020853519439697","1.1020853519439697","1.1020853519439697","1.1051430702209473","1.1051430702209473","1.1051430702209473","3.9980428218841553","3.9980428218841553","3.9980428218841553","3.3480348587036133","3.3480348587036133","3.3480348587036133","1.1041539907455444","1.1041539907455444","1.1041539907455444","1.1322362422943115","1.1322362422943115","1.1322362422943115","1.2886524200439453","1.2886524200439453","1.2886524200439453","1.5954937934875488","1.5954937934875488","1.5954937934875488","1.47776460647583","1.47776460647583","1.47776460647583","1.6322717666625977","1.6322717666625977","1.6322717666625977"
"156","3.3204259872436523","3.3204259872436523","3.3204259872436523","3.3208494186401367","3.3208494186401367","3.3208494186401367","1.1018781661987305","1.1018781661987305","1.1018781661987305","1.1085050106048584","1.1085050106048584","1.1085050106048584","3.9777116775512695","3.9777116775512695","3.9777116775512695","3.325021743774414","3.325021743774414","3.325021743774414","1.1066919565200806","1.1066919565200806","1.1066919565200806","1.1344307661056519","1.1344307661056519","1.1344307661056519","1.3683509826660156","1.3683509826660156","1.3683509826660156","1.3233891725540161","1.3233891725540161","1.3233891725540161","1.4110734462738037","1.4110734462738037","1.4110734462738037","1.7109673023223877","1.7109673023223877","1.7109673023223877"
"158","3.2317557334899902","3.2317557334899902","3.2317557334899902","3.3077545166015625","3.3077545166015625","3.3077545166015625","1.1022109985351562","1.1022109985351562","1.1022109985351562","1.1035209894180298","1.1035209894180298","1.1035209894180298","4.25526762008667","4.25526762008667","4.25526762008667","3.3091790676116943","3.3091790676116943","3.3091790676116943","1.1246461868286133","1.1246461868286133","1.1246461868286133","1.1737983226776123","1.1737983226776123","1.1737983226776123","1.3151707649230957","1.3151707649230957","1.3151707649230957","1.5324556827545166","1.5324556827545166","1.5324556827545166","1.364260196685791","1.364260196685791","1.364260196685791","1.908380150794983","1.908380150794983","1.908380150794983"
"160","3.257474660873413","3.257474660873413","3.257474660873413","3.2989559173583984","3.2989559173583984","3.2989559173583984","1.1022672653198242","1.1022672653198242","1.1022672653198242","1.1036322116851807","1.1036322116851807","1.1036322116851807","3.807966470718384","3.807966470718384","3.807966470718384","3.2648167610168457","3.2648167610168457","3.2648167610168457","1.270526647567749","1.270526647567749","1.270526647567749","1.116043210029602","1.116043210029602","1.116043210029602","1.2893383502960205","1.2893383502960205","1.2893383502960205","1.5398383140563965","1.5398383140563965","1.5398383140563965","1.4331269264221191","1.4331269264221191","1.4331269264221191","1.434006929397583","1.434006929397583","1.434006929397583"
"162","3.058586597442627","3.058586597442627","3.058586597442627","3.265843152999878","3.265843152999878","3.265843152999878","1.101928472518921","1.101928472518921","1.101928472518921","1.1026105880737305","1.1026105880737305","1.1026105880737305","3.731069803237915","3.731069803237915","3.731069803237915","3.327789306640625","3.327789306640625","3.327789306640625","1.1056718826293945","1.1056718826293945","1.1056718826293945","1.1270477771759033","1.1270477771759033","1.1270477771759033","1.3612334728240967","1.3612334728240967","1.3612334728240967","1.6879587173461914","1.6879587173461914","1.6879587173461914","1.3314282894134521","1.3314282894134521","1.3314282894134521","1.3981982469558716","1.3981982469558716","1.3981982469558716"
"164","3.486298084259033","3.486298084259033","3.486298084259033","3.315309762954712","3.315309762954712","3.315309762954712","1.1023694276809692","1.1023694276809692","1.1023694276809692","1.1111736297607422","1.1111736297607422","1.1111736297607422","3.692462682723999","3.692462682723999","3.692462682723999","3.2101407051086426","3.2101407051086426","3.2101407051086426","1.1308749914169312","1.1308749914169312","1.1308749914169312","1.118990421295166","1.118990421295166","1.118990421295166","1.2967643737792969","1.2967643737792969","1.2967643737792969","1.6162480115890503","1.6162480115890503","1.6162480115890503","1.5510430335998535","1.5510430335998535","1.5510430335998535","1.5424458980560303","1.5424458980560303","1.5424458980560303"
"166","3.0551366806030273","3.0551366806030273","3.0551366806030273","3.3328800201416016","3.3328800201416016","3.3328800201416016","1.1024352312088013","1.1024352312088013","1.1024352312088013","1.1028157472610474","1.1028157472610474","1.1028157472610474","3.6867122650146484","3.6867122650146484","3.6867122650146484","3.133810043334961","3.133810043334961","3.133810043334961","1.1064040660858154","1.1064040660858154","1.1064040660858154","1.1149189472198486","1.1149189472198486","1.1149189472198486","1.2620534896850586","1.2620534896850586","1.2620534896850586","1.339726448059082","1.339726448059082","1.339726448059082","1.3373346328735352","1.3373346328735352","1.3373346328735352","1.4272003173828125","1.4272003173828125","1.4272003173828125"
"168","3.0929152965545654","3.0929152965545654","3.0929152965545654","3.271846294403076","3.271846294403076","3.271846294403076","1.1024956703186035","1.1024956703186035","1.1024956703186035","1.1028261184692383","1.1028261184692383","1.1028261184692383","3.6441640853881836","3.6441640853881836","3.6441640853881836","3.1675562858581543","3.1675562858581543","3.1675562858581543","1.1054260730743408","1.1054260730743408","1.1054260730743408","1.124304175376892","1.124304175376892","1.124304175376892","1.2586498260498047","1.2586498260498047","1.2586498260498047","1.4306122064590454","1.4306122064590454","1.4306122064590454","1.3283110857009888","1.3283110857009888","1.3283110857009888","1.3399076461791992","1.3399076461791992","1.3399076461791992"
"170","2.995450735092163","2.995450735092163","2.995450735092163","3.2054734230041504","3.2054734230041504","3.2054734230041504","1.101901650428772","1.101901650428772","1.101901650428772","1.1026064157485962","1.1026064157485962","1.1026064157485962","3.579226016998291","3.579226016998291","3.579226016998291","3.1575260162353516","3.1575260162353516","3.1575260162353516","1.1213841438293457","1.1213841438293457","1.1213841438293457","1.113189935684204","1.113189935684204","1.113189935684204","1.2563166618347168","1.2563166618347168","1.2563166618347168","1.506136178970337","1.506136178970337","1.506136178970337","1.312720775604248","1.312720775604248","1.312720775604248","1.3216547966003418","1.3216547966003418","1.3216547966003418"
"172","3.1147849559783936","3.1147849559783936","3.1147849559783936","3.227478504180908","3.227478504180908","3.227478504180908","1.1017217636108398","1.1017217636108398","1.1017217636108398","1.1030499935150146","1.1030499935150146","1.1030499935150146","3.6434388160705566","3.6434388160705566","3.6434388160705566","3.141141414642334","3.141141414642334","3.141141414642334","1.2260918617248535","1.2260918617248535","1.2260918617248535","1.1176153421401978","1.1176153421401978","1.1176153421401978","1.2669155597686768","1.2669155597686768","1.2669155597686768","1.3636645078659058","1.3636645078659058","1.3636645078659058","1.3829976320266724","1.3829976320266724","1.3829976320266724","1.5081748962402344","1.5081748962402344","1.5081748962402344"
"174","3.025906562805176","3.025906562805176","3.025906562805176","3.190873146057129","3.190873146057129","3.190873146057129","1.10232675075531","1.10232675075531","1.10232675075531","1.10686457157135","1.10686457157135","1.10686457157135","3.6457786560058594","3.6457786560058594","3.6457786560058594","3.1651077270507812","3.1651077270507812","3.1651077270507812","1.1034331321716309","1.1034331321716309","1.1034331321716309","1.112116813659668","1.112116813659668","1.112116813659668","1.289503574371338","1.289503574371338","1.289503574371338","1.523634910583496","1.523634910583496","1.523634910583496","1.325882077217102","1.325882077217102","1.325882077217102","1.359405279159546","1.359405279159546","1.359405279159546"
"176","3.094726324081421","3.094726324081421","3.094726324081421","3.198193073272705","3.198193073272705","3.198193073272705","1.1019909381866455","1.1019909381866455","1.1019909381866455","1.1090995073318481","1.1090995073318481","1.1090995073318481","3.7633042335510254","3.7633042335510254","3.7633042335510254","3.0549919605255127","3.0549919605255127","3.0549919605255127","1.106383204460144","1.106383204460144","1.106383204460144","1.1352570056915283","1.1352570056915283","1.1352570056915283","1.2558685541152954","1.2558685541152954","1.2558685541152954","1.4793975353240967","1.4793975353240967","1.4793975353240967","1.3720800876617432","1.3720800876617432","1.3720800876617432","1.6362897157669067","1.6362897157669067","1.6362897157669067"
"178","3.1198601722717285","3.1198601722717285","3.1198601722717285","3.2467098236083984","3.2467098236083984","3.2467098236083984","1.1017510890960693","1.1017510890960693","1.1017510890960693","1.104686975479126","1.104686975479126","1.104686975479126","3.566166400909424","3.566166400909424","3.566166400909424","3.038095712661743","3.038095712661743","3.038095712661743","1.1267435550689697","1.1267435550689697","1.1267435550689697","1.131603479385376","1.131603479385376","1.131603479385376","1.2526555061340332","1.2526555061340332","1.2526555061340332","1.2558320760726929","1.2558320760726929","1.2558320760726929","1.3242616653442383","1.3242616653442383","1.3242616653442383","1.5366650819778442","1.5366650819778442","1.5366650819778442"
"180","3.0557515621185303","3.0557515621185303","3.0557515621185303","3.1452465057373047","3.1452465057373047","3.1452465057373047","1.102104902267456","1.102104902267456","1.102104902267456","1.1038856506347656","1.1038856506347656","1.1038856506347656","3.610445261001587","3.610445261001587","3.610445261001587","3.1383981704711914","3.1383981704711914","3.1383981704711914","1.1267435550689697","1.1267435550689697","1.1267435550689697","1.1193944215774536","1.1193944215774536","1.1193944215774536","1.2929786443710327","1.2929786443710327","1.2929786443710327","1.5382270812988281","1.5382270812988281","1.5382270812988281","1.3256863355636597","1.3256863355636597","1.3256863355636597","1.4855585098266602","1.4855585098266602","1.4855585098266602"
"182","2.949486255645752","2.949486255645752","2.949486255645752","3.1441006660461426","3.1441006660461426","3.1441006660461426","1.1022942066192627","1.1022942066192627","1.1022942066192627","1.1029554605484009","1.1029554605484009","1.1029554605484009","3.9078426361083984","3.9078426361083984","3.9078426361083984","2.9834189414978027","2.9834189414978027","2.9834189414978027","1.105493426322937","1.105493426322937","1.105493426322937","1.1281129121780396","1.1281129121780396","1.1281129121780396","1.2461882829666138","1.2461882829666138","1.2461882829666138","1.496931552886963","1.496931552886963","1.496931552886963","1.2881962060928345","1.2881962060928345","1.2881962060928345","1.3530848026275635","1.3530848026275635","1.3530848026275635"
"184","2.9325780868530273","2.9325780868530273","2.9325780868530273","3.1734187602996826","3.1734187602996826","3.1734187602996826","1.1018328666687012","1.1018328666687012","1.1018328666687012","1.102759838104248","1.102759838104248","1.102759838104248","3.8290791511535645","3.8290791511535645","3.8290791511535645","2.967106342315674","2.967106342315674","2.967106342315674","1.103433609008789","1.103433609008789","1.103433609008789","1.1780500411987305","1.1780500411987305","1.1780500411987305","1.2342745065689087","1.2342745065689087","1.2342745065689087","1.4331071376800537","1.4331071376800537","1.4331071376800537","1.2760082483291626","1.2760082483291626","1.2760082483291626","1.8162808418273926","1.8162808418273926","1.8162808418273926"
"186","3.0334014892578125","3.0334014892578125","3.0334014892578125","3.1021292209625244","3.1021292209625244","3.1021292209625244","1.102171540260315","1.102171540260315","1.102171540260315","1.1032741069793701","1.1032741069793701","1.1032741069793701","3.785903215408325","3.785903215408325","3.785903215408325","2.9669461250305176","2.9669461250305176","2.9669461250305176","1.143003225326538","1.143003225326538","1.143003225326538","1.1293013095855713","1.1293013095855713","1.1293013095855713","1.2338974475860596","1.2338974475860596","1.2338974475860596","1.4188761711120605","1.4188761711120605","1.4188761711120605","1.2960463762283325","1.2960463762283325","1.2960463762283325","1.541238784790039","1.541238784790039","1.541238784790039"
"188","2.9727704524993896","2.9727704524993896","2.9727704524993896","3.0786056518554688","3.0786056518554688","3.0786056518554688","1.102719783782959","1.102719783782959","1.102719783782959","1.1040358543395996","1.1040358543395996","1.1040358543395996","3.5694427490234375","3.5694427490234375","3.5694427490234375","2.932204484939575","2.932204484939575","2.932204484939575","1.1029272079467773","1.1029272079467773","1.1029272079467773","1.1112360954284668","1.1112360954284668","1.1112360954284668","1.2298434972763062","1.2298434972763062","1.2298434972763062","1.4563171863555908","1.4563171863555908","1.4563171863555908","1.314520239830017","1.314520239830017","1.314520239830017","1.4150350093841553","1.4150350093841553","1.4150350093841553"
"190","2.8096747398376465","2.8096747398376465","2.8096747398376465","3.1014420986175537","3.1014420986175537","3.1014420986175537","1.1020413637161255","1.1020413637161255","1.1020413637161255","1.101546049118042","1.101546049118042","1.101546049118042","3.7905097007751465","3.7905097007751465","3.7905097007751465","2.8827126026153564","2.8827126026153564","2.8827126026153564","1.1045422554016113","1.1045422554016113","1.1045422554016113","1.1395792961120605","1.1395792961120605","1.1395792961120605","1.2291003465652466","1.2291003465652466","1.2291003465652466","1.5087250471115112","1.5087250471115112","1.5087250471115112","1.255901575088501","1.255901575088501","1.255901575088501","1.6098617315292358","1.6098617315292358","1.6098617315292358"
"192","3.0234732627868652","3.0234732627868652","3.0234732627868652","3.0540754795074463","3.0540754795074463","3.0540754795074463","1.101871371269226","1.101871371269226","1.101871371269226","1.1217937469482422","1.1217937469482422","1.1217937469482422","3.727785110473633","3.727785110473633","3.727785110473633","2.8727169036865234","2.8727169036865234","2.8727169036865234","1.1029231548309326","1.1029231548309326","1.1029231548309326","1.1445789337158203","1.1445789337158203","1.1445789337158203","1.2219650745391846","1.2219650745391846","1.2219650745391846","1.4019854068756104","1.4019854068756104","1.4019854068756104","1.3993663787841797","1.3993663787841797","1.3993663787841797","1.773056983947754","1.773056983947754","1.773056983947754"
"194","2.9511380195617676","2.9511380195617676","2.9511380195617676","3.041055917739868","3.041055917739868","3.041055917739868","1.1016976833343506","1.1016976833343506","1.1016976833343506","1.1060245037078857","1.1060245037078857","1.1060245037078857","3.493260145187378","3.493260145187378","3.493260145187378","3.0282535552978516","3.0282535552978516","3.0282535552978516","1.1024314165115356","1.1024314165115356","1.1024314165115356","1.1087079048156738","1.1087079048156738","1.1087079048156738","1.2288782596588135","1.2288782596588135","1.2288782596588135","1.3465240001678467","1.3465240001678467","1.3465240001678467","1.309219241142273","1.309219241142273","1.309219241142273","1.7632508277893066","1.7632508277893066","1.7632508277893066"
"196","3.0638375282287598","3.0638375282287598","3.0638375282287598","3.0254578590393066","3.0254578590393066","3.0254578590393066","1.1023935079574585","1.1023935079574585","1.1023935079574585","1.1055039167404175","1.1055039167404175","1.1055039167404175","3.7635574340820312","3.7635574340820312","3.7635574340820312","2.858879566192627","2.858879566192627","2.858879566192627","1.1033744812011719","1.1033744812011719","1.1033744812011719","1.1732678413391113","1.1732678413391113","1.1732678413391113","1.2173681259155273","1.2173681259155273","1.2173681259155273","1.3712451457977295","1.3712451457977295","1.3712451457977295","1.3342212438583374","1.3342212438583374","1.3342212438583374","1.7707016468048096","1.7707016468048096","1.7707016468048096"
"198","3.039703369140625","3.039703369140625","3.039703369140625","3.059051990509033","3.059051990509033","3.059051990509033","1.1021926403045654","1.1021926403045654","1.1021926403045654","1.108676552772522","1.108676552772522","1.108676552772522","3.6054790019989014","3.6054790019989014","3.6054790019989014","2.87070369720459","2.87070369720459","2.87070369720459","1.1023223400115967","1.1023223400115967","1.1023223400115967","1.1699061393737793","1.1699061393737793","1.1699061393737793","1.2408177852630615","1.2408177852630615","1.2408177852630615","1.5040359497070312","1.5040359497070312","1.5040359497070312","1.3593833446502686","1.3593833446502686","1.3593833446502686","1.9975876808166504","1.9975876808166504","1.9975876808166504"
"200","2.8356099128723145","2.8356099128723145","2.8356099128723145","3.0208675861358643","3.0208675861358643","3.0208675861358643","1.1019891500473022","1.1019891500473022","1.1019891500473022","1.1028006076812744","1.1028006076812744","1.1028006076812744","3.5319926738739014","3.5319926738739014","3.5319926738739014","2.826601028442383","2.826601028442383","2.826601028442383","1.1046109199523926","1.1046109199523926","1.1046109199523926","1.1487877368927002","1.1487877368927002","1.1487877368927002","1.2170836925506592","1.2170836925506592","1.2170836925506592","1.3309004306793213","1.3309004306793213","1.3309004306793213","1.2699778079986572","1.2699778079986572","1.2699778079986572","1.499467134475708","1.499467134475708","1.499467134475708"
"202","2.752297878265381","2.752297878265381","2.752297878265381","2.961646556854248","2.961646556854248","2.961646556854248","1.1016205549240112","1.1016205549240112","1.1016205549240112","1.1026179790496826","1.1026179790496826","1.1026179790496826","3.428941249847412","3.428941249847412","3.428941249847412","2.8109867572784424","2.8109867572784424","2.8109867572784424","1.1239776611328125","1.1239776611328125","1.1239776611328125","1.1114861965179443","1.1114861965179443","1.1114861965179443","1.2198262214660645","1.2198262214660645","1.2198262214660645","1.4030524492263794","1.4030524492263794","1.4030524492263794","1.2498738765716553","1.2498738765716553","1.2498738765716553","1.3152488470077515","1.3152488470077515","1.3152488470077515"
"204","2.767660617828369","2.767660617828369","2.767660617828369","2.9415273666381836","2.9415273666381836","2.9415273666381836","1.1017943620681763","1.1017943620681763","1.1017943620681763","1.1026352643966675","1.1026352643966675","1.1026352643966675","3.5416221618652344","3.5416221618652344","3.5416221618652344","2.782580614089966","2.782580614089966","2.782580614089966","1.1088688373565674","1.1088688373565674","1.1088688373565674","1.1357693672180176","1.1357693672180176","1.1357693672180176","1.2177865505218506","1.2177865505218506","1.2177865505218506","1.8031306266784668","1.8031306266784668","1.8031306266784668","1.2585352659225464","1.2585352659225464","1.2585352659225464","1.4675827026367188","1.4675827026367188","1.4675827026367188"
"206","2.8756253719329834","2.8756253719329834","2.8756253719329834","2.92930269241333","2.92930269241333","2.92930269241333","1.1017587184906006","1.1017587184906006","1.1017587184906006","1.1048752069473267","1.1048752069473267","1.1048752069473267","3.4118196964263916","3.4118196964263916","3.4118196964263916","2.7360007762908936","2.7360007762908936","2.7360007762908936","1.102302074432373","1.102302074432373","1.102302074432373","1.1216562986373901","1.1216562986373901","1.1216562986373901","1.2046821117401123","1.2046821117401123","1.2046821117401123","1.2748864889144897","1.2748864889144897","1.2748864889144897","1.3051841259002686","1.3051841259002686","1.3051841259002686","1.402449131011963","1.402449131011963","1.402449131011963"
"208","2.6873621940612793","2.6873621940612793","2.6873621940612793","2.928539514541626","2.928539514541626","2.928539514541626","1.1018130779266357","1.1018130779266357","1.1018130779266357","1.1017922163009644","1.1017922163009644","1.1017922163009644","3.8263797760009766","3.8263797760009766","3.8263797760009766","2.807523727416992","2.807523727416992","2.807523727416992","1.110030174255371","1.110030174255371","1.110030174255371","1.1380122900009155","1.1380122900009155","1.1380122900009155","1.2182812690734863","1.2182812690734863","1.2182812690734863","1.3988556861877441","1.3988556861877441","1.3988556861877441","1.2339303493499756","1.2339303493499756","1.2339303493499756","1.3183832168579102","1.3183832168579102","1.3183832168579102"
"210","2.7616143226623535","2.7616143226623535","2.7616143226623535","2.8962719440460205","2.8962719440460205","2.8962719440460205","1.101850986480713","1.101850986480713","1.101850986480713","1.1020679473876953","1.1020679473876953","1.1020679473876953","3.4850172996520996","3.4850172996520996","3.4850172996520996","2.6804800033569336","2.6804800033569336","2.6804800033569336","1.1035873889923096","1.1035873889923096","1.1035873889923096","1.1277940273284912","1.1277940273284912","1.1277940273284912","1.1986911296844482","1.1986911296844482","1.1986911296844482","1.3869738578796387","1.3869738578796387","1.3869738578796387","1.2685045003890991","1.2685045003890991","1.2685045003890991","1.2459758520126343","1.2459758520126343","1.2459758520126343"
"212","3.028369903564453","3.028369903564453","3.028369903564453","2.872145652770996","2.872145652770996","2.872145652770996","1.1015970706939697","1.1015970706939697","1.1015970706939697","1.1034698486328125","1.1034698486328125","1.1034698486328125","3.5671565532684326","3.5671565532684326","3.5671565532684326","2.701143980026245","2.701143980026245","2.701143980026245","1.1075220108032227","1.1075220108032227","1.1075220108032227","1.1871808767318726","1.1871808767318726","1.1871808767318726","1.2139604091644287","1.2139604091644287","1.2139604091644287","1.356276273727417","1.356276273727417","1.356276273727417","1.3143640756607056","1.3143640756607056","1.3143640756607056","1.8561758995056152","1.8561758995056152","1.8561758995056152"
"214","2.8142786026000977","2.8142786026000977","2.8142786026000977","2.8668789863586426","2.8668789863586426","2.8668789863586426","1.1017072200775146","1.1017072200775146","1.1017072200775146","1.1025789976119995","1.1025789976119995","1.1025789976119995","3.416545867919922","3.416545867919922","3.416545867919922","2.6546106338500977","2.6546106338500977","2.6546106338500977","1.1037179231643677","1.1037179231643677","1.1037179231643677","1.1093050241470337","1.1093050241470337","1.1093050241470337","1.1972129344940186","1.1972129344940186","1.1972129344940186","1.243330478668213","1.243330478668213","1.243330478668213","1.2605781555175781","1.2605781555175781","1.2605781555175781","1.3411290645599365","1.3411290645599365","1.3411290645599365"
"216","2.766406774520874","2.766406774520874","2.766406774520874","2.8272018432617188","2.8272018432617188","2.8272018432617188","1.1016745567321777","1.1016745567321777","1.1016745567321777","1.1032096147537231","1.1032096147537231","1.1032096147537231","3.32133150100708","3.32133150100708","3.32133150100708","2.6852047443389893","2.6852047443389893","2.6852047443389893","1.1314921379089355","1.1314921379089355","1.1314921379089355","1.1420878171920776","1.1420878171920776","1.1420878171920776","1.203806757926941","1.203806757926941","1.203806757926941","1.3938732147216797","1.3938732147216797","1.3938732147216797","1.2519690990447998","1.2519690990447998","1.2519690990447998","1.5853720903396606","1.5853720903396606","1.5853720903396606"
"218","2.6747078895568848","2.6747078895568848","2.6747078895568848","2.826079845428467","2.826079845428467","2.826079845428467","1.1017674207687378","1.1017674207687378","1.1017674207687378","1.1027450561523438","1.1027450561523438","1.1027450561523438","3.2498159408569336","3.2498159408569336","3.2498159408569336","2.580038070678711","2.580038070678711","2.580038070678711","1.1405906677246094","1.1405906677246094","1.1405906677246094","1.1270637512207031","1.1270637512207031","1.1270637512207031","1.206983208656311","1.206983208656311","1.206983208656311","1.2654943466186523","1.2654943466186523","1.2654943466186523","1.24251389503479","1.24251389503479","1.24251389503479","1.4347970485687256","1.4347970485687256","1.4347970485687256"
"220","2.6820011138916016","2.6820011138916016","2.6820011138916016","2.8159403800964355","2.8159403800964355","2.8159403800964355","1.101962685585022","1.101962685585022","1.101962685585022","1.1027686595916748","1.1027686595916748","1.1027686595916748","3.2333028316497803","3.2333028316497803","3.2333028316497803","2.6470212936401367","2.6470212936401367","2.6470212936401367","1.106472373008728","1.106472373008728","1.106472373008728","1.1105270385742188","1.1105270385742188","1.1105270385742188","1.2067301273345947","1.2067301273345947","1.2067301273345947","1.2393242120742798","1.2393242120742798","1.2393242120742798","1.2423529624938965","1.2423529624938965","1.2423529624938965","1.2380955219268799","1.2380955219268799","1.2380955219268799"
"222","2.6276187896728516","2.6276187896728516","2.6276187896728516","2.783135414123535","2.783135414123535","2.783135414123535","1.1021571159362793","1.1021571159362793","1.1021571159362793","1.1029324531555176","1.1029324531555176","1.1029324531555176","3.3925070762634277","3.3925070762634277","3.3925070762634277","2.513777732849121","2.513777732849121","2.513777732849121","1.1015210151672363","1.1015210151672363","1.1015210151672363","1.1539453268051147","1.1539453268051147","1.1539453268051147","1.1870291233062744","1.1870291233062744","1.1870291233062744","1.4245516061782837","1.4245516061782837","1.4245516061782837","1.2518393993377686","1.2518393993377686","1.2518393993377686","1.6002233028411865","1.6002233028411865","1.6002233028411865"
"224","2.61660099029541","2.61660099029541","2.61660099029541","2.7444605827331543","2.7444605827331543","2.7444605827331543","1.1019099950790405","1.1019099950790405","1.1019099950790405","1.10194993019104","1.10194993019104","1.10194993019104","3.217068672180176","3.217068672180176","3.217068672180176","2.5031895637512207","2.5031895637512207","2.5031895637512207","1.1018421649932861","1.1018421649932861","1.1018421649932861","1.1176449060440063","1.1176449060440063","1.1176449060440063","1.1874077320098877","1.1874077320098877","1.1874077320098877","1.497945785522461","1.497945785522461","1.497945785522461","1.2290663719177246","1.2290663719177246","1.2290663719177246","1.2532007694244385","1.2532007694244385","1.2532007694244385"
"226","2.64500093460083","2.64500093460083","2.64500093460083","2.7299001216888428","2.7299001216888428","2.7299001216888428","1.1019043922424316","1.1019043922424316","1.1019043922424316","1.103977918624878","1.103977918624878","1.103977918624878","3.5430872440338135","3.5430872440338135","3.5430872440338135","2.474555492401123","2.474555492401123","2.474555492401123","1.1029834747314453","1.1029834747314453","1.1029834747314453","1.1398868560791016","1.1398868560791016","1.1398868560791016","1.1864097118377686","1.1864097118377686","1.1864097118377686","1.768103837966919","1.768103837966919","1.768103837966919","1.2357856035232544","1.2357856035232544","1.2357856035232544","1.3867731094360352","1.3867731094360352","1.3867731094360352"
"228","2.595881938934326","2.595881938934326","2.595881938934326","2.7054076194763184","2.7054076194763184","2.7054076194763184","1.1014175415039062","1.1014175415039062","1.1014175415039062","1.107740044593811","1.107740044593811","1.107740044593811","3.328106641769409","3.328106641769409","3.328106641769409","2.4505772590637207","2.4505772590637207","2.4505772590637207","1.126573085784912","1.126573085784912","1.126573085784912","1.1397390365600586","1.1397390365600586","1.1397390365600586","1.1865813732147217","1.1865813732147217","1.1865813732147217","1.5412720441818237","1.5412720441818237","1.5412720441818237","1.2454807758331299","1.2454807758331299","1.2454807758331299","1.4030237197875977","1.4030237197875977","1.4030237197875977"
"230","2.5619640350341797","2.5619640350341797","2.5619640350341797","2.6749730110168457","2.6749730110168457","2.6749730110168457","1.1015522480010986","1.1015522480010986","1.1015522480010986","1.1017086505889893","1.1017086505889893","1.1017086505889893","3.1686415672302246","3.1686415672302246","3.1686415672302246","2.4286117553710938","2.4286117553710938","2.4286117553710938","1.104777455329895","1.104777455329895","1.104777455329895","1.1319068670272827","1.1319068670272827","1.1319068670272827","1.1946120262145996","1.1946120262145996","1.1946120262145996","1.4845157861709595","1.4845157861709595","1.4845157861709595","1.2190433740615845","1.2190433740615845","1.2190433740615845","1.504991054534912","1.504991054534912","1.504991054534912"