"Step","VOWELS_VMD_b10_DUAL_bs16 - prior_loss_z","VOWELS_VMD_b10_DUAL_bs16 - prior_loss_z__MIN","VOWELS_VMD_b10_DUAL_bs16 - prior_loss_z__MAX","VOWELS_EMD_b10_DUAL_bs16 - prior_loss_z","VOWELS_EMD_b10_DUAL_bs16 - prior_loss_z__MIN","VOWELS_EMD_b10_DUAL_bs16 - prior_loss_z__MAX","VOWELS_EMD_b0_DUAL_bs16 - prior_loss_z","VOWELS_EMD_b0_DUAL_bs16 - prior_loss_z__MIN","VOWELS_EMD_b0_DUAL_bs16 - prior_loss_z__MAX","VOWELS_VMD_b0_DUAL_bs16 - prior_loss_z","VOWELS_VMD_b0_DUAL_bs16 - prior_loss_z__MIN","VOWELS_VMD_b0_DUAL_bs16 - prior_loss_z__MAX","VOWELS_FILTER_b10_DUAL_bs16 - prior_loss_z","VOWELS_FILTER_b10_DUAL_bs16 - prior_loss_z__MIN","VOWELS_FILTER_b10_DUAL_bs16 - prior_loss_z__MAX","VOWELS_EWT_b10_DUAL_bs16 - prior_loss_z","VOWELS_EWT_b10_DUAL_bs16 - prior_loss_z__MIN","VOWELS_EWT_b10_DUAL_bs16 - prior_loss_z__MAX","VOWELS_EWT_b0_DUAL_bs16 - prior_loss_z","VOWELS_EWT_b0_DUAL_bs16 - prior_loss_z__MIN","VOWELS_EWT_b0_DUAL_bs16 - prior_loss_z__MAX","VOWELS_FILTER_b0_DUAL_bs16 - prior_loss_z","VOWELS_FILTER_b0_DUAL_bs16 - prior_loss_z__MIN","VOWELS_FILTER_b0_DUAL_bs16 - prior_loss_z__MAX","VOWELS_EWT_b1_DUAL_bs16 - prior_loss_z","VOWELS_EWT_b1_DUAL_bs16 - prior_loss_z__MIN","VOWELS_EWT_b1_DUAL_bs16 - prior_loss_z__MAX","VOWELS_EMD_b1_DUAL_bs16 - prior_loss_z","VOWELS_EMD_b1_DUAL_bs16 - prior_loss_z__MIN","VOWELS_EMD_b1_DUAL_bs16 - prior_loss_z__MAX","VOWELS_VMD_b1_DUAL_bs16 - prior_loss_z","VOWELS_VMD_b1_DUAL_bs16 - prior_loss_z__MIN","VOWELS_VMD_b1_DUAL_bs16 - prior_loss_z__MAX","VOWELS_FILTER_b1_DUAL_bs16 - prior_loss_z","VOWELS_FILTER_b1_DUAL_bs16 - prior_loss_z__MIN","VOWELS_FILTER_b1_DUAL_bs16 - prior_loss_z__MAX"
"0","454.63079833984375","454.63079833984375","454.63079833984375","478.5948181152344","478.5948181152344","478.5948181152344","0","0","0","0","0","0","389.4296875","389.4296875","389.4296875","458.1626892089844","458.1626892089844","458.1626892089844","0","0","0","0","0","0","48.35218048095703","48.35218048095703","48.35218048095703","50.58346176147461","50.58346176147461","50.58346176147461","47.909523010253906","47.909523010253906","47.909523010253906","41.21549606323242","41.21549606323242","41.21549606323242"
"2","192.06393432617188","192.06393432617188","192.06393432617188","203.62100219726562","203.62100219726562","203.62100219726562","0","0","0","0","0","0","166.25570678710938","166.25570678710938","166.25570678710938","188.30458068847656","188.30458068847656","188.30458068847656","0","0","0","0","0","0","24.71013641357422","24.71013641357422","24.71013641357422","25.73777198791504","25.73777198791504","25.73777198791504","25.139713287353516","25.139713287353516","25.139713287353516","22.048259735107422","22.048259735107422","22.048259735107422"
"4","68.47541046142578","68.47541046142578","68.47541046142578","69.57038879394531","69.57038879394531","69.57038879394531","0","0","0","0","0","0","61.18994903564453","61.18994903564453","61.18994903564453","71.0119400024414","71.0119400024414","71.0119400024414","0","0","0","0","0","0","11.299480438232422","11.299480438232422","11.299480438232422","11.385976791381836","11.385976791381836","11.385976791381836","11.404563903808594","11.404563903808594","11.404563903808594","10.177384376525879","10.177384376525879","10.177384376525879"
"6","27.110158920288086","27.110158920288086","27.110158920288086","24.258535385131836","24.258535385131836","24.258535385131836","0","0","0","0","0","0","28.802001953125","28.802001953125","28.802001953125","29.214664459228516","29.214664459228516","29.214664459228516","0","0","0","0","0","0","5.460991382598877","5.460991382598877","5.460991382598877","5.184454917907715","5.184454917907715","5.184454917907715","5.393260955810547","5.393260955810547","5.393260955810547","5.318032264709473","5.318032264709473","5.318032264709473"
"8","11.540433883666992","11.540433883666992","11.540433883666992","9.73023509979248","9.73023509979248","9.73023509979248","0","0","0","0","0","0","11.087082862854004","11.087082862854004","11.087082862854004","11.880037307739258","11.880037307739258","11.880037307739258","0","0","0","0","0","0","2.8346033096313477","2.8346033096313477","2.8346033096313477","2.5781922340393066","2.5781922340393066","2.5781922340393066","2.8234338760375977","2.8234338760375977","2.8234338760375977","2.566483497619629","2.566483497619629","2.566483497619629"
"10","5.5840535163879395","5.5840535163879395","5.5840535163879395","5.160465240478516","5.160465240478516","5.160465240478516","0","0","0","0","0","0","5.821613311767578","5.821613311767578","5.821613311767578","5.835537433624268","5.835537433624268","5.835537433624268","0","0","0","0","0","0","1.716613531112671","1.716613531112671","1.716613531112671","1.5187311172485352","1.5187311172485352","1.5187311172485352","1.5424822568893433","1.5424822568893433","1.5424822568893433","1.6093811988830566","1.6093811988830566","1.6093811988830566"
"12","3.3377959728240967","3.3377959728240967","3.3377959728240967","3.1578049659729004","3.1578049659729004","3.1578049659729004","0","0","0","0","0","0","3.348900318145752","3.348900318145752","3.348900318145752","3.3776469230651855","3.3776469230651855","3.3776469230651855","0","0","0","0","0","0","1.2802940607070923","1.2802940607070923","1.2802940607070923","0.976830005645752","0.976830005645752","0.976830005645752","0.9095726013183594","0.9095726013183594","0.9095726013183594","0.9724855422973633","0.9724855422973633","0.9724855422973633"
"14","2.1235525608062744","2.1235525608062744","2.1235525608062744","1.886892318725586","1.886892318725586","1.886892318725586","0","0","0","0","0","0","2.7906007766723633","2.7906007766723633","2.7906007766723633","2.459939479827881","2.459939479827881","2.459939479827881","0","0","0","0","0","0","0.6860578656196594","0.6860578656196594","0.6860578656196594","0.6485742926597595","0.6485742926597595","0.6485742926597595","0.5986217260360718","0.5986217260360718","0.5986217260360718","0.6916904449462891","0.6916904449462891","0.6916904449462891"
"16","1.4566011428833008","1.4566011428833008","1.4566011428833008","2.062375783920288","2.062375783920288","2.062375783920288","0","0","0","0","0","0","2.4028286933898926","2.4028286933898926","2.4028286933898926","1.7402760982513428","1.7402760982513428","1.7402760982513428","0","0","0","0","0","0","0.564248263835907","0.564248263835907","0.564248263835907","0.47889605164527893","0.47889605164527893","0.47889605164527893","0.40672212839126587","0.40672212839126587","0.40672212839126587","0.6612208485603333","0.6612208485603333","0.6612208485603333"
"18","1.2762404680252075","1.2762404680252075","1.2762404680252075","1.5868216753005981","1.5868216753005981","1.5868216753005981","0","0","0","0","0","0","1.8965065479278564","1.8965065479278564","1.8965065479278564","2.32879376411438","2.32879376411438","2.32879376411438","0","0","0","0","0","0","0.38475990295410156","0.38475990295410156","0.38475990295410156","0.4874725639820099","0.4874725639820099","0.4874725639820099","0.31570494174957275","0.31570494174957275","0.31570494174957275","0.3739883005619049","0.3739883005619049","0.3739883005619049"
"20","0.8855864405632019","0.8855864405632019","0.8855864405632019","0.8499391078948975","0.8499391078948975","0.8499391078948975","0","0","0","0","0","0","2.2797963619232178","2.2797963619232178","2.2797963619232178","3.127070426940918","3.127070426940918","3.127070426940918","0","0","0","0","0","0","0.4178416132926941","0.4178416132926941","0.4178416132926941","0.30211007595062256","0.30211007595062256","0.30211007595062256","0.2161550521850586","0.2161550521850586","0.2161550521850586","0.3218468427658081","0.3218468427658081","0.3218468427658081"
"22","1.24107825756073","1.24107825756073","1.24107825756073","4.386669158935547","4.386669158935547","4.386669158935547","0","0","0","0","0","0","1.3678147792816162","1.3678147792816162","1.3678147792816162","1.4104716777801514","1.4104716777801514","1.4104716777801514","0","0","0","0","0","0","0.41821762919425964","0.41821762919425964","0.41821762919425964","0.2372536063194275","0.2372536063194275","0.2372536063194275","0.19297190010547638","0.19297190010547638","0.19297190010547638","0.2653402090072632","0.2653402090072632","0.2653402090072632"
"24","1.0351002216339111","1.0351002216339111","1.0351002216339111","1.0740898847579956","1.0740898847579956","1.0740898847579956","0","0","0","0","0","0","1.2124515771865845","1.2124515771865845","1.2124515771865845","3.1509511470794678","3.1509511470794678","3.1509511470794678","0","0","0","0","0","0","0.21909520030021667","0.21909520030021667","0.21909520030021667","0.19274607300758362","0.19274607300758362","0.19274607300758362","0.19675716757774353","0.19675716757774353","0.19675716757774353","0.2097395807504654","0.2097395807504654","0.2097395807504654"
"26","0.6561719179153442","0.6561719179153442","0.6561719179153442","1.4506548643112183","1.4506548643112183","1.4506548643112183","0","0","0","0","0","0","1.8934756517410278","1.8934756517410278","1.8934756517410278","1.186978816986084","1.186978816986084","1.186978816986084","0","0","0","0","0","0","0.2738654613494873","0.2738654613494873","0.2738654613494873","0.24190813302993774","0.24190813302993774","0.24190813302993774","0.1433933526277542","0.1433933526277542","0.1433933526277542","0.25379276275634766","0.25379276275634766","0.25379276275634766"
"28","0.42323917150497437","0.42323917150497437","0.42323917150497437","5.001867771148682","5.001867771148682","5.001867771148682","0","0","0","0","0","0","0.9667463302612305","0.9667463302612305","0.9667463302612305","4.017441749572754","4.017441749572754","4.017441749572754","0","0","0","0","0","0","0.2992372214794159","0.2992372214794159","0.2992372214794159","0.14965303242206573","0.14965303242206573","0.14965303242206573","0.12047603726387024","0.12047603726387024","0.12047603726387024","0.21656230092048645","0.21656230092048645","0.21656230092048645"
"30","0.3769628703594208","0.3769628703594208","0.3769628703594208","0.3458388149738312","0.3458388149738312","0.3458388149738312","0","0","0","0","0","0","3.0275955200195312","3.0275955200195312","3.0275955200195312","1.0280430316925049","1.0280430316925049","1.0280430316925049","0","0","0","0","0","0","0.13044416904449463","0.13044416904449463","0.13044416904449463","0.2443750947713852","0.2443750947713852","0.2443750947713852","0.2080661803483963","0.2080661803483963","0.2080661803483963","0.297743022441864","0.297743022441864","0.297743022441864"
"32","0.5647368431091309","0.5647368431091309","0.5647368431091309","0.38610920310020447","0.38610920310020447","0.38610920310020447","0","0","0","0","0","0","0.9133510589599609","0.9133510589599609","0.9133510589599609","0.8528358936309814","0.8528358936309814","0.8528358936309814","0","0","0","0","0","0","0.3327510356903076","0.3327510356903076","0.3327510356903076","0.14753654599189758","0.14753654599189758","0.14753654599189758","0.16836605966091156","0.16836605966091156","0.16836605966091156","0.19421570003032684","0.19421570003032684","0.19421570003032684"
"34","0.6602272391319275","0.6602272391319275","0.6602272391319275","0.3185547888278961","0.3185547888278961","0.3185547888278961","0","0","0","0","0","0","0.7637076377868652","0.7637076377868652","0.7637076377868652","0.8952103853225708","0.8952103853225708","0.8952103853225708","0","0","0","0","0","0","0.2195894718170166","0.2195894718170166","0.2195894718170166","0.13472683727741241","0.13472683727741241","0.13472683727741241","0.11935532093048096","0.11935532093048096","0.11935532093048096","0.11658996343612671","0.11658996343612671","0.11658996343612671"
"36","0.42216405272483826","0.42216405272483826","0.42216405272483826","0.27610063552856445","0.27610063552856445","0.27610063552856445","0","0","0","0","0","0","1.8754161596298218","1.8754161596298218","1.8754161596298218","2.548910617828369","2.548910617828369","2.548910617828369","0","0","0","0","0","0","0.19220814108848572","0.19220814108848572","0.19220814108848572","0.22860676050186157","0.22860676050186157","0.22860676050186157","0.1834968477487564","0.1834968477487564","0.1834968477487564","0.24200424551963806","0.24200424551963806","0.24200424551963806"
"38","4.10927677154541","4.10927677154541","4.10927677154541","2.3405842781066895","2.3405842781066895","2.3405842781066895","0","0","0","0","0","0","0.6275713443756104","0.6275713443756104","0.6275713443756104","0.3913506865501404","0.3913506865501404","0.3913506865501404","0","0","0","0","0","0","0.2904236912727356","0.2904236912727356","0.2904236912727356","0.16223043203353882","0.16223043203353882","0.16223043203353882","0.07816098630428314","0.07816098630428314","0.07816098630428314","0.15941545367240906","0.15941545367240906","0.15941545367240906"
"40","0.28525590896606445","0.28525590896606445","0.28525590896606445","0.2941496670246124","0.2941496670246124","0.2941496670246124","0","0","0","0","0","0","0.35892948508262634","0.35892948508262634","0.35892948508262634","0.38542747497558594","0.38542747497558594","0.38542747497558594","0","0","0","0","0","0","0.22663824260234833","0.22663824260234833","0.22663824260234833","0.15731863677501678","0.15731863677501678","0.15731863677501678","0.18208853900432587","0.18208853900432587","0.18208853900432587","0.11922210454940796","0.11922210454940796","0.11922210454940796"
"42","0.26853159070014954","0.26853159070014954","0.26853159070014954","0.34076496958732605","0.34076496958732605","0.34076496958732605","0","0","0","0","0","0","3.3270254135131836","3.3270254135131836","3.3270254135131836","0.3539636731147766","0.3539636731147766","0.3539636731147766","0","0","0","0","0","0","0.1835433393716812","0.1835433393716812","0.1835433393716812","0.08614249527454376","0.08614249527454376","0.08614249527454376","0.05383327603340149","0.05383327603340149","0.05383327603340149","0.14174401760101318","0.14174401760101318","0.14174401760101318"
"44","3.858128070831299","3.858128070831299","3.858128070831299","0.5733028054237366","0.5733028054237366","0.5733028054237366","0","0","0","0","0","0","0.2979680895805359","0.2979680895805359","0.2979680895805359","2.119448661804199","2.119448661804199","2.119448661804199","0","0","0","0","0","0","0.1766090840101242","0.1766090840101242","0.1766090840101242","0.14600396156311035","0.14600396156311035","0.14600396156311035","0.06434321403503418","0.06434321403503418","0.06434321403503418","0.1861085742712021","0.1861085742712021","0.1861085742712021"
"46","0.6212539672851562","0.6212539672851562","0.6212539672851562","1.2492634057998657","1.2492634057998657","1.2492634057998657","0","0","0","0","0","0","1.1223875284194946","1.1223875284194946","1.1223875284194946","2.1293447017669678","2.1293447017669678","2.1293447017669678","0","0","0","0","0","0","0.15162192285060883","0.15162192285060883","0.15162192285060883","0.08458979427814484","0.08458979427814484","0.08458979427814484","0.03910630941390991","0.03910630941390991","0.03910630941390991","0.05796477198600769","0.05796477198600769","0.05796477198600769"
"48","0.30527785420417786","0.30527785420417786","0.30527785420417786","0.16896426677703857","0.16896426677703857","0.16896426677703857","0","0","0","0","0","0","2.2524192333221436","2.2524192333221436","2.2524192333221436","0.6458386778831482","0.6458386778831482","0.6458386778831482","0","0","0","0","0","0","0.18371373414993286","0.18371373414993286","0.18371373414993286","0.059444159269332886","0.059444159269332886","0.059444159269332886","0.06748422980308533","0.06748422980308533","0.06748422980308533","0.05730882287025452","0.05730882287025452","0.05730882287025452"
"50","0.19078999757766724","0.19078999757766724","0.19078999757766724","0.7620096206665039","0.7620096206665039","0.7620096206665039","0","0","0","0","0","0","0.8245661854743958","0.8245661854743958","0.8245661854743958","0.41934773325920105","0.41934773325920105","0.41934773325920105","0","0","0","0","0","0","0.11818185448646545","0.11818185448646545","0.11818185448646545","0.10014750063419342","0.10014750063419342","0.10014750063419342","0.0709158182144165","0.0709158182144165","0.0709158182144165","0.280284583568573","0.280284583568573","0.280284583568573"
"52","0.3027871251106262","0.3027871251106262","0.3027871251106262","0.9098589420318604","0.9098589420318604","0.9098589420318604","0","0","0","0","0","0","0.23924410343170166","0.23924410343170166","0.23924410343170166","0.7470026612281799","0.7470026612281799","0.7470026612281799","0","0","0","0","0","0","0.10023094713687897","0.10023094713687897","0.10023094713687897","0.05368776619434357","0.05368776619434357","0.05368776619434357","0.06229043006896973","0.06229043006896973","0.06229043006896973","0.10546691715717316","0.10546691715717316","0.10546691715717316"
"54","0.3026440739631653","0.3026440739631653","0.3026440739631653","0.24725645780563354","0.24725645780563354","0.24725645780563354","0","0","0","0","0","0","0.3523118793964386","0.3523118793964386","0.3523118793964386","0.3536529839038849","0.3536529839038849","0.3536529839038849","0","0","0","0","0","0","0.11323332786560059","0.11323332786560059","0.11323332786560059","0.047133564949035645","0.047133564949035645","0.047133564949035645","0.033700764179229736","0.033700764179229736","0.033700764179229736","0.05785539746284485","0.05785539746284485","0.05785539746284485"
"56","0.35045742988586426","0.35045742988586426","0.35045742988586426","0.2874813973903656","0.2874813973903656","0.2874813973903656","0","0","0","0","0","0","3.172546625137329","3.172546625137329","3.172546625137329","1.5644543170928955","1.5644543170928955","1.5644543170928955","0","0","0","0","0","0","0.08005984127521515","0.08005984127521515","0.08005984127521515","0.07069334387779236","0.07069334387779236","0.07069334387779236","0.05164511501789093","0.05164511501789093","0.05164511501789093","0.12062579393386841","0.12062579393386841","0.12062579393386841"
"58","0.3024972975254059","0.3024972975254059","0.3024972975254059","2.7642853260040283","2.7642853260040283","2.7642853260040283","0","0","0","0","0","0","0.2216041088104248","0.2216041088104248","0.2216041088104248","0.6202571392059326","0.6202571392059326","0.6202571392059326","0","0","0","0","0","0","0.07093645632266998","0.07093645632266998","0.07093645632266998","0.0611954927444458","0.0611954927444458","0.0611954927444458","0.047307759523391724","0.047307759523391724","0.047307759523391724","0.0696524977684021","0.0696524977684021","0.0696524977684021"
"60","0.7843777537345886","0.7843777537345886","0.7843777537345886","0.14580190181732178","0.14580190181732178","0.14580190181732178","0","0","0","0","0","0","0.46647563576698303","0.46647563576698303","0.46647563576698303","0.7817789912223816","0.7817789912223816","0.7817789912223816","0","0","0","0","0","0","0.15289008617401123","0.15289008617401123","0.15289008617401123","0.05210071802139282","0.05210071802139282","0.05210071802139282","0.021597743034362793","0.021597743034362793","0.021597743034362793","0.051537975668907166","0.051537975668907166","0.051537975668907166"
"62","1.566287875175476","1.566287875175476","1.566287875175476","0.11000558733940125","0.11000558733940125","0.11000558733940125","0","0","0","0","0","0","0.4213765263557434","0.4213765263557434","0.4213765263557434","0.3226645290851593","0.3226645290851593","0.3226645290851593","0","0","0","0","0","0","0.045180320739746094","0.045180320739746094","0.045180320739746094","0.1402958482503891","0.1402958482503891","0.1402958482503891","0.10379008948802948","0.10379008948802948","0.10379008948802948","0.05773082375526428","0.05773082375526428","0.05773082375526428"
"64","0.4086226224899292","0.4086226224899292","0.4086226224899292","0.1161523163318634","0.1161523163318634","0.1161523163318634","0","0","0","0","0","0","0.4053086042404175","0.4053086042404175","0.4053086042404175","0.21803975105285645","0.21803975105285645","0.21803975105285645","0","0","0","0","0","0","0.03357499837875366","0.03357499837875366","0.03357499837875366","0.04880771040916443","0.04880771040916443","0.04880771040916443","0.0224149227142334","0.0224149227142334","0.0224149227142334","0.04282064735889435","0.04282064735889435","0.04282064735889435"
"66","0.42003095149993896","0.42003095149993896","0.42003095149993896","0.1474030315876007","0.1474030315876007","0.1474030315876007","0","0","0","0","0","0","0.3127537667751312","0.3127537667751312","0.3127537667751312","0.6515629291534424","0.6515629291534424","0.6515629291534424","0","0","0","0","0","0","0.06053663790225983","0.06053663790225983","0.06053663790225983","0.2549833059310913","0.2549833059310913","0.2549833059310913","0.043402835726737976","0.043402835726737976","0.043402835726737976","0.05236797034740448","0.05236797034740448","0.05236797034740448"
"68","0.3871925175189972","0.3871925175189972","0.3871925175189972","0.16052722930908203","0.16052722930908203","0.16052722930908203","0","0","0","0","0","0","0.12810826301574707","0.12810826301574707","0.12810826301574707","0.4029795527458191","0.4029795527458191","0.4029795527458191","0","0","0","0","0","0","0.14120988547801971","0.14120988547801971","0.14120988547801971","0.10551095008850098","0.10551095008850098","0.10551095008850098","0.021681487560272217","0.021681487560272217","0.021681487560272217","0.03827087581157684","0.03827087581157684","0.03827087581157684"
"70","0.22029131650924683","0.22029131650924683","0.22029131650924683","0.8056879043579102","0.8056879043579102","0.8056879043579102","0","0","0","0","0","0","0.1814022660255432","0.1814022660255432","0.1814022660255432","0.2726130187511444","0.2726130187511444","0.2726130187511444","0","0","0","0","0","0","0.061205923557281494","0.061205923557281494","0.061205923557281494","0.09054221212863922","0.09054221212863922","0.09054221212863922","0.02607889473438263","0.02607889473438263","0.02607889473438263","0.1257583498954773","0.1257583498954773","0.1257583498954773"
"72","0.16062632203102112","0.16062632203102112","0.16062632203102112","0.27782097458839417","0.27782097458839417","0.27782097458839417","0","0","0","0","0","0","0.2450205385684967","0.2450205385684967","0.2450205385684967","0.9038090705871582","0.9038090705871582","0.9038090705871582","0","0","0","0","0","0","0.05000397562980652","0.05000397562980652","0.05000397562980652","0.04708290100097656","0.04708290100097656","0.04708290100097656","0.0423257052898407","0.0423257052898407","0.0423257052898407","0.11530615389347076","0.11530615389347076","0.11530615389347076"
"74","1.392925500869751","1.392925500869751","1.392925500869751","0.2201557159423828","0.2201557159423828","0.2201557159423828","0","0","0","0","0","0","0.16229376196861267","0.16229376196861267","0.16229376196861267","1.0169826745986938","1.0169826745986938","1.0169826745986938","0","0","0","0","0","0","0.08216597139835358","0.08216597139835358","0.08216597139835358","0.03960274159908295","0.03960274159908295","0.03960274159908295","0.07267571985721588","0.07267571985721588","0.07267571985721588","0.03585882484912872","0.03585882484912872","0.03585882484912872"
"76","1.179630994796753","1.179630994796753","1.179630994796753","0.14998838305473328","0.14998838305473328","0.14998838305473328","0","0","0","0","0","0","0.22292062640190125","0.22292062640190125","0.22292062640190125","0.322878360748291","0.322878360748291","0.322878360748291","0","0","0","0","0","0","0.043285712599754333","0.043285712599754333","0.043285712599754333","0.233655646443367","0.233655646443367","0.233655646443367","0.04414774477481842","0.04414774477481842","0.04414774477481842","0.2051861584186554","0.2051861584186554","0.2051861584186554"
"78","0.9693562984466553","0.9693562984466553","0.9693562984466553","0.28234124183654785","0.28234124183654785","0.28234124183654785","0","0","0","0","0","0","0.18664449453353882","0.18664449453353882","0.18664449453353882","0.9301155805587769","0.9301155805587769","0.9301155805587769","0","0","0","0","0","0","0.040385276079177856","0.040385276079177856","0.040385276079177856","0.327192485332489","0.327192485332489","0.327192485332489","0.05039609968662262","0.05039609968662262","0.05039609968662262","0.03626607358455658","0.03626607358455658","0.03626607358455658"
"80","0.1913025975227356","0.1913025975227356","0.1913025975227356","0.23617669939994812","0.23617669939994812","0.23617669939994812","0","0","0","0","0","0","1.2354605197906494","1.2354605197906494","1.2354605197906494","0.21474361419677734","0.21474361419677734","0.21474361419677734","0","0","0","0","0","0","0.06583526730537415","0.06583526730537415","0.06583526730537415","0.057656168937683105","0.057656168937683105","0.057656168937683105","0.03005377948284149","0.03005377948284149","0.03005377948284149","0.038613155484199524","0.038613155484199524","0.038613155484199524"
"82","0.25952011346817017","0.25952011346817017","0.25952011346817017","0.1330941915512085","0.1330941915512085","0.1330941915512085","0","0","0","0","0","0","0.37560462951660156","0.37560462951660156","0.37560462951660156","0.20407810807228088","0.20407810807228088","0.20407810807228088","0","0","0","0","0","0","0.043531954288482666","0.043531954288482666","0.043531954288482666","0.19393391907215118","0.19393391907215118","0.19393391907215118","0.0655624270439148","0.0655624270439148","0.0655624270439148","0.06704561412334442","0.06704561412334442","0.06704561412334442"
"84","0.12003108859062195","0.12003108859062195","0.12003108859062195","0.4942305386066437","0.4942305386066437","0.4942305386066437","0","0","0","0","0","0","0.28073564171791077","0.28073564171791077","0.28073564171791077","0.3761492669582367","0.3761492669582367","0.3761492669582367","0","0","0","0","0","0","0.040441304445266724","0.040441304445266724","0.040441304445266724","0.1540568470954895","0.1540568470954895","0.1540568470954895","0.04876434803009033","0.04876434803009033","0.04876434803009033","0.054031312465667725","0.054031312465667725","0.054031312465667725"
"86","0.2526476979255676","0.2526476979255676","0.2526476979255676","1.483476161956787","1.483476161956787","1.483476161956787","0","0","0","0","0","0","0.20128265023231506","0.20128265023231506","0.20128265023231506","0.44851154088974","0.44851154088974","0.44851154088974","0","0","0","0","0","0","0.10807298123836517","0.10807298123836517","0.10807298123836517","0.1402197778224945","0.1402197778224945","0.1402197778224945","0.0443558394908905","0.0443558394908905","0.0443558394908905","0.06649576127529144","0.06649576127529144","0.06649576127529144"
"88","1.4574646949768066","1.4574646949768066","1.4574646949768066","0.5881577730178833","0.5881577730178833","0.5881577730178833","0","0","0","0","0","0","0.14350488781929016","0.14350488781929016","0.14350488781929016","1.2415118217468262","1.2415118217468262","1.2415118217468262","0","0","0","0","0","0","0.04610598087310791","0.04610598087310791","0.04610598087310791","0.18470019102096558","0.18470019102096558","0.18470019102096558","0.0336243212223053","0.0336243212223053","0.0336243212223053","0.04256732761859894","0.04256732761859894","0.04256732761859894"
"90","0.12464895844459534","0.12464895844459534","0.12464895844459534","0.17510056495666504","0.17510056495666504","0.17510056495666504","0","0","0","0","0","0","0.5301520228385925","0.5301520228385925","0.5301520228385925","0.6533719301223755","0.6533719301223755","0.6533719301223755","0","0","0","0","0","0","0.058830007910728455","0.058830007910728455","0.058830007910728455","0.029691532254219055","0.029691532254219055","0.029691532254219055","0.018066391348838806","0.018066391348838806","0.018066391348838806","0.08604899048805237","0.08604899048805237","0.08604899048805237"
"92","0.09480267763137817","0.09480267763137817","0.09480267763137817","0.17806440591812134","0.17806440591812134","0.17806440591812134","0","0","0","0","0","0","0.30401572585105896","0.30401572585105896","0.30401572585105896","0.20003914833068848","0.20003914833068848","0.20003914833068848","0","0","0","0","0","0","0.031015127897262573","0.031015127897262573","0.031015127897262573","0.11099882423877716","0.11099882423877716","0.11099882423877716","0.05947895348072052","0.05947895348072052","0.05947895348072052","0.0532502681016922","0.0532502681016922","0.0532502681016922"
"94","0.17038360238075256","0.17038360238075256","0.17038360238075256","0.4859909415245056","0.4859909415245056","0.4859909415245056","0","0","0","0","0","0","0.47981739044189453","0.47981739044189453","0.47981739044189453","0.13956725597381592","0.13956725597381592","0.13956725597381592","0","0","0","0","0","0","0.04195511341094971","0.04195511341094971","0.04195511341094971","0.0691908597946167","0.0691908597946167","0.0691908597946167","0.02056598663330078","0.02056598663330078","0.02056598663330078","0.09281635284423828","0.09281635284423828","0.09281635284423828"
"96","0.6206445693969727","0.6206445693969727","0.6206445693969727","0.09981095790863037","0.09981095790863037","0.09981095790863037","0","0","0","0","0","0","0.10823085904121399","0.10823085904121399","0.10823085904121399","0.3763146698474884","0.3763146698474884","0.3763146698474884","0","0","0","0","0","0","0.0784078985452652","0.0784078985452652","0.0784078985452652","0.09643346071243286","0.09643346071243286","0.09643346071243286","0.034451112151145935","0.034451112151145935","0.034451112151145935","0.15158429741859436","0.15158429741859436","0.15158429741859436"
"98","0.4185721278190613","0.4185721278190613","0.4185721278190613","0.17473101615905762","0.17473101615905762","0.17473101615905762","0","0","0","0","0","0","0.19029080867767334","0.19029080867767334","0.19029080867767334","0.25506094098091125","0.25506094098091125","0.25506094098091125","0","0","0","0","0","0","0.0448165088891983","0.0448165088891983","0.0448165088891983","0.08564658463001251","0.08564658463001251","0.08564658463001251","0.03287851810455322","0.03287851810455322","0.03287851810455322","0.04736170172691345","0.04736170172691345","0.04736170172691345"
"100","0.15988796949386597","0.15988796949386597","0.15988796949386597","0.7248990535736084","0.7248990535736084","0.7248990535736084","0","0","0","0","0","0","0.15353187918663025","0.15353187918663025","0.15353187918663025","0.3405176103115082","0.3405176103115082","0.3405176103115082","0","0","0","0","0","0","0.045604407787323","0.045604407787323","0.045604407787323","0.06325110793113708","0.06325110793113708","0.06325110793113708","0.025491714477539062","0.025491714477539062","0.025491714477539062","0.03322862088680267","0.03322862088680267","0.03322862088680267"
"102","0.18864572048187256","0.18864572048187256","0.18864572048187256","0.18358081579208374","0.18358081579208374","0.18358081579208374","0","0","0","0","0","0","0.3298826515674591","0.3298826515674591","0.3298826515674591","0.3696464002132416","0.3696464002132416","0.3696464002132416","0","0","0","0","0","0","0.05542650818824768","0.05542650818824768","0.05542650818824768","0.07723577320575714","0.07723577320575714","0.07723577320575714","0.03136754035949707","0.03136754035949707","0.03136754035949707","0.059710144996643066","0.059710144996643066","0.059710144996643066"
"104","0.2757750451564789","0.2757750451564789","0.2757750451564789","0.7105857133865356","0.7105857133865356","0.7105857133865356","0","0","0","0","0","0","0.6662733554840088","0.6662733554840088","0.6662733554840088","0.32626911997795105","0.32626911997795105","0.32626911997795105","0","0","0","0","0","0","0.025433972477912903","0.025433972477912903","0.025433972477912903","0.13583175837993622","0.13583175837993622","0.13583175837993622","0.02681553363800049","0.02681553363800049","0.02681553363800049","0.02638503909111023","0.02638503909111023","0.02638503909111023"
"106","0.1725509762763977","0.1725509762763977","0.1725509762763977","0.401461124420166","0.401461124420166","0.401461124420166","0","0","0","0","0","0","0.19124746322631836","0.19124746322631836","0.19124746322631836","0.37041157484054565","0.37041157484054565","0.37041157484054565","0","0","0","0","0","0","0.025507062673568726","0.025507062673568726","0.025507062673568726","0.17796911299228668","0.17796911299228668","0.17796911299228668","0.035919174551963806","0.035919174551963806","0.035919174551963806","0.06884969770908356","0.06884969770908356","0.06884969770908356"
"108","0.13529881834983826","0.13529881834983826","0.13529881834983826","0.36530420184135437","0.36530420184135437","0.36530420184135437","0","0","0","0","0","0","0.2881087362766266","0.2881087362766266","0.2881087362766266","0.2073131501674652","0.2073131501674652","0.2073131501674652","0","0","0","0","0","0","0.03488674759864807","0.03488674759864807","0.03488674759864807","0.030626505613327026","0.030626505613327026","0.030626505613327026","0.02448543906211853","0.02448543906211853","0.02448543906211853","0.05789928138256073","0.05789928138256073","0.05789928138256073"
"110","0.5517721176147461","0.5517721176147461","0.5517721176147461","0.17646998167037964","0.17646998167037964","0.17646998167037964","0","0","0","0","0","0","0.20271465182304382","0.20271465182304382","0.20271465182304382","0.5006633996963501","0.5006633996963501","0.5006633996963501","0","0","0","0","0","0","0.07513076066970825","0.07513076066970825","0.07513076066970825","0.06765395402908325","0.06765395402908325","0.06765395402908325","0.04852026700973511","0.04852026700973511","0.04852026700973511","0.05872063338756561","0.05872063338756561","0.05872063338756561"
"112","0.1890331506729126","0.1890331506729126","0.1890331506729126","0.2724155783653259","0.2724155783653259","0.2724155783653259","0","0","0","0","0","0","0.22720098495483398","0.22720098495483398","0.22720098495483398","0.17467588186264038","0.17467588186264038","0.17467588186264038","0","0","0","0","0","0","0.03570869565010071","0.03570869565010071","0.03570869565010071","0.08279271423816681","0.08279271423816681","0.08279271423816681","0.01968584954738617","0.01968584954738617","0.01968584954738617","0.15026383101940155","0.15026383101940155","0.15026383101940155"
"114","0.3690175712108612","0.3690175712108612","0.3690175712108612","0.2562224864959717","0.2562224864959717","0.2562224864959717","0","0","0","0","0","0","0.1458577811717987","0.1458577811717987","0.1458577811717987","0.2119295299053192","0.2119295299053192","0.2119295299053192","0","0","0","0","0","0","0.17045721411705017","0.17045721411705017","0.17045721411705017","0.04412561655044556","0.04412561655044556","0.04412561655044556","0.05028367042541504","0.05028367042541504","0.05028367042541504","0.14792107045650482","0.14792107045650482","0.14792107045650482"
"116","0.1322232186794281","0.1322232186794281","0.1322232186794281","0.35536810755729675","0.35536810755729675","0.35536810755729675","0","0","0","0","0","0","0.18993765115737915","0.18993765115737915","0.18993765115737915","0.19565969705581665","0.19565969705581665","0.19565969705581665","0","0","0","0","0","0","0.037219077348709106","0.037219077348709106","0.037219077348709106","0.059603676199913025","0.059603676199913025","0.059603676199913025","0.04210576415061951","0.04210576415061951","0.04210576415061951","0.07340893149375916","0.07340893149375916","0.07340893149375916"
"118","0.1333571970462799","0.1333571970462799","0.1333571970462799","0.10353103280067444","0.10353103280067444","0.10353103280067444","0","0","0","0","0","0","0.414285808801651","0.414285808801651","0.414285808801651","0.3484189510345459","0.3484189510345459","0.3484189510345459","0","0","0","0","0","0","0.054536983370780945","0.054536983370780945","0.054536983370780945","0.044011399149894714","0.044011399149894714","0.044011399149894714","0.08302934467792511","0.08302934467792511","0.08302934467792511","0.06361201405525208","0.06361201405525208","0.06361201405525208"
"120","0.0835716724395752","0.0835716724395752","0.0835716724395752","1.513667345046997","1.513667345046997","1.513667345046997","0","0","0","0","0","0","0.26223212480545044","0.26223212480545044","0.26223212480545044","0.2600133419036865","0.2600133419036865","0.2600133419036865","0","0","0","0","0","0","0.02222217619419098","0.02222217619419098","0.02222217619419098","0.04064984619617462","0.04064984619617462","0.04064984619617462","0.021589770913124084","0.021589770913124084","0.021589770913124084","0.14669373631477356","0.14669373631477356","0.14669373631477356"
"122","0.40064528584480286","0.40064528584480286","0.40064528584480286","0.16237124800682068","0.16237124800682068","0.16237124800682068","0","0","0","0","0","0","1.0665916204452515","1.0665916204452515","1.0665916204452515","0.16407445073127747","0.16407445073127747","0.16407445073127747","0","0","0","0","0","0","0.03686457872390747","0.03686457872390747","0.03686457872390747","0.05844011902809143","0.05844011902809143","0.05844011902809143","0.024953186511993408","0.024953186511993408","0.024953186511993408","0.049973875284194946","0.049973875284194946","0.049973875284194946"
"124","0.3257632255554199","0.3257632255554199","0.3257632255554199","0.2908170223236084","0.2908170223236084","0.2908170223236084","0","0","0","0","0","0","0.39710327982902527","0.39710327982902527","0.39710327982902527","0.3427177667617798","0.3427177667617798","0.3427177667617798","0","0","0","0","0","0","0.11592648923397064","0.11592648923397064","0.11592648923397064","0.25547847151756287","0.25547847151756287","0.25547847151756287","0.019342675805091858","0.019342675805091858","0.019342675805091858","0.03329634666442871","0.03329634666442871","0.03329634666442871"
"126","0.18101930618286133","0.18101930618286133","0.18101930618286133","0.08837729692459106","0.08837729692459106","0.08837729692459106","0","0","0","0","0","0","0.434151291847229","0.434151291847229","0.434151291847229","0.31276121735572815","0.31276121735572815","0.31276121735572815","0","0","0","0","0","0","0.04210241138935089","0.04210241138935089","0.04210241138935089","0.05201004445552826","0.05201004445552826","0.05201004445552826","0.04127874970436096","0.04127874970436096","0.04127874970436096","0.0600375235080719","0.0600375235080719","0.0600375235080719"
"128","0.25888532400131226","0.25888532400131226","0.25888532400131226","0.19242390990257263","0.19242390990257263","0.19242390990257263","0","0","0","0","0","0","0.34740716218948364","0.34740716218948364","0.34740716218948364","0.4496239125728607","0.4496239125728607","0.4496239125728607","0","0","0","0","0","0","0.04692502319812775","0.04692502319812775","0.04692502319812775","0.11143989861011505","0.11143989861011505","0.11143989861011505","0.02894967794418335","0.02894967794418335","0.02894967794418335","0.08914239704608917","0.08914239704608917","0.08914239704608917"
"130","0.2652980387210846","0.2652980387210846","0.2652980387210846","0.17502084374427795","0.17502084374427795","0.17502084374427795","0","0","0","0","0","0","0.22656843066215515","0.22656843066215515","0.22656843066215515","0.35228431224823","0.35228431224823","0.35228431224823","0","0","0","0","0","0","0.02697072923183441","0.02697072923183441","0.02697072923183441","0.08641913533210754","0.08641913533210754","0.08641913533210754","0.02559646964073181","0.02559646964073181","0.02559646964073181","0.08262373507022858","0.08262373507022858","0.08262373507022858"
"132","0.39311572909355164","0.39311572909355164","0.39311572909355164","0.357239693403244","0.357239693403244","0.357239693403244","0","0","0","0","0","0","0.1830071210861206","0.1830071210861206","0.1830071210861206","0.1663394272327423","0.1663394272327423","0.1663394272327423","0","0","0","0","0","0","0.15944823622703552","0.15944823622703552","0.15944823622703552","0.18638476729393005","0.18638476729393005","0.18638476729393005","0.018460676074028015","0.018460676074028015","0.018460676074028015","0.026215985417366028","0.026215985417366028","0.026215985417366028"
"134","0.09153857827186584","0.09153857827186584","0.09153857827186584","0.10076984763145447","0.10076984763145447","0.10076984763145447","0","0","0","0","0","0","0.18311962485313416","0.18311962485313416","0.18311962485313416","0.20593106746673584","0.20593106746673584","0.20593106746673584","0","0","0","0","0","0","0.07781863212585449","0.07781863212585449","0.07781863212585449","0.1332426816225052","0.1332426816225052","0.1332426816225052","0.014880448579788208","0.014880448579788208","0.014880448579788208","0.06322018802165985","0.06322018802165985","0.06322018802165985"
"136","0.11462345719337463","0.11462345719337463","0.11462345719337463","0.8906558156013489","0.8906558156013489","0.8906558156013489","0","0","0","0","0","0","0.3596693277359009","0.3596693277359009","0.3596693277359009","0.35420283675193787","0.35420283675193787","0.35420283675193787","0","0","0","0","0","0","0.14082498848438263","0.14082498848438263","0.14082498848438263","0.06121836602687836","0.06121836602687836","0.06121836602687836","0.013601928949356079","0.013601928949356079","0.013601928949356079","0.025290772318840027","0.025290772318840027","0.025290772318840027"
"138","0.0678621232509613","0.0678621232509613","0.0678621232509613","0.3255695104598999","0.3255695104598999","0.3255695104598999","0","0","0","0","0","0","0.9402267932891846","0.9402267932891846","0.9402267932891846","0.15669167041778564","0.15669167041778564","0.15669167041778564","0","0","0","0","0","0","0.019248202443122864","0.019248202443122864","0.019248202443122864","0.019518136978149414","0.019518136978149414","0.019518136978149414","0.01285448670387268","0.01285448670387268","0.01285448670387268","0.04911676049232483","0.04911676049232483","0.04911676049232483"
"140","0.08074864745140076","0.08074864745140076","0.08074864745140076","0.4767514765262604","0.4767514765262604","0.4767514765262604","0","0","0","0","0","0","0.4204757511615753","0.4204757511615753","0.4204757511615753","0.445827841758728","0.445827841758728","0.445827841758728","0","0","0","0","0","0","0.03688514232635498","0.03688514232635498","0.03688514232635498","0.07503367960453033","0.07503367960453033","0.07503367960453033","0.03126494586467743","0.03126494586467743","0.03126494586467743","0.04638679325580597","0.04638679325580597","0.04638679325580597"
"142","0.5796641111373901","0.5796641111373901","0.5796641111373901","0.2019830048084259","0.2019830048084259","0.2019830048084259","0","0","0","0","0","0","0.5240932106971741","0.5240932106971741","0.5240932106971741","0.24899914860725403","0.24899914860725403","0.24899914860725403","0","0","0","0","0","0","0.045422911643981934","0.045422911643981934","0.045422911643981934","0.15476509928703308","0.15476509928703308","0.15476509928703308","0.016631633043289185","0.016631633043289185","0.016631633043289185","0.05200423300266266","0.05200423300266266","0.05200423300266266"
"144","0.11138021945953369","0.11138021945953369","0.11138021945953369","0.5849570035934448","0.5849570035934448","0.5849570035934448","0","0","0","0","0","0","0.15112534165382385","0.15112534165382385","0.15112534165382385","0.2615496516227722","0.2615496516227722","0.2615496516227722","0","0","0","0","0","0","0.08606664836406708","0.08606664836406708","0.08606664836406708","0.04015609622001648","0.04015609622001648","0.04015609622001648","0.01032799482345581","0.01032799482345581","0.01032799482345581","0.08709117770195007","0.08709117770195007","0.08709117770195007"
"146","0.12877807021141052","0.12877807021141052","0.12877807021141052","0.20636394619941711","0.20636394619941711","0.20636394619941711","0","0","0","0","0","0","0.12856870889663696","0.12856870889663696","0.12856870889663696","0.1859724521636963","0.1859724521636963","0.1859724521636963","0","0","0","0","0","0","0.030652210116386414","0.030652210116386414","0.030652210116386414","0.06132304668426514","0.06132304668426514","0.06132304668426514","0.023315027356147766","0.023315027356147766","0.023315027356147766","0.03244228661060333","0.03244228661060333","0.03244228661060333"
"148","0.16673505306243896","0.16673505306243896","0.16673505306243896","0.682520866394043","0.682520866394043","0.682520866394043","0","0","0","0","0","0","0.13619214296340942","0.13619214296340942","0.13619214296340942","0.16724765300750732","0.16724765300750732","0.16724765300750732","0","0","0","0","0","0","0.06251320242881775","0.06251320242881775","0.06251320242881775","0.1100778579711914","0.1100778579711914","0.1100778579711914","0.04065677523612976","0.04065677523612976","0.04065677523612976","0.022749975323677063","0.022749975323677063","0.022749975323677063"
"150","0.342637300491333","0.342637300491333","0.342637300491333","0.30969157814979553","0.30969157814979553","0.30969157814979553","0","0","0","0","0","0","0.209779292345047","0.209779292345047","0.209779292345047","0.15011504292488098","0.15011504292488098","0.15011504292488098","0","0","0","0","0","0","0.04775896668434143","0.04775896668434143","0.04775896668434143","0.059533342719078064","0.059533342719078064","0.059533342719078064","0.007754787802696228","0.007754787802696228","0.007754787802696228","0.044369474053382874","0.044369474053382874","0.044369474053382874"
"152","0.24825111031532288","0.24825111031532288","0.24825111031532288","0.09365156292915344","0.09365156292915344","0.09365156292915344","0","0","0","0","0","0","0.2465561032295227","0.2465561032295227","0.2465561032295227","0.1690894365310669","0.1690894365310669","0.1690894365310669","0","0","0","0","0","0","0.08540801703929901","0.08540801703929901","0.08540801703929901","0.09495854377746582","0.09495854377746582","0.09495854377746582","0.027201101183891296","0.027201101183891296","0.027201101183891296","0.09572751820087433","0.09572751820087433","0.09572751820087433"
"154","0.2846375107765198","0.2846375107765198","0.2846375107765198","0.1431867480278015","0.1431867480278015","0.1431867480278015","0","0","0","0","0","0","0.299922376871109","0.299922376871109","0.299922376871109","0.17389580607414246","0.17389580607414246","0.17389580607414246","0","0","0","0","0","0","0.04502058029174805","0.04502058029174805","0.04502058029174805","0.02693861722946167","0.02693861722946167","0.02693861722946167","0.031870901584625244","0.031870901584625244","0.031870901584625244","0.12660041451454163","0.12660041451454163","0.12660041451454163"
"156","0.10907426476478577","0.10907426476478577","0.10907426476478577","0.3675997257232666","0.3675997257232666","0.3675997257232666","0","0","0","0","0","0","0.21551325917243958","0.21551325917243958","0.21551325917243958","0.7151596546173096","0.7151596546173096","0.7151596546173096","0","0","0","0","0","0","0.04758283495903015","0.04758283495903015","0.04758283495903015","0.06289973855018616","0.06289973855018616","0.06289973855018616","0.08819498121738434","0.08819498121738434","0.08819498121738434","0.03336206078529358","0.03336206078529358","0.03336206078529358"
"158","0.33425167202949524","0.33425167202949524","0.33425167202949524","0.23814663290977478","0.23814663290977478","0.23814663290977478","0","0","0","0","0","0","0.38948655128479004","0.38948655128479004","0.38948655128479004","0.25400668382644653","0.25400668382644653","0.25400668382644653","0","0","0","0","0","0","0.018981993198394775","0.018981993198394775","0.018981993198394775","0.10027192533016205","0.10027192533016205","0.10027192533016205","0.03726296126842499","0.03726296126842499","0.03726296126842499","0.07049828767776489","0.07049828767776489","0.07049828767776489"
"160","0.13645365834236145","0.13645365834236145","0.13645365834236145","0.23147016763687134","0.23147016763687134","0.23147016763687134","0","0","0","0","0","0","0.24222508072853088","0.24222508072853088","0.24222508072853088","0.22288113832473755","0.22288113832473755","0.22288113832473755","0","0","0","0","0","0","0.023773983120918274","0.023773983120918274","0.023773983120918274","0.032899677753448486","0.032899677753448486","0.032899677753448486","0.015258342027664185","0.015258342027664185","0.015258342027664185","0.06367288529872894","0.06367288529872894","0.06367288529872894"
"162","0.3880329430103302","0.3880329430103302","0.3880329430103302","0.32598674297332764","0.32598674297332764","0.32598674297332764","0","0","0","0","0","0","0.3299996256828308","0.3299996256828308","0.3299996256828308","0.2478569746017456","0.2478569746017456","0.2478569746017456","0","0","0","0","0","0","0.024212747812271118","0.024212747812271118","0.024212747812271118","0.16637399792671204","0.16637399792671204","0.16637399792671204","0.04347473382949829","0.04347473382949829","0.04347473382949829","0.06078742444515228","0.06078742444515228","0.06078742444515228"
"164","0.4522494971752167","0.4522494971752167","0.4522494971752167","0.13183876872062683","0.13183876872062683","0.13183876872062683","0","0","0","0","0","0","0.18594935536384583","0.18594935536384583","0.18594935536384583","0.17619580030441284","0.17619580030441284","0.17619580030441284","0","0","0","0","0","0","0.02438955008983612","0.02438955008983612","0.02438955008983612","0.036590322852134705","0.036590322852134705","0.036590322852134705","0.009189024567604065","0.009189024567604065","0.009189024567604065","0.036894455552101135","0.036894455552101135","0.036894455552101135"
"166","0.2408348023891449","0.2408348023891449","0.2408348023891449","0.7056422233581543","0.7056422233581543","0.7056422233581543","0","0","0","0","0","0","0.18267259001731873","0.18267259001731873","0.18267259001731873","0.3244951367378235","0.3244951367378235","0.3244951367378235","0","0","0","0","0","0","0.016641318798065186","0.016641318798065186","0.016641318798065186","0.09921014308929443","0.09921014308929443","0.09921014308929443","0.014659762382507324","0.014659762382507324","0.014659762382507324","0.03744244575500488","0.03744244575500488","0.03744244575500488"
"168","0.1827329397201538","0.1827329397201538","0.1827329397201538","0.39869174361228943","0.39869174361228943","0.39869174361228943","0","0","0","0","0","0","0.2172715961933136","0.2172715961933136","0.2172715961933136","0.37440359592437744","0.37440359592437744","0.37440359592437744","0","0","0","0","0","0","0.03817133605480194","0.03817133605480194","0.03817133605480194","0.0834818184375763","0.0834818184375763","0.0834818184375763","0.011170506477355957","0.011170506477355957","0.011170506477355957","0.04113800823688507","0.04113800823688507","0.04113800823688507"
"170","0.16150400042533875","0.16150400042533875","0.16150400042533875","0.3760486841201782","0.3760486841201782","0.3760486841201782","0","0","0","0","0","0","0.5977236032485962","0.5977236032485962","0.5977236032485962","0.20653009414672852","0.20653009414672852","0.20653009414672852","0","0","0","0","0","0","0.021185725927352905","0.021185725927352905","0.021185725927352905","0.10677501559257507","0.10677501559257507","0.10677501559257507","0.021286755800247192","0.021286755800247192","0.021286755800247192","0.04856117069721222","0.04856117069721222","0.04856117069721222"
"172","0.2786293625831604","0.2786293625831604","0.2786293625831604","0.23158490657806396","0.23158490657806396","0.23158490657806396","0","0","0","0","0","0","0.09463876485824585","0.09463876485824585","0.09463876485824585","0.267791748046875","0.267791748046875","0.267791748046875","0","0","0","0","0","0","0.055586397647857666","0.055586397647857666","0.055586397647857666","0.1603677123785019","0.1603677123785019","0.1603677123785019","0.009636804461479187","0.009636804461479187","0.009636804461479187","0.03229483962059021","0.03229483962059021","0.03229483962059021"
"174","0.15251338481903076","0.15251338481903076","0.15251338481903076","45.35315704345703","45.35315704345703","45.35315704345703","0","0","0","0","0","0","0.3189399838447571","0.3189399838447571","0.3189399838447571","0.3063470125198364","0.3063470125198364","0.3063470125198364","0","0","0","0","0","0","0.06569407880306244","0.06569407880306244","0.06569407880306244","0.033889636397361755","0.033889636397361755","0.033889636397361755","0.008799657225608826","0.008799657225608826","0.008799657225608826","0.0610264390707016","0.0610264390707016","0.0610264390707016"
"176","0.16289129853248596","0.16289129853248596","0.16289129853248596","0.5366511344909668","0.5366511344909668","0.5366511344909668","0","0","0","0","0","0","0.28345659375190735","0.28345659375190735","0.28345659375190735","0.23420751094818115","0.23420751094818115","0.23420751094818115","0","0","0","0","0","0","0.04805706441402435","0.04805706441402435","0.04805706441402435","0.10003678500652313","0.10003678500652313","0.10003678500652313","0.037256404757499695","0.037256404757499695","0.037256404757499695","0.06151124835014343","0.06151124835014343","0.06151124835014343"
"178","0.337740033864975","0.337740033864975","0.337740033864975","0.10512098670005798","0.10512098670005798","0.10512098670005798","0","0","0","0","0","0","0.3820456564426422","0.3820456564426422","0.3820456564426422","0.3245711326599121","0.3245711326599121","0.3245711326599121","0","0","0","0","0","0","0.03223739564418793","0.03223739564418793","0.03223739564418793","0.03548808395862579","0.03548808395862579","0.03548808395862579","0.010664612054824829","0.010664612054824829","0.010664612054824829","0.03516145050525665","0.03516145050525665","0.03516145050525665"
"180","0.08168816566467285","0.08168816566467285","0.08168816566467285","0.09459927678108215","0.09459927678108215","0.09459927678108215","0","0","0","0","0","0","0.40076524019241333","0.40076524019241333","0.40076524019241333","0.20317286252975464","0.20317286252975464","0.20317286252975464","0","0","0","0","0","0","0.04865124821662903","0.04865124821662903","0.04865124821662903","0.017622634768486023","0.017622634768486023","0.017622634768486023","0.006560087203979492","0.006560087203979492","0.006560087203979492","0.05677312612533569","0.05677312612533569","0.05677312612533569"
"182","0.2314239740371704","0.2314239740371704","0.2314239740371704","0.12816041707992554","0.12816041707992554","0.12816041707992554","0","0","0","0","0","0","0.1607075333595276","0.1607075333595276","0.1607075333595276","0.13615116477012634","0.13615116477012634","0.13615116477012634","0","0","0","0","0","0","0.07740676403045654","0.07740676403045654","0.07740676403045654","0.06300881505012512","0.06300881505012512","0.06300881505012512","0.012172460556030273","0.012172460556030273","0.012172460556030273","0.02634085714817047","0.02634085714817047","0.02634085714817047"
"184","0.11646747589111328","0.11646747589111328","0.11646747589111328","0.8258707523345947","0.8258707523345947","0.8258707523345947","0","0","0","0","0","0","0.24738982319831848","0.24738982319831848","0.24738982319831848","0.16576498746871948","0.16576498746871948","0.16576498746871948","0","0","0","0","0","0","0.11172980070114136","0.11172980070114136","0.11172980070114136","0.059575289487838745","0.059575289487838745","0.059575289487838745","0.010524913668632507","0.010524913668632507","0.010524913668632507","0.05950331687927246","0.05950331687927246","0.05950331687927246"
"186","0.13853013515472412","0.13853013515472412","0.13853013515472412","0.10473877191543579","0.10473877191543579","0.10473877191543579","0","0","0","0","0","0","0.2756260335445404","0.2756260335445404","0.2756260335445404","0.2557523548603058","0.2557523548603058","0.2557523548603058","0","0","0","0","0","0","0.031332820653915405","0.031332820653915405","0.031332820653915405","0.19626252353191376","0.19626252353191376","0.19626252353191376","0.008500367403030396","0.008500367403030396","0.008500367403030396","0.032090842723846436","0.032090842723846436","0.032090842723846436"
"188","0.17946064472198486","0.17946064472198486","0.17946064472198486","0.2916604280471802","0.2916604280471802","0.2916604280471802","0","0","0","0","0","0","0.2445131540298462","0.2445131540298462","0.2445131540298462","0.39938539266586304","0.39938539266586304","0.39938539266586304","0","0","0","0","0","0","0.09757712483406067","0.09757712483406067","0.09757712483406067","0.22300802171230316","0.22300802171230316","0.22300802171230316","0.007030293345451355","0.007030293345451355","0.007030293345451355","0.06988503038883209","0.06988503038883209","0.06988503038883209"
"190","0.15133768320083618","0.15133768320083618","0.15133768320083618","0.395415723323822","0.395415723323822","0.395415723323822","0","0","0","0","0","0","0.1562349498271942","0.1562349498271942","0.1562349498271942","0.40227919816970825","0.40227919816970825","0.40227919816970825","0","0","0","0","0","0","0.116228386759758","0.116228386759758","0.116228386759758","0.1266413927078247","0.1266413927078247","0.1266413927078247","0.03535933792591095","0.03535933792591095","0.03535933792591095","0.042741745710372925","0.042741745710372925","0.042741745710372925"
"192","0.19601881504058838","0.19601881504058838","0.19601881504058838","0.1508958637714386","0.1508958637714386","0.1508958637714386","0","0","0","0","0","0","0.15423670411109924","0.15423670411109924","0.15423670411109924","0.34057125449180603","0.34057125449180603","0.34057125449180603","0","0","0","0","0","0","0.014666691422462463","0.014666691422462463","0.014666691422462463","0.03263942897319794","0.03263942897319794","0.03263942897319794","0.011027157306671143","0.011027157306671143","0.011027157306671143","0.027280151844024658","0.027280151844024658","0.027280151844024658"
"194","0.1545354723930359","0.1545354723930359","0.1545354723930359","0.1668676733970642","0.1668676733970642","0.1668676733970642","0","0","0","0","0","0","0.1470416784286499","0.1470416784286499","0.1470416784286499","0.628139853477478","0.628139853477478","0.628139853477478","0","0","0","0","0","0","0.06457395851612091","0.06457395851612091","0.06457395851612091","0.17052702605724335","0.17052702605724335","0.17052702605724335","0.011460483074188232","0.011460483074188232","0.011460483074188232","0.07172226905822754","0.07172226905822754","0.07172226905822754"
"196","0.12165233492851257","0.12165233492851257","0.12165233492851257","0.3967270255088806","0.3967270255088806","0.3967270255088806","0","0","0","0","0","0","0.10619759559631348","0.10619759559631348","0.10619759559631348","0.31877830624580383","0.31877830624580383","0.31877830624580383","0","0","0","0","0","0","0.04721209406852722","0.04721209406852722","0.04721209406852722","0.05214780569076538","0.05214780569076538","0.05214780569076538","0.009231045842170715","0.009231045842170715","0.009231045842170715","0.04640154540538788","0.04640154540538788","0.04640154540538788"
"198","0.1088075339794159","0.1088075339794159","0.1088075339794159","0.07245317101478577","0.07245317101478577","0.07245317101478577","0","0","0","0","0","0","0.13873353600502014","0.13873353600502014","0.13873353600502014","0.28839111328125","0.28839111328125","0.28839111328125","0","0","0","0","0","0","0.051880404353141785","0.051880404353141785","0.051880404353141785","0.055666565895080566","0.055666565895080566","0.055666565895080566","0.007189363241195679","0.007189363241195679","0.007189363241195679","0.030864626169204712","0.030864626169204712","0.030864626169204712"
"200","0.09464994072914124","0.09464994072914124","0.09464994072914124","0.1325838267803192","0.1325838267803192","0.1325838267803192","0","0","0","0","0","0","0.2498634159564972","0.2498634159564972","0.2498634159564972","0.21551251411437988","0.21551251411437988","0.21551251411437988","0","0","0","0","0","0","0.021115615963935852","0.021115615963935852","0.021115615963935852","0.05391068756580353","0.05391068756580353","0.05391068756580353","0.04361554980278015","0.04361554980278015","0.04361554980278015","0.06350070238113403","0.06350070238113403","0.06350070238113403"
"202","0.36886483430862427","0.36886483430862427","0.36886483430862427","0.48040226101875305","0.48040226101875305","0.48040226101875305","0","0","0","0","0","0","0.2717636525630951","0.2717636525630951","0.2717636525630951","0.39513036608695984","0.39513036608695984","0.39513036608695984","0","0","0","0","0","0","0.04759766161441803","0.04759766161441803","0.04759766161441803","0.13949938118457794","0.13949938118457794","0.13949938118457794","0.005938485264778137","0.005938485264778137","0.005938485264778137","0.09360507130622864","0.09360507130622864","0.09360507130622864"
"204","0.2669870853424072","0.2669870853424072","0.2669870853424072","0.09198561310768127","0.09198561310768127","0.09198561310768127","0","0","0","0","0","0","0.2840086817741394","0.2840086817741394","0.2840086817741394","0.26673004031181335","0.26673004031181335","0.26673004031181335","0","0","0","0","0","0","0.031636208295822144","0.031636208295822144","0.031636208295822144","0.16895033419132233","0.16895033419132233","0.16895033419132233","0.12725584208965302","0.12725584208965302","0.12725584208965302","0.1679787039756775","0.1679787039756775","0.1679787039756775"
"206","0.1881033182144165","0.1881033182144165","0.1881033182144165","0.07356330752372742","0.07356330752372742","0.07356330752372742","0","0","0","0","0","0","0.18239840865135193","0.18239840865135193","0.18239840865135193","0.15887990593910217","0.15887990593910217","0.15887990593910217","0","0","0","0","0","0","0.029583275318145752","0.029583275318145752","0.029583275318145752","0.021771788597106934","0.021771788597106934","0.021771788597106934","0.010195523500442505","0.010195523500442505","0.010195523500442505","0.1105981320142746","0.1105981320142746","0.1105981320142746"
"208","0.1376412808895111","0.1376412808895111","0.1376412808895111","0.24124011397361755","0.24124011397361755","0.24124011397361755","0","0","0","0","0","0","0.21745413541793823","0.21745413541793823","0.21745413541793823","0.09175315499305725","0.09175315499305725","0.09175315499305725","0","0","0","0","0","0","0.02330087125301361","0.02330087125301361","0.02330087125301361","0.06443493068218231","0.06443493068218231","0.06443493068218231","0.005655139684677124","0.005655139684677124","0.005655139684677124","0.03256291151046753","0.03256291151046753","0.03256291151046753"
"210","0.20498931407928467","0.20498931407928467","0.20498931407928467","0.11049732565879822","0.11049732565879822","0.11049732565879822","0","0","0","0","0","0","0.2557225525379181","0.2557225525379181","0.2557225525379181","0.11976510286331177","0.11976510286331177","0.11976510286331177","0","0","0","0","0","0","0.0286729633808136","0.0286729633808136","0.0286729633808136","0.027328282594680786","0.027328282594680786","0.027328282594680786","0.012963637709617615","0.012963637709617615","0.012963637709617615","0.02144142985343933","0.02144142985343933","0.02144142985343933"
"212","1.6326122283935547","1.6326122283935547","1.6326122283935547","0.5086228251457214","0.5086228251457214","0.5086228251457214","0","0","0","0","0","0","0.25717467069625854","0.25717467069625854","0.25717467069625854","0.1898638904094696","0.1898638904094696","0.1898638904094696","0","0","0","0","0","0","0.03379561007022858","0.03379561007022858","0.03379561007022858","0.028880834579467773","0.028880834579467773","0.028880834579467773","0.010370686650276184","0.010370686650276184","0.010370686650276184","0.028483495116233826","0.028483495116233826","0.028483495116233826"
"214","0.1376703381538391","0.1376703381538391","0.1376703381538391","0.38767009973526","0.38767009973526","0.38767009973526","0","0","0","0","0","0","0.30373185873031616","0.30373185873031616","0.30373185873031616","0.2166539430618286","0.2166539430618286","0.2166539430618286","0","0","0","0","0","0","0.04000551998615265","0.04000551998615265","0.04000551998615265","0.32913631200790405","0.32913631200790405","0.32913631200790405","0.02712920308113098","0.02712920308113098","0.02712920308113098","0.09304285049438477","0.09304285049438477","0.09304285049438477"
"216","0.4143156111240387","0.4143156111240387","0.4143156111240387","0.3077305853366852","0.3077305853366852","0.3077305853366852","0","0","0","0","0","0","0.2789013087749481","0.2789013087749481","0.2789013087749481","0.12632906436920166","0.12632906436920166","0.12632906436920166","0","0","0","0","0","0","0.053283125162124634","0.053283125162124634","0.053283125162124634","0.0850386917591095","0.0850386917591095","0.0850386917591095","0.008630305528640747","0.008630305528640747","0.008630305528640747","0.09645774960517883","0.09645774960517883","0.09645774960517883"
"218","0.08311346173286438","0.08311346173286438","0.08311346173286438","0.3798536956310272","0.3798536956310272","0.3798536956310272","0","0","0","0","0","0","0.1471899449825287","0.1471899449825287","0.1471899449825287","0.10961219668388367","0.10961219668388367","0.10961219668388367","0","0","0","0","0","0","0.03219008445739746","0.03219008445739746","0.03219008445739746","0.05651146173477173","0.05651146173477173","0.05651146173477173","0.005887076258659363","0.005887076258659363","0.005887076258659363","0.02217516303062439","0.02217516303062439","0.02217516303062439"
"220","0.11844560503959656","0.11844560503959656","0.11844560503959656","0.3510713577270508","0.3510713577270508","0.3510713577270508","0","0","0","0","0","0","0.16922056674957275","0.16922056674957275","0.16922056674957275","0.24622902274131775","0.24622902274131775","0.24622902274131775","0","0","0","0","0","0","0.1068754494190216","0.1068754494190216","0.1068754494190216","0.043021515011787415","0.043021515011787415","0.043021515011787415","0.020402222871780396","0.020402222871780396","0.020402222871780396","0.05020894110202789","0.05020894110202789","0.05020894110202789"
"222","0.13573095202445984","0.13573095202445984","0.13573095202445984","0.5290203094482422","0.5290203094482422","0.5290203094482422","0","0","0","0","0","0","0.1522541046142578","0.1522541046142578","0.1522541046142578","0.10615289211273193","0.10615289211273193","0.10615289211273193","0","0","0","0","0","0","0.020162388682365417","0.020162388682365417","0.020162388682365417","0.028000399470329285","0.028000399470329285","0.028000399470329285","0.012705251574516296","0.012705251574516296","0.012705251574516296","0.035267993807792664","0.035267993807792664","0.035267993807792664"
"224","0.12832581996917725","0.12832581996917725","0.12832581996917725","0.13551563024520874","0.13551563024520874","0.13551563024520874","0","0","0","0","0","0","0.14034658670425415","0.14034658670425415","0.14034658670425415","0.12575015425682068","0.12575015425682068","0.12575015425682068","0","0","0","0","0","0","0.01990675926208496","0.01990675926208496","0.01990675926208496","0.025465115904808044","0.025465115904808044","0.025465115904808044","0.012695863842964172","0.012695863842964172","0.012695863842964172","0.036230385303497314","0.036230385303497314","0.036230385303497314"
"226","0.329570472240448","0.329570472240448","0.329570472240448","0.12701228260993958","0.12701228260993958","0.12701228260993958","0","0","0","0","0","0","0.23667365312576294","0.23667365312576294","0.23667365312576294","0.14365538954734802","0.14365538954734802","0.14365538954734802","0","0","0","0","0","0","0.07688626646995544","0.07688626646995544","0.07688626646995544","0.0865328311920166","0.0865328311920166","0.0865328311920166","0.02416163682937622","0.02416163682937622","0.02416163682937622","0.062468498945236206","0.062468498945236206","0.062468498945236206"
"228","0.12266188859939575","0.12266188859939575","0.12266188859939575","0.4077643156051636","0.4077643156051636","0.4077643156051636","0","0","0","0","0","0","0.12047514319419861","0.12047514319419861","0.12047514319419861","0.1638464629650116","0.1638464629650116","0.1638464629650116","0","0","0","0","0","0","0.10266363620758057","0.10266363620758057","0.10266363620758057","0.02500206232070923","0.02500206232070923","0.02500206232070923","0.015203580260276794","0.015203580260276794","0.015203580260276794","0.09308092296123505","0.09308092296123505","0.09308092296123505"
"230","0.08178725838661194","0.08178725838661194","0.08178725838661194","0.317615270614624","0.317615270614624","0.317615270614624","0","0","0","0","0","0","0.28032436966896057","0.28032436966896057","0.28032436966896057","0.22742748260498047","0.22742748260498047","0.22742748260498047","0","0","0","0","0","0","0.020565837621688843","0.020565837621688843","0.020565837621688843","0.05117923021316528","0.05117923021316528","0.05117923021316528","0.00711977481842041","0.00711977481842041","0.00711977481842041","0.042129531502723694","0.042129531502723694","0.042129531502723694"