"Step","VOWELS_VMD_b10_DUAL_bs16 - loss","VOWELS_VMD_b10_DUAL_bs16 - loss__MIN","VOWELS_VMD_b10_DUAL_bs16 - loss__MAX","VOWELS_EMD_b10_DUAL_bs16 - loss","VOWELS_EMD_b10_DUAL_bs16 - loss__MIN","VOWELS_EMD_b10_DUAL_bs16 - loss__MAX","VOWELS_EMD_b0_DUAL_bs16 - loss","VOWELS_EMD_b0_DUAL_bs16 - loss__MIN","VOWELS_EMD_b0_DUAL_bs16 - loss__MAX","VOWELS_VMD_b0_DUAL_bs16 - loss","VOWELS_VMD_b0_DUAL_bs16 - loss__MIN","VOWELS_VMD_b0_DUAL_bs16 - loss__MAX","VOWELS_FILTER_b10_DUAL_bs16 - loss","VOWELS_FILTER_b10_DUAL_bs16 - loss__MIN","VOWELS_FILTER_b10_DUAL_bs16 - loss__MAX","VOWELS_EWT_b10_DUAL_bs16 - loss","VOWELS_EWT_b10_DUAL_bs16 - loss__MIN","VOWELS_EWT_b10_DUAL_bs16 - loss__MAX","VOWELS_EWT_b0_DUAL_bs16 - loss","VOWELS_EWT_b0_DUAL_bs16 - loss__MIN","VOWELS_EWT_b0_DUAL_bs16 - loss__MAX","VOWELS_FILTER_b0_DUAL_bs16 - loss","VOWELS_FILTER_b0_DUAL_bs16 - loss__MIN","VOWELS_FILTER_b0_DUAL_bs16 - loss__MAX","VOWELS_EWT_b1_DUAL_bs16 - loss","VOWELS_EWT_b1_DUAL_bs16 - loss__MIN","VOWELS_EWT_b1_DUAL_bs16 - loss__MAX","VOWELS_EMD_b1_DUAL_bs16 - loss","VOWELS_EMD_b1_DUAL_bs16 - loss__MIN","VOWELS_EMD_b1_DUAL_bs16 - loss__MAX","VOWELS_VMD_b1_DUAL_bs16 - loss","VOWELS_VMD_b1_DUAL_bs16 - loss__MIN","VOWELS_VMD_b1_DUAL_bs16 - loss__MAX","VOWELS_FILTER_b1_DUAL_bs16 - loss","VOWELS_FILTER_b1_DUAL_bs16 - loss__MIN","VOWELS_FILTER_b1_DUAL_bs16 - loss__MAX"
"0","646.11865234375","646.11865234375","646.11865234375","648.9027099609375","648.9027099609375","648.9027099609375","4.612107753753662","4.612107753753662","4.612107753753662","5.23725700378418","5.23725700378418","5.23725700378418","642.776611328125","642.776611328125","642.776611328125","635.9320068359375","635.9320068359375","635.9320068359375","5.2592010498046875","5.2592010498046875","5.2592010498046875","5.113673686981201","5.113673686981201","5.113673686981201","76.8705825805664","76.8705825805664","76.8705825805664","79.16149139404297","79.16149139404297","79.16149139404297","78.95489501953125","78.95489501953125","78.95489501953125","79.37565612792969","79.37565612792969","79.37565612792969"
"2","265.5914306640625","265.5914306640625","265.5914306640625","265.6299743652344","265.6299743652344","265.6299743652344","4.380125522613525","4.380125522613525","4.380125522613525","2.9499146938323975","2.9499146938323975","2.9499146938323975","227.9264678955078","227.9264678955078","227.9264678955078","409.77850341796875","409.77850341796875","409.77850341796875","2.9423179626464844","2.9423179626464844","2.9423179626464844","3.6977381706237793","3.6977381706237793","3.6977381706237793","68.80259704589844","68.80259704589844","68.80259704589844","42.84918975830078","42.84918975830078","42.84918975830078","44.35314178466797","44.35314178466797","44.35314178466797","38.44015121459961","38.44015121459961","38.44015121459961"
"4","115.21890258789062","115.21890258789062","115.21890258789062","123.71098327636719","123.71098327636719","123.71098327636719","3.9808502197265625","3.9808502197265625","3.9808502197265625","2.7907910346984863","2.7907910346984863","2.7907910346984863","98.03204345703125","98.03204345703125","98.03204345703125","116.9980239868164","116.9980239868164","116.9980239868164","2.5194220542907715","2.5194220542907715","2.5194220542907715","2.190185546875","2.190185546875","2.190185546875","26.49242401123047","26.49242401123047","26.49242401123047","27.001876831054688","27.001876831054688","27.001876831054688","27.092636108398438","27.092636108398438","27.092636108398438","24.488384246826172","24.488384246826172","24.488384246826172"
"6","61.16911315917969","61.16911315917969","61.16911315917969","81.28825378417969","81.28825378417969","81.28825378417969","1.7674179077148438","1.7674179077148438","1.7674179077148438","2.087655544281006","2.087655544281006","2.087655544281006","80.65231323242188","80.65231323242188","80.65231323242188","74.67235565185547","74.67235565185547","74.67235565185547","2.1732966899871826","2.1732966899871826","2.1732966899871826","2.3710615634918213","2.3710615634918213","2.3710615634918213","20.219533920288086","20.219533920288086","20.219533920288086","21.592288970947266","21.592288970947266","21.592288970947266","18.738601684570312","18.738601684570312","18.738601684570312","19.28535270690918","19.28535270690918","19.28535270690918"
"8","47.1568489074707","47.1568489074707","47.1568489074707","68.44810485839844","68.44810485839844","68.44810485839844","1.7919788360595703","1.7919788360595703","1.7919788360595703","2.074276924133301","2.074276924133301","2.074276924133301","68.69691467285156","68.69691467285156","68.69691467285156","69.1173324584961","69.1173324584961","69.1173324584961","1.9764139652252197","1.9764139652252197","1.9764139652252197","1.9714715480804443","1.9714715480804443","1.9714715480804443","15.74589729309082","15.74589729309082","15.74589729309082","18.803844451904297","18.803844451904297","18.803844451904297","14.789054870605469","14.789054870605469","14.789054870605469","14.279983520507812","14.279983520507812","14.279983520507812"
"10","32.9470329284668","32.9470329284668","32.9470329284668","59.45453643798828","59.45453643798828","59.45453643798828","1.7443552017211914","1.7443552017211914","1.7443552017211914","1.8189940452575684","1.8189940452575684","1.8189940452575684","66.91001892089844","66.91001892089844","66.91001892089844","65.99739837646484","65.99739837646484","65.99739837646484","1.8756580352783203","1.8756580352783203","1.8756580352783203","1.9204742908477783","1.9204742908477783","1.9204742908477783","11.450578689575195","11.450578689575195","11.450578689575195","13.885502815246582","13.885502815246582","13.885502815246582","10.254709243774414","10.254709243774414","10.254709243774414","12.305374145507812","12.305374145507812","12.305374145507812"
"12","31.774351119995117","31.774351119995117","31.774351119995117","63.758453369140625","63.758453369140625","63.758453369140625","1.6808712482452393","1.6808712482452393","1.6808712482452393","1.8077082633972168","1.8077082633972168","1.8077082633972168","58.136775970458984","58.136775970458984","58.136775970458984","65.11395263671875","65.11395263671875","65.11395263671875","1.7975964546203613","1.7975964546203613","1.7975964546203613","1.8557541370391846","1.8557541370391846","1.8557541370391846","11.021284103393555","11.021284103393555","11.021284103393555","11.12893295288086","11.12893295288086","11.12893295288086","9.352750778198242","9.352750778198242","9.352750778198242","11.794628143310547","11.794628143310547","11.794628143310547"
"14","31.267723083496094","31.267723083496094","31.267723083496094","62.53270721435547","62.53270721435547","62.53270721435547","1.6267399787902832","1.6267399787902832","1.6267399787902832","1.7008094787597656","1.7008094787597656","1.7008094787597656","62.20197677612305","62.20197677612305","62.20197677612305","60.96888732910156","60.96888732910156","60.96888732910156","2.011650562286377","2.011650562286377","2.011650562286377","3.891309976577759","3.891309976577759","3.891309976577759","8.225436210632324","8.225436210632324","8.225436210632324","8.149895668029785","8.149895668029785","8.149895668029785","7.789987564086914","7.789987564086914","7.789987564086914","11.860906600952148","11.860906600952148","11.860906600952148"
"16","28.130661010742188","28.130661010742188","28.130661010742188","63.810455322265625","63.810455322265625","63.810455322265625","1.6077675819396973","1.6077675819396973","1.6077675819396973","1.7583844661712646","1.7583844661712646","1.7583844661712646","59.13832473754883","59.13832473754883","59.13832473754883","61.00798797607422","61.00798797607422","61.00798797607422","1.7872952222824097","1.7872952222824097","1.7872952222824097","1.7246342897415161","1.7246342897415161","1.7246342897415161","9.705741882324219","9.705741882324219","9.705741882324219","6.0817670822143555","6.0817670822143555","6.0817670822143555","7.960206031799316","7.960206031799316","7.960206031799316","7.867684841156006","7.867684841156006","7.867684841156006"
"18","24.404666900634766","24.404666900634766","24.404666900634766","58.97378921508789","58.97378921508789","58.97378921508789","1.5964829921722412","1.5964829921722412","1.5964829921722412","1.626716136932373","1.626716136932373","1.626716136932373","56.40620803833008","56.40620803833008","56.40620803833008","60.092445373535156","60.092445373535156","60.092445373535156","1.7771731615066528","1.7771731615066528","1.7771731615066528","1.6176494359970093","1.6176494359970093","1.6176494359970093","6.582417964935303","6.582417964935303","6.582417964935303","6.22945499420166","6.22945499420166","6.22945499420166","6.942336082458496","6.942336082458496","6.942336082458496","10.65640640258789","10.65640640258789","10.65640640258789"
"20","24.518529891967773","24.518529891967773","24.518529891967773","52.35501480102539","52.35501480102539","52.35501480102539","1.5898234844207764","1.5898234844207764","1.5898234844207764","1.6517436504364014","1.6517436504364014","1.6517436504364014","55.26580810546875","55.26580810546875","55.26580810546875","58.31043243408203","58.31043243408203","58.31043243408203","1.7118977308273315","1.7118977308273315","1.7118977308273315","1.7411937713623047","1.7411937713623047","1.7411937713623047","6.963503360748291","6.963503360748291","6.963503360748291","7.1420135498046875","7.1420135498046875","7.1420135498046875","4.9099626541137695","4.9099626541137695","4.9099626541137695","6.606335163116455","6.606335163116455","6.606335163116455"
"22","25.403091430664062","25.403091430664062","25.403091430664062","54.453895568847656","54.453895568847656","54.453895568847656","1.5855159759521484","1.5855159759521484","1.5855159759521484","1.6316232681274414","1.6316232681274414","1.6316232681274414","46.36174011230469","46.36174011230469","46.36174011230469","47.43925857543945","47.43925857543945","47.43925857543945","1.6493160724639893","1.6493160724639893","1.6493160724639893","1.6221076250076294","1.6221076250076294","1.6221076250076294","7.6868181228637695","7.6868181228637695","7.6868181228637695","4.956793785095215","4.956793785095215","4.956793785095215","6.202366828918457","6.202366828918457","6.202366828918457","5.905051231384277","5.905051231384277","5.905051231384277"
"24","25.448619842529297","25.448619842529297","25.448619842529297","43.80348205566406","43.80348205566406","43.80348205566406","1.5505903959274292","1.5505903959274292","1.5505903959274292","1.5829484462738037","1.5829484462738037","1.5829484462738037","47.533695220947266","47.533695220947266","47.533695220947266","47.12086868286133","47.12086868286133","47.12086868286133","1.5522228479385376","1.5522228479385376","1.5522228479385376","1.556966781616211","1.556966781616211","1.556966781616211","4.376347064971924","4.376347064971924","4.376347064971924","3.836757183074951","3.836757183074951","3.836757183074951","5.180440902709961","5.180440902709961","5.180440902709961","6.20442533493042","6.20442533493042","6.20442533493042"
"26","24.914011001586914","24.914011001586914","24.914011001586914","39.88479995727539","39.88479995727539","39.88479995727539","1.5643579959869385","1.5643579959869385","1.5643579959869385","1.5721795558929443","1.5721795558929443","1.5721795558929443","43.05980682373047","43.05980682373047","43.05980682373047","42.29051971435547","42.29051971435547","42.29051971435547","1.554974913597107","1.554974913597107","1.554974913597107","1.5635418891906738","1.5635418891906738","1.5635418891906738","4.962581634521484","4.962581634521484","4.962581634521484","4.386181831359863","4.386181831359863","4.386181831359863","6.401341915130615","6.401341915130615","6.401341915130615","5.481051445007324","5.481051445007324","5.481051445007324"
"28","24.953554153442383","24.953554153442383","24.953554153442383","39.141876220703125","39.141876220703125","39.141876220703125","1.5253334045410156","1.5253334045410156","1.5253334045410156","1.5582420825958252","1.5582420825958252","1.5582420825958252","37.93849182128906","37.93849182128906","37.93849182128906","43.1234130859375","43.1234130859375","43.1234130859375","1.5111846923828125","1.5111846923828125","1.5111846923828125","1.5196585655212402","1.5196585655212402","1.5196585655212402","4.821901321411133","4.821901321411133","4.821901321411133","4.251063823699951","4.251063823699951","4.251063823699951","6.673542499542236","6.673542499542236","6.673542499542236","6.208518028259277","6.208518028259277","6.208518028259277"
"30","25.774932861328125","25.774932861328125","25.774932861328125","30.25281524658203","30.25281524658203","30.25281524658203","1.5302510261535645","1.5302510261535645","1.5302510261535645","1.5470178127288818","1.5470178127288818","1.5470178127288818","41.727088928222656","41.727088928222656","41.727088928222656","39.19601058959961","39.19601058959961","39.19601058959961","1.434875249862671","1.434875249862671","1.434875249862671","1.4916449785232544","1.4916449785232544","1.4916449785232544","4.995427131652832","4.995427131652832","4.995427131652832","3.455026626586914","3.455026626586914","3.455026626586914","6.648980140686035","6.648980140686035","6.648980140686035","5.970850944519043","5.970850944519043","5.970850944519043"
"32","26.227174758911133","26.227174758911133","26.227174758911133","30.019577026367188","30.019577026367188","30.019577026367188","1.5104870796203613","1.5104870796203613","1.5104870796203613","1.5719377994537354","1.5719377994537354","1.5719377994537354","34.86210250854492","34.86210250854492","34.86210250854492","38.3325080871582","38.3325080871582","38.3325080871582","1.469705581665039","1.469705581665039","1.469705581665039","1.4833128452301025","1.4833128452301025","1.4833128452301025","6.873317718505859","6.873317718505859","6.873317718505859","5.218178749084473","5.218178749084473","5.218178749084473","5.878623008728027","5.878623008728027","5.878623008728027","5.538606643676758","5.538606643676758","5.538606643676758"
"34","26.8907527923584","26.8907527923584","26.8907527923584","27.216163635253906","27.216163635253906","27.216163635253906","1.5102484226226807","1.5102484226226807","1.5102484226226807","1.535312294960022","1.535312294960022","1.535312294960022","34.51302719116211","34.51302719116211","34.51302719116211","34.69014358520508","34.69014358520508","34.69014358520508","1.4369785785675049","1.4369785785675049","1.4369785785675049","1.4606906175613403","1.4606906175613403","1.4606906175613403","4.430792808532715","4.430792808532715","4.430792808532715","3.8967201709747314","3.8967201709747314","3.8967201709747314","5.137906551361084","5.137906551361084","5.137906551361084","4.579134464263916","4.579134464263916","4.579134464263916"
"36","30.29204750061035","30.29204750061035","30.29204750061035","30.052682876586914","30.052682876586914","30.052682876586914","1.4810482263565063","1.4810482263565063","1.4810482263565063","1.499361276626587","1.499361276626587","1.499361276626587","28.042369842529297","28.042369842529297","28.042369842529297","35.15863037109375","35.15863037109375","35.15863037109375","1.4585272073745728","1.4585272073745728","1.4585272073745728","1.4306153059005737","1.4306153059005737","1.4306153059005737","5.977075099945068","5.977075099945068","5.977075099945068","7.471529483795166","7.471529483795166","7.471529483795166","6.592327117919922","6.592327117919922","6.592327117919922","4.9721293449401855","4.9721293449401855","4.9721293449401855"
"38","31.459598541259766","31.459598541259766","31.459598541259766","28.458005905151367","28.458005905151367","28.458005905151367","1.4867643117904663","1.4867643117904663","1.4867643117904663","1.4909907579421997","1.4909907579421997","1.4909907579421997","27.707971572875977","27.707971572875977","27.707971572875977","28.023508071899414","28.023508071899414","28.023508071899414","1.4369019269943237","1.4369019269943237","1.4369019269943237","1.4696038961410522","1.4696038961410522","1.4696038961410522","5.307173728942871","5.307173728942871","5.307173728942871","5.270715713500977","5.270715713500977","5.270715713500977","5.89902400970459","5.89902400970459","5.89902400970459","4.440652370452881","4.440652370452881","4.440652370452881"
"40","13.671246528625488","13.671246528625488","13.671246528625488","10.074094772338867","10.074094772338867","10.074094772338867","1.4793369770050049","1.4793369770050049","1.4793369770050049","1.4843487739562988","1.4843487739562988","1.4843487739562988","22.65648651123047","22.65648651123047","22.65648651123047","26.837902069091797","26.837902069091797","26.837902069091797","1.4154919385910034","1.4154919385910034","1.4154919385910034","1.4815962314605713","1.4815962314605713","1.4815962314605713","3.552313804626465","3.552313804626465","3.552313804626465","2.6551647186279297","2.6551647186279297","2.6551647186279297","2.9617812633514404","2.9617812633514404","2.9617812633514404","4.5839433670043945","4.5839433670043945","4.5839433670043945"
"42","14.686355590820312","14.686355590820312","14.686355590820312","13.37556266784668","13.37556266784668","13.37556266784668","1.5156145095825195","1.5156145095825195","1.5156145095825195","1.5090266466140747","1.5090266466140747","1.5090266466140747","18.624897003173828","18.624897003173828","18.624897003173828","15.86713695526123","15.86713695526123","15.86713695526123","1.4198739528656006","1.4198739528656006","1.4198739528656006","1.4712274074554443","1.4712274074554443","1.4712274074554443","3.496951103210449","3.496951103210449","3.496951103210449","5.420458793640137","5.420458793640137","5.420458793640137","3.94183349609375","3.94183349609375","3.94183349609375","4.3059186935424805","4.3059186935424805","4.3059186935424805"
"44","19.517745971679688","19.517745971679688","19.517745971679688","6.191826820373535","6.191826820373535","6.191826820373535","1.467186450958252","1.467186450958252","1.467186450958252","1.4944981336593628","1.4944981336593628","1.4944981336593628","20.528438568115234","20.528438568115234","20.528438568115234","26.2481746673584","26.2481746673584","26.2481746673584","1.3688952922821045","1.3688952922821045","1.3688952922821045","1.4019562005996704","1.4019562005996704","1.4019562005996704","4.72126579284668","4.72126579284668","4.72126579284668","2.982119083404541","2.982119083404541","2.982119083404541","3.85705304145813","3.85705304145813","3.85705304145813","4.335301876068115","4.335301876068115","4.335301876068115"
"46","10.605989456176758","10.605989456176758","10.605989456176758","21.300128936767578","21.300128936767578","21.300128936767578","1.4626072645187378","1.4626072645187378","1.4626072645187378","1.464475393295288","1.464475393295288","1.464475393295288","20.07792854309082","20.07792854309082","20.07792854309082","12.269978523254395","12.269978523254395","12.269978523254395","1.3882112503051758","1.3882112503051758","1.3882112503051758","1.4115186929702759","1.4115186929702759","1.4115186929702759","4.239870548248291","4.239870548248291","4.239870548248291","4.096757411956787","4.096757411956787","4.096757411956787","3.8236277103424072","3.8236277103424072","3.8236277103424072","3.8740997314453125","3.8740997314453125","3.8740997314453125"
"48","10.960391998291016","10.960391998291016","10.960391998291016","28.05454444885254","28.05454444885254","28.05454444885254","1.4331986904144287","1.4331986904144287","1.4331986904144287","1.4467161893844604","1.4467161893844604","1.4467161893844604","11.367576599121094","11.367576599121094","11.367576599121094","14.047516822814941","14.047516822814941","14.047516822814941","1.347731113433838","1.347731113433838","1.347731113433838","1.3974995613098145","1.3974995613098145","1.3974995613098145","3.377774477005005","3.377774477005005","3.377774477005005","3.209317684173584","3.209317684173584","3.209317684173584","3.9759671688079834","3.9759671688079834","3.9759671688079834","2.7783491611480713","2.7783491611480713","2.7783491611480713"
"50","19.684829711914062","19.684829711914062","19.684829711914062","7.718365669250488","7.718365669250488","7.718365669250488","1.4197567701339722","1.4197567701339722","1.4197567701339722","1.4273048639297485","1.4273048639297485","1.4273048639297485","23.400476455688477","23.400476455688477","23.400476455688477","10.164527893066406","10.164527893066406","10.164527893066406","1.3334743976593018","1.3334743976593018","1.3334743976593018","1.4011788368225098","1.4011788368225098","1.4011788368225098","3.0844972133636475","3.0844972133636475","3.0844972133636475","2.540590286254883","2.540590286254883","2.540590286254883","3.0508499145507812","3.0508499145507812","3.0508499145507812","5.264698028564453","5.264698028564453","5.264698028564453"
"52","15.65487289428711","15.65487289428711","15.65487289428711","12.585830688476562","12.585830688476562","12.585830688476562","1.4292196035385132","1.4292196035385132","1.4292196035385132","1.4407331943511963","1.4407331943511963","1.4407331943511963","10.982559204101562","10.982559204101562","10.982559204101562","15.537663459777832","15.537663459777832","15.537663459777832","1.3303115367889404","1.3303115367889404","1.3303115367889404","1.4329054355621338","1.4329054355621338","1.4329054355621338","3.1292974948883057","3.1292974948883057","3.1292974948883057","3.1726160049438477","3.1726160049438477","3.1726160049438477","4.50080680847168","4.50080680847168","4.50080680847168","2.7772061824798584","2.7772061824798584","2.7772061824798584"
"54","8.981732368469238","8.981732368469238","8.981732368469238","19.164682388305664","19.164682388305664","19.164682388305664","1.4183168411254883","1.4183168411254883","1.4183168411254883","1.4395461082458496","1.4395461082458496","1.4395461082458496","14.537040710449219","14.537040710449219","14.537040710449219","14.323793411254883","14.323793411254883","14.323793411254883","1.3518149852752686","1.3518149852752686","1.3518149852752686","1.4133542776107788","1.4133542776107788","1.4133542776107788","3.024427890777588","3.024427890777588","3.024427890777588","5.111227035522461","5.111227035522461","5.111227035522461","2.96673321723938","2.96673321723938","2.96673321723938","4.350149154663086","4.350149154663086","4.350149154663086"
"56","10.551430702209473","10.551430702209473","10.551430702209473","6.995124816894531","6.995124816894531","6.995124816894531","1.3939790725708008","1.3939790725708008","1.3939790725708008","1.3890011310577393","1.3890011310577393","1.3890011310577393","13.79281234741211","13.79281234741211","13.79281234741211","19.429729461669922","19.429729461669922","19.429729461669922","1.320993423461914","1.320993423461914","1.320993423461914","1.372603416442871","1.372603416442871","1.372603416442871","3.7381443977355957","3.7381443977355957","3.7381443977355957","2.736879825592041","2.736879825592041","2.736879825592041","2.9063332080841064","2.9063332080841064","2.9063332080841064","2.894303798675537","2.894303798675537","2.894303798675537"
"58","12.995314598083496","12.995314598083496","12.995314598083496","17.705188751220703","17.705188751220703","17.705188751220703","1.414027214050293","1.414027214050293","1.414027214050293","1.4219322204589844","1.4219322204589844","1.4219322204589844","23.966625213623047","23.966625213623047","23.966625213623047","14.236696243286133","14.236696243286133","14.236696243286133","1.355001449584961","1.355001449584961","1.355001449584961","1.4026789665222168","1.4026789665222168","1.4026789665222168","4.434164047241211","4.434164047241211","4.434164047241211","4.751972675323486","4.751972675323486","4.751972675323486","3.629852771759033","3.629852771759033","3.629852771759033","2.58040714263916","2.58040714263916","2.58040714263916"
"60","11.810585975646973","11.810585975646973","11.810585975646973","13.3719482421875","13.3719482421875","13.3719482421875","1.417741298675537","1.417741298675537","1.417741298675537","1.4120445251464844","1.4120445251464844","1.4120445251464844","8.939949989318848","8.939949989318848","8.939949989318848","16.294933319091797","16.294933319091797","16.294933319091797","1.3088629245758057","1.3088629245758057","1.3088629245758057","1.4053990840911865","1.4053990840911865","1.4053990840911865","9.181343078613281","9.181343078613281","9.181343078613281","2.428475856781006","2.428475856781006","2.428475856781006","3.179084300994873","3.179084300994873","3.179084300994873","2.671088933944702","2.671088933944702","2.671088933944702"
"62","15.443085670471191","15.443085670471191","15.443085670471191","6.192471504211426","6.192471504211426","6.192471504211426","1.4775583744049072","1.4775583744049072","1.4775583744049072","1.4348658323287964","1.4348658323287964","1.4348658323287964","10.84676742553711","10.84676742553711","10.84676742553711","20.129243850708008","20.129243850708008","20.129243850708008","1.3399497270584106","1.3399497270584106","1.3399497270584106","1.4104726314544678","1.4104726314544678","1.4104726314544678","2.5530905723571777","2.5530905723571777","2.5530905723571777","2.4578776359558105","2.4578776359558105","2.4578776359558105","3.790357828140259","3.790357828140259","3.790357828140259","2.9035849571228027","2.9035849571228027","2.9035849571228027"
"64","12.615381240844727","12.615381240844727","12.615381240844727","15.668604850769043","15.668604850769043","15.668604850769043","1.4414232969284058","1.4414232969284058","1.4414232969284058","1.4086158275604248","1.4086158275604248","1.4086158275604248","10.094599723815918","10.094599723815918","10.094599723815918","8.278515815734863","8.278515815734863","8.278515815734863","1.2975752353668213","1.2975752353668213","1.2975752353668213","1.3731913566589355","1.3731913566589355","1.3731913566589355","2.4667913913726807","2.4667913913726807","2.4667913913726807","3.915419101715088","3.915419101715088","3.915419101715088","2.7547357082366943","2.7547357082366943","2.7547357082366943","2.664822816848755","2.664822816848755","2.664822816848755"
"66","14.592371940612793","14.592371940612793","14.592371940612793","6.842233657836914","6.842233657836914","6.842233657836914","1.3816471099853516","1.3816471099853516","1.3816471099853516","1.397932767868042","1.397932767868042","1.397932767868042","12.825263977050781","12.825263977050781","12.825263977050781","11.729052543640137","11.729052543640137","11.729052543640137","1.2914276123046875","1.2914276123046875","1.2914276123046875","1.3099720478057861","1.3099720478057861","1.3099720478057861","2.96244740486145","2.96244740486145","2.96244740486145","3.1307625770568848","3.1307625770568848","3.1307625770568848","2.523876428604126","2.523876428604126","2.523876428604126","2.883385181427002","2.883385181427002","2.883385181427002"
"68","9.16550064086914","9.16550064086914","9.16550064086914","19.025047302246094","19.025047302246094","19.025047302246094","1.4303979873657227","1.4303979873657227","1.4303979873657227","1.419837474822998","1.419837474822998","1.419837474822998","7.049758434295654","7.049758434295654","7.049758434295654","12.161635398864746","12.161635398864746","12.161635398864746","1.2940621376037598","1.2940621376037598","1.2940621376037598","1.348052978515625","1.348052978515625","1.348052978515625","4.066498756408691","4.066498756408691","4.066498756408691","2.7223711013793945","2.7223711013793945","2.7223711013793945","2.4541430473327637","2.4541430473327637","2.4541430473327637","2.9778034687042236","2.9778034687042236","2.9778034687042236"
"70","8.387909889221191","8.387909889221191","8.387909889221191","28.141082763671875","28.141082763671875","28.141082763671875","1.4058490991592407","1.4058490991592407","1.4058490991592407","1.4248555898666382","1.4248555898666382","1.4248555898666382","21.10437774658203","21.10437774658203","21.10437774658203","11.257658004760742","11.257658004760742","11.257658004760742","1.421907663345337","1.421907663345337","1.421907663345337","1.3403524160385132","1.3403524160385132","1.3403524160385132","3.3960485458374023","3.3960485458374023","3.3960485458374023","4.424853324890137","4.424853324890137","4.424853324890137","2.655688762664795","2.655688762664795","2.655688762664795","3.184856653213501","3.184856653213501","3.184856653213501"
"72","10.31485652923584","10.31485652923584","10.31485652923584","3.6810765266418457","3.6810765266418457","3.6810765266418457","1.3572354316711426","1.3572354316711426","1.3572354316711426","1.3524713516235352","1.3524713516235352","1.3524713516235352","12.446093559265137","12.446093559265137","12.446093559265137","17.224939346313477","17.224939346313477","17.224939346313477","1.2713932991027832","1.2713932991027832","1.2713932991027832","1.3445923328399658","1.3445923328399658","1.3445923328399658","3.1986660957336426","3.1986660957336426","3.1986660957336426","2.3284921646118164","2.3284921646118164","2.3284921646118164","2.869579792022705","2.869579792022705","2.869579792022705","3.674759864807129","3.674759864807129","3.674759864807129"
"74","15.319482803344727","15.319482803344727","15.319482803344727","22.5540771484375","22.5540771484375","22.5540771484375","1.3436245918273926","1.3436245918273926","1.3436245918273926","1.3503389358520508","1.3503389358520508","1.3503389358520508","15.53919506072998","15.53919506072998","15.53919506072998","14.782861709594727","14.782861709594727","14.782861709594727","1.2597850561141968","1.2597850561141968","1.2597850561141968","1.3514832258224487","1.3514832258224487","1.3514832258224487","2.6615538597106934","2.6615538597106934","2.6615538597106934","3.884528160095215","3.884528160095215","3.884528160095215","2.9261603355407715","2.9261603355407715","2.9261603355407715","3.3729143142700195","3.3729143142700195","3.3729143142700195"
"76","11.546976089477539","11.546976089477539","11.546976089477539","3.492856025695801","3.492856025695801","3.492856025695801","1.3541204929351807","1.3541204929351807","1.3541204929351807","1.3653597831726074","1.3653597831726074","1.3653597831726074","8.061993598937988","8.061993598937988","8.061993598937988","6.81343936920166","6.81343936920166","6.81343936920166","1.2898374795913696","1.2898374795913696","1.2898374795913696","1.3163416385650635","1.3163416385650635","1.3163416385650635","2.483579635620117","2.483579635620117","2.483579635620117","4.913302421569824","4.913302421569824","4.913302421569824","2.3131823539733887","2.3131823539733887","2.3131823539733887","3.924713134765625","3.924713134765625","3.924713134765625"
"78","7.830493927001953","7.830493927001953","7.830493927001953","3.3624460697174072","3.3624460697174072","3.3624460697174072","1.3406286239624023","1.3406286239624023","1.3406286239624023","1.3546268939971924","1.3546268939971924","1.3546268939971924","6.4614105224609375","6.4614105224609375","6.4614105224609375","17.595901489257812","17.595901489257812","17.595901489257812","1.2902953624725342","1.2902953624725342","1.2902953624725342","1.4087028503417969","1.4087028503417969","1.4087028503417969","2.474768877029419","2.474768877029419","2.474768877029419","2.637073040008545","2.637073040008545","2.637073040008545","3.1482994556427","3.1482994556427","3.1482994556427","2.9991297721862793","2.9991297721862793","2.9991297721862793"
"80","5.741984844207764","5.741984844207764","5.741984844207764","36.92573547363281","36.92573547363281","36.92573547363281","1.3540732860565186","1.3540732860565186","1.3540732860565186","1.3575668334960938","1.3575668334960938","1.3575668334960938","11.61609935760498","11.61609935760498","11.61609935760498","5.931490898132324","5.931490898132324","5.931490898132324","1.297339916229248","1.297339916229248","1.297339916229248","1.3640211820602417","1.3640211820602417","1.3640211820602417","2.638012409210205","2.638012409210205","2.638012409210205","4.469217777252197","4.469217777252197","4.469217777252197","2.421513557434082","2.421513557434082","2.421513557434082","3.9639601707458496","3.9639601707458496","3.9639601707458496"
"82","9.570106506347656","9.570106506347656","9.570106506347656","7.651941776275635","7.651941776275635","7.651941776275635","1.4597220420837402","1.4597220420837402","1.4597220420837402","1.4438222646713257","1.4438222646713257","1.4438222646713257","8.978933334350586","8.978933334350586","8.978933334350586","6.61686897277832","6.61686897277832","6.61686897277832","1.4468858242034912","1.4468858242034912","1.4468858242034912","1.469351053237915","1.469351053237915","1.469351053237915","2.97068452835083","2.97068452835083","2.97068452835083","2.7241175174713135","2.7241175174713135","2.7241175174713135","2.3413608074188232","2.3413608074188232","2.3413608074188232","2.531296968460083","2.531296968460083","2.531296968460083"
"84","8.043821334838867","8.043821334838867","8.043821334838867","3.224472999572754","3.224472999572754","3.224472999572754","1.3236870765686035","1.3236870765686035","1.3236870765686035","1.3535908460617065","1.3535908460617065","1.3535908460617065","13.93110466003418","13.93110466003418","13.93110466003418","9.671542167663574","9.671542167663574","9.671542167663574","1.2840806245803833","1.2840806245803833","1.2840806245803833","1.3689873218536377","1.3689873218536377","1.3689873218536377","2.350024700164795","2.350024700164795","2.350024700164795","2.378572463989258","2.378572463989258","2.378572463989258","2.9894707202911377","2.9894707202911377","2.9894707202911377","2.2420520782470703","2.2420520782470703","2.2420520782470703"
"86","8.574610710144043","8.574610710144043","8.574610710144043","5.981417655944824","5.981417655944824","5.981417655944824","1.3690617084503174","1.3690617084503174","1.3690617084503174","1.3671139478683472","1.3671139478683472","1.3671139478683472","10.305339813232422","10.305339813232422","10.305339813232422","9.540862083435059","9.540862083435059","9.540862083435059","1.3233534097671509","1.3233534097671509","1.3233534097671509","1.3393144607543945","1.3393144607543945","1.3393144607543945","2.5481696128845215","2.5481696128845215","2.5481696128845215","2.2624049186706543","2.2624049186706543","2.2624049186706543","2.0502243041992188","2.0502243041992188","2.0502243041992188","3.4074437618255615","3.4074437618255615","3.4074437618255615"
"88","8.845705032348633","8.845705032348633","8.845705032348633","6.618869781494141","6.618869781494141","6.618869781494141","1.365014910697937","1.365014910697937","1.365014910697937","1.3565001487731934","1.3565001487731934","1.3565001487731934","8.74306583404541","8.74306583404541","8.74306583404541","10.671725273132324","10.671725273132324","10.671725273132324","1.3080209493637085","1.3080209493637085","1.3080209493637085","1.4540343284606934","1.4540343284606934","1.4540343284606934","2.249314785003662","2.249314785003662","2.249314785003662","3.0343356132507324","3.0343356132507324","3.0343356132507324","2.42012882232666","2.42012882232666","2.42012882232666","4.144882678985596","4.144882678985596","4.144882678985596"
"90","8.554044723510742","8.554044723510742","8.554044723510742","18.657943725585938","18.657943725585938","18.657943725585938","1.3438339233398438","1.3438339233398438","1.3438339233398438","1.3899288177490234","1.3899288177490234","1.3899288177490234","7.34393310546875","7.34393310546875","7.34393310546875","11.0224609375","11.0224609375","11.0224609375","1.3043322563171387","1.3043322563171387","1.3043322563171387","1.3149017095565796","1.3149017095565796","1.3149017095565796","3.188044309616089","3.188044309616089","3.188044309616089","2.8798792362213135","2.8798792362213135","2.8798792362213135","2.2036147117614746","2.2036147117614746","2.2036147117614746","2.5806450843811035","2.5806450843811035","2.5806450843811035"
"92","8.819170951843262","8.819170951843262","8.819170951843262","2.9615445137023926","2.9615445137023926","2.9615445137023926","1.3456612825393677","1.3456612825393677","1.3456612825393677","1.3602186441421509","1.3602186441421509","1.3602186441421509","7.937929630279541","7.937929630279541","7.937929630279541","6.356959819793701","6.356959819793701","6.356959819793701","1.3197588920593262","1.3197588920593262","1.3197588920593262","1.366331934928894","1.366331934928894","1.366331934928894","2.23453950881958","2.23453950881958","2.23453950881958","2.2016522884368896","2.2016522884368896","2.2016522884368896","2.1234805583953857","2.1234805583953857","2.1234805583953857","3.010746479034424","3.010746479034424","3.010746479034424"
"94","5.6527299880981445","5.6527299880981445","5.6527299880981445","4.371640682220459","4.371640682220459","4.371640682220459","1.336952805519104","1.336952805519104","1.336952805519104","1.3331952095031738","1.3331952095031738","1.3331952095031738","7.711996078491211","7.711996078491211","7.711996078491211","9.165757179260254","9.165757179260254","9.165757179260254","1.2899956703186035","1.2899956703186035","1.2899956703186035","1.3069067001342773","1.3069067001342773","1.3069067001342773","2.468630313873291","2.468630313873291","2.468630313873291","2.2335433959960938","2.2335433959960938","2.2335433959960938","2.6042754650115967","2.6042754650115967","2.6042754650115967","2.6276051998138428","2.6276051998138428","2.6276051998138428"
"96","7.011075019836426","7.011075019836426","7.011075019836426","5.408634185791016","5.408634185791016","5.408634185791016","1.3598096370697021","1.3598096370697021","1.3598096370697021","1.3698375225067139","1.3698375225067139","1.3698375225067139","9.77265453338623","9.77265453338623","9.77265453338623","9.211261749267578","9.211261749267578","9.211261749267578","1.3346489667892456","1.3346489667892456","1.3346489667892456","1.3824403285980225","1.3824403285980225","1.3824403285980225","2.9534387588500977","2.9534387588500977","2.9534387588500977","2.3800554275512695","2.3800554275512695","2.3800554275512695","2.720106601715088","2.720106601715088","2.720106601715088","2.9015135765075684","2.9015135765075684","2.9015135765075684"
"98","4.340853691101074","4.340853691101074","4.340853691101074","30.376014709472656","30.376014709472656","30.376014709472656","1.3787373304367065","1.3787373304367065","1.3787373304367065","1.3567993640899658","1.3567993640899658","1.3567993640899658","6.460818290710449","6.460818290710449","6.460818290710449","6.871087074279785","6.871087074279785","6.871087074279785","1.3328516483306885","1.3328516483306885","1.3328516483306885","1.3656527996063232","1.3656527996063232","1.3656527996063232","2.4427061080932617","2.4427061080932617","2.4427061080932617","3.0007262229919434","3.0007262229919434","3.0007262229919434","2.391530990600586","2.391530990600586","2.391530990600586","2.6818771362304688","2.6818771362304688","2.6818771362304688"
"100","4.621445655822754","4.621445655822754","4.621445655822754","3.7556371688842773","3.7556371688842773","3.7556371688842773","1.3531581163406372","1.3531581163406372","1.3531581163406372","1.355290412902832","1.355290412902832","1.355290412902832","7.356988906860352","7.356988906860352","7.356988906860352","11.738661766052246","11.738661766052246","11.738661766052246","1.2761812210083008","1.2761812210083008","1.2761812210083008","1.340578556060791","1.340578556060791","1.340578556060791","2.489043951034546","2.489043951034546","2.489043951034546","2.024291515350342","2.024291515350342","2.024291515350342","1.9759447574615479","1.9759447574615479","1.9759447574615479","2.178689479827881","2.178689479827881","2.178689479827881"
"102","6.288876533508301","6.288876533508301","6.288876533508301","3.2463464736938477","3.2463464736938477","3.2463464736938477","1.3577804565429688","1.3577804565429688","1.3577804565429688","1.3408633470535278","1.3408633470535278","1.3408633470535278","5.711147785186768","5.711147785186768","5.711147785186768","8.876225471496582","8.876225471496582","8.876225471496582","1.3213558197021484","1.3213558197021484","1.3213558197021484","1.3518760204315186","1.3518760204315186","1.3518760204315186","2.4798834323883057","2.4798834323883057","2.4798834323883057","2.2534618377685547","2.2534618377685547","2.2534618377685547","1.9529385566711426","1.9529385566711426","1.9529385566711426","2.322786331176758","2.322786331176758","2.322786331176758"
"104","4.960892677307129","4.960892677307129","4.960892677307129","10.938798904418945","10.938798904418945","10.938798904418945","1.3410670757293701","1.3410670757293701","1.3410670757293701","1.333998680114746","1.333998680114746","1.333998680114746","11.100467681884766","11.100467681884766","11.100467681884766","8.595897674560547","8.595897674560547","8.595897674560547","1.281986951828003","1.281986951828003","1.281986951828003","1.3569806814193726","1.3569806814193726","1.3569806814193726","2.261275291442871","2.261275291442871","2.261275291442871","4.8282060623168945","4.8282060623168945","4.8282060623168945","2.14265513420105","2.14265513420105","2.14265513420105","2.0496912002563477","2.0496912002563477","2.0496912002563477"
"106","4.979583263397217","4.979583263397217","4.979583263397217","3.8269577026367188","3.8269577026367188","3.8269577026367188","1.3565361499786377","1.3565361499786377","1.3565361499786377","1.330406665802002","1.330406665802002","1.330406665802002","7.763730525970459","7.763730525970459","7.763730525970459","9.039424896240234","9.039424896240234","9.039424896240234","1.295762300491333","1.295762300491333","1.295762300491333","1.3143484592437744","1.3143484592437744","1.3143484592437744","2.0359044075012207","2.0359044075012207","2.0359044075012207","2.3500072956085205","2.3500072956085205","2.3500072956085205","1.897710919380188","1.897710919380188","1.897710919380188","2.232675552368164","2.232675552368164","2.232675552368164"
"108","6.89128303527832","6.89128303527832","6.89128303527832","7.966109275817871","7.966109275817871","7.966109275817871","1.3995375633239746","1.3995375633239746","1.3995375633239746","1.3682208061218262","1.3682208061218262","1.3682208061218262","11.698153495788574","11.698153495788574","11.698153495788574","7.030200958251953","7.030200958251953","7.030200958251953","1.3549892902374268","1.3549892902374268","1.3549892902374268","1.3634779453277588","1.3634779453277588","1.3634779453277588","2.283834934234619","2.283834934234619","2.283834934234619","5.171511650085449","5.171511650085449","5.171511650085449","1.9426707029342651","1.9426707029342651","1.9426707029342651","2.061321258544922","2.061321258544922","2.061321258544922"
"110","6.7749223709106445","6.7749223709106445","6.7749223709106445","4.412543296813965","4.412543296813965","4.412543296813965","1.3322086334228516","1.3322086334228516","1.3322086334228516","1.33127760887146","1.33127760887146","1.33127760887146","8.041744232177734","8.041744232177734","8.041744232177734","9.421709060668945","9.421709060668945","9.421709060668945","1.321142554283142","1.321142554283142","1.321142554283142","1.332539439201355","1.332539439201355","1.332539439201355","2.2655458450317383","2.2655458450317383","2.2655458450317383","1.8901567459106445","1.8901567459106445","1.8901567459106445","1.9104819297790527","1.9104819297790527","1.9104819297790527","2.216768264770508","2.216768264770508","2.216768264770508"
"112","8.564961433410645","8.564961433410645","8.564961433410645","4.426843643188477","4.426843643188477","4.426843643188477","1.3725659847259521","1.3725659847259521","1.3725659847259521","1.3564532995224","1.3564532995224","1.3564532995224","4.627738952636719","4.627738952636719","4.627738952636719","5.79123067855835","5.79123067855835","5.79123067855835","1.3130292892456055","1.3130292892456055","1.3130292892456055","1.3629980087280273","1.3629980087280273","1.3629980087280273","2.3248424530029297","2.3248424530029297","2.3248424530029297","1.9714164733886719","1.9714164733886719","1.9714164733886719","2.5751430988311768","2.5751430988311768","2.5751430988311768","1.9323605298995972","1.9323605298995972","1.9323605298995972"
"114","7.231419086456299","7.231419086456299","7.231419086456299","6.164867401123047","6.164867401123047","6.164867401123047","1.4072132110595703","1.4072132110595703","1.4072132110595703","1.3512401580810547","1.3512401580810547","1.3512401580810547","8.876266479492188","8.876266479492188","8.876266479492188","7.515187740325928","7.515187740325928","7.515187740325928","1.3267107009887695","1.3267107009887695","1.3267107009887695","1.3601669073104858","1.3601669073104858","1.3601669073104858","2.228757858276367","2.228757858276367","2.228757858276367","1.8759839534759521","1.8759839534759521","1.8759839534759521","2.146660804748535","2.146660804748535","2.146660804748535","2.924844264984131","2.924844264984131","2.924844264984131"
"116","5.074404716491699","5.074404716491699","5.074404716491699","3.2757105827331543","3.2757105827331543","3.2757105827331543","1.3739527463912964","1.3739527463912964","1.3739527463912964","1.3428189754486084","1.3428189754486084","1.3428189754486084","8.173503875732422","8.173503875732422","8.173503875732422","5.039393901824951","5.039393901824951","5.039393901824951","1.28019380569458","1.28019380569458","1.28019380569458","1.3340024948120117","1.3340024948120117","1.3340024948120117","1.8166683912277222","1.8166683912277222","1.8166683912277222","1.830284595489502","1.830284595489502","1.830284595489502","2.166747570037842","2.166747570037842","2.166747570037842","2.4856998920440674","2.4856998920440674","2.4856998920440674"
"118","3.674689531326294","3.674689531326294","3.674689531326294","8.039117813110352","8.039117813110352","8.039117813110352","1.4011614322662354","1.4011614322662354","1.4011614322662354","1.294999599456787","1.294999599456787","1.294999599456787","5.586153030395508","5.586153030395508","5.586153030395508","8.493856430053711","8.493856430053711","8.493856430053711","1.2800078392028809","1.2800078392028809","1.2800078392028809","1.3466590642929077","1.3466590642929077","1.3466590642929077","2.579113245010376","2.579113245010376","2.579113245010376","2.180248737335205","2.180248737335205","2.180248737335205","1.8380944728851318","1.8380944728851318","1.8380944728851318","2.6034884452819824","2.6034884452819824","2.6034884452819824"
"120","5.453649520874023","5.453649520874023","5.453649520874023","8.25686264038086","8.25686264038086","8.25686264038086","1.3841679096221924","1.3841679096221924","1.3841679096221924","1.3282923698425293","1.3282923698425293","1.3282923698425293","5.189023017883301","5.189023017883301","5.189023017883301","5.031007766723633","5.031007766723633","5.031007766723633","1.3008317947387695","1.3008317947387695","1.3008317947387695","1.3024697303771973","1.3024697303771973","1.3024697303771973","1.958166241645813","1.958166241645813","1.958166241645813","3.8775877952575684","3.8775877952575684","3.8775877952575684","1.822470784187317","1.822470784187317","1.822470784187317","2.2773356437683105","2.2773356437683105","2.2773356437683105"
"122","9.605212211608887","9.605212211608887","9.605212211608887","19.10171127319336","19.10171127319336","19.10171127319336","1.4264647960662842","1.4264647960662842","1.4264647960662842","1.3571979999542236","1.3571979999542236","1.3571979999542236","6.759307861328125","6.759307861328125","6.759307861328125","6.305844783782959","6.305844783782959","6.305844783782959","1.3675817251205444","1.3675817251205444","1.3675817251205444","1.3993479013442993","1.3993479013442993","1.3993479013442993","2.221294403076172","2.221294403076172","2.221294403076172","2.730609893798828","2.730609893798828","2.730609893798828","2.2512335777282715","2.2512335777282715","2.2512335777282715","1.9301929473876953","1.9301929473876953","1.9301929473876953"
"124","6.312155246734619","6.312155246734619","6.312155246734619","3.0990421772003174","3.0990421772003174","3.0990421772003174","1.3755757808685303","1.3755757808685303","1.3755757808685303","1.308813452720642","1.308813452720642","1.308813452720642","5.602486610412598","5.602486610412598","5.602486610412598","5.094985485076904","5.094985485076904","5.094985485076904","1.265765905380249","1.265765905380249","1.265765905380249","1.3033413887023926","1.3033413887023926","1.3033413887023926","2.075847864151001","2.075847864151001","2.075847864151001","1.9299800395965576","1.9299800395965576","1.9299800395965576","2.1688590049743652","2.1688590049743652","2.1688590049743652","2.279677629470825","2.279677629470825","2.279677629470825"
"126","5.708030700683594","5.708030700683594","5.708030700683594","3.699981451034546","3.699981451034546","3.699981451034546","1.3593382835388184","1.3593382835388184","1.3593382835388184","1.2987815141677856","1.2987815141677856","1.2987815141677856","6.233687400817871","6.233687400817871","6.233687400817871","6.771703720092773","6.771703720092773","6.771703720092773","1.285003900527954","1.285003900527954","1.285003900527954","1.3091042041778564","1.3091042041778564","1.3091042041778564","1.932328224182129","1.932328224182129","1.932328224182129","1.8489203453063965","1.8489203453063965","1.8489203453063965","2.2322096824645996","2.2322096824645996","2.2322096824645996","2.3321118354797363","2.3321118354797363","2.3321118354797363"
"128","3.669588565826416","3.669588565826416","3.669588565826416","6.590605735778809","6.590605735778809","6.590605735778809","1.357189655303955","1.357189655303955","1.357189655303955","1.3050503730773926","1.3050503730773926","1.3050503730773926","3.889211893081665","3.889211893081665","3.889211893081665","7.558497428894043","7.558497428894043","7.558497428894043","1.2705118656158447","1.2705118656158447","1.2705118656158447","1.3120546340942383","1.3120546340942383","1.3120546340942383","1.811549425125122","1.811549425125122","1.811549425125122","2.0148539543151855","2.0148539543151855","2.0148539543151855","2.1498639583587646","2.1498639583587646","2.1498639583587646","1.7795095443725586","1.7795095443725586","1.7795095443725586"
"130","5.312554359436035","5.312554359436035","5.312554359436035","4.828554153442383","4.828554153442383","4.828554153442383","1.355532169342041","1.355532169342041","1.355532169342041","1.28398597240448","1.28398597240448","1.28398597240448","6.25508975982666","6.25508975982666","6.25508975982666","6.42570686340332","6.42570686340332","6.42570686340332","1.2737869024276733","1.2737869024276733","1.2737869024276733","1.2914594411849976","1.2914594411849976","1.2914594411849976","1.9685603380203247","1.9685603380203247","1.9685603380203247","1.7369368076324463","1.7369368076324463","1.7369368076324463","2.318631649017334","2.318631649017334","2.318631649017334","1.8483165502548218","1.8483165502548218","1.8483165502548218"
"132","3.8718669414520264","3.8718669414520264","3.8718669414520264","4.3141350746154785","4.3141350746154785","4.3141350746154785","1.3505948781967163","1.3505948781967163","1.3505948781967163","1.277614712715149","1.277614712715149","1.277614712715149","6.490048408508301","6.490048408508301","6.490048408508301","5.222911834716797","5.222911834716797","5.222911834716797","1.2780184745788574","1.2780184745788574","1.2780184745788574","1.3422672748565674","1.3422672748565674","1.3422672748565674","1.9269309043884277","1.9269309043884277","1.9269309043884277","2.1043500900268555","2.1043500900268555","2.1043500900268555","1.7966595888137817","1.7966595888137817","1.7966595888137817","2.2073607444763184","2.2073607444763184","2.2073607444763184"
"134","4.88496208190918","4.88496208190918","4.88496208190918","2.871915578842163","2.871915578842163","2.871915578842163","1.3606504201889038","1.3606504201889038","1.3606504201889038","1.2975797653198242","1.2975797653198242","1.2975797653198242","8.879419326782227","8.879419326782227","8.879419326782227","4.372040271759033","4.372040271759033","4.372040271759033","1.2538797855377197","1.2538797855377197","1.2538797855377197","1.286266565322876","1.286266565322876","1.286266565322876","1.7654266357421875","1.7654266357421875","1.7654266357421875","1.8811681270599365","1.8811681270599365","1.8811681270599365","1.792672038078308","1.792672038078308","1.792672038078308","2.2293941974639893","2.2293941974639893","2.2293941974639893"
"136","4.173189640045166","4.173189640045166","4.173189640045166","3.990603446960449","3.990603446960449","3.990603446960449","1.3877227306365967","1.3877227306365967","1.3877227306365967","1.3206974267959595","1.3206974267959595","1.3206974267959595","4.29929256439209","4.29929256439209","4.29929256439209","6.761235237121582","6.761235237121582","6.761235237121582","1.321936845779419","1.321936845779419","1.321936845779419","1.298287034034729","1.298287034034729","1.298287034034729","1.9794180393218994","1.9794180393218994","1.9794180393218994","1.7491689920425415","1.7491689920425415","1.7491689920425415","1.652339220046997","1.652339220046997","1.652339220046997","1.7896926403045654","1.7896926403045654","1.7896926403045654"
"138","4.350587844848633","4.350587844848633","4.350587844848633","5.2442402839660645","5.2442402839660645","5.2442402839660645","1.3637102842330933","1.3637102842330933","1.3637102842330933","1.288550853729248","1.288550853729248","1.288550853729248","5.759281158447266","5.759281158447266","5.759281158447266","3.685037136077881","3.685037136077881","3.685037136077881","1.257439136505127","1.257439136505127","1.257439136505127","1.288295030593872","1.288295030593872","1.288295030593872","1.6461422443389893","1.6461422443389893","1.6461422443389893","1.9323230981826782","1.9323230981826782","1.9323230981826782","1.7779570817947388","1.7779570817947388","1.7779570817947388","1.6787199974060059","1.6787199974060059","1.6787199974060059"
"140","4.002926349639893","4.002926349639893","4.002926349639893","3.3891940116882324","3.3891940116882324","3.3891940116882324","1.3464734554290771","1.3464734554290771","1.3464734554290771","1.2982780933380127","1.2982780933380127","1.2982780933380127","3.888092041015625","3.888092041015625","3.888092041015625","5.615673065185547","5.615673065185547","5.615673065185547","1.2827332019805908","1.2827332019805908","1.2827332019805908","1.3299332857131958","1.3299332857131958","1.3299332857131958","1.7256985902786255","1.7256985902786255","1.7256985902786255","1.8221200704574585","1.8221200704574585","1.8221200704574585","1.676605224609375","1.676605224609375","1.676605224609375","1.7726795673370361","1.7726795673370361","1.7726795673370361"
"142","4.153159141540527","4.153159141540527","4.153159141540527","3.4677276611328125","3.4677276611328125","3.4677276611328125","1.3233506679534912","1.3233506679534912","1.3233506679534912","1.2969168424606323","1.2969168424606323","1.2969168424606323","5.454251766204834","5.454251766204834","5.454251766204834","4.808954238891602","4.808954238891602","4.808954238891602","1.2745518684387207","1.2745518684387207","1.2745518684387207","1.3064448833465576","1.3064448833465576","1.3064448833465576","1.8047239780426025","1.8047239780426025","1.8047239780426025","2.061037540435791","2.061037540435791","2.061037540435791","1.7592097520828247","1.7592097520828247","1.7592097520828247","1.7159156799316406","1.7159156799316406","1.7159156799316406"
"144","5.534922122955322","5.534922122955322","5.534922122955322","4.030714511871338","4.030714511871338","4.030714511871338","1.3523039817810059","1.3523039817810059","1.3523039817810059","1.2726719379425049","1.2726719379425049","1.2726719379425049","4.201048851013184","4.201048851013184","4.201048851013184","4.191500663757324","4.191500663757324","4.191500663757324","1.252781867980957","1.252781867980957","1.252781867980957","1.2724192142486572","1.2724192142486572","1.2724192142486572","1.8040800094604492","1.8040800094604492","1.8040800094604492","2.173271656036377","2.173271656036377","2.173271656036377","1.8549301624298096","1.8549301624298096","1.8549301624298096","1.831954002380371","1.831954002380371","1.831954002380371"
"146","5.453266620635986","5.453266620635986","5.453266620635986","2.6766371726989746","2.6766371726989746","2.6766371726989746","1.3316997289657593","1.3316997289657593","1.3316997289657593","1.2773230075836182","1.2773230075836182","1.2773230075836182","5.375864028930664","5.375864028930664","5.375864028930664","4.147943019866943","4.147943019866943","4.147943019866943","1.2739627361297607","1.2739627361297607","1.2739627361297607","1.3000328540802002","1.3000328540802002","1.3000328540802002","1.905836582183838","1.905836582183838","1.905836582183838","1.6932318210601807","1.6932318210601807","1.6932318210601807","1.8136425018310547","1.8136425018310547","1.8136425018310547","1.797454595565796","1.797454595565796","1.797454595565796"
"148","4.906124114990234","4.906124114990234","4.906124114990234","3.9276180267333984","3.9276180267333984","3.9276180267333984","1.3340026140213013","1.3340026140213013","1.3340026140213013","1.2836263179779053","1.2836263179779053","1.2836263179779053","3.955770969390869","3.955770969390869","3.955770969390869","6.141392707824707","6.141392707824707","6.141392707824707","1.2658464908599854","1.2658464908599854","1.2658464908599854","1.3303990364074707","1.3303990364074707","1.3303990364074707","1.9046889543533325","1.9046889543533325","1.9046889543533325","1.741532325744629","1.741532325744629","1.741532325744629","2.0380330085754395","2.0380330085754395","2.0380330085754395","1.719290018081665","1.719290018081665","1.719290018081665"
"150","3.5311248302459717","3.5311248302459717","3.5311248302459717","10.338692665100098","10.338692665100098","10.338692665100098","1.3384077548980713","1.3384077548980713","1.3384077548980713","1.2670620679855347","1.2670620679855347","1.2670620679855347","3.7760086059570312","3.7760086059570312","3.7760086059570312","5.497903823852539","5.497903823852539","5.497903823852539","1.2620021104812622","1.2620021104812622","1.2620021104812622","1.2876925468444824","1.2876925468444824","1.2876925468444824","1.851797342300415","1.851797342300415","1.851797342300415","2.719778060913086","2.719778060913086","2.719778060913086","1.7369863986968994","1.7369863986968994","1.7369863986968994","1.6584515571594238","1.6584515571594238","1.6584515571594238"
"152","3.44160795211792","3.44160795211792","3.44160795211792","2.4794602394104004","2.4794602394104004","2.4794602394104004","1.3385248184204102","1.3385248184204102","1.3385248184204102","1.2758359909057617","1.2758359909057617","1.2758359909057617","4.4804463386535645","4.4804463386535645","4.4804463386535645","3.778486967086792","3.778486967086792","3.778486967086792","1.2930901050567627","1.2930901050567627","1.2930901050567627","1.3431594371795654","1.3431594371795654","1.3431594371795654","1.7525790929794312","1.7525790929794312","1.7525790929794312","1.6878504753112793","1.6878504753112793","1.6878504753112793","1.655674695968628","1.655674695968628","1.655674695968628","1.8744781017303467","1.8744781017303467","1.8744781017303467"
"154","4.973938941955566","4.973938941955566","4.973938941955566","2.327378273010254","2.327378273010254","2.327378273010254","1.3275022506713867","1.3275022506713867","1.3275022506713867","1.2741851806640625","1.2741851806640625","1.2741851806640625","2.981788396835327","2.981788396835327","2.981788396835327","5.158308982849121","5.158308982849121","5.158308982849121","1.2792370319366455","1.2792370319366455","1.2792370319366455","1.3254575729370117","1.3254575729370117","1.3254575729370117","1.6913400888442993","1.6913400888442993","1.6913400888442993","1.648453950881958","1.648453950881958","1.648453950881958","2.0705666542053223","2.0705666542053223","2.0705666542053223","1.7744505405426025","1.7744505405426025","1.7744505405426025"
"156","4.20298957824707","4.20298957824707","4.20298957824707","2.7345337867736816","2.7345337867736816","2.7345337867736816","1.334876537322998","1.334876537322998","1.334876537322998","1.2481675148010254","1.2481675148010254","1.2481675148010254","3.450526475906372","3.450526475906372","3.450526475906372","4.135373115539551","4.135373115539551","4.135373115539551","1.2860422134399414","1.2860422134399414","1.2860422134399414","1.3436310291290283","1.3436310291290283","1.3436310291290283","1.7112524509429932","1.7112524509429932","1.7112524509429932","1.7165887355804443","1.7165887355804443","1.7165887355804443","1.7583038806915283","1.7583038806915283","1.7583038806915283","1.7571368217468262","1.7571368217468262","1.7571368217468262"
"158","4.54184627532959","4.54184627532959","4.54184627532959","11.268997192382812","11.268997192382812","11.268997192382812","1.3570833206176758","1.3570833206176758","1.3570833206176758","1.284959316253662","1.284959316253662","1.284959316253662","3.755758047103882","3.755758047103882","3.755758047103882","4.356426239013672","4.356426239013672","4.356426239013672","1.3256340026855469","1.3256340026855469","1.3256340026855469","1.3411469459533691","1.3411469459533691","1.3411469459533691","1.734779953956604","1.734779953956604","1.734779953956604","1.905454397201538","1.905454397201538","1.905454397201538","1.9116780757904053","1.9116780757904053","1.9116780757904053","1.9103541374206543","1.9103541374206543","1.9103541374206543"
"160","3.9851295948028564","3.9851295948028564","3.9851295948028564","2.599318265914917","2.599318265914917","2.599318265914917","1.3614187240600586","1.3614187240600586","1.3614187240600586","1.269026756286621","1.269026756286621","1.269026756286621","3.8650591373443604","3.8650591373443604","3.8650591373443604","4.4504594802856445","4.4504594802856445","4.4504594802856445","1.3385603427886963","1.3385603427886963","1.3385603427886963","1.3141120672225952","1.3141120672225952","1.3141120672225952","1.684173822402954","1.684173822402954","1.684173822402954","1.626209020614624","1.626209020614624","1.626209020614624","1.936761736869812","1.936761736869812","1.936761736869812","1.6384694576263428","1.6384694576263428","1.6384694576263428"
"162","6.077825546264648","6.077825546264648","6.077825546264648","2.808570384979248","2.808570384979248","2.808570384979248","1.3359107971191406","1.3359107971191406","1.3359107971191406","1.2668516635894775","1.2668516635894775","1.2668516635894775","5.799159049987793","5.799159049987793","5.799159049987793","4.687193393707275","4.687193393707275","4.687193393707275","1.3197388648986816","1.3197388648986816","1.3197388648986816","1.3231440782546997","1.3231440782546997","1.3231440782546997","1.7266896963119507","1.7266896963119507","1.7266896963119507","1.8030080795288086","1.8030080795288086","1.8030080795288086","1.9726407527923584","1.9726407527923584","1.9726407527923584","2.251408100128174","2.251408100128174","2.251408100128174"
"164","6.171142101287842","6.171142101287842","6.171142101287842","2.3906946182250977","2.3906946182250977","2.3906946182250977","1.3491708040237427","1.3491708040237427","1.3491708040237427","1.2719868421554565","1.2719868421554565","1.2719868421554565","2.8840131759643555","2.8840131759643555","2.8840131759643555","4.055239200592041","4.055239200592041","4.055239200592041","1.3152198791503906","1.3152198791503906","1.3152198791503906","1.3336944580078125","1.3336944580078125","1.3336944580078125","1.7054290771484375","1.7054290771484375","1.7054290771484375","1.6625027656555176","1.6625027656555176","1.6625027656555176","2.0770652294158936","2.0770652294158936","2.0770652294158936","1.693398118019104","1.693398118019104","1.693398118019104"
"166","4.07997989654541","4.07997989654541","4.07997989654541","6.672520637512207","6.672520637512207","6.672520637512207","1.33394455909729","1.33394455909729","1.33394455909729","1.274552822113037","1.274552822113037","1.274552822113037","5.178391456604004","5.178391456604004","5.178391456604004","4.152033805847168","4.152033805847168","4.152033805847168","1.2876421213150024","1.2876421213150024","1.2876421213150024","1.3109904527664185","1.3109904527664185","1.3109904527664185","1.6906750202178955","1.6906750202178955","1.6906750202178955","2.122089147567749","2.122089147567749","2.122089147567749","1.6573951244354248","1.6573951244354248","1.6573951244354248","2.2283899784088135","2.2283899784088135","2.2283899784088135"
"168","3.02933931350708","3.02933931350708","3.02933931350708","2.5585203170776367","2.5585203170776367","2.5585203170776367","1.3261302709579468","1.3261302709579468","1.3261302709579468","1.2678142786026","1.2678142786026","1.2678142786026","2.962961196899414","2.962961196899414","2.962961196899414","4.162051200866699","4.162051200866699","4.162051200866699","1.2580010890960693","1.2580010890960693","1.2580010890960693","1.2878520488739014","1.2878520488739014","1.2878520488739014","1.6075928211212158","1.6075928211212158","1.6075928211212158","1.5783958435058594","1.5783958435058594","1.5783958435058594","1.6263784170150757","1.6263784170150757","1.6263784170150757","1.5603642463684082","1.5603642463684082","1.5603642463684082"
"170","2.856379508972168","2.856379508972168","2.856379508972168","3.678323745727539","3.678323745727539","3.678323745727539","1.3310848474502563","1.3310848474502563","1.3310848474502563","1.2694122791290283","1.2694122791290283","1.2694122791290283","3.837045192718506","3.837045192718506","3.837045192718506","3.097550392150879","3.097550392150879","3.097550392150879","1.2803125381469727","1.2803125381469727","1.2803125381469727","1.2659647464752197","1.2659647464752197","1.2659647464752197","1.65617036819458","1.65617036819458","1.65617036819458","1.7225372791290283","1.7225372791290283","1.7225372791290283","1.606290340423584","1.606290340423584","1.606290340423584","1.8223042488098145","1.8223042488098145","1.8223042488098145"
"172","4.180481433868408","4.180481433868408","4.180481433868408","9.211173057556152","9.211173057556152","9.211173057556152","1.3202522993087769","1.3202522993087769","1.3202522993087769","1.296179175376892","1.296179175376892","1.296179175376892","3.296297073364258","3.296297073364258","3.296297073364258","3.1530280113220215","3.1530280113220215","3.1530280113220215","1.3464910984039307","1.3464910984039307","1.3464910984039307","1.31528902053833","1.31528902053833","1.31528902053833","1.6163878440856934","1.6163878440856934","1.6163878440856934","1.8254244327545166","1.8254244327545166","1.8254244327545166","1.7644433975219727","1.7644433975219727","1.7644433975219727","1.6374428272247314","1.6374428272247314","1.6374428272247314"
"174","4.788846969604492","4.788846969604492","4.788846969604492","48.66978454589844","48.66978454589844","48.66978454589844","1.3543057441711426","1.3543057441711426","1.3543057441711426","1.266914963722229","1.266914963722229","1.266914963722229","3.8547887802124023","3.8547887802124023","3.8547887802124023","3.5273048877716064","3.5273048877716064","3.5273048877716064","1.2746402025222778","1.2746402025222778","1.2746402025222778","1.3031384944915771","1.3031384944915771","1.3031384944915771","1.7779337167739868","1.7779337167739868","1.7779337167739868","1.6093471050262451","1.6093471050262451","1.6093471050262451","1.820382833480835","1.820382833480835","1.820382833480835","1.6993579864501953","1.6993579864501953","1.6993579864501953"
"176","3.8547675609588623","3.8547675609588623","3.8547675609588623","3.1398873329162598","3.1398873329162598","3.1398873329162598","1.3376346826553345","1.3376346826553345","1.3376346826553345","1.2748603820800781","1.2748603820800781","1.2748603820800781","6.220726013183594","6.220726013183594","6.220726013183594","3.390190601348877","3.390190601348877","3.390190601348877","1.3042937517166138","1.3042937517166138","1.3042937517166138","1.3179900646209717","1.3179900646209717","1.3179900646209717","1.6318358182907104","1.6318358182907104","1.6318358182907104","1.6847405433654785","1.6847405433654785","1.6847405433654785","1.8153772354125977","1.8153772354125977","1.8153772354125977","2.480273723602295","2.480273723602295","2.480273723602295"
"178","4.290035724639893","4.290035724639893","4.290035724639893","2.7242202758789062","2.7242202758789062","2.7242202758789062","1.3166444301605225","1.3166444301605225","1.3166444301605225","1.287705421447754","1.287705421447754","1.287705421447754","3.9774863719940186","3.9774863719940186","3.9774863719940186","4.234291076660156","4.234291076660156","4.234291076660156","1.270998239517212","1.270998239517212","1.270998239517212","1.3160738945007324","1.3160738945007324","1.3160738945007324","1.6248716115951538","1.6248716115951538","1.6248716115951538","1.5134222507476807","1.5134222507476807","1.5134222507476807","1.9908103942871094","1.9908103942871094","1.9908103942871094","1.6689465045928955","1.6689465045928955","1.6689465045928955"
"180","3.226100206375122","3.226100206375122","3.226100206375122","3.161449909210205","3.161449909210205","3.161449909210205","1.3270583152770996","1.3270583152770996","1.3270583152770996","1.271932601928711","1.271932601928711","1.271932601928711","4.712405204772949","4.712405204772949","4.712405204772949","3.2540955543518066","3.2540955543518066","3.2540955543518066","1.264552354812622","1.264552354812622","1.264552354812622","1.2971394062042236","1.2971394062042236","1.2971394062042236","1.602112054824829","1.602112054824829","1.602112054824829","2.177712917327881","2.177712917327881","2.177712917327881","1.7748985290527344","1.7748985290527344","1.7748985290527344","1.6774978637695312","1.6774978637695312","1.6774978637695312"
"182","3.4313530921936035","3.4313530921936035","3.4313530921936035","2.7814202308654785","2.7814202308654785","2.7814202308654785","1.3359191417694092","1.3359191417694092","1.3359191417694092","1.2951319217681885","1.2951319217681885","1.2951319217681885","5.295985698699951","5.295985698699951","5.295985698699951","3.334655523300171","3.334655523300171","3.334655523300171","1.2679873704910278","1.2679873704910278","1.2679873704910278","1.307844877243042","1.307844877243042","1.307844877243042","1.6208477020263672","1.6208477020263672","1.6208477020263672","1.6016281843185425","1.6016281843185425","1.6016281843185425","1.842461347579956","1.842461347579956","1.842461347579956","1.69088613986969","1.69088613986969","1.69088613986969"
"184","3.0602142810821533","3.0602142810821533","3.0602142810821533","5.33937931060791","5.33937931060791","5.33937931060791","1.3298590183258057","1.3298590183258057","1.3298590183258057","1.2848222255706787","1.2848222255706787","1.2848222255706787","4.153066635131836","4.153066635131836","4.153066635131836","3.307006359100342","3.307006359100342","3.307006359100342","1.3098852634429932","1.3098852634429932","1.3098852634429932","1.3363374471664429","1.3363374471664429","1.3363374471664429","1.7039862871170044","1.7039862871170044","1.7039862871170044","1.6054613590240479","1.6054613590240479","1.6054613590240479","1.7197651863098145","1.7197651863098145","1.7197651863098145","1.9843426942825317","1.9843426942825317","1.9843426942825317"
"186","4.251797676086426","4.251797676086426","4.251797676086426","2.5546607971191406","2.5546607971191406","2.5546607971191406","1.3405685424804688","1.3405685424804688","1.3405685424804688","1.2601404190063477","1.2601404190063477","1.2601404190063477","3.246056079864502","3.246056079864502","3.246056079864502","3.70586895942688","3.70586895942688","3.70586895942688","1.269859790802002","1.269859790802002","1.269859790802002","1.3026418685913086","1.3026418685913086","1.3026418685913086","1.5983980894088745","1.5983980894088745","1.5983980894088745","1.9267163276672363","1.9267163276672363","1.9267163276672363","1.7010371685028076","1.7010371685028076","1.7010371685028076","1.660062551498413","1.660062551498413","1.660062551498413"
"188","3.765690326690674","3.765690326690674","3.765690326690674","3.0078437328338623","3.0078437328338623","3.0078437328338623","1.3135114908218384","1.3135114908218384","1.3135114908218384","1.2623987197875977","1.2623987197875977","1.2623987197875977","2.757005214691162","2.757005214691162","2.757005214691162","3.314486026763916","3.314486026763916","3.314486026763916","1.2559657096862793","1.2559657096862793","1.2559657096862793","1.3088412284851074","1.3088412284851074","1.3088412284851074","1.6101348400115967","1.6101348400115967","1.6101348400115967","1.7957749366760254","1.7957749366760254","1.7957749366760254","1.6123316287994385","1.6123316287994385","1.6123316287994385","1.6319859027862549","1.6319859027862549","1.6319859027862549"
"190","3.6663217544555664","3.6663217544555664","3.6663217544555664","2.679163932800293","2.679163932800293","2.679163932800293","1.3370046615600586","1.3370046615600586","1.3370046615600586","1.2647604942321777","1.2647604942321777","1.2647604942321777","2.5443925857543945","2.5443925857543945","2.5443925857543945","3.197782039642334","3.197782039642334","3.197782039642334","1.26631498336792","1.26631498336792","1.26631498336792","1.337562084197998","1.337562084197998","1.337562084197998","1.6724035739898682","1.6724035739898682","1.6724035739898682","1.649477481842041","1.649477481842041","1.649477481842041","1.7056268453598022","1.7056268453598022","1.7056268453598022","1.6458243131637573","1.6458243131637573","1.6458243131637573"
"192","3.336376190185547","3.336376190185547","3.336376190185547","2.530212879180908","2.530212879180908","2.530212879180908","1.3325440883636475","1.3325440883636475","1.3325440883636475","1.257493257522583","1.257493257522583","1.257493257522583","3.1714248657226562","3.1714248657226562","3.1714248657226562","3.729241371154785","3.729241371154785","3.729241371154785","1.2820377349853516","1.2820377349853516","1.2820377349853516","1.349940538406372","1.349940538406372","1.349940538406372","1.571608304977417","1.571608304977417","1.571608304977417","1.5889997482299805","1.5889997482299805","1.5889997482299805","1.621462345123291","1.621462345123291","1.621462345123291","1.7209255695343018","1.7209255695343018","1.7209255695343018"
"194","2.356034517288208","2.356034517288208","2.356034517288208","2.823315143585205","2.823315143585205","2.823315143585205","1.3414196968078613","1.3414196968078613","1.3414196968078613","1.2631704807281494","1.2631704807281494","1.2631704807281494","2.9013121128082275","2.9013121128082275","2.9013121128082275","3.555966854095459","3.555966854095459","3.555966854095459","1.2661309242248535","1.2661309242248535","1.2661309242248535","1.2755177021026611","1.2755177021026611","1.2755177021026611","1.5695230960845947","1.5695230960845947","1.5695230960845947","1.6850121021270752","1.6850121021270752","1.6850121021270752","1.601834774017334","1.601834774017334","1.601834774017334","1.7611051797866821","1.7611051797866821","1.7611051797866821"
"196","3.5426712036132812","3.5426712036132812","3.5426712036132812","2.7604081630706787","2.7604081630706787","2.7604081630706787","1.3580989837646484","1.3580989837646484","1.3580989837646484","1.2925584316253662","1.2925584316253662","1.2925584316253662","3.484656810760498","3.484656810760498","3.484656810760498","3.8771309852600098","3.8771309852600098","3.8771309852600098","1.3947339057922363","1.3947339057922363","1.3947339057922363","1.4220025539398193","1.4220025539398193","1.4220025539398193","1.863563060760498","1.863563060760498","1.863563060760498","1.7368016242980957","1.7368016242980957","1.7368016242980957","1.7592778205871582","1.7592778205871582","1.7592778205871582","2.0038323402404785","2.0038323402404785","2.0038323402404785"
"198","2.354379892349243","2.354379892349243","2.354379892349243","3.003129005432129","3.003129005432129","3.003129005432129","1.3329689502716064","1.3329689502716064","1.3329689502716064","1.2821394205093384","1.2821394205093384","1.2821394205093384","3.712028980255127","3.712028980255127","3.712028980255127","3.322479248046875","3.322479248046875","3.322479248046875","1.2583670616149902","1.2583670616149902","1.2583670616149902","1.3316905498504639","1.3316905498504639","1.3316905498504639","1.5551378726959229","1.5551378726959229","1.5551378726959229","1.6538032293319702","1.6538032293319702","1.6538032293319702","1.6061489582061768","1.6061489582061768","1.6061489582061768","1.727921724319458","1.727921724319458","1.727921724319458"
"200","3.1388778686523438","3.1388778686523438","3.1388778686523438","2.346958637237549","2.346958637237549","2.346958637237549","1.329398512840271","1.329398512840271","1.329398512840271","1.254751443862915","1.254751443862915","1.254751443862915","3.4163432121276855","3.4163432121276855","3.4163432121276855","3.033209800720215","3.033209800720215","3.033209800720215","1.2436654567718506","1.2436654567718506","1.2436654567718506","1.2976319789886475","1.2976319789886475","1.2976319789886475","1.5320160388946533","1.5320160388946533","1.5320160388946533","1.5411057472229004","1.5411057472229004","1.5411057472229004","1.6581528186798096","1.6581528186798096","1.6581528186798096","1.6654354333877563","1.6654354333877563","1.6654354333877563"
"202","2.8433759212493896","2.8433759212493896","2.8433759212493896","2.6440441608428955","2.6440441608428955","2.6440441608428955","1.309760570526123","1.309760570526123","1.309760570526123","1.2722554206848145","1.2722554206848145","1.2722554206848145","2.9652905464172363","2.9652905464172363","2.9652905464172363","3.198613166809082","3.198613166809082","3.198613166809082","1.330122470855713","1.330122470855713","1.330122470855713","1.3172961473464966","1.3172961473464966","1.3172961473464966","1.6151446104049683","1.6151446104049683","1.6151446104049683","1.6734369993209839","1.6734369993209839","1.6734369993209839","1.6098054647445679","1.6098054647445679","1.6098054647445679","1.6247366666793823","1.6247366666793823","1.6247366666793823"
"204","2.597832679748535","2.597832679748535","2.597832679748535","2.535215377807617","2.535215377807617","2.535215377807617","1.3291733264923096","1.3291733264923096","1.3291733264923096","1.2664060592651367","1.2664060592651367","1.2664060592651367","2.8449554443359375","2.8449554443359375","2.8449554443359375","3.2209725379943848","3.2209725379943848","3.2209725379943848","1.2652430534362793","1.2652430534362793","1.2652430534362793","1.3146902322769165","1.3146902322769165","1.3146902322769165","1.565041184425354","1.565041184425354","1.565041184425354","1.8335320949554443","1.8335320949554443","1.8335320949554443","1.7400493621826172","1.7400493621826172","1.7400493621826172","1.7823710441589355","1.7823710441589355","1.7823710441589355"
"206","3.079789161682129","3.079789161682129","3.079789161682129","2.4121551513671875","2.4121551513671875","2.4121551513671875","1.321059226989746","1.321059226989746","1.321059226989746","1.2609658241271973","1.2609658241271973","1.2609658241271973","2.6111135482788086","2.6111135482788086","2.6111135482788086","2.737671136856079","2.737671136856079","2.737671136856079","1.2956863641738892","1.2956863641738892","1.2956863641738892","1.2890832424163818","1.2890832424163818","1.2890832424163818","1.5768826007843018","1.5768826007843018","1.5768826007843018","1.5775141716003418","1.5775141716003418","1.5775141716003418","1.5761605501174927","1.5761605501174927","1.5761605501174927","1.6183221340179443","1.6183221340179443","1.6183221340179443"
"208","3.3663625717163086","3.3663625717163086","3.3663625717163086","3.160539150238037","3.160539150238037","3.160539150238037","1.303817629814148","1.303817629814148","1.303817629814148","1.2560269832611084","1.2560269832611084","1.2560269832611084","3.0717272758483887","3.0717272758483887","3.0717272758483887","3.021099090576172","3.021099090576172","3.021099090576172","1.2476247549057007","1.2476247549057007","1.2476247549057007","1.3068252801895142","1.3068252801895142","1.3068252801895142","1.558060884475708","1.558060884475708","1.558060884475708","1.5737849473953247","1.5737849473953247","1.5737849473953247","1.6421853303909302","1.6421853303909302","1.6421853303909302","1.5556554794311523","1.5556554794311523","1.5556554794311523"
"210","3.0640499591827393","3.0640499591827393","3.0640499591827393","2.3104655742645264","2.3104655742645264","2.3104655742645264","1.3286235332489014","1.3286235332489014","1.3286235332489014","1.2943280935287476","1.2943280935287476","1.2943280935287476","3.040614128112793","3.040614128112793","3.040614128112793","2.403522491455078","2.403522491455078","2.403522491455078","1.295175313949585","1.295175313949585","1.295175313949585","1.332946538925171","1.332946538925171","1.332946538925171","1.5705649852752686","1.5705649852752686","1.5705649852752686","1.7285822629928589","1.7285822629928589","1.7285822629928589","1.6331250667572021","1.6331250667572021","1.6331250667572021","1.6475300788879395","1.6475300788879395","1.6475300788879395"
"212","4.459353446960449","4.459353446960449","4.459353446960449","2.946592330932617","2.946592330932617","2.946592330932617","1.3261131048202515","1.3261131048202515","1.3261131048202515","1.2819279432296753","1.2819279432296753","1.2819279432296753","4.1551971435546875","4.1551971435546875","4.1551971435546875","3.064253091812134","3.064253091812134","3.064253091812134","1.2793247699737549","1.2793247699737549","1.2793247699737549","1.342503547668457","1.342503547668457","1.342503547668457","1.564429759979248","1.564429759979248","1.564429759979248","1.5027878284454346","1.5027878284454346","1.5027878284454346","1.5635464191436768","1.5635464191436768","1.5635464191436768","1.8873306512832642","1.8873306512832642","1.8873306512832642"
"214","2.702342987060547","2.702342987060547","2.702342987060547","2.5605111122131348","2.5605111122131348","2.5605111122131348","1.3150619268417358","1.3150619268417358","1.3150619268417358","1.2680479288101196","1.2680479288101196","1.2680479288101196","2.6250152587890625","2.6250152587890625","2.6250152587890625","3.017982006072998","3.017982006072998","3.017982006072998","1.246333122253418","1.246333122253418","1.246333122253418","1.287535309791565","1.287535309791565","1.287535309791565","1.5493872165679932","1.5493872165679932","1.5493872165679932","1.8354573249816895","1.8354573249816895","1.8354573249816895","1.6019773483276367","1.6019773483276367","1.6019773483276367","1.6189491748809814","1.6189491748809814","1.6189491748809814"
"216","3.999588966369629","3.999588966369629","3.999588966369629","2.4573028087615967","2.4573028087615967","2.4573028087615967","1.3047974109649658","1.3047974109649658","1.3047974109649658","1.2771003246307373","1.2771003246307373","1.2771003246307373","4.668043613433838","4.668043613433838","4.668043613433838","2.5559895038604736","2.5559895038604736","2.5559895038604736","1.2840757369995117","1.2840757369995117","1.2840757369995117","1.2951250076293945","1.2951250076293945","1.2951250076293945","1.5622320175170898","1.5622320175170898","1.5622320175170898","1.6095454692840576","1.6095454692840576","1.6095454692840576","1.6548547744750977","1.6548547744750977","1.6548547744750977","1.7410078048706055","1.7410078048706055","1.7410078048706055"
"218","2.8737246990203857","2.8737246990203857","2.8737246990203857","2.501801013946533","2.501801013946533","2.501801013946533","1.314957618713379","1.314957618713379","1.314957618713379","1.26915442943573","1.26915442943573","1.26915442943573","2.4031999111175537","2.4031999111175537","2.4031999111175537","2.4738593101501465","2.4738593101501465","2.4738593101501465","1.2614353895187378","1.2614353895187378","1.2614353895187378","1.3059217929840088","1.3059217929840088","1.3059217929840088","1.5596041679382324","1.5596041679382324","1.5596041679382324","1.5074982643127441","1.5074982643127441","1.5074982643127441","1.6595079898834229","1.6595079898834229","1.6595079898834229","1.563162088394165","1.563162088394165","1.563162088394165"
"220","2.5416879653930664","2.5416879653930664","2.5416879653930664","2.5033950805664062","2.5033950805664062","2.5033950805664062","1.3171718120574951","1.3171718120574951","1.3171718120574951","1.2688424587249756","1.2688424587249756","1.2688424587249756","2.678257703781128","2.678257703781128","2.678257703781128","2.704397201538086","2.704397201538086","2.704397201538086","1.2590887546539307","1.2590887546539307","1.2590887546539307","1.2957510948181152","1.2957510948181152","1.2957510948181152","1.601837396621704","1.601837396621704","1.601837396621704","1.540035367012024","1.540035367012024","1.540035367012024","1.546203851699829","1.546203851699829","1.546203851699829","1.6164919137954712","1.6164919137954712","1.6164919137954712"
"222","2.435342311859131","2.435342311859131","2.435342311859131","2.5796918869018555","2.5796918869018555","2.5796918869018555","1.319693684577942","1.319693684577942","1.319693684577942","1.2671942710876465","1.2671942710876465","1.2671942710876465","2.487661123275757","2.487661123275757","2.487661123275757","2.5452516078948975","2.5452516078948975","2.5452516078948975","1.2435667514801025","1.2435667514801025","1.2435667514801025","1.311966061592102","1.311966061592102","1.311966061592102","1.5029432773590088","1.5029432773590088","1.5029432773590088","1.540761113166809","1.540761113166809","1.540761113166809","1.546864628791809","1.546864628791809","1.546864628791809","1.6102416515350342","1.6102416515350342","1.6102416515350342"
"224","2.5986275672912598","2.5986275672912598","2.5986275672912598","2.269245147705078","2.269245147705078","2.269245147705078","1.3060487508773804","1.3060487508773804","1.3060487508773804","1.2706085443496704","1.2706085443496704","1.2706085443496704","2.411654472351074","2.411654472351074","2.411654472351074","2.2808918952941895","2.2808918952941895","2.2808918952941895","1.2423334121704102","1.2423334121704102","1.2423334121704102","1.2646081447601318","1.2646081447601318","1.2646081447601318","1.4925886392593384","1.4925886392593384","1.4925886392593384","1.5370159149169922","1.5370159149169922","1.5370159149169922","1.5414443016052246","1.5414443016052246","1.5414443016052246","1.61726713180542","1.61726713180542","1.61726713180542"
"226","2.6325178146362305","2.6325178146362305","2.6325178146362305","2.261622190475464","2.261622190475464","2.261622190475464","1.3090908527374268","1.3090908527374268","1.3090908527374268","1.2808001041412354","1.2808001041412354","1.2808001041412354","2.755033493041992","2.755033493041992","2.755033493041992","2.5334222316741943","2.5334222316741943","2.5334222316741943","1.2491081953048706","1.2491081953048706","1.2491081953048706","1.341987133026123","1.341987133026123","1.341987133026123","1.5445222854614258","1.5445222854614258","1.5445222854614258","1.6343684196472168","1.6343684196472168","1.6343684196472168","1.605653166770935","1.605653166770935","1.605653166770935","1.5964435338974","1.5964435338974","1.5964435338974"
"228","2.287087917327881","2.287087917327881","2.287087917327881","2.451035976409912","2.451035976409912","2.451035976409912","1.2998497486114502","1.2998497486114502","1.2998497486114502","1.2561979293823242","1.2561979293823242","1.2561979293823242","2.956009864807129","2.956009864807129","2.956009864807129","2.563662528991699","2.563662528991699","2.563662528991699","1.2463364601135254","1.2463364601135254","1.2463364601135254","1.3056790828704834","1.3056790828704834","1.3056790828704834","1.5836422443389893","1.5836422443389893","1.5836422443389893","1.5549968481063843","1.5549968481063843","1.5549968481063843","1.5592029094696045","1.5592029094696045","1.5592029094696045","1.64229154586792","1.64229154586792","1.64229154586792"
"230","2.259523868560791","2.259523868560791","2.259523868560791","2.450944662094116","2.450944662094116","2.450944662094116","1.3061312437057495","1.3061312437057495","1.3061312437057495","1.2484898567199707","1.2484898567199707","1.2484898567199707","2.5166120529174805","2.5166120529174805","2.5166120529174805","2.346856117248535","2.346856117248535","2.346856117248535","1.2613487243652344","1.2613487243652344","1.2613487243652344","1.3080551624298096","1.3080551624298096","1.3080551624298096","1.5361566543579102","1.5361566543579102","1.5361566543579102","1.6175910234451294","1.6175910234451294","1.6175910234451294","1.539090633392334","1.539090633392334","1.539090633392334","1.625084400177002","1.625084400177002","1.625084400177002"