"Step","VOWELS_VMD_b10_DUAL_bs16 - cross_entropy_positive_s","VOWELS_VMD_b10_DUAL_bs16 - cross_entropy_positive_s__MIN","VOWELS_VMD_b10_DUAL_bs16 - cross_entropy_positive_s__MAX","VOWELS_EMD_b10_DUAL_bs16 - cross_entropy_positive_s","VOWELS_EMD_b10_DUAL_bs16 - cross_entropy_positive_s__MIN","VOWELS_EMD_b10_DUAL_bs16 - cross_entropy_positive_s__MAX","VOWELS_EMD_b0_DUAL_bs16 - cross_entropy_positive_s","VOWELS_EMD_b0_DUAL_bs16 - cross_entropy_positive_s__MIN","VOWELS_EMD_b0_DUAL_bs16 - cross_entropy_positive_s__MAX","VOWELS_VMD_b0_DUAL_bs16 - cross_entropy_positive_s","VOWELS_VMD_b0_DUAL_bs16 - cross_entropy_positive_s__MIN","VOWELS_VMD_b0_DUAL_bs16 - cross_entropy_positive_s__MAX","VOWELS_FILTER_b10_DUAL_bs16 - cross_entropy_positive_s","VOWELS_FILTER_b10_DUAL_bs16 - cross_entropy_positive_s__MIN","VOWELS_FILTER_b10_DUAL_bs16 - cross_entropy_positive_s__MAX","VOWELS_EWT_b10_DUAL_bs16 - cross_entropy_positive_s","VOWELS_EWT_b10_DUAL_bs16 - cross_entropy_positive_s__MIN","VOWELS_EWT_b10_DUAL_bs16 - cross_entropy_positive_s__MAX","VOWELS_EWT_b0_DUAL_bs16 - cross_entropy_positive_s","VOWELS_EWT_b0_DUAL_bs16 - cross_entropy_positive_s__MIN","VOWELS_EWT_b0_DUAL_bs16 - cross_entropy_positive_s__MAX","VOWELS_FILTER_b0_DUAL_bs16 - cross_entropy_positive_s","VOWELS_FILTER_b0_DUAL_bs16 - cross_entropy_positive_s__MIN","VOWELS_FILTER_b0_DUAL_bs16 - cross_entropy_positive_s__MAX","VOWELS_EWT_b1_DUAL_bs16 - cross_entropy_positive_s","VOWELS_EWT_b1_DUAL_bs16 - cross_entropy_positive_s__MIN","VOWELS_EWT_b1_DUAL_bs16 - cross_entropy_positive_s__MAX","VOWELS_EMD_b1_DUAL_bs16 - cross_entropy_positive_s","VOWELS_EMD_b1_DUAL_bs16 - cross_entropy_positive_s__MIN","VOWELS_EMD_b1_DUAL_bs16 - cross_entropy_positive_s__MAX","VOWELS_VMD_b1_DUAL_bs16 - cross_entropy_positive_s","VOWELS_VMD_b1_DUAL_bs16 - cross_entropy_positive_s__MIN","VOWELS_VMD_b1_DUAL_bs16 - cross_entropy_positive_s__MAX","VOWELS_FILTER_b1_DUAL_bs16 - cross_entropy_positive_s","VOWELS_FILTER_b1_DUAL_bs16 - cross_entropy_positive_s__MIN","VOWELS_FILTER_b1_DUAL_bs16 - cross_entropy_positive_s__MAX"
"0","0.009439727291464806","0.009439727291464806","0.009439727291464806","0.013945985585451126","0.013945985585451126","0.013945985585451126","0.490831196308136","0.490831196308136","0.490831196308136","0.28809064626693726","0.28809064626693726","0.28809064626693726","0.011130616068840027","0.011130616068840027","0.011130616068840027","0.012350296601653099","0.012350296601653099","0.012350296601653099","0.49737757444381714","0.49737757444381714","0.49737757444381714","0.20913943648338318","0.20913943648338318","0.20913943648338318","0.014339172281324863","0.014339172281324863","0.014339172281324863","0.01580483466386795","0.01580483466386795","0.01580483466386795","0.011044293642044067","0.011044293642044067","0.011044293642044067","0.012949234806001186","0.012949234806001186","0.012949234806001186"
"2","0.002757044043391943","0.002757044043391943","0.002757044043391943","0.005319530609995127","0.005319530609995127","0.005319530609995127","0.9020568132400513","0.9020568132400513","0.9020568132400513","0.48098063468933105","0.48098063468933105","0.48098063468933105","0.002885204739868641","0.002885204739868641","0.002885204739868641","0.0055785393342375755","0.0055785393342375755","0.0055785393342375755","0.8204596042633057","0.8204596042633057","0.8204596042633057","0.4686773717403412","0.4686773717403412","0.4686773717403412","0.01005219854414463","0.01005219854414463","0.01005219854414463","0.007311817724257708","0.007311817724257708","0.007311817724257708","0.004315151832997799","0.004315151832997799","0.004315151832997799","0.004423870239406824","0.004423870239406824","0.004423870239406824"
"4","0.0011196844279766083","0.0011196844279766083","0.0011196844279766083","0.002415322232991457","0.002415322232991457","0.002415322232991457","1.0540857315063477","1.0540857315063477","1.0540857315063477","0.5932189226150513","0.5932189226150513","0.5932189226150513","0.0012583350762724876","0.0012583350762724876","0.0012583350762724876","0.002145701088011265","0.002145701088011265","0.002145701088011265","0.805883526802063","0.805883526802063","0.805883526802063","0.8927695751190186","0.8927695751190186","0.8927695751190186","0.007347813807427883","0.007347813807427883","0.007347813807427883","0.00386534514836967","0.00386534514836967","0.00386534514836967","0.0024070353247225285","0.0024070353247225285","0.0024070353247225285","0.002343290951102972","0.002343290951102972","0.002343290951102972"
"6","0.0006404115119948983","0.0006404115119948983","0.0006404115119948983","0.0014048084849491715","0.0014048084849491715","0.0014048084849491715","1.0948550701141357","1.0948550701141357","1.0948550701141357","0.936097264289856","0.936097264289856","0.936097264289856","0.000849116244353354","0.000849116244353354","0.000849116244353354","0.0015429439954459667","0.0015429439954459667","0.0015429439954459667","1.0158977508544922","1.0158977508544922","1.0158977508544922","0.977419376373291","0.977419376373291","0.977419376373291","0.010109147988259792","0.010109147988259792","0.010109147988259792","0.0028575179167091846","0.0028575179167091846","0.0028575179167091846","0.0024166065268218517","0.0024166065268218517","0.0024166065268218517","0.0021979850716888905","0.0021979850716888905","0.0021979850716888905"
"8","0.0003843535087071359","0.0003843535087071359","0.0003843535087071359","0.000874267949257046","0.000874267949257046","0.000874267949257046","1.1276558637619019","1.1276558637619019","1.1276558637619019","0.9247545599937439","0.9247545599937439","0.9247545599937439","0.00043695620843209326","0.00043695620843209326","0.00043695620843209326","0.0010506787803024054","0.0010506787803024054","0.0010506787803024054","1.1057746410369873","1.1057746410369873","1.1057746410369873","0.9927495718002319","0.9927495718002319","0.9927495718002319","0.015515802428126335","0.015515802428126335","0.015515802428126335","0.002614155877381563","0.002614155877381563","0.002614155877381563","0.0030050042551010847","0.0030050042551010847","0.0030050042551010847","0.00217190058901906","0.00217190058901906","0.00217190058901906"
"10","0.00024409531033597887","0.00024409531033597887","0.00024409531033597887","0.0005905384314246476","0.0005905384314246476","0.0005905384314246476","1.160801887512207","1.160801887512207","1.160801887512207","1.0867105722427368","1.0867105722427368","1.0867105722427368","0.00028701452538371086","0.00028701452538371086","0.00028701452538371086","0.0008180328877642751","0.0008180328877642751","0.0008180328877642751","1.0922824144363403","1.0922824144363403","1.0922824144363403","1.0908325910568237","1.0908325910568237","1.0908325910568237","0.025135913863778114","0.025135913863778114","0.025135913863778114","0.003432132303714752","0.003432132303714752","0.003432132303714752","0.007106312550604343","0.007106312550604343","0.007106312550604343","0.004346004221588373","0.004346004221588373","0.004346004221588373"
"12","0.0002064469299511984","0.0002064469299511984","0.0002064469299511984","0.00041054203757084906","0.00041054203757084906","0.00041054203757084906","1.1149704456329346","1.1149704456329346","1.1149704456329346","1.0955194234848022","1.0955194234848022","1.0955194234848022","0.00025219484814442694","0.00025219484814442694","0.00025219484814442694","0.0008578792912885547","0.0008578792912885547","0.0008578792912885547","1.0875550508499146","1.0875550508499146","1.0875550508499146","1.1018543243408203","1.1018543243408203","1.1018543243408203","0.052754875272512436","0.052754875272512436","0.052754875272512436","0.009558786638081074","0.009558786638081074","0.009558786638081074","0.020178161561489105","0.020178161561489105","0.020178161561489105","0.01187893096357584","0.01187893096357584","0.01187893096357584"
"14","0.00017947495507542044","0.00017947495507542044","0.00017947495507542044","0.0003046399506274611","0.0003046399506274611","0.0003046399506274611","1.1262151002883911","1.1262151002883911","1.1262151002883911","1.0723367929458618","1.0723367929458618","1.0723367929458618","0.00016893116116989404","0.00016893116116989404","0.00016893116116989404","0.000860887230373919","0.000860887230373919","0.000860887230373919","1.1364223957061768","1.1364223957061768","1.1364223957061768","1.1213527917861938","1.1213527917861938","1.1213527917861938","0.10702002048492432","0.10702002048492432","0.10702002048492432","0.0331977903842926","0.0331977903842926","0.0331977903842926","0.04528479278087616","0.04528479278087616","0.04528479278087616","0.024096017703413963","0.024096017703413963","0.024096017703413963"
"16","0.00017938987002708018","0.00017938987002708018","0.00017938987002708018","0.000283892935840413","0.000283892935840413","0.000283892935840413","1.1456025838851929","1.1456025838851929","1.1456025838851929","1.063157320022583","1.063157320022583","1.063157320022583","0.00015088921645656228","0.00015088921645656228","0.00015088921645656228","0.0010072251316159964","0.0010072251316159964","0.0010072251316159964","1.1401880979537964","1.1401880979537964","1.1401880979537964","1.1236791610717773","1.1236791610717773","1.1236791610717773","0.20912200212478638","0.20912200212478638","0.20912200212478638","0.09323922544717789","0.09323922544717789","0.09323922544717789","0.07922938466072083","0.07922938466072083","0.07922938466072083","0.048459988087415695","0.048459988087415695","0.048459988087415695"
"18","0.00024746416602283716","0.00024746416602283716","0.00024746416602283716","0.00025471035041846335","0.00025471035041846335","0.00025471035041846335","1.143417239189148","1.143417239189148","1.143417239189148","1.1139681339263916","1.1139681339263916","1.1139681339263916","0.0001779991143848747","0.0001779991143848747","0.0001779991143848747","0.001253737835213542","0.001253737835213542","0.001253737835213542","1.1453101634979248","1.1453101634979248","1.1453101634979248","1.1446893215179443","1.1446893215179443","1.1446893215179443","0.34113362431526184","0.34113362431526184","0.34113362431526184","0.13738985359668732","0.13738985359668732","0.13738985359668732","0.16217634081840515","0.16217634081840515","0.16217634081840515","0.09760557115077972","0.09760557115077972","0.09760557115077972"
"20","0.00033817411167547107","0.00033817411167547107","0.00033817411167547107","0.0003062248579226434","0.0003062248579226434","0.0003062248579226434","1.1325969696044922","1.1325969696044922","1.1325969696044922","1.069239854812622","1.069239854812622","1.069239854812622","0.00023484299890697002","0.00023484299890697002","0.00023484299890697002","0.0016864166827872396","0.0016864166827872396","0.0016864166827872396","1.1677263975143433","1.1677263975143433","1.1677263975143433","1.1829617023468018","1.1829617023468018","1.1829617023468018","0.4438978433609009","0.4438978433609009","0.4438978433609009","0.26124370098114014","0.26124370098114014","0.26124370098114014","0.26506203413009644","0.26506203413009644","0.26506203413009644","0.18122337758541107","0.18122337758541107","0.18122337758541107"
"22","0.0005053294007666409","0.0005053294007666409","0.0005053294007666409","0.0004061092040501535","0.0004061092040501535","0.0004061092040501535","1.1361610889434814","1.1361610889434814","1.1361610889434814","1.1534221172332764","1.1534221172332764","1.1534221172332764","0.0003004879108630121","0.0003004879108630121","0.0003004879108630121","0.0022436468861997128","0.0022436468861997128","0.0022436468861997128","1.1532593965530396","1.1532593965530396","1.1532593965530396","1.163611650466919","1.163611650466919","1.163611650466919","0.5490391254425049","0.5490391254425049","0.5490391254425049","0.3426723778247833","0.3426723778247833","0.3426723778247833","0.40966618061065674","0.40966618061065674","0.40966618061065674","0.2482590228319168","0.2482590228319168","0.2482590228319168"
"24","0.0008378735510632396","0.0008378735510632396","0.0008378735510632396","0.0006369833135977387","0.0006369833135977387","0.0006369833135977387","1.1395338773727417","1.1395338773727417","1.1395338773727417","1.1566441059112549","1.1566441059112549","1.1566441059112549","0.0004969626897946","0.0004969626897946","0.0004969626897946","0.0028520640917122364","0.0028520640917122364","0.0028520640917122364","1.1882100105285645","1.1882100105285645","1.1882100105285645","1.1426023244857788","1.1426023244857788","1.1426023244857788","0.6229749321937561","0.6229749321937561","0.6229749321937561","0.3931487202644348","0.3931487202644348","0.3931487202644348","0.4718402624130249","0.4718402624130249","0.4718402624130249","0.344735324382782","0.344735324382782","0.344735324382782"
"26","0.0014445142587646842","0.0014445142587646842","0.0014445142587646842","0.0011675604619085789","0.0011675604619085789","0.0011675604619085789","1.140676498413086","1.140676498413086","1.140676498413086","1.16481351852417","1.16481351852417","1.16481351852417","0.0008730108384042978","0.0008730108384042978","0.0008730108384042978","0.003895364934578538","0.003895364934578538","0.003895364934578538","1.198275089263916","1.198275089263916","1.198275089263916","1.13767671585083","1.13767671585083","1.13767671585083","0.724352240562439","0.724352240562439","0.724352240562439","0.4208125174045563","0.4208125174045563","0.4208125174045563","0.4766845107078552","0.4766845107078552","0.4766845107078552","0.3857741355895996","0.3857741355895996","0.3857741355895996"
"28","0.002470436505973339","0.002470436505973339","0.002470436505973339","0.0026883818209171295","0.0026883818209171295","0.0026883818209171295","1.1399221420288086","1.1399221420288086","1.1399221420288086","1.1289308071136475","1.1289308071136475","1.1289308071136475","0.0012026275508105755","0.0012026275508105755","0.0012026275508105755","0.0054389722645282745","0.0054389722645282745","0.0054389722645282745","1.1283433437347412","1.1283433437347412","1.1283433437347412","1.177767038345337","1.177767038345337","1.177767038345337","0.7819135189056396","0.7819135189056396","0.7819135189056396","0.5115535855293274","0.5115535855293274","0.5115535855293274","0.4455256462097168","0.4455256462097168","0.4455256462097168","0.36062729358673096","0.36062729358673096","0.36062729358673096"
"30","0.004443053621798754","0.004443053621798754","0.004443053621798754","0.005100875161588192","0.005100875161588192","0.005100875161588192","1.1418507099151611","1.1418507099151611","1.1418507099151611","1.1496005058288574","1.1496005058288574","1.1496005058288574","0.002342750085517764","0.002342750085517764","0.002342750085517764","0.006477386225014925","0.006477386225014925","0.006477386225014925","1.156042218208313","1.156042218208313","1.156042218208313","1.144707202911377","1.144707202911377","1.144707202911377","0.8062320351600647","0.8062320351600647","0.8062320351600647","0.5158833861351013","0.5158833861351013","0.5158833861351013","0.45883533358573914","0.45883533358573914","0.45883533358573914","0.4061136543750763","0.4061136543750763","0.4061136543750763"
"32","0.0073093632236123085","0.0073093632236123085","0.0073093632236123085","0.010289693251252174","0.010289693251252174","0.010289693251252174","1.1449518203735352","1.1449518203735352","1.1449518203735352","1.1124584674835205","1.1124584674835205","1.1124584674835205","0.00451896945014596","0.00451896945014596","0.00451896945014596","0.009733431972563267","0.009733431972563267","0.009733431972563267","1.152193307876587","1.152193307876587","1.152193307876587","1.1758792400360107","1.1758792400360107","1.1758792400360107","0.8219220638275146","0.8219220638275146","0.8219220638275146","0.5416020750999451","0.5416020750999451","0.5416020750999451","0.39909589290618896","0.39909589290618896","0.39909589290618896","0.4404281973838806","0.4404281973838806","0.4404281973838806"
"34","0.013688239268958569","0.013688239268958569","0.013688239268958569","0.015095574781298637","0.015095574781298637","0.015095574781298637","1.1418898105621338","1.1418898105621338","1.1418898105621338","1.1571381092071533","1.1571381092071533","1.1571381092071533","0.0111162681132555","0.0111162681132555","0.0111162681132555","0.011203207075595856","0.011203207075595856","0.011203207075595856","1.1637321710586548","1.1637321710586548","1.1637321710586548","1.1758694648742676","1.1758694648742676","1.1758694648742676","0.8277381062507629","0.8277381062507629","0.8277381062507629","0.4934530556201935","0.4934530556201935","0.4934530556201935","0.5006451606750488","0.5006451606750488","0.5006451606750488","0.452740341424942","0.452740341424942","0.452740341424942"
"36","0.019063301384449005","0.019063301384449005","0.019063301384449005","0.02670959010720253","0.02670959010720253","0.02670959010720253","1.1427421569824219","1.1427421569824219","1.1427421569824219","1.145177960395813","1.145177960395813","1.145177960395813","0.013583878986537457","0.013583878986537457","0.013583878986537457","0.015672583132982254","0.015672583132982254","0.015672583132982254","1.093860387802124","1.093860387802124","1.093860387802124","1.1407957077026367","1.1407957077026367","1.1407957077026367","0.8474955558776855","0.8474955558776855","0.8474955558776855","0.5524638295173645","0.5524638295173645","0.5524638295173645","0.4823582172393799","0.4823582172393799","0.4823582172393799","0.42131495475769043","0.42131495475769043","0.42131495475769043"
"38","0.029669512063264847","0.029669512063264847","0.029669512063264847","0.03616422414779663","0.03616422414779663","0.03616422414779663","1.1440033912658691","1.1440033912658691","1.1440033912658691","1.1548608541488647","1.1548608541488647","1.1548608541488647","0.016993515193462372","0.016993515193462372","0.016993515193462372","0.018919484689831734","0.018919484689831734","0.018919484689831734","1.1452946662902832","1.1452946662902832","1.1452946662902832","1.2074182033538818","1.2074182033538818","1.2074182033538818","0.9331960678100586","0.9331960678100586","0.9331960678100586","0.5599579215049744","0.5599579215049744","0.5599579215049744","0.5396898984909058","0.5396898984909058","0.5396898984909058","0.43825796246528625","0.43825796246528625","0.43825796246528625"
"40","0.037121329456567764","0.037121329456567764","0.037121329456567764","0.06067729741334915","0.06067729741334915","0.06067729741334915","1.143951416015625","1.143951416015625","1.143951416015625","1.168947696685791","1.168947696685791","1.168947696685791","0.024231577292084694","0.024231577292084694","0.024231577292084694","0.026670273393392563","0.026670273393392563","0.026670273393392563","1.1982909440994263","1.1982909440994263","1.1982909440994263","1.153785228729248","1.153785228729248","1.153785228729248","0.8321754932403564","0.8321754932403564","0.8321754932403564","0.5837098360061646","0.5837098360061646","0.5837098360061646","0.5392743349075317","0.5392743349075317","0.5392743349075317","0.4448642134666443","0.4448642134666443","0.4448642134666443"
"42","0.05711304023861885","0.05711304023861885","0.05711304023861885","0.0889057070016861","0.0889057070016861","0.0889057070016861","1.1451560258865356","1.1451560258865356","1.1451560258865356","1.1308220624923706","1.1308220624923706","1.1308220624923706","0.04565437510609627","0.04565437510609627","0.04565437510609627","0.039488233625888824","0.039488233625888824","0.039488233625888824","1.1331558227539062","1.1331558227539062","1.1331558227539062","1.151199221611023","1.151199221611023","1.151199221611023","0.7628207206726074","0.7628207206726074","0.7628207206726074","0.7420930862426758","0.7420930862426758","0.7420930862426758","0.525240957736969","0.525240957736969","0.525240957736969","0.46920645236968994","0.46920645236968994","0.46920645236968994"
"44","0.08165451884269714","0.08165451884269714","0.08165451884269714","0.1144740879535675","0.1144740879535675","0.1144740879535675","1.1442276239395142","1.1442276239395142","1.1442276239395142","1.2253739833831787","1.2253739833831787","1.2253739833831787","0.0616060346364975","0.0616060346364975","0.0616060346364975","0.056489553302526474","0.056489553302526474","0.056489553302526474","1.1381968259811401","1.1381968259811401","1.1381968259811401","1.141767978668213","1.141767978668213","1.141767978668213","0.7490023970603943","0.7490023970603943","0.7490023970603943","0.5689512491226196","0.5689512491226196","0.5689512491226196","0.5725061297416687","0.5725061297416687","0.5725061297416687","0.46991705894470215","0.46991705894470215","0.46991705894470215"
"46","0.08908494561910629","0.08908494561910629","0.08908494561910629","0.133256733417511","0.133256733417511","0.133256733417511","1.1448462009429932","1.1448462009429932","1.1448462009429932","1.1364648342132568","1.1364648342132568","1.1364648342132568","0.07646112889051437","0.07646112889051437","0.07646112889051437","0.07157135009765625","0.07157135009765625","0.07157135009765625","1.142462968826294","1.142462968826294","1.142462968826294","1.1489841938018799","1.1489841938018799","1.1489841938018799","0.7193461656570435","0.7193461656570435","0.7193461656570435","0.5477670431137085","0.5477670431137085","0.5477670431137085","0.6032686829566956","0.6032686829566956","0.6032686829566956","0.5003485083580017","0.5003485083580017","0.5003485083580017"
"48","0.12295284867286682","0.12295284867286682","0.12295284867286682","0.1677074432373047","0.1677074432373047","0.1677074432373047","1.1441261768341064","1.1441261768341064","1.1441261768341064","1.1378459930419922","1.1378459930419922","1.1378459930419922","0.08817158639431","0.08817158639431","0.08817158639431","0.08831393718719482","0.08831393718719482","0.08831393718719482","1.1549568176269531","1.1549568176269531","1.1549568176269531","1.1329598426818848","1.1329598426818848","1.1329598426818848","0.7304607033729553","0.7304607033729553","0.7304607033729553","0.5189172029495239","0.5189172029495239","0.5189172029495239","0.6882750988006592","0.6882750988006592","0.6882750988006592","0.49881237745285034","0.49881237745285034","0.49881237745285034"
"50","0.12043263763189316","0.12043263763189316","0.12043263763189316","0.19940483570098877","0.19940483570098877","0.19940483570098877","1.1442716121673584","1.1442716121673584","1.1442716121673584","1.1304712295532227","1.1304712295532227","1.1304712295532227","0.09836684912443161","0.09836684912443161","0.09836684912443161","0.10777777433395386","0.10777777433395386","0.10777777433395386","1.1822009086608887","1.1822009086608887","1.1822009086608887","1.1654671430587769","1.1654671430587769","1.1654671430587769","0.803123414516449","0.803123414516449","0.803123414516449","0.5638829469680786","0.5638829469680786","0.5638829469680786","0.6809828281402588","0.6809828281402588","0.6809828281402588","0.5158094167709351","0.5158094167709351","0.5158094167709351"
"52","0.15934818983078003","0.15934818983078003","0.15934818983078003","0.2151188999414444","0.2151188999414444","0.2151188999414444","1.1453155279159546","1.1453155279159546","1.1453155279159546","1.148310899734497","1.148310899734497","1.148310899734497","0.1340075582265854","0.1340075582265854","0.1340075582265854","0.11079007387161255","0.11079007387161255","0.11079007387161255","1.1380093097686768","1.1380093097686768","1.1380093097686768","1.1660963296890259","1.1660963296890259","1.1660963296890259","0.7225868105888367","0.7225868105888367","0.7225868105888367","0.49185845255851746","0.49185845255851746","0.49185845255851746","0.7078797221183777","0.7078797221183777","0.7078797221183777","0.5366436839103699","0.5366436839103699","0.5366436839103699"
"54","0.17695090174674988","0.17695090174674988","0.17695090174674988","0.21878981590270996","0.21878981590270996","0.21878981590270996","1.1462591886520386","1.1462591886520386","1.1462591886520386","1.178792119026184","1.178792119026184","1.178792119026184","0.1492006480693817","0.1492006480693817","0.1492006480693817","0.15328261256217957","0.15328261256217957","0.15328261256217957","1.19894540309906","1.19894540309906","1.19894540309906","1.1721489429473877","1.1721489429473877","1.1721489429473877","0.7213460206985474","0.7213460206985474","0.7213460206985474","0.49703338742256165","0.49703338742256165","0.49703338742256165","0.6993494033813477","0.6993494033813477","0.6993494033813477","0.5422248840332031","0.5422248840332031","0.5422248840332031"
"56","0.17334361374378204","0.17334361374378204","0.17334361374378204","0.31017637252807617","0.31017637252807617","0.31017637252807617","1.1453312635421753","1.1453312635421753","1.1453312635421753","1.1261789798736572","1.1261789798736572","1.1261789798736572","0.14025425910949707","0.14025425910949707","0.14025425910949707","0.14461499452590942","0.14461499452590942","0.14461499452590942","1.118472695350647","1.118472695350647","1.118472695350647","1.190641164779663","1.190641164779663","1.190641164779663","0.7010765671730042","0.7010765671730042","0.7010765671730042","0.5241025686264038","0.5241025686264038","0.5241025686264038","0.7450639009475708","0.7450639009475708","0.7450639009475708","0.3660139739513397","0.3660139739513397","0.3660139739513397"
"58","0.1976742446422577","0.1976742446422577","0.1976742446422577","0.3029249906539917","0.3029249906539917","0.3029249906539917","1.1460418701171875","1.1460418701171875","1.1460418701171875","1.145845651626587","1.145845651626587","1.145845651626587","0.15906396508216858","0.15906396508216858","0.15906396508216858","0.2158922702074051","0.2158922702074051","0.2158922702074051","1.1189053058624268","1.1189053058624268","1.1189053058624268","1.1999194622039795","1.1999194622039795","1.1999194622039795","0.7163200974464417","0.7163200974464417","0.7163200974464417","0.31897783279418945","0.31897783279418945","0.31897783279418945","0.7717450261116028","0.7717450261116028","0.7717450261116028","0.49147942662239075","0.49147942662239075","0.49147942662239075"
"60","0.22232769429683685","0.22232769429683685","0.22232769429683685","0.29080379009246826","0.29080379009246826","0.29080379009246826","1.1456987857818604","1.1456987857818604","1.1456987857818604","1.1495834589004517","1.1495834589004517","1.1495834589004517","0.1802566945552826","0.1802566945552826","0.1802566945552826","0.2049727737903595","0.2049727737903595","0.2049727737903595","1.1379179954528809","1.1379179954528809","1.1379179954528809","1.203194260597229","1.203194260597229","1.203194260597229","0.0021373543422669172","0.0021373543422669172","0.0021373543422669172","0.46518534421920776","0.46518534421920776","0.46518534421920776","0.7678669095039368","0.7678669095039368","0.7678669095039368","0.45754802227020264","0.45754802227020264","0.45754802227020264"
"62","0.20970502495765686","0.20970502495765686","0.20970502495765686","0.40099409222602844","0.40099409222602844","0.40099409222602844","1.1433225870132446","1.1433225870132446","1.1433225870132446","1.1366370916366577","1.1366370916366577","1.1366370916366577","0.2031833678483963","0.2031833678483963","0.2031833678483963","0.21192269027233124","0.21192269027233124","0.21192269027233124","1.1417348384857178","1.1417348384857178","1.1417348384857178","1.1589694023132324","1.1589694023132324","1.1589694023132324","0.9217252731323242","0.9217252731323242","0.9217252731323242","0.5562881827354431","0.5562881827354431","0.5562881827354431","0.7779785394668579","0.7779785394668579","0.7779785394668579","0.5420309901237488","0.5420309901237488","0.5420309901237488"
"64","0.2504464387893677","0.2504464387893677","0.2504464387893677","0.3907289206981659","0.3907289206981659","0.3907289206981659","1.1451886892318726","1.1451886892318726","1.1451886892318726","1.1452741622924805","1.1452741622924805","1.1452741622924805","0.2098037153482437","0.2098037153482437","0.2098037153482437","0.2367037832736969","0.2367037832736969","0.2367037832736969","1.155044674873352","1.155044674873352","1.155044674873352","1.1951185464859009","1.1951185464859009","1.1951185464859009","0.9932705163955688","0.9932705163955688","0.9932705163955688","0.5310033559799194","0.5310033559799194","0.5310033559799194","0.8038573265075684","0.8038573265075684","0.8038573265075684","0.5541251301765442","0.5541251301765442","0.5541251301765442"
"66","0.22909873723983765","0.22909873723983765","0.22909873723983765","0.43067336082458496","0.43067336082458496","0.43067336082458496","1.1460227966308594","1.1460227966308594","1.1460227966308594","1.1608703136444092","1.1608703136444092","1.1608703136444092","0.22927385568618774","0.22927385568618774","0.22927385568618774","0.29434168338775635","0.29434168338775635","0.29434168338775635","1.1873245239257812","1.1873245239257812","1.1873245239257812","1.1569280624389648","1.1569280624389648","1.1569280624389648","0.9388369917869568","0.9388369917869568","0.9388369917869568","0.534942626953125","0.534942626953125","0.534942626953125","0.7811469435691833","0.7811469435691833","0.7811469435691833","0.5771815776824951","0.5771815776824951","0.5771815776824951"
"68","0.2703842520713806","0.2703842520713806","0.2703842520713806","0.39449620246887207","0.39449620246887207","0.39449620246887207","1.1456505060195923","1.1456505060195923","1.1456505060195923","1.1496931314468384","1.1496931314468384","1.1496931314468384","0.2207273691892624","0.2207273691892624","0.2207273691892624","0.32226210832595825","0.32226210832595825","0.32226210832595825","1.1404345035552979","1.1404345035552979","1.1404345035552979","1.1993228197097778","1.1993228197097778","1.1993228197097778","0.9468099474906921","0.9468099474906921","0.9468099474906921","0.5317233800888062","0.5317233800888062","0.5317233800888062","0.8937376737594604","0.8937376737594604","0.8937376737594604","0.5720654726028442","0.5720654726028442","0.5720654726028442"
"70","0.2673357129096985","0.2673357129096985","0.2673357129096985","0.42242231965065","0.42242231965065","0.42242231965065","1.145754098892212","1.145754098892212","1.145754098892212","1.1334106922149658","1.1334106922149658","1.1334106922149658","0.22720661759376526","0.22720661759376526","0.22720661759376526","0.34119170904159546","0.34119170904159546","0.34119170904159546","1.2889180183410645","1.2889180183410645","1.2889180183410645","1.1365584135055542","1.1365584135055542","1.1365584135055542","0.9068230390548706","0.9068230390548706","0.9068230390548706","0.5503984689712524","0.5503984689712524","0.5503984689712524","0.851526141166687","0.851526141166687","0.851526141166687","0.5715177059173584","0.5715177059173584","0.5715177059173584"
"72","0.27510181069374084","0.27510181069374084","0.27510181069374084","0.42549338936805725","0.42549338936805725","0.42549338936805725","1.1463162899017334","1.1463162899017334","1.1463162899017334","1.1440598964691162","1.1440598964691162","1.1440598964691162","0.25150132179260254","0.25150132179260254","0.25150132179260254","0.2607625126838684","0.2607625126838684","0.2607625126838684","1.1447452306747437","1.1447452306747437","1.1447452306747437","1.1894795894622803","1.1894795894622803","1.1894795894622803","0.8298341631889343","0.8298341631889343","0.8298341631889343","0.5369333624839783","0.5369333624839783","0.5369333624839783","0.8685810565948486","0.8685810565948486","0.8685810565948486","0.6363397836685181","0.6363397836685181","0.6363397836685181"
"74","0.28038206696510315","0.28038206696510315","0.28038206696510315","0.44290465116500854","0.44290465116500854","0.44290465116500854","1.1460275650024414","1.1460275650024414","1.1460275650024414","1.1655093431472778","1.1655093431472778","1.1655093431472778","0.2561340928077698","0.2561340928077698","0.2561340928077698","0.38518598675727844","0.38518598675727844","0.38518598675727844","1.1421082019805908","1.1421082019805908","1.1421082019805908","1.1895447969436646","1.1895447969436646","1.1895447969436646","0.8741869926452637","0.8741869926452637","0.8741869926452637","0.5610239505767822","0.5610239505767822","0.5610239505767822","0.9117950797080994","0.9117950797080994","0.9117950797080994","0.6238172054290771","0.6238172054290771","0.6238172054290771"
"76","0.27927669882774353","0.27927669882774353","0.27927669882774353","0.46222999691963196","0.46222999691963196","0.46222999691963196","1.1459660530090332","1.1459660530090332","1.1459660530090332","1.1466375589370728","1.1466375589370728","1.1466375589370728","0.26701250672340393","0.26701250672340393","0.26701250672340393","0.4308597147464752","0.4308597147464752","0.4308597147464752","1.1707110404968262","1.1707110404968262","1.1707110404968262","1.1524772644042969","1.1524772644042969","1.1524772644042969","0.8614488840103149","0.8614488840103149","0.8614488840103149","0.5454138517379761","0.5454138517379761","0.5454138517379761","0.9068189263343811","0.9068189263343811","0.9068189263343811","0.6693514585494995","0.6693514585494995","0.6693514585494995"
"78","0.3139752149581909","0.3139752149581909","0.3139752149581909","0.48084568977355957","0.48084568977355957","0.48084568977355957","1.1462390422821045","1.1462390422821045","1.1462390422821045","1.1447519063949585","1.1447519063949585","1.1447519063949585","0.29617035388946533","0.29617035388946533","0.29617035388946533","0.32958856225013733","0.32958856225013733","0.32958856225013733","1.1671123504638672","1.1671123504638672","1.1671123504638672","1.1697664260864258","1.1697664260864258","1.1697664260864258","0.850448489189148","0.850448489189148","0.850448489189148","0.5354427099227905","0.5354427099227905","0.5354427099227905","0.966361403465271","0.966361403465271","0.966361403465271","0.7346011996269226","0.7346011996269226","0.7346011996269226"
"80","0.29952678084373474","0.29952678084373474","0.29952678084373474","0.37803271412849426","0.37803271412849426","0.37803271412849426","1.1461037397384644","1.1461037397384644","1.1461037397384644","1.1472599506378174","1.1472599506378174","1.1472599506378174","0.28076472878456116","0.28076472878456116","0.28076472878456116","0.4246007800102234","0.4246007800102234","0.4246007800102234","1.1562848091125488","1.1562848091125488","1.1562848091125488","1.1650958061218262","1.1650958061218262","1.1650958061218262","0.8865114450454712","0.8865114450454712","0.8865114450454712","0.5655473470687866","0.5655473470687866","0.5655473470687866","0.9282166361808777","0.9282166361808777","0.9282166361808777","0.7900930643081665","0.7900930643081665","0.7900930643081665"
"82","0.34246835112571716","0.34246835112571716","0.34246835112571716","0.46905702352523804","0.46905702352523804","0.46905702352523804","1.1452300548553467","1.1452300548553467","1.1452300548553467","1.1501002311706543","1.1501002311706543","1.1501002311706543","0.2612990438938141","0.2612990438938141","0.2612990438938141","0.36932969093322754","0.36932969093322754","0.36932969093322754","1.1568471193313599","1.1568471193313599","1.1568471193313599","1.1621267795562744","1.1621267795562744","1.1621267795562744","0.9524945616722107","0.9524945616722107","0.9524945616722107","0.5157299041748047","0.5157299041748047","0.5157299041748047","0.9969132542610168","0.9969132542610168","0.9969132542610168","0.764428973197937","0.764428973197937","0.764428973197937"
"84","0.34397274255752563","0.34397274255752563","0.34397274255752563","0.47825220227241516","0.47825220227241516","0.47825220227241516","1.146462082862854","1.146462082862854","1.146462082862854","1.136344075202942","1.136344075202942","1.136344075202942","0.28168126940727234","0.28168126940727234","0.28168126940727234","0.44900262355804443","0.44900262355804443","0.44900262355804443","1.156626582145691","1.156626582145691","1.156626582145691","1.1796139478683472","1.1796139478683472","1.1796139478683472","0.9548877477645874","0.9548877477645874","0.9548877477645874","0.5659213662147522","0.5659213662147522","0.5659213662147522","0.9800292253494263","0.9800292253494263","0.9800292253494263","0.7826897501945496","0.7826897501945496","0.7826897501945496"
"86","0.33643510937690735","0.33643510937690735","0.33643510937690735","0.40626227855682373","0.40626227855682373","0.40626227855682373","1.146826982498169","1.146826982498169","1.146826982498169","1.1448991298675537","1.1448991298675537","1.1448991298675537","0.30649739503860474","0.30649739503860474","0.30649739503860474","0.46332916617393494","0.46332916617393494","0.46332916617393494","1.1543971300125122","1.1543971300125122","1.1543971300125122","1.149062991142273","1.149062991142273","1.149062991142273","0.862640380859375","0.862640380859375","0.862640380859375","0.632106602191925","0.632106602191925","0.632106602191925","0.9478185176849365","0.9478185176849365","0.9478185176849365","0.782344400882721","0.782344400882721","0.782344400882721"
"88","0.3694742023944855","0.3694742023944855","0.3694742023944855","0.4203609824180603","0.4203609824180603","0.4203609824180603","1.1457667350769043","1.1457667350769043","1.1457667350769043","1.148771047592163","1.148771047592163","1.148771047592163","0.2645736634731293","0.2645736634731293","0.2645736634731293","0.36430999636650085","0.36430999636650085","0.36430999636650085","1.1621487140655518","1.1621487140655518","1.1621487140655518","1.278243064880371","1.278243064880371","1.278243064880371","0.9131611585617065","0.9131611585617065","0.9131611585617065","0.6343100070953369","0.6343100070953369","0.6343100070953369","1.0518440008163452","1.0518440008163452","1.0518440008163452","0.7748046517372131","0.7748046517372131","0.7748046517372131"
"90","0.3819137513637543","0.3819137513637543","0.3819137513637543","0.43202534317970276","0.43202534317970276","0.43202534317970276","1.1458725929260254","1.1458725929260254","1.1458725929260254","1.132242202758789","1.132242202758789","1.132242202758789","0.3210284411907196","0.3210284411907196","0.3210284411907196","0.39350903034210205","0.39350903034210205","0.39350903034210205","1.142033338546753","1.142033338546753","1.142033338546753","1.1679035425186157","1.1679035425186157","1.1679035425186157","0.8754169940948486","0.8754169940948486","0.8754169940948486","0.7100932598114014","0.7100932598114014","0.7100932598114014","1.055964708328247","1.055964708328247","1.055964708328247","0.8781079053878784","0.8781079053878784","0.8781079053878784"
"92","0.3660869896411896","0.3660869896411896","0.3660869896411896","0.4530870020389557","0.4530870020389557","0.4530870020389557","1.1467517614364624","1.1467517614364624","1.1467517614364624","1.1459133625030518","1.1459133625030518","1.1459133625030518","0.31607142090797424","0.31607142090797424","0.31607142090797424","0.4455314576625824","0.4455314576625824","0.4455314576625824","1.1923567056655884","1.1923567056655884","1.1923567056655884","1.208540439605713","1.208540439605713","1.208540439605713","0.8542196154594421","0.8542196154594421","0.8542196154594421","0.7487282156944275","0.7487282156944275","0.7487282156944275","1.0494011640548706","1.0494011640548706","1.0494011640548706","0.8968271017074585","0.8968271017074585","0.8968271017074585"
"94","0.361244797706604","0.361244797706604","0.361244797706604","0.4383043944835663","0.4383043944835663","0.4383043944835663","1.1453202962875366","1.1453202962875366","1.1453202962875366","1.1493502855300903","1.1493502855300903","1.1493502855300903","0.3043254613876343","0.3043254613876343","0.3043254613876343","0.36162444949150085","0.36162444949150085","0.36162444949150085","1.1783503293991089","1.1783503293991089","1.1783503293991089","1.1613574028015137","1.1613574028015137","1.1613574028015137","0.9869073629379272","0.9869073629379272","0.9869073629379272","0.7980667948722839","0.7980667948722839","0.7980667948722839","0.9941663146018982","0.9941663146018982","0.9941663146018982","0.8988777995109558","0.8988777995109558","0.8988777995109558"
"96","0.40481677651405334","0.40481677651405334","0.40481677651405334","0.43388888239860535","0.43388888239860535","0.43388888239860535","1.14743971824646","1.14743971824646","1.14743971824646","1.156977653503418","1.156977653503418","1.156977653503418","0.3235189914703369","0.3235189914703369","0.3235189914703369","0.4224117398262024","0.4224117398262024","0.4224117398262024","1.1398851871490479","1.1398851871490479","1.1398851871490479","1.1560063362121582","1.1560063362121582","1.1560063362121582","0.9074856638908386","0.9074856638908386","0.9074856638908386","0.9175352454185486","0.9175352454185486","0.9175352454185486","1.0714330673217773","1.0714330673217773","1.0714330673217773","0.8840886354446411","0.8840886354446411","0.8840886354446411"
"98","0.4134324789047241","0.4134324789047241","0.4134324789047241","0.36834174394607544","0.36834174394607544","0.36834174394607544","1.1468902826309204","1.1468902826309204","1.1468902826309204","1.1460700035095215","1.1460700035095215","1.1460700035095215","0.37425804138183594","0.37425804138183594","0.37425804138183594","0.43825313448905945","0.43825313448905945","0.43825313448905945","1.1660140752792358","1.1660140752792358","1.1660140752792358","1.1854504346847534","1.1854504346847534","1.1854504346847534","0.9466888904571533","0.9466888904571533","0.9466888904571533","1.010644555091858","1.010644555091858","1.010644555091858","1.0814722776412964","1.0814722776412964","1.0814722776412964","0.9216423630714417","0.9216423630714417","0.9216423630714417"
"100","0.414975106716156","0.414975106716156","0.414975106716156","0.4571206271648407","0.4571206271648407","0.4571206271648407","1.1470856666564941","1.1470856666564941","1.1470856666564941","1.149415373802185","1.149415373802185","1.149415373802185","0.3384956121444702","0.3384956121444702","0.3384956121444702","0.42419639229774475","0.42419639229774475","0.42419639229774475","1.147716999053955","1.147716999053955","1.147716999053955","1.1632349491119385","1.1632349491119385","1.1632349491119385","0.8999267816543579","0.8999267816543579","0.8999267816543579","0.9525437355041504","0.9525437355041504","0.9525437355041504","1.0546075105667114","1.0546075105667114","1.0546075105667114","0.8533623814582825","0.8533623814582825","0.8533623814582825"
"102","0.427645206451416","0.427645206451416","0.427645206451416","0.4323301613330841","0.4323301613330841","0.4323301613330841","1.1470880508422852","1.1470880508422852","1.1470880508422852","1.1466684341430664","1.1466684341430664","1.1466684341430664","0.3482173979282379","0.3482173979282379","0.3482173979282379","0.42246708273887634","0.42246708273887634","0.42246708273887634","1.1478745937347412","1.1478745937347412","1.1478745937347412","1.1938680410385132","1.1938680410385132","1.1938680410385132","0.9225208759307861","0.9225208759307861","0.9225208759307861","1.0178512334823608","1.0178512334823608","1.0178512334823608","1.0619158744812012","1.0619158744812012","1.0619158744812012","0.885838508605957","0.885838508605957","0.885838508605957"
"104","0.41338926553726196","0.41338926553726196","0.41338926553726196","0.44387489557266235","0.44387489557266235","0.44387489557266235","1.147078514099121","1.147078514099121","1.147078514099121","1.1373891830444336","1.1373891830444336","1.1373891830444336","0.3441481292247772","0.3441481292247772","0.3441481292247772","0.4195277988910675","0.4195277988910675","0.4195277988910675","1.1377923488616943","1.1377923488616943","1.1377923488616943","1.1899685859680176","1.1899685859680176","1.1899685859680176","0.923240065574646","0.923240065574646","0.923240065574646","1.0310513973236084","1.0310513973236084","1.0310513973236084","0.9822589159011841","0.9822589159011841","0.9822589159011841","0.8047682046890259","0.8047682046890259","0.8047682046890259"
"106","0.4516502916812897","0.4516502916812897","0.4516502916812897","0.4522073566913605","0.4522073566913605","0.4522073566913605","1.1473567485809326","1.1473567485809326","1.1473567485809326","1.1488524675369263","1.1488524675369263","1.1488524675369263","0.38156771659851074","0.38156771659851074","0.38156771659851074","0.4267231523990631","0.4267231523990631","0.4267231523990631","1.138014316558838","1.138014316558838","1.138014316558838","1.1914808750152588","1.1914808750152588","1.1914808750152588","0.9346500039100647","0.9346500039100647","0.9346500039100647","1.0469903945922852","1.0469903945922852","1.0469903945922852","1.0146369934082031","1.0146369934082031","1.0146369934082031","0.8087509870529175","0.8087509870529175","0.8087509870529175"
"108","0.38939642906188965","0.38939642906188965","0.38939642906188965","0.47422558069229126","0.47422558069229126","0.47422558069229126","1.1473970413208008","1.1473970413208008","1.1473970413208008","1.1447961330413818","1.1447961330413818","1.1447961330413818","0.3559126853942871","0.3559126853942871","0.3559126853942871","0.37001219391822815","0.37001219391822815","0.37001219391822815","1.1534042358398438","1.1534042358398438","1.1534042358398438","1.1471165418624878","1.1471165418624878","1.1471165418624878","0.9717415571212769","0.9717415571212769","0.9717415571212769","1.0624605417251587","1.0624605417251587","1.0624605417251587","0.9820010662078857","0.9820010662078857","0.9820010662078857","0.800074577331543","0.800074577331543","0.800074577331543"
"110","0.4598039984703064","0.4598039984703064","0.4598039984703064","0.46199333667755127","0.46199333667755127","0.46199333667755127","1.1472097635269165","1.1472097635269165","1.1472097635269165","1.1497021913528442","1.1497021913528442","1.1497021913528442","0.3682892918586731","0.3682892918586731","0.3682892918586731","0.4088817238807678","0.4088817238807678","0.4088817238807678","1.1595062017440796","1.1595062017440796","1.1595062017440796","1.1809883117675781","1.1809883117675781","1.1809883117675781","0.940346360206604","0.940346360206604","0.940346360206604","1.0360819101333618","1.0360819101333618","1.0360819101333618","1.037065029144287","1.037065029144287","1.037065029144287","0.9183679819107056","0.9183679819107056","0.9183679819107056"
"112","0.4544544816017151","0.4544544816017151","0.4544544816017151","0.44960829615592957","0.44960829615592957","0.44960829615592957","1.147404432296753","1.147404432296753","1.147404432296753","1.1478842496871948","1.1478842496871948","1.1478842496871948","0.34663107991218567","0.34663107991218567","0.34663107991218567","0.40275755524635315","0.40275755524635315","0.40275755524635315","1.140267252922058","1.140267252922058","1.140267252922058","1.2066915035247803","1.2066915035247803","1.2066915035247803","0.9530178308486938","0.9530178308486938","0.9530178308486938","1.0713297128677368","1.0713297128677368","1.0713297128677368","0.9716297388076782","0.9716297388076782","0.9716297388076782","0.8433223962783813","0.8433223962783813","0.8433223962783813"
"114","0.46583089232444763","0.46583089232444763","0.46583089232444763","0.455387681722641","0.455387681722641","0.455387681722641","1.1472752094268799","1.1472752094268799","1.1472752094268799","1.1416351795196533","1.1416351795196533","1.1416351795196533","0.3859928846359253","0.3859928846359253","0.3859928846359253","0.4501510262489319","0.4501510262489319","0.4501510262489319","1.1612101793289185","1.1612101793289185","1.1612101793289185","1.1469056606292725","1.1469056606292725","1.1469056606292725","0.9719650745391846","0.9719650745391846","0.9719650745391846","1.0635788440704346","1.0635788440704346","1.0635788440704346","0.958299458026886","0.958299458026886","0.958299458026886","0.8516244888305664","0.8516244888305664","0.8516244888305664"
"116","0.43694832921028137","0.43694832921028137","0.43694832921028137","0.46948879957199097","0.46948879957199097","0.46948879957199097","1.147227168083191","1.147227168083191","1.147227168083191","1.1382176876068115","1.1382176876068115","1.1382176876068115","0.39591124653816223","0.39591124653816223","0.39591124653816223","0.44099363684654236","0.44099363684654236","0.44099363684654236","1.157378911972046","1.157378911972046","1.157378911972046","1.196480631828308","1.196480631828308","1.196480631828308","0.9500077962875366","0.9500077962875366","0.9500077962875366","1.085228443145752","1.085228443145752","1.085228443145752","0.8646476864814758","0.8646476864814758","0.8646476864814758","0.8202369213104248","0.8202369213104248","0.8202369213104248"
"118","0.479369580745697","0.479369580745697","0.479369580745697","0.48028823733329773","0.48028823733329773","0.48028823733329773","1.147089958190918","1.147089958190918","1.147089958190918","1.1484711170196533","1.1484711170196533","1.1484711170196533","0.39894527196884155","0.39894527196884155","0.39894527196884155","0.4450909197330475","0.4450909197330475","0.4450909197330475","1.1450188159942627","1.1450188159942627","1.1450188159942627","1.1710398197174072","1.1710398197174072","1.1710398197174072","0.9576375484466553","0.9576375484466553","0.9576375484466553","1.0108050107955933","1.0108050107955933","1.0108050107955933","0.8861711621284485","0.8861711621284485","0.8861711621284485","0.9764645099639893","0.9764645099639893","0.9764645099639893"
"120","0.5037222504615784","0.5037222504615784","0.5037222504615784","0.4945679306983948","0.4945679306983948","0.4945679306983948","1.1471667289733887","1.1471667289733887","1.1471667289733887","1.1471927165985107","1.1471927165985107","1.1471927165985107","0.42796188592910767","0.42796188592910767","0.42796188592910767","0.43130671977996826","0.43130671977996826","0.43130671977996826","1.149233102798462","1.149233102798462","1.149233102798462","1.178999423980713","1.178999423980713","1.178999423980713","0.9647720456123352","0.9647720456123352","0.9647720456123352","1.0285935401916504","1.0285935401916504","1.0285935401916504","0.945116400718689","0.945116400718689","0.945116400718689","0.9283370971679688","0.9283370971679688","0.9283370971679688"
"122","0.47251707315444946","0.47251707315444946","0.47251707315444946","0.46736273169517517","0.46736273169517517","0.46736273169517517","1.1474111080169678","1.1474111080169678","1.1474111080169678","1.1482744216918945","1.1482744216918945","1.1482744216918945","0.34465885162353516","0.34465885162353516","0.34465885162353516","0.4503198266029358","0.4503198266029358","0.4503198266029358","1.149085283279419","1.149085283279419","1.149085283279419","1.1793413162231445","1.1793413162231445","1.1793413162231445","0.957735538482666","0.957735538482666","0.957735538482666","1.0674177408218384","1.0674177408218384","1.0674177408218384","0.8926742672920227","0.8926742672920227","0.8926742672920227","0.8155369758605957","0.8155369758605957","0.8155369758605957"
"124","0.5191940665245056","0.5191940665245056","0.5191940665245056","0.4894428551197052","0.4894428551197052","0.4894428551197052","1.1473501920700073","1.1473501920700073","1.1473501920700073","1.1892504692077637","1.1892504692077637","1.1892504692077637","0.4193877577781677","0.4193877577781677","0.4193877577781677","0.4587284028530121","0.4587284028530121","0.4587284028530121","1.1515616178512573","1.1515616178512573","1.1515616178512573","1.1672110557556152","1.1672110557556152","1.1672110557556152","1.010563611984253","1.010563611984253","1.010563611984253","1.070436716079712","1.070436716079712","1.070436716079712","0.9198406934738159","0.9198406934738159","0.9198406934738159","0.9170985817909241","0.9170985817909241","0.9170985817909241"
"126","0.5213320851325989","0.5213320851325989","0.5213320851325989","0.495144784450531","0.495144784450531","0.495144784450531","1.1473209857940674","1.1473209857940674","1.1473209857940674","1.148362636566162","1.148362636566162","1.148362636566162","0.38451507687568665","0.38451507687568665","0.38451507687568665","0.46282508969306946","0.46282508969306946","0.46282508969306946","1.1303284168243408","1.1303284168243408","1.1303284168243408","1.1623157262802124","1.1623157262802124","1.1623157262802124","0.9877187609672546","0.9877187609672546","0.9877187609672546","1.0274680852890015","1.0274680852890015","1.0274680852890015","0.9246110916137695","0.9246110916137695","0.9246110916137695","0.9292263388633728","0.9292263388633728","0.9292263388633728"
"128","0.5457862019538879","0.5457862019538879","0.5457862019538879","0.4588729739189148","0.4588729739189148","0.4588729739189148","1.1474976539611816","1.1474976539611816","1.1474976539611816","1.1475101709365845","1.1475101709365845","1.1475101709365845","0.4129328727722168","0.4129328727722168","0.4129328727722168","0.477019339799881","0.477019339799881","0.477019339799881","1.1491457223892212","1.1491457223892212","1.1491457223892212","1.1403391361236572","1.1403391361236572","1.1403391361236572","0.9878283739089966","0.9878283739089966","0.9878283739089966","1.0671570301055908","1.0671570301055908","1.0671570301055908","0.8966095447540283","0.8966095447540283","0.8966095447540283","0.9194645285606384","0.9194645285606384","0.9194645285606384"
"130","0.5740050673484802","0.5740050673484802","0.5740050673484802","0.48127803206443787","0.48127803206443787","0.48127803206443787","1.1475768089294434","1.1475768089294434","1.1475768089294434","1.1485917568206787","1.1485917568206787","1.1485917568206787","0.43548184633255005","0.43548184633255005","0.43548184633255005","0.4843977689743042","0.4843977689743042","0.4843977689743042","1.1730256080627441","1.1730256080627441","1.1730256080627441","1.184094786643982","1.184094786643982","1.184094786643982","0.9946837425231934","0.9946837425231934","0.9946837425231934","1.036480188369751","1.036480188369751","1.036480188369751","0.9596084356307983","0.9596084356307983","0.9596084356307983","0.9358627796173096","0.9358627796173096","0.9358627796173096"
"132","0.5209784507751465","0.5209784507751465","0.5209784507751465","0.4911625385284424","0.4911625385284424","0.4911625385284424","1.1477186679840088","1.1477186679840088","1.1477186679840088","1.147925615310669","1.147925615310669","1.147925615310669","0.41654518246650696","0.41654518246650696","0.41654518246650696","0.511603593826294","0.511603593826294","0.511603593826294","1.1498634815216064","1.1498634815216064","1.1498634815216064","1.1747645139694214","1.1747645139694214","1.1747645139694214","1.015798807144165","1.015798807144165","1.015798807144165","0.9980019330978394","0.9980019330978394","0.9980019330978394","0.9588829278945923","0.9588829278945923","0.9588829278945923","0.9180888533592224","0.9180888533592224","0.9180888533592224"
"134","0.5499383807182312","0.5499383807182312","0.5499383807182312","0.508945882320404","0.508945882320404","0.508945882320404","1.1474575996398926","1.1474575996398926","1.1474575996398926","1.147641658782959","1.147641658782959","1.147641658782959","0.40935152769088745","0.40935152769088745","0.40935152769088745","0.5166506171226501","0.5166506171226501","0.5166506171226501","1.1485183238983154","1.1485183238983154","1.1485183238983154","1.1614365577697754","1.1614365577697754","1.1614365577697754","1.0024878978729248","1.0024878978729248","1.0024878978729248","1.034437894821167","1.034437894821167","1.034437894821167","0.9534159898757935","0.9534159898757935","0.9534159898757935","0.9431968927383423","0.9431968927383423","0.9431968927383423"
"136","0.5851942896842957","0.5851942896842957","0.5851942896842957","0.5057042241096497","0.5057042241096497","0.5057042241096497","1.147728443145752","1.147728443145752","1.147728443145752","1.1488101482391357","1.1488101482391357","1.1488101482391357","0.4402274489402771","0.4402274489402771","0.4402274489402771","0.5017277598381042","0.5017277598381042","0.5017277598381042","1.163368582725525","1.163368582725525","1.163368582725525","1.1644880771636963","1.1644880771636963","1.1644880771636963","1.0279266834259033","1.0279266834259033","1.0279266834259033","1.0331642627716064","1.0331642627716064","1.0331642627716064","0.9662238359451294","0.9662238359451294","0.9662238359451294","0.9502896666526794","0.9502896666526794","0.9502896666526794"
"138","0.6002593040466309","0.6002593040466309","0.6002593040466309","0.5119959115982056","0.5119959115982056","0.5119959115982056","1.1475080251693726","1.1475080251693726","1.1475080251693726","1.1461596488952637","1.1461596488952637","1.1461596488952637","0.4345926344394684","0.4345926344394684","0.4345926344394684","0.5320096015930176","0.5320096015930176","0.5320096015930176","1.1387872695922852","1.1387872695922852","1.1387872695922852","1.1678268909454346","1.1678268909454346","1.1678268909454346","0.9997881650924683","0.9997881650924683","0.9997881650924683","1.0275307893753052","1.0275307893753052","1.0275307893753052","0.9461758732795715","0.9461758732795715","0.9461758732795715","0.945987343788147","0.945987343788147","0.945987343788147"
"140","0.5632802248001099","0.5632802248001099","0.5632802248001099","0.5044320225715637","0.5044320225715637","0.5044320225715637","1.1478188037872314","1.1478188037872314","1.1478188037872314","1.1471247673034668","1.1471247673034668","1.1471247673034668","0.46168094873428345","0.46168094873428345","0.46168094873428345","0.505561113357544","0.505561113357544","0.505561113357544","1.1494733095169067","1.1494733095169067","1.1494733095169067","1.1645512580871582","1.1645512580871582","1.1645512580871582","1.0207592248916626","1.0207592248916626","1.0207592248916626","1.045820951461792","1.045820951461792","1.045820951461792","0.9790712594985962","0.9790712594985962","0.9790712594985962","0.9350025653839111","0.9350025653839111","0.9350025653839111"
"142","0.5897518396377563","0.5897518396377563","0.5897518396377563","0.5160860419273376","0.5160860419273376","0.5160860419273376","1.1473498344421387","1.1473498344421387","1.1473498344421387","1.1481304168701172","1.1481304168701172","1.1481304168701172","0.43937164545059204","0.43937164545059204","0.43937164545059204","0.5109472870826721","0.5109472870826721","0.5109472870826721","1.1411548852920532","1.1411548852920532","1.1411548852920532","1.1776325702667236","1.1776325702667236","1.1776325702667236","1.0214216709136963","1.0214216709136963","1.0214216709136963","1.03678560256958","1.03678560256958","1.03678560256958","0.9888744950294495","0.9888744950294495","0.9888744950294495","0.9681419134140015","0.9681419134140015","0.9681419134140015"
"144","0.5763900876045227","0.5763900876045227","0.5763900876045227","0.5160402655601501","0.5160402655601501","0.5160402655601501","1.147682785987854","1.147682785987854","1.147682785987854","1.1488449573516846","1.1488449573516846","1.1488449573516846","0.4444761872291565","0.4444761872291565","0.4444761872291565","0.5298230648040771","0.5298230648040771","0.5298230648040771","1.1552376747131348","1.1552376747131348","1.1552376747131348","1.1785354614257812","1.1785354614257812","1.1785354614257812","1.0129015445709229","1.0129015445709229","1.0129015445709229","1.0221260786056519","1.0221260786056519","1.0221260786056519","0.9777677059173584","0.9777677059173584","0.9777677059173584","0.9712441563606262","0.9712441563606262","0.9712441563606262"
"146","0.6340690851211548","0.6340690851211548","0.6340690851211548","0.5191528797149658","0.5191528797149658","0.5191528797149658","1.1474812030792236","1.1474812030792236","1.1474812030792236","1.1480975151062012","1.1480975151062012","1.1480975151062012","0.4634617269039154","0.4634617269039154","0.4634617269039154","0.5665450692176819","0.5665450692176819","0.5665450692176819","1.1487541198730469","1.1487541198730469","1.1487541198730469","1.2034862041473389","1.2034862041473389","1.2034862041473389","1.0256235599517822","1.0256235599517822","1.0256235599517822","1.0165642499923706","1.0165642499923706","1.0165642499923706","1.0019779205322266","1.0019779205322266","1.0019779205322266","0.9846850037574768","0.9846850037574768","0.9846850037574768"
"148","0.6213091611862183","0.6213091611862183","0.6213091611862183","0.5384302139282227","0.5384302139282227","0.5384302139282227","1.1474422216415405","1.1474422216415405","1.1474422216415405","1.1488442420959473","1.1488442420959473","1.1488442420959473","0.44714289903640747","0.44714289903640747","0.44714289903640747","0.5646584033966064","0.5646584033966064","0.5646584033966064","1.1657299995422363","1.1657299995422363","1.1657299995422363","1.1688594818115234","1.1688594818115234","1.1688594818115234","1.028782606124878","1.028782606124878","1.028782606124878","1.0377273559570312","1.0377273559570312","1.0377273559570312","0.9933339953422546","0.9933339953422546","0.9933339953422546","0.9478345513343811","0.9478345513343811","0.9478345513343811"
"150","0.6115649342536926","0.6115649342536926","0.6115649342536926","0.4986487925052643","0.4986487925052643","0.4986487925052643","1.1474933624267578","1.1474933624267578","1.1474933624267578","1.1471648216247559","1.1471648216247559","1.1471648216247559","0.45245227217674255","0.45245227217674255","0.45245227217674255","0.5566215515136719","0.5566215515136719","0.5566215515136719","1.1516735553741455","1.1516735553741455","1.1516735553741455","1.2162388563156128","1.2162388563156128","1.2162388563156128","1.0204846858978271","1.0204846858978271","1.0204846858978271","1.0716652870178223","1.0716652870178223","1.0716652870178223","1.0108352899551392","1.0108352899551392","1.0108352899551392","0.9768006801605225","0.9768006801605225","0.9768006801605225"
"152","0.6202516555786133","0.6202516555786133","0.6202516555786133","0.5389705896377563","0.5389705896377563","0.5389705896377563","1.1474623680114746","1.1474623680114746","1.1474623680114746","1.14934241771698","1.14934241771698","1.14934241771698","0.4753611981868744","0.4753611981868744","0.4753611981868744","0.5845001935958862","0.5845001935958862","0.5845001935958862","1.1472322940826416","1.1472322940826416","1.1472322940826416","1.17249596118927","1.17249596118927","1.17249596118927","1.03432035446167","1.03432035446167","1.03432035446167","1.013782024383545","1.013782024383545","1.013782024383545","1.0084929466247559","1.0084929466247559","1.0084929466247559","0.9942923784255981","0.9942923784255981","0.9942923784255981"
"154","0.5910844802856445","0.5910844802856445","0.5910844802856445","0.5338722467422485","0.5338722467422485","0.5338722467422485","1.1476237773895264","1.1476237773895264","1.1476237773895264","1.1469204425811768","1.1469204425811768","1.1469204425811768","0.4672706127166748","0.4672706127166748","0.4672706127166748","0.5827962756156921","0.5827962756156921","0.5827962756156921","1.1499295234680176","1.1499295234680176","1.1499295234680176","1.1609917879104614","1.1609917879104614","1.1609917879104614","1.0438284873962402","1.0438284873962402","1.0438284873962402","1.065760850906372","1.065760850906372","1.065760850906372","0.9730566740036011","0.9730566740036011","0.9730566740036011","0.9298390746116638","0.9298390746116638","0.9298390746116638"
"156","0.5972917079925537","0.5972917079925537","0.5972917079925537","0.5465641617774963","0.5465641617774963","0.5465641617774963","1.1478068828582764","1.1478068828582764","1.1478068828582764","1.1442514657974243","1.1442514657974243","1.1442514657974243","0.44709017872810364","0.44709017872810364","0.44709017872810364","0.5909401178359985","0.5909401178359985","0.5909401178359985","1.1476521492004395","1.1476521492004395","1.1476521492004395","1.186320424079895","1.186320424079895","1.186320424079895","1.024308443069458","1.024308443069458","1.024308443069458","1.0497329235076904","1.0497329235076904","1.0497329235076904","1.0030226707458496","1.0030226707458496","1.0030226707458496","0.9633118510246277","0.9633118510246277","0.9633118510246277"
"158","0.634655237197876","0.634655237197876","0.634655237197876","0.5525076985359192","0.5525076985359192","0.5525076985359192","1.147611141204834","1.147611141204834","1.147611141204834","1.148065447807312","1.148065447807312","1.148065447807312","0.45791953802108765","0.45791953802108765","0.45791953802108765","0.5793821811676025","0.5793821811676025","0.5793821811676025","1.1467032432556152","1.1467032432556152","1.1467032432556152","1.1564018726348877","1.1564018726348877","1.1564018726348877","1.0340032577514648","1.0340032577514648","1.0340032577514648","1.0199581384658813","1.0199581384658813","1.0199581384658813","1.0105993747711182","1.0105993747711182","1.0105993747711182","0.9745001792907715","0.9745001792907715","0.9745001792907715"
"160","0.6181252002716064","0.6181252002716064","0.6181252002716064","0.5550048351287842","0.5550048351287842","0.5550048351287842","1.147760033607483","1.147760033607483","1.147760033607483","1.148962140083313","1.148962140083313","1.148962140083313","0.4647807776927948","0.4647807776927948","0.4647807776927948","0.620525598526001","0.620525598526001","0.620525598526001","1.1316927671432495","1.1316927671432495","1.1316927671432495","1.1564106941223145","1.1564106941223145","1.1564106941223145","1.0506032705307007","1.0506032705307007","1.0506032705307007","1.0128304958343506","1.0128304958343506","1.0128304958343506","0.9914442300796509","0.9914442300796509","0.9914442300796509","0.9972683191299438","0.9972683191299438","0.9972683191299438"
"162","0.6503930687904358","0.6503930687904358","0.6503930687904358","0.5595459342002869","0.5595459342002869","0.5595459342002869","1.147796392440796","1.147796392440796","1.147796392440796","1.1489319801330566","1.1489319801330566","1.1489319801330566","0.4772928059101105","0.4772928059101105","0.4772928059101105","0.6011766791343689","0.6011766791343689","0.6011766791343689","1.1494200229644775","1.1494200229644775","1.1494200229644775","1.1796815395355225","1.1796815395355225","1.1796815395355225","1.0328755378723145","1.0328755378723145","1.0328755378723145","1.0102328062057495","1.0102328062057495","1.0102328062057495","1.0191062688827515","1.0191062688827515","1.0191062688827515","1.0269370079040527","1.0269370079040527","1.0269370079040527"
"164","0.6411842703819275","0.6411842703819275","0.6411842703819275","0.5461618900299072","0.5461618900299072","0.5461618900299072","1.1474016904830933","1.1474016904830933","1.1474016904830933","1.1435787677764893","1.1435787677764893","1.1435787677764893","0.48236966133117676","0.48236966133117676","0.48236966133117676","0.6257688999176025","0.6257688999176025","0.6257688999176025","1.1405065059661865","1.1405065059661865","1.1405065059661865","1.1607874631881714","1.1607874631881714","1.1607874631881714","1.0386195182800293","1.0386195182800293","1.0386195182800293","1.0087292194366455","1.0087292194366455","1.0087292194366455","1.0047402381896973","1.0047402381896973","1.0047402381896973","1.0028212070465088","1.0028212070465088","1.0028212070465088"
"166","0.654632031917572","0.654632031917572","0.654632031917572","0.5490877628326416","0.5490877628326416","0.5490877628326416","1.147523283958435","1.147523283958435","1.147523283958435","1.1487784385681152","1.1487784385681152","1.1487784385681152","0.4975048899650574","0.4975048899650574","0.4975048899650574","0.6586775779724121","0.6586775779724121","0.6586775779724121","1.1486046314239502","1.1486046314239502","1.1486046314239502","1.1677374839782715","1.1677374839782715","1.1677374839782715","1.0587886571884155","1.0587886571884155","1.0587886571884155","1.0460789203643799","1.0460789203643799","1.0460789203643799","1.0278223752975464","1.0278223752975464","1.0278223752975464","1.011479377746582","1.011479377746582","1.011479377746582"
"168","0.6883230805397034","0.6883230805397034","0.6883230805397034","0.5564694404602051","0.5564694404602051","0.5564694404602051","1.1473188400268555","1.1473188400268555","1.1473188400268555","1.150001049041748","1.150001049041748","1.150001049041748","0.48409536480903625","0.48409536480903625","0.48409536480903625","0.6299632787704468","0.6299632787704468","0.6299632787704468","1.1487709283828735","1.1487709283828735","1.1487709283828735","1.175767183303833","1.175767183303833","1.175767183303833","1.0588136911392212","1.0588136911392212","1.0588136911392212","1.0296047925949097","1.0296047925949097","1.0296047925949097","1.0242679119110107","1.0242679119110107","1.0242679119110107","1.0201666355133057","1.0201666355133057","1.0201666355133057"
"170","0.6618539690971375","0.6618539690971375","0.6618539690971375","0.578538715839386","0.578538715839386","0.578538715839386","1.1479228734970093","1.1479228734970093","1.1479228734970093","1.14949631690979","1.14949631690979","1.14949631690979","0.4984728991985321","0.4984728991985321","0.4984728991985321","0.632980465888977","0.632980465888977","0.632980465888977","1.1562740802764893","1.1562740802764893","1.1562740802764893","1.1524710655212402","1.1524710655212402","1.1524710655212402","1.0603485107421875","1.0603485107421875","1.0603485107421875","1.0587716102600098","1.0587716102600098","1.0587716102600098","1.0362188816070557","1.0362188816070557","1.0362188816070557","1.0343239307403564","1.0343239307403564","1.0343239307403564"
"172","0.6617465019226074","0.6617465019226074","0.6617465019226074","0.5751588940620422","0.5751588940620422","0.5751588940620422","1.1479358673095703","1.1479358673095703","1.1479358673095703","1.148195743560791","1.148195743560791","1.148195743560791","0.5162293314933777","0.5162293314933777","0.5162293314933777","0.6353716850280762","0.6353716850280762","0.6353716850280762","1.1339962482452393","1.1339962482452393","1.1339962482452393","1.1610422134399414","1.1610422134399414","1.1610422134399414","1.0582189559936523","1.0582189559936523","1.0582189559936523","1.0690577030181885","1.0690577030181885","1.0690577030181885","1.004518985748291","1.004518985748291","1.004518985748291","1.0194802284240723","1.0194802284240723","1.0194802284240723"
"174","0.6687770485877991","0.6687770485877991","0.6687770485877991","0.5810312032699585","0.5810312032699585","0.5810312032699585","1.147489309310913","1.147489309310913","1.147489309310913","1.1455152034759521","1.1455152034759521","1.1455152034759521","0.49990764260292053","0.49990764260292053","0.49990764260292053","0.6521888375282288","0.6521888375282288","0.6521888375282288","1.148828387260437","1.148828387260437","1.148828387260437","1.1548391580581665","1.1548391580581665","1.1548391580581665","1.0515462160110474","1.0515462160110474","1.0515462160110474","1.0851235389709473","1.0851235389709473","1.0851235389709473","1.0214351415634155","1.0214351415634155","1.0214351415634155","1.0359200239181519","1.0359200239181519","1.0359200239181519"
"176","0.6623531579971313","0.6623531579971313","0.6623531579971313","0.5784664154052734","0.5784664154052734","0.5784664154052734","1.1477184295654297","1.1477184295654297","1.1477184295654297","1.1435576677322388","1.1435576677322388","1.1435576677322388","0.5171216726303101","0.5171216726303101","0.5171216726303101","0.6636123657226562","0.6636123657226562","0.6636123657226562","1.1491450071334839","1.1491450071334839","1.1491450071334839","1.1860615015029907","1.1860615015029907","1.1860615015029907","1.059581995010376","1.059581995010376","1.059581995010376","1.0832598209381104","1.0832598209381104","1.0832598209381104","1.0074509382247925","1.0074509382247925","1.0074509382247925","0.9786574840545654","0.9786574840545654","0.9786574840545654"
"178","0.6359302997589111","0.6359302997589111","0.6359302997589111","0.5629302859306335","0.5629302859306335","0.5629302859306335","1.1479805707931519","1.1479805707931519","1.1479805707931519","1.1465709209442139","1.1465709209442139","1.1465709209442139","0.527183473110199","0.527183473110199","0.527183473110199","0.6828603148460388","0.6828603148460388","0.6828603148460388","1.141143798828125","1.141143798828125","1.141143798828125","1.187803864479065","1.187803864479065","1.187803864479065","1.0701996088027954","1.0701996088027954","1.0701996088027954","1.0732922554016113","1.0732922554016113","1.0732922554016113","1.0255295038223267","1.0255295038223267","1.0255295038223267","1.0103034973144531","1.0103034973144531","1.0103034973144531"
"180","0.661608099937439","0.661608099937439","0.661608099937439","0.5922031998634338","0.5922031998634338","0.5922031998634338","1.1476099491119385","1.1476099491119385","1.1476099491119385","1.147937297821045","1.147937297821045","1.147937297821045","0.5124905109405518","0.5124905109405518","0.5124905109405518","0.6580517888069153","0.6580517888069153","0.6580517888069153","1.1356788873672485","1.1356788873672485","1.1356788873672485","1.1762781143188477","1.1762781143188477","1.1762781143188477","1.0456141233444214","1.0456141233444214","1.0456141233444214","1.0146205425262451","1.0146205425262451","1.0146205425262451","1.023842215538025","1.023842215538025","1.023842215538025","1.0123238563537598","1.0123238563537598","1.0123238563537598"
"182","0.6951906681060791","0.6951906681060791","0.6951906681060791","0.5948486328125","0.5948486328125","0.5948486328125","1.1477330923080444","1.1477330923080444","1.1477330923080444","1.1486597061157227","1.1486597061157227","1.1486597061157227","0.5245756506919861","0.5245756506919861","0.5245756506919861","0.6695485711097717","0.6695485711097717","0.6695485711097717","1.1481033563613892","1.1481033563613892","1.1481033563613892","1.17733633518219","1.17733633518219","1.17733633518219","1.0705187320709229","1.0705187320709229","1.0705187320709229","1.0329160690307617","1.0329160690307617","1.0329160690307617","1.0425031185150146","1.0425031185150146","1.0425031185150146","1.01618230342865","1.01618230342865","1.01618230342865"
"184","0.690986156463623","0.690986156463623","0.690986156463623","0.5890606045722961","0.5890606045722961","0.5890606045722961","1.1479936838150024","1.1479936838150024","1.1479936838150024","1.148437738418579","1.148437738418579","1.148437738418579","0.5089536905288696","0.5089536905288696","0.5089536905288696","0.6757485866546631","0.6757485866546631","0.6757485866546631","1.1484813690185547","1.1484813690185547","1.1484813690185547","1.1785988807678223","1.1785988807678223","1.1785988807678223","1.074187159538269","1.074187159538269","1.074187159538269","1.052565574645996","1.052565574645996","1.052565574645996","1.050761103630066","1.050761103630066","1.050761103630066","0.9975387454032898","0.9975387454032898","0.9975387454032898"
"186","0.6751304268836975","0.6751304268836975","0.6751304268836975","0.6102428436279297","0.6102428436279297","0.6102428436279297","1.1476733684539795","1.1476733684539795","1.1476733684539795","1.1481163501739502","1.1481163501739502","1.1481163501739502","0.51617431640625","0.51617431640625","0.51617431640625","0.6699948906898499","0.6699948906898499","0.6699948906898499","1.141634225845337","1.141634225845337","1.141634225845337","1.1636073589324951","1.1636073589324951","1.1636073589324951","1.0701558589935303","1.0701558589935303","1.0701558589935303","1.0734615325927734","1.0734615325927734","1.0734615325927734","1.0460422039031982","1.0460422039031982","1.0460422039031982","1.003202199935913","1.003202199935913","1.003202199935913"
"188","0.6781501770019531","0.6781501770019531","0.6781501770019531","0.6207315921783447","0.6207315921783447","0.6207315921783447","1.147176742553711","1.147176742553711","1.147176742553711","1.147244930267334","1.147244930267334","1.147244930267334","0.5185921788215637","0.5185921788215637","0.5185921788215637","0.7050414681434631","0.7050414681434631","0.7050414681434631","1.1507834196090698","1.1507834196090698","1.1507834196090698","1.1822361946105957","1.1822361946105957","1.1822361946105957","1.0752589702606201","1.0752589702606201","1.0752589702606201","1.0490463972091675","1.0490463972091675","1.0490463972091675","1.0339386463165283","1.0339386463165283","1.0339386463165283","1.0334408283233643","1.0334408283233643","1.0334408283233643"
"190","0.7460013628005981","0.7460013628005981","0.7460013628005981","0.6084243655204773","0.6084243655204773","0.6084243655204773","1.1476746797561646","1.1476746797561646","1.1476746797561646","1.149195671081543","1.149195671081543","1.149195671081543","0.5572546720504761","0.5572546720504761","0.5572546720504761","0.7119520902633667","0.7119520902633667","0.7119520902633667","1.1488021612167358","1.1488021612167358","1.1488021612167358","1.171839714050293","1.171839714050293","1.171839714050293","1.0780794620513916","1.0780794620513916","1.0780794620513916","1.0204654932022095","1.0204654932022095","1.0204654932022095","1.064129114151001","1.064129114151001","1.064129114151001","1.0058573484420776","1.0058573484420776","1.0058573484420776"
"192","0.6709499955177307","0.6709499955177307","0.6709499955177307","0.6205155253410339","0.6205155253410339","0.6205155253410339","1.147794246673584","1.147794246673584","1.147794246673584","1.136228322982788","1.136228322982788","1.136228322982788","0.5107417106628418","0.5107417106628418","0.5107417106628418","0.7062450051307678","0.7062450051307678","0.7062450051307678","1.1496204137802124","1.1496204137802124","1.1496204137802124","1.2163769006729126","1.2163769006729126","1.2163769006729126","1.0805094242095947","1.0805094242095947","1.0805094242095947","1.063270092010498","1.063270092010498","1.063270092010498","1.0075011253356934","1.0075011253356934","1.0075011253356934","0.9866418838500977","0.9866418838500977","0.9866418838500977"
"194","0.7140684127807617","0.7140684127807617","0.7140684127807617","0.6294088959693909","0.6294088959693909","0.6294088959693909","1.1480821371078491","1.1480821371078491","1.1480821371078491","1.145991563796997","1.145991563796997","1.145991563796997","0.5503905415534973","0.5503905415534973","0.5503905415534973","0.7035204768180847","0.7035204768180847","0.7035204768180847","1.1500414609909058","1.1500414609909058","1.1500414609909058","1.18423593044281","1.18423593044281","1.18423593044281","1.074402928352356","1.074402928352356","1.074402928352356","1.056278944015503","1.056278944015503","1.056278944015503","1.0391814708709717","1.0391814708709717","1.0391814708709717","1.057349681854248","1.057349681854248","1.057349681854248"
"196","0.6745174527168274","0.6745174527168274","0.6745174527168274","0.6298089027404785","0.6298089027404785","0.6298089027404785","1.1474359035491943","1.1474359035491943","1.1474359035491943","1.146367073059082","1.146367073059082","1.146367073059082","0.5167762041091919","0.5167762041091919","0.5167762041091919","0.7116029262542725","0.7116029262542725","0.7116029262542725","1.1480200290679932","1.1480200290679932","1.1480200290679932","1.1665263175964355","1.1665263175964355","1.1665263175964355","1.0793812274932861","1.0793812274932861","1.0793812274932861","1.0895733833312988","1.0895733833312988","1.0895733833312988","1.0225197076797485","1.0225197076797485","1.0225197076797485","0.998504638671875","0.998504638671875","0.998504638671875"
"198","0.7095400094985962","0.7095400094985962","0.7095400094985962","0.6202318668365479","0.6202318668365479","0.6202318668365479","1.147669792175293","1.147669792175293","1.147669792175293","1.1439067125320435","1.1439067125320435","1.1439067125320435","0.5346959829330444","0.5346959829330444","0.5346959829330444","0.7118545174598694","0.7118545174598694","0.7118545174598694","1.1496859788894653","1.1496859788894653","1.1496859788894653","1.2258551120758057","1.2258551120758057","1.2258551120758057","1.0743989944458008","1.0743989944458008","1.0743989944458008","1.0281908512115479","1.0281908512115479","1.0281908512115479","1.0145559310913086","1.0145559310913086","1.0145559310913086","0.9705820679664612","0.9705820679664612","0.9705820679664612"
"200","0.7326867580413818","0.7326867580413818","0.7326867580413818","0.6299648284912109","0.6299648284912109","0.6299648284912109","1.1476387977600098","1.1476387977600098","1.1476387977600098","1.1484062671661377","1.1484062671661377","1.1484062671661377","0.5756464004516602","0.5756464004516602","0.5756464004516602","0.7114418148994446","0.7114418148994446","0.7114418148994446","1.1536422967910767","1.1536422967910767","1.1536422967910767","1.1558703184127808","1.1558703184127808","1.1558703184127808","1.0779473781585693","1.0779473781585693","1.0779473781585693","1.0583510398864746","1.0583510398864746","1.0583510398864746","1.0537679195404053","1.0537679195404053","1.0537679195404053","1.038191556930542","1.038191556930542","1.038191556930542"
"202","0.7606484293937683","0.7606484293937683","0.7606484293937683","0.649890124797821","0.649890124797821","0.649890124797821","1.148226261138916","1.148226261138916","1.148226261138916","1.1488492488861084","1.1488492488861084","1.1488492488861084","0.5748043656349182","0.5748043656349182","0.5748043656349182","0.7271102666854858","0.7271102666854858","0.7271102666854858","1.1495442390441895","1.1495442390441895","1.1495442390441895","1.1625285148620605","1.1625285148620605","1.1625285148620605","1.0791630744934082","1.0791630744934082","1.0791630744934082","1.063297986984253","1.063297986984253","1.063297986984253","1.0624935626983643","1.0624935626983643","1.0624935626983643","1.0489420890808105","1.0489420890808105","1.0489420890808105"
"204","0.7715728878974915","0.7715728878974915","0.7715728878974915","0.654134213924408","0.654134213924408","0.654134213924408","1.147754192352295","1.147754192352295","1.147754192352295","1.1483957767486572","1.1483957767486572","1.1483957767486572","0.5527430772781372","0.5527430772781372","0.5527430772781372","0.7310625314712524","0.7310625314712524","0.7310625314712524","1.1443424224853516","1.1443424224853516","1.1443424224853516","1.171512246131897","1.171512246131897","1.171512246131897","1.0805814266204834","1.0805814266204834","1.0805814266204834","1.0557407140731812","1.0557407140731812","1.0557407140731812","1.0610853433609009","1.0610853433609009","1.0610853433609009","1.0139576196670532","1.0139576196670532","1.0139576196670532"
"206","0.7216870784759521","0.7216870784759521","0.7216870784759521","0.6589434146881104","0.6589434146881104","0.6589434146881104","1.1481057405471802","1.1481057405471802","1.1481057405471802","1.146665096282959","1.146665096282959","1.146665096282959","0.5393528938293457","0.5393528938293457","0.5393528938293457","0.7426949143409729","0.7426949143409729","0.7426949143409729","1.1499377489089966","1.1499377489089966","1.1499377489089966","1.1739636659622192","1.1739636659622192","1.1739636659622192","1.0898840427398682","1.0898840427398682","1.0898840427398682","1.064620018005371","1.064620018005371","1.064620018005371","1.0391747951507568","1.0391747951507568","1.0391747951507568","1.041479229927063","1.041479229927063","1.041479229927063"
"208","0.7989218235015869","0.7989218235015869","0.7989218235015869","0.6627299189567566","0.6627299189567566","0.6627299189567566","1.1478855609893799","1.1478855609893799","1.1478855609893799","1.1496773958206177","1.1496773958206177","1.1496773958206177","0.5439355969429016","0.5439355969429016","0.5439355969429016","0.7504234313964844","0.7504234313964844","0.7504234313964844","1.1437907218933105","1.1437907218933105","1.1437907218933105","1.2283413410186768","1.2283413410186768","1.2283413410186768","1.0795985460281372","1.0795985460281372","1.0795985460281372","1.0589208602905273","1.0589208602905273","1.0589208602905273","1.0727776288986206","1.0727776288986206","1.0727776288986206","1.0468401908874512","1.0468401908874512","1.0468401908874512"
"210","0.7698522806167603","0.7698522806167603","0.7698522806167603","0.6674366593360901","0.6674366593360901","0.6674366593360901","1.1477479934692383","1.1477479934692383","1.1477479934692383","1.1495208740234375","1.1495208740234375","1.1495208740234375","0.58192378282547","0.58192378282547","0.58192378282547","0.7637065052986145","0.7637065052986145","0.7637065052986145","1.149852991104126","1.149852991104126","1.149852991104126","1.1862455606460571","1.1862455606460571","1.1862455606460571","1.0948500633239746","1.0948500633239746","1.0948500633239746","1.0526840686798096","1.0526840686798096","1.0526840686798096","1.0526982545852661","1.0526982545852661","1.0526982545852661","1.0750532150268555","1.0750532150268555","1.0750532150268555"
"212","0.7818682193756104","0.7818682193756104","0.7818682193756104","0.6729366779327393","0.6729366779327393","0.6729366779327393","1.148034691810608","1.148034691810608","1.148034691810608","1.147660255432129","1.147660255432129","1.147660255432129","0.6168120503425598","0.6168120503425598","0.6168120503425598","0.7611498832702637","0.7611498832702637","0.7611498832702637","1.145959734916687","1.145959734916687","1.145959734916687","1.1759568452835083","1.1759568452835083","1.1759568452835083","1.082045078277588","1.082045078277588","1.082045078277588","1.0892971754074097","1.0892971754074097","1.0892971754074097","1.0537482500076294","1.0537482500076294","1.0537482500076294","1.0407283306121826","1.0407283306121826","1.0407283306121826"
"214","0.7596759796142578","0.7596759796142578","0.7596759796142578","0.6834559440612793","0.6834559440612793","0.6834559440612793","1.1480450630187988","1.1480450630187988","1.1480450630187988","1.148535132408142","1.148535132408142","1.148535132408142","0.5516365170478821","0.5516365170478821","0.5516365170478821","0.7662404775619507","0.7662404775619507","0.7662404775619507","1.1495741605758667","1.1495741605758667","1.1495741605758667","1.1686718463897705","1.1686718463897705","1.1686718463897705","1.0944514274597168","1.0944514274597168","1.0944514274597168","1.0781091451644897","1.0781091451644897","1.0781091451644897","1.0592615604400635","1.0592615604400635","1.0592615604400635","1.0487953424453735","1.0487953424453735","1.0487953424453735"
"216","0.7988770008087158","0.7988770008087158","0.7988770008087158","0.68971848487854","0.68971848487854","0.68971848487854","1.1483064889907837","1.1483064889907837","1.1483064889907837","1.1477301120758057","1.1477301120758057","1.1477301120758057","0.573337197303772","0.573337197303772","0.573337197303772","0.7736895084381104","0.7736895084381104","0.7736895084381104","1.1498996019363403","1.1498996019363403","1.1498996019363403","1.2028822898864746","1.2028822898864746","1.2028822898864746","1.088529109954834","1.088529109954834","1.088529109954834","1.0672805309295654","1.0672805309295654","1.0672805309295654","1.0667872428894043","1.0667872428894043","1.0667872428894043","1.018287181854248","1.018287181854248","1.018287181854248"
"218","0.7971545457839966","0.7971545457839966","0.7971545457839966","0.6888552308082581","0.6888552308082581","0.6888552308082581","1.1478297710418701","1.1478297710418701","1.1478297710418701","1.1484146118164062","1.1484146118164062","1.1484146118164062","0.5990122556686401","0.5990122556686401","0.5990122556686401","0.7877832651138306","0.7877832651138306","0.7877832651138306","1.1432526111602783","1.1432526111602783","1.1432526111602783","1.1786396503448486","1.1786396503448486","1.1786396503448486","1.0907206535339355","1.0907206535339355","1.0907206535339355","1.0766866207122803","1.0766866207122803","1.0766866207122803","1.068507432937622","1.068507432937622","1.068507432937622","1.0594589710235596","1.0594589710235596","1.0594589710235596"
"220","0.7919073700904846","0.7919073700904846","0.7919073700904846","0.7016764283180237","0.7016764283180237","0.7016764283180237","1.1477513313293457","1.1477513313293457","1.1477513313293457","1.1486437320709229","1.1486437320709229","1.1486437320709229","0.5936936140060425","0.5936936140060425","0.5936936140060425","0.7680759429931641","0.7680759429931641","0.7680759429931641","1.1471253633499146","1.1471253633499146","1.1471253633499146","1.1666830778121948","1.1666830778121948","1.1666830778121948","1.0873240232467651","1.0873240232467651","1.0873240232467651","1.0848950147628784","1.0848950147628784","1.0848950147628784","1.0669381618499756","1.0669381618499756","1.0669381618499756","1.0750913619995117","1.0750913619995117","1.0750913619995117"
"222","0.8166030645370483","0.8166030645370483","0.8166030645370483","0.6995416283607483","0.6995416283607483","0.6995416283607483","1.147600769996643","1.147600769996643","1.147600769996643","1.1483466625213623","1.1483466625213623","1.1483466625213623","0.5657840371131897","0.5657840371131897","0.5657840371131897","0.7932103276252747","0.7932103276252747","0.7932103276252747","1.150854229927063","1.150854229927063","1.150854229927063","1.1741819381713867","1.1741819381713867","1.1741819381713867","1.1028656959533691","1.1028656959533691","1.1028656959533691","1.0398437976837158","1.0398437976837158","1.0398437976837158","1.0690741539001465","1.0690741539001465","1.0690741539001465","1.0420864820480347","1.0420864820480347","1.0420864820480347"
"224","0.8197763562202454","0.8197763562202454","0.8197763562202454","0.7150382995605469","0.7150382995605469","0.7150382995605469","1.1479756832122803","1.1479756832122803","1.1479756832122803","1.148827075958252","1.148827075958252","1.148827075958252","0.6028586626052856","0.6028586626052856","0.6028586626052856","0.790969967842102","0.790969967842102","0.790969967842102","1.150963544845581","1.150963544845581","1.150963544845581","1.148018717765808","1.148018717765808","1.148018717765808","1.0987191200256348","1.0987191200256348","1.0987191200256348","1.0454210042953491","1.0454210042953491","1.0454210042953491","1.0731263160705566","1.0731263160705566","1.0731263160705566","1.0709880590438843","1.0709880590438843","1.0709880590438843"
"226","0.8022554516792297","0.8022554516792297","0.8022554516792297","0.7173017263412476","0.7173017263412476","0.7173017263412476","1.147778868675232","1.147778868675232","1.147778868675232","1.1470822095870972","1.1470822095870972","1.1470822095870972","0.6162487268447876","0.6162487268447876","0.6162487268447876","0.7954113483428955","0.7954113483428955","0.7954113483428955","1.149308681488037","1.149308681488037","1.149308681488037","1.1840016841888428","1.1840016841888428","1.1840016841888428","1.0992547273635864","1.0992547273635864","1.0992547273635864","1.0435664653778076","1.0435664653778076","1.0435664653778076","1.0732216835021973","1.0732216835021973","1.0732216835021973","1.0480045080184937","1.0480045080184937","1.0480045080184937"
"228","0.8332216739654541","0.8332216739654541","0.8332216739654541","0.7224692106246948","0.7224692106246948","0.7224692106246948","1.1480720043182373","1.1480720043182373","1.1480720043182373","1.1444127559661865","1.1444127559661865","1.1444127559661865","0.6006246209144592","0.6006246209144592","0.6006246209144592","0.8008708357810974","0.8008708357810974","0.8008708357810974","1.1445657014846802","1.1445657014846802","1.1445657014846802","1.166962742805481","1.166962742805481","1.166962742805481","1.0980948209762573","1.0980948209762573","1.0980948209762573","1.0695122480392456","1.0695122480392456","1.0695122480392456","1.0682470798492432","1.0682470798492432","1.0682470798492432","1.0522252321243286","1.0522252321243286","1.0522252321243286"
"230","0.8333219885826111","0.8333219885826111","0.8333219885826111","0.7281954288482666","0.7281954288482666","0.7281954288482666","1.1480859518051147","1.1480859518051147","1.1480859518051147","1.148984432220459","1.148984432220459","1.148984432220459","0.6295698285102844","0.6295698285102844","0.6295698285102844","0.7965094447135925","0.7965094447135925","0.7965094447135925","1.1485326290130615","1.1485326290130615","1.1485326290130615","1.1913259029388428","1.1913259029388428","1.1913259029388428","1.0950520038604736","1.0950520038604736","1.0950520038604736","1.0885021686553955","1.0885021686553955","1.0885021686553955","1.0824930667877197","1.0824930667877197","1.0824930667877197","1.0335142612457275","1.0335142612457275","1.0335142612457275"