"Step","VOWELS_VMD_b10_DUAL_bs16 - divergence_positive_s","VOWELS_VMD_b10_DUAL_bs16 - divergence_positive_s__MIN","VOWELS_VMD_b10_DUAL_bs16 - divergence_positive_s__MAX","VOWELS_EMD_b10_DUAL_bs16 - divergence_positive_s","VOWELS_EMD_b10_DUAL_bs16 - divergence_positive_s__MIN","VOWELS_EMD_b10_DUAL_bs16 - divergence_positive_s__MAX","VOWELS_EMD_b0_DUAL_bs16 - divergence_positive_s","VOWELS_EMD_b0_DUAL_bs16 - divergence_positive_s__MIN","VOWELS_EMD_b0_DUAL_bs16 - divergence_positive_s__MAX","VOWELS_VMD_b0_DUAL_bs16 - divergence_positive_s","VOWELS_VMD_b0_DUAL_bs16 - divergence_positive_s__MIN","VOWELS_VMD_b0_DUAL_bs16 - divergence_positive_s__MAX","VOWELS_FILTER_b10_DUAL_bs16 - divergence_positive_s","VOWELS_FILTER_b10_DUAL_bs16 - divergence_positive_s__MIN","VOWELS_FILTER_b10_DUAL_bs16 - divergence_positive_s__MAX","VOWELS_EWT_b10_DUAL_bs16 - divergence_positive_s","VOWELS_EWT_b10_DUAL_bs16 - divergence_positive_s__MIN","VOWELS_EWT_b10_DUAL_bs16 - divergence_positive_s__MAX","VOWELS_EWT_b0_DUAL_bs16 - divergence_positive_s","VOWELS_EWT_b0_DUAL_bs16 - divergence_positive_s__MIN","VOWELS_EWT_b0_DUAL_bs16 - divergence_positive_s__MAX","VOWELS_FILTER_b0_DUAL_bs16 - divergence_positive_s","VOWELS_FILTER_b0_DUAL_bs16 - divergence_positive_s__MIN","VOWELS_FILTER_b0_DUAL_bs16 - divergence_positive_s__MAX","VOWELS_EWT_b1_DUAL_bs16 - divergence_positive_s","VOWELS_EWT_b1_DUAL_bs16 - divergence_positive_s__MIN","VOWELS_EWT_b1_DUAL_bs16 - divergence_positive_s__MAX","VOWELS_EMD_b1_DUAL_bs16 - divergence_positive_s","VOWELS_EMD_b1_DUAL_bs16 - divergence_positive_s__MIN","VOWELS_EMD_b1_DUAL_bs16 - divergence_positive_s__MAX","VOWELS_VMD_b1_DUAL_bs16 - divergence_positive_s","VOWELS_VMD_b1_DUAL_bs16 - divergence_positive_s__MIN","VOWELS_VMD_b1_DUAL_bs16 - divergence_positive_s__MAX","VOWELS_FILTER_b1_DUAL_bs16 - divergence_positive_s","VOWELS_FILTER_b1_DUAL_bs16 - divergence_positive_s__MIN","VOWELS_FILTER_b1_DUAL_bs16 - divergence_positive_s__MAX"
"0","0.0031411328818649054","0.0031411328818649054","0.0031411328818649054","0.004637311212718487","0.004637311212718487","0.004637311212718487","0.14099863171577454","0.14099863171577454","0.14099863171577454","0.0885763019323349","0.0885763019323349","0.0885763019323349","0.003695103107020259","0.003695103107020259","0.003695103107020259","0.0041054412722587585","0.0041054412722587585","0.0041054412722587585","0.1460760235786438","0.1460760235786438","0.1460760235786438","0.06602002680301666","0.06602002680301666","0.06602002680301666","0.0047644698061048985","0.0047644698061048985","0.0047644698061048985","0.005253709852695465","0.005253709852695465","0.005253709852695465","0.003673974424600601","0.003673974424600601","0.003673974424600601","0.0042967163026332855","0.0042967163026332855","0.0042967163026332855"
"2","0.000918569159694016","0.000918569159694016","0.000918569159694016","0.0017715294379740953","0.0017715294379740953","0.0017715294379740953","0.2523624897003174","0.2523624897003174","0.2523624897003174","0.1374952793121338","0.1374952793121338","0.1374952793121338","0.0009612495778128505","0.0009612495778128505","0.0009612495778128505","0.0018552349647507071","0.0018552349647507071","0.0018552349647507071","0.225774884223938","0.225774884223938","0.225774884223938","0.13796931505203247","0.13796931505203247","0.13796931505203247","0.003338651731610298","0.003338651731610298","0.003338651731610298","0.0024341540411114693","0.0024341540411114693","0.0024341540411114693","0.001437283819541335","0.001437283819541335","0.001437283819541335","0.0014734817668795586","0.0014734817668795586","0.0014734817668795586"
"4","0.0003731542674358934","0.0003731542674358934","0.0003731542674358934","0.0008047720184549689","0.0008047720184549689","0.0008047720184549689","0.29013949632644653","0.29013949632644653","0.29013949632644653","0.16823309659957886","0.16823309659957886","0.16823309659957886","0.00041934900218620896","0.00041934900218620896","0.00041934900218620896","0.000714882044121623","0.000714882044121623","0.000714882044121623","0.2278756946325302","0.2278756946325302","0.2278756946325302","0.2518824338912964","0.2518824338912964","0.2518824338912964","0.0024449832271784544","0.0024449832271784544","0.0024449832271784544","0.001287591876462102","0.001287591876462102","0.001287591876462102","0.0008019852684810758","0.0008019852684810758","0.0008019852684810758","0.0007807596120983362","0.0007807596120983362","0.0007807596120983362"
"6","0.00021344625565689057","0.00021344625565689057","0.00021344625565689057","0.00046815554378554225","0.00046815554378554225","0.00046815554378554225","0.3032186031341553","0.3032186031341553","0.3032186031341553","0.2564290761947632","0.2564290761947632","0.2564290761947632","0.00028299164841882885","0.00028299164841882885","0.00028299164841882885","0.000514129176735878","0.000514129176735878","0.000514129176735878","0.2796570658683777","0.2796570658683777","0.2796570658683777","0.27211469411849976","0.27211469411849976","0.27211469411849976","0.0033614239655435085","0.0033614239655435085","0.0033614239655435085","0.0009520328603684902","0.0009520328603684902","0.0009520328603684902","0.0008051178883761168","0.0008051178883761168","0.0008051178883761168","0.0007323349709622562","0.0007323349709622562","0.0007323349709622562"
"8","0.0001281091244891286","0.0001281091244891286","0.0001281091244891286","0.00029137858655303717","0.00029137858655303717","0.00029137858655303717","0.3086247444152832","0.3086247444152832","0.3086247444152832","0.2561919689178467","0.2561919689178467","0.2561919689178467","0.00014564073353540152","0.00014564073353540152","0.00014564073353540152","0.00035013965680263937","0.00035013965680263937","0.00035013965680263937","0.2971199154853821","0.2971199154853821","0.2971199154853821","0.2771325707435608","0.2771325707435608","0.2771325707435608","0.00515217799693346","0.00515217799693346","0.00515217799693346","0.0008709791000001132","0.0008709791000001132","0.0008709791000001132","0.0010008963290601969","0.0010008963290601969","0.0010008963290601969","0.0007236110395751894","0.0007236110395751894","0.0007236110395751894"
"10","0.00008136159158311784","0.00008136159158311784","0.00008136159158311784","0.0001968255965039134","0.0001968255965039134","0.0001968255965039134","0.31479668617248535","0.31479668617248535","0.31479668617248535","0.2961021959781647","0.2961021959781647","0.2961021959781647","0.00009566657536197454","0.00009566657536197454","0.00009566657536197454","0.00027262442745268345","0.00027262442745268345","0.00027262442745268345","0.29463422298431396","0.29463422298431396","0.29463422298431396","0.300704687833786","0.300704687833786","0.300704687833786","0.008327314630150795","0.008327314630150795","0.008327314630150795","0.0011433170875534415","0.0011433170875534415","0.0011433170875534415","0.0023641237057745457","0.0023641237057745457","0.0023641237057745457","0.0014470343012362719","0.0014470343012362719","0.0014470343012362719"
"12","0.00006881298759253696","0.00006881298759253696","0.00006881298759253696","0.0001368376542814076","0.0001368376542814076","0.0001368376542814076","0.30951106548309326","0.30951106548309326","0.30951106548309326","0.2959814667701721","0.2959814667701721","0.2959814667701721","0.00008406032429775223","0.00008406032429775223","0.00008406032429775223","0.00028590060537680984","0.00028590060537680984","0.00028590060537680984","0.29730677604675293","0.29730677604675293","0.29730677604675293","0.3001691699028015","0.3001691699028015","0.3001691699028015","0.01735766790807247","0.01735766790807247","0.01735766790807247","0.0031785559840500355","0.0031785559840500355","0.0031785559840500355","0.006683118641376495","0.006683118641376495","0.006683118641376495","0.0039467159658670425","0.0039467159658670425","0.0039467159658670425"
"14","0.00005982289439998567","0.00005982289439998567","0.00005982289439998567","0.00010154115443583578","0.00010154115443583578","0.00010154115443583578","0.31095802783966064","0.31095802783966064","0.31095802783966064","0.2971513271331787","0.2971513271331787","0.2971513271331787","0.00005630857413052581","0.00005630857413052581","0.00005630857413052581","0.00028690259205177426","0.00028690259205177426","0.00028690259205177426","0.30254971981048584","0.30254971981048584","0.30254971981048584","0.299007773399353","0.299007773399353","0.299007773399353","0.034743547439575195","0.034743547439575195","0.034743547439575195","0.01095626037567854","0.01095626037567854","0.01095626037567854","0.014881022274494171","0.014881022274494171","0.014881022274494171","0.00797930359840393","0.00797930359840393","0.00797930359840393"
"16","0.00005979424895485863","0.00005979424895485863","0.00005979424895485863","0.00009462617163080722","0.00009462617163080722","0.00009462617163080722","0.3151559829711914","0.3151559829711914","0.3151559829711914","0.2921622395515442","0.2921622395515442","0.2921622395515442","0.00005029487510910258","0.00005029487510910258","0.00005029487510910258","0.00033565887133590877","0.00033565887133590877","0.00033565887133590877","0.3097795248031616","0.3097795248031616","0.3097795248031616","0.30805352330207825","0.30805352330207825","0.30805352330207825","0.06619533151388168","0.06619533151388168","0.06619533151388168","0.030247606337070465","0.030247606337070465","0.030247606337070465","0.025728672742843628","0.025728672742843628","0.025728672742843628","0.015952493995428085","0.015952493995428085","0.015952493995428085"
"18","0.0000824832241050899","0.0000824832241050899","0.0000824832241050899","0.00008489941683365032","0.00008489941683365032","0.00008489941683365032","0.3144286572933197","0.3144286572933197","0.3144286572933197","0.3075413107872009","0.3075413107872009","0.3075413107872009","0.00005933034117333591","0.00005933034117333591","0.00005933034117333591","0.00041778472950682044","0.00041778472950682044","0.00041778472950682044","0.3051537871360779","0.3051537871360779","0.3051537871360779","0.3139292597770691","0.3139292597770691","0.3139292597770691","0.10467392206192017","0.10467392206192017","0.10467392206192017","0.04378112405538559","0.04378112405538559","0.04378112405538559","0.051523357629776","0.051523357629776","0.051523357629776","0.03168971836566925","0.03168971836566925","0.03168971836566925"
"20","0.00011271461698925123","0.00011271461698925123","0.00011271461698925123","0.00010206895967712626","0.00010206895967712626","0.00010206895967712626","0.3136567771434784","0.3136567771434784","0.3136567771434784","0.2954429090023041","0.2954429090023041","0.2954429090023041","0.00007827661465853453","0.00007827661465853453","0.00007827661465853453","0.0005619081202894449","0.0005619081202894449","0.0005619081202894449","0.31720733642578125","0.31720733642578125","0.31720733642578125","0.32338109612464905","0.32338109612464905","0.32338109612464905","0.1327497959136963","0.1327497959136963","0.1327497959136963","0.07974155992269516","0.07974155992269516","0.07974155992269516","0.08134425431489944","0.08134425431489944","0.08134425431489944","0.05773336812853813","0.05773336812853813","0.05773336812853813"
"22","0.00016841954493429512","0.00016841954493429512","0.00016841954493429512","0.00013535949983634055","0.00013535949983634055","0.00013535949983634055","0.3144432008266449","0.3144432008266449","0.3144432008266449","0.3123149275779724","0.3123149275779724","0.3123149275779724","0.00010015524458140135","0.00010015524458140135","0.00010015524458140135","0.0007474739104509354","0.0007474739104509354","0.0007474739104509354","0.3135417699813843","0.3135417699813843","0.3135417699813843","0.31844058632850647","0.31844058632850647","0.31844058632850647","0.15978386998176575","0.15978386998176575","0.15978386998176575","0.10307756066322327","0.10307756066322327","0.10307756066322327","0.12048283219337463","0.12048283219337463","0.12048283219337463","0.07790075242519379","0.07790075242519379","0.07790075242519379"
"24","0.00027922220760956407","0.00027922220760956407","0.00027922220760956407","0.00021230103448033333","0.00021230103448033333","0.00021230103448033333","0.31532546877861023","0.31532546877861023","0.31532546877861023","0.3138401508331299","0.3138401508331299","0.3138401508331299","0.0001656348176766187","0.0001656348176766187","0.0001656348176766187","0.0009500272572040558","0.0009500272572040558","0.0009500272572040558","0.32186615467071533","0.32186615467071533","0.32186615467071533","0.3151111602783203","0.3151111602783203","0.3151111602783203","0.17750462889671326","0.17750462889671326","0.17750462889671326","0.11638247221708298","0.11638247221708298","0.11638247221708298","0.13611257076263428","0.13611257076263428","0.13611257076263428","0.10619315505027771","0.10619315505027771","0.10619315505027771"
"26","0.00048130296636372805","0.00048130296636372805","0.00048130296636372805","0.00038907205453142524","0.00038907205453142524","0.00038907205453142524","0.31562185287475586","0.31562185287475586","0.31562185287475586","0.31844285130500793","0.31844285130500793","0.31844285130500793","0.0002909329778049141","0.0002909329778049141","0.0002909329778049141","0.0012972326949238777","0.0012972326949238777","0.0012972326949238777","0.3246287703514099","0.3246287703514099","0.3246287703514099","0.31382426619529724","0.31382426619529724","0.31382426619529724","0.1995912492275238","0.1995912492275238","0.1995912492275238","0.1213160902261734","0.1213160902261734","0.1213160902261734","0.1370222568511963","0.1370222568511963","0.1370222568511963","0.11686176061630249","0.11686176061630249","0.11686176061630249"
"28","0.0008228635415434837","0.0008228635415434837","0.0008228635415434837","0.000895486562512815","0.000895486562512815","0.000895486562512815","0.3157402276992798","0.3157402276992798","0.3157402276992798","0.3110552430152893","0.3110552430152893","0.3110552430152893","0.00040074822027236223","0.00040074822027236223","0.00040074822027236223","0.001810619025491178","0.001810619025491178","0.001810619025491178","0.30960774421691895","0.30960774421691895","0.30960774421691895","0.3223345875740051","0.3223345875740051","0.3223345875740051","0.20979097485542297","0.20979097485542297","0.20979097485542297","0.14573010802268982","0.14573010802268982","0.14573010802268982","0.12882421910762787","0.12882421910762787","0.12882421910762787","0.10959304869174957","0.10959304869174957","0.10959304869174957"
"30","0.0014791665598750114","0.0014791665598750114","0.0014791665598750114","0.001697797211818397","0.001697797211818397","0.001697797211818397","0.31601279973983765","0.31601279973983765","0.31601279973983765","0.31628304719924927","0.31628304719924927","0.31628304719924927","0.0007804540800862014","0.0007804540800862014","0.0007804540800862014","0.002155760768800974","0.002155760768800974","0.002155760768800974","0.3169010281562805","0.3169010281562805","0.3169010281562805","0.31621500849723816","0.31621500849723816","0.31621500849723816","0.212844118475914","0.212844118475914","0.212844118475914","0.14508795738220215","0.14508795738220215","0.14508795738220215","0.13479754328727722","0.13479754328727722","0.13479754328727722","0.12205448746681213","0.12205448746681213","0.12205448746681213"
"32","0.002431028289720416","0.002431028289720416","0.002431028289720416","0.003420848399400711","0.003420848399400711","0.003420848399400711","0.31668949127197266","0.31668949127197266","0.31668949127197266","0.30781111121177673","0.30781111121177673","0.30781111121177673","0.0015046063344925642","0.0015046063344925642","0.0015046063344925642","0.0032368688844144344","0.0032368688844144344","0.0032368688844144344","0.3145715594291687","0.3145715594291687","0.3145715594291687","0.32280057668685913","0.32280057668685913","0.32280057668685913","0.21519331634044647","0.21519331634044647","0.21519331634044647","0.15015344321727753","0.15015344321727753","0.15015344321727753","0.11728604137897491","0.11728604137897491","0.11728604137897491","0.13103395700454712","0.13103395700454712","0.13103395700454712"
"34","0.00454420130699873","0.00454420130699873","0.00454420130699873","0.005010814405977726","0.005010814405977726","0.005010814405977726","0.31632280349731445","0.31632280349731445","0.31632280349731445","0.3189842998981476","0.3189842998981476","0.3189842998981476","0.0036846576258540154","0.0036846576258540154","0.0036846576258540154","0.0037244949489831924","0.0037244949489831924","0.0037244949489831924","0.3191904127597809","0.3191904127597809","0.3191904127597809","0.32159411907196045","0.32159411907196045","0.32159411907196045","0.2136496752500534","0.2136496752500534","0.2136496752500534","0.14230459928512573","0.14230459928512573","0.14230459928512573","0.14515948295593262","0.14515948295593262","0.14515948295593262","0.1343594342470169","0.1343594342470169","0.1343594342470169"
"36","0.0063187419436872005","0.0063187419436872005","0.0063187419436872005","0.008838862180709839","0.008838862180709839","0.008838862180709839","0.31654056906700134","0.31654056906700134","0.31654056906700134","0.31632429361343384","0.31632429361343384","0.31632429361343384","0.004504906013607979","0.004504906013607979","0.004504906013607979","0.0052046747878193855","0.0052046747878193855","0.0052046747878193855","0.3035261034965515","0.3035261034965515","0.3035261034965515","0.3150842785835266","0.3150842785835266","0.3150842785835266","0.21771547198295593","0.21771547198295593","0.21771547198295593","0.15552115440368652","0.15552115440368652","0.15552115440368652","0.1409032940864563","0.1409032940864563","0.1409032940864563","0.12651173770427704","0.12651173770427704","0.12651173770427704"
"38","0.009803722612559795","0.009803722612559795","0.009803722612559795","0.011932989582419395","0.011932989582419395","0.011932989582419395","0.31677210330963135","0.31677210330963135","0.31677210330963135","0.31813982129096985","0.31813982129096985","0.31813982129096985","0.0056382897309958935","0.0056382897309958935","0.0056382897309958935","0.006277748849242926","0.006277748849242926","0.006277748849242926","0.3159416913986206","0.3159416913986206","0.3159416913986206","0.3278736472129822","0.3278736472129822","0.3278736472129822","0.2383231371641159","0.2383231371641159","0.2383231371641159","0.1592261791229248","0.1592261791229248","0.1592261791229248","0.15604645013809204","0.15604645013809204","0.15604645013809204","0.13084937632083893","0.13084937632083893","0.13084937632083893"
"40","0.012234299443662167","0.012234299443662167","0.012234299443662167","0.0198749341070652","0.0198749341070652","0.0198749341070652","0.31679296493530273","0.31679296493530273","0.31679296493530273","0.3198769688606262","0.3198769688606262","0.3198769688606262","0.008020920678973198","0.008020920678973198","0.008020920678973198","0.008832691237330437","0.008832691237330437","0.008832691237330437","0.32528162002563477","0.32528162002563477","0.32528162002563477","0.3175460994243622","0.3175460994243622","0.3175460994243622","0.21471747756004333","0.21471747756004333","0.21471747756004333","0.16226476430892944","0.16226476430892944","0.16226476430892944","0.15545281767845154","0.15545281767845154","0.15545281767845154","0.13237936794757843","0.13237936794757843","0.13237936794757843"
"42","0.01869974285364151","0.01869974285364151","0.01869974285364151","0.028894778341054916","0.028894778341054916","0.028894778341054916","0.31702515482902527","0.31702515482902527","0.31702515482902527","0.31335753202438354","0.31335753202438354","0.31335753202438354","0.015028176829218864","0.015028176829218864","0.015028176829218864","0.013026280328631401","0.013026280328631401","0.013026280328631401","0.31324824690818787","0.31324824690818787","0.31324824690818787","0.3176437318325043","0.3176437318325043","0.3176437318325043","0.19330118596553802","0.19330118596553802","0.19330118596553802","0.18133726716041565","0.18133726716041565","0.18133726716041565","0.15181964635849","0.15181964635849","0.15181964635849","0.13859301805496216","0.13859301805496216","0.13859301805496216"
"44","0.02656875178217888","0.02656875178217888","0.02656875178217888","0.03686366230249405","0.03686366230249405","0.03686366230249405","0.3168446123600006","0.3168446123600006","0.3168446123600006","0.3342576026916504","0.3342576026916504","0.3342576026916504","0.02012728713452816","0.02012728713452816","0.02012728713452816","0.018553853034973145","0.018553853034973145","0.018553853034973145","0.3146331310272217","0.3146331310272217","0.3146331310272217","0.3149256110191345","0.3149256110191345","0.3149256110191345","0.1982765644788742","0.1982765644788742","0.1982765644788742","0.1585022658109665","0.1585022658109665","0.1585022658109665","0.16389100253582","0.16389100253582","0.16389100253582","0.13774827122688293","0.13774827122688293","0.13774827122688293"
"46","0.028895117342472076","0.028895117342472076","0.028895117342472076","0.042748939245939255","0.042748939245939255","0.042748939245939255","0.31707337498664856","0.31707337498664856","0.31707337498664856","0.31478002667427063","0.31478002667427063","0.31478002667427063","0.02496371418237686","0.02496371418237686","0.02496371418237686","0.02340535819530487","0.02340535819530487","0.02340535819530487","0.3145371675491333","0.3145371675491333","0.3145371675491333","0.3174254298210144","0.3174254298210144","0.3174254298210144","0.191461443901062","0.191461443901062","0.191461443901062","0.1573600172996521","0.1573600172996521","0.1573600172996521","0.17143309116363525","0.17143309116363525","0.17143309116363525","0.14767885208129883","0.14767885208129883","0.14767885208129883"
"48","0.039490021765232086","0.039490021765232086","0.039490021765232086","0.05322563648223877","0.05322563648223877","0.05322563648223877","0.3169555068016052","0.3169555068016052","0.3169555068016052","0.3148106038570404","0.3148106038570404","0.3148106038570404","0.028669103980064392","0.028669103980064392","0.028669103980064392","0.028697354719042778","0.028697354719042778","0.028697354719042778","0.317437082529068","0.317437082529068","0.317437082529068","0.3129138946533203","0.3129138946533203","0.3129138946533203","0.19279174506664276","0.19279174506664276","0.19279174506664276","0.14869065582752228","0.14869065582752228","0.14869065582752228","0.1912720799446106","0.1912720799446106","0.1912720799446106","0.14781631529331207","0.14781631529331207","0.14781631529331207"
"50","0.03869764879345894","0.03869764879345894","0.03869764879345894","0.06268236041069031","0.06268236041069031","0.06268236041069031","0.31690165400505066","0.31690165400505066","0.31690165400505066","0.31330564618110657","0.31330564618110657","0.31330564618110657","0.031940627843141556","0.031940627843141556","0.031940627843141556","0.034843601286411285","0.034843601286411285","0.034843601286411285","0.3230902850627899","0.3230902850627899","0.3230902850627899","0.32035064697265625","0.32035064697265625","0.32035064697265625","0.21309605240821838","0.21309605240821838","0.21309605240821838","0.1622091829776764","0.1622091829776764","0.1622091829776764","0.18796412646770477","0.18796412646770477","0.18796412646770477","0.15100254118442535","0.15100254118442535","0.15100254118442535"
"52","0.05062858760356903","0.05062858760356903","0.05062858760356903","0.06698876619338989","0.06698876619338989","0.06698876619338989","0.31720423698425293","0.31720423698425293","0.31720423698425293","0.3172353506088257","0.3172353506088257","0.3172353506088257","0.04322008043527603","0.04322008043527603","0.04322008043527603","0.035669926553964615","0.035669926553964615","0.035669926553964615","0.3144391179084778","0.3144391179084778","0.3144391179084778","0.32083186507225037","0.32083186507225037","0.32083186507225037","0.19500736892223358","0.19500736892223358","0.19500736892223358","0.1450379341840744","0.1450379341840744","0.1450379341840744","0.19658276438713074","0.19658276438713074","0.19658276438713074","0.15766490995883942","0.15766490995883942","0.15766490995883942"
"54","0.05584607645869255","0.05584607645869255","0.05584607645869255","0.06859809160232544","0.06859809160232544","0.06859809160232544","0.31739184260368347","0.31739184260368347","0.31739184260368347","0.32189977169036865","0.32189977169036865","0.32189977169036865","0.04783474653959274","0.04783474653959274","0.04783474653959274","0.04876785725355148","0.04876785725355148","0.04876785725355148","0.3241106867790222","0.3241106867790222","0.3241106867790222","0.32228654623031616","0.32228654623031616","0.32228654623031616","0.19587838649749756","0.19587838649749756","0.19587838649749756","0.14571323990821838","0.14571323990821838","0.14571323990821838","0.19474035501480103","0.19474035501480103","0.19474035501480103","0.15918342769145966","0.15918342769145966","0.15918342769145966"
"56","0.05479821190237999","0.05479821190237999","0.05479821190237999","0.09437694400548935","0.09437694400548935","0.09437694400548935","0.3171572685241699","0.3171572685241699","0.3171572685241699","0.3125295639038086","0.3125295639038086","0.3125295639038086","0.04506919905543327","0.04506919905543327","0.04506919905543327","0.04600830376148224","0.04600830376148224","0.04600830376148224","0.3097395598888397","0.3097395598888397","0.3097395598888397","0.32522743940353394","0.32522743940353394","0.32522743940353394","0.19344589114189148","0.19344589114189148","0.19344589114189148","0.1504555344581604","0.1504555344581604","0.1504555344581604","0.20158551633358002","0.20158551633358002","0.20158551633358002","0.11090098321437836","0.11090098321437836","0.11090098321437836"
"58","0.06223607063293457","0.06223607063293457","0.06223607063293457","0.09248446673154831","0.09248446673154831","0.09248446673154831","0.31737637519836426","0.31737637519836426","0.31737637519836426","0.3169845938682556","0.3169845938682556","0.3169845938682556","0.05078145116567612","0.05078145116567612","0.05078145116567612","0.06732451915740967","0.06732451915740967","0.06732451915740967","0.30978500843048096","0.30978500843048096","0.30978500843048096","0.32401901483535767","0.32401901483535767","0.32401901483535767","0.19881793856620789","0.19881793856620789","0.19881793856620789","0.09773578494787216","0.09773578494787216","0.09773578494787216","0.21021100878715515","0.21021100878715515","0.21021100878715515","0.14400675892829895","0.14400675892829895","0.14400675892829895"
"60","0.06948401778936386","0.06948401778936386","0.06948401778936386","0.08914618194103241","0.08914618194103241","0.08914618194103241","0.31735673546791077","0.31735673546791077","0.31735673546791077","0.31773844361305237","0.31773844361305237","0.31773844361305237","0.057351257652044296","0.057351257652044296","0.057351257652044296","0.06381957978010178","0.06381957978010178","0.06381957978010178","0.3145126402378082","0.3145126402378082","0.3145126402378082","0.3276363015174866","0.3276363015174866","0.3276363015174866","0.0007120654918253422","0.0007120654918253422","0.0007120654918253422","0.1376526802778244","0.1376526802778244","0.1376526802778244","0.211345836520195","0.211345836520195","0.211345836520195","0.13597559928894043","0.13597559928894043","0.13597559928894043"
"62","0.0652584657073021","0.0652584657073021","0.0652584657073021","0.11884520947933197","0.11884520947933197","0.11884520947933197","0.31676289439201355","0.31676289439201355","0.31676289439201355","0.3150794208049774","0.3150794208049774","0.3150794208049774","0.06431150436401367","0.06431150436401367","0.06431150436401367","0.06567530333995819","0.06567530333995819","0.06567530333995819","0.315694659948349","0.315694659948349","0.315694659948349","0.3193458318710327","0.3193458318710327","0.3193458318710327","0.22732791304588318","0.22732791304588318","0.22732791304588318","0.15970730781555176","0.15970730781555176","0.15970730781555176","0.21296554803848267","0.21296554803848267","0.21296554803848267","0.158218115568161","0.158218115568161","0.158218115568161"
"64","0.0773908719420433","0.0773908719420433","0.0773908719420433","0.116265669465065","0.116265669465065","0.116265669465065","0.3172406554222107","0.3172406554222107","0.3172406554222107","0.31696799397468567","0.31696799397468567","0.31696799397468567","0.06636594980955124","0.06636594980955124","0.06636594980955124","0.0728735476732254","0.0728735476732254","0.0728735476732254","0.3191682696342468","0.3191682696342468","0.3191682696342468","0.3241172134876251","0.3241172134876251","0.3241172134876251","0.24188530445098877","0.24188530445098877","0.24188530445098877","0.15178903937339783","0.15178903937339783","0.15178903937339783","0.21728157997131348","0.21728157997131348","0.21728157997131348","0.16206017136573792","0.16206017136573792","0.16206017136573792"
"66","0.07173170149326324","0.07173170149326324","0.07173170149326324","0.12620946764945984","0.12620946764945984","0.12620946764945984","0.3173903524875641","0.3173903524875641","0.3173903524875641","0.31858938932418823","0.31858938932418823","0.31858938932418823","0.072178915143013","0.072178915143013","0.072178915143013","0.08896007388830185","0.08896007388830185","0.08896007388830185","0.32470741868019104","0.32470741868019104","0.32470741868019104","0.3185673654079437","0.3185673654079437","0.3185673654079437","0.2356589287519455","0.2356589287519455","0.2356589287519455","0.15242677927017212","0.15242677927017212","0.15242677927017212","0.21409057080745697","0.21409057080745697","0.21409057080745697","0.16865381598472595","0.16865381598472595","0.16865381598472595"
"68","0.08376758545637131","0.08376758545637131","0.08376758545637131","0.116701140999794","0.116701140999794","0.116701140999794","0.3173653781414032","0.3173653781414032","0.3173653781414032","0.3180670440196991","0.3180670440196991","0.3180670440196991","0.06942018121480942","0.06942018121480942","0.06942018121480942","0.0972297340631485","0.0972297340631485","0.0972297340631485","0.31516754627227783","0.31516754627227783","0.31516754627227783","0.32696637511253357","0.32696637511253357","0.32696637511253357","0.24230816960334778","0.24230816960334778","0.24230816960334778","0.15374618768692017","0.15374618768692017","0.15374618768692017","0.23824971914291382","0.23824971914291382","0.23824971914291382","0.16579407453536987","0.16579407453536987","0.16579407453536987"
"70","0.08306806534528732","0.08306806534528732","0.08306806534528732","0.12350424379110336","0.12350424379110336","0.12350424379110336","0.3173453211784363","0.3173453211784363","0.3173453211784363","0.3133987784385681","0.3133987784385681","0.3133987784385681","0.07145127654075623","0.07145127654075623","0.07145127654075623","0.10179223865270615","0.10179223865270615","0.10179223865270615","0.33112847805023193","0.33112847805023193","0.33112847805023193","0.31478753685951233","0.31478753685951233","0.31478753685951233","0.2335527241230011","0.2335527241230011","0.2335527241230011","0.15918581187725067","0.15918581187725067","0.15918581187725067","0.22862057387828827","0.22862057387828827","0.22862057387828827","0.16573229432106018","0.16573229432106018","0.16573229432106018"
"72","0.08462326228618622","0.08462326228618622","0.08462326228618622","0.12521836161613464","0.12521836161613464","0.12521836161613464","0.3174753785133362","0.3174753785133362","0.3174753785133362","0.3167475461959839","0.3167475461959839","0.3167475461959839","0.07857456803321838","0.07857456803321838","0.07857456803321838","0.07953251898288727","0.07953251898288727","0.07953251898288727","0.3161958158016205","0.3161958158016205","0.3161958158016205","0.3249351382255554","0.3249351382255554","0.3249351382255554","0.22309145331382751","0.22309145331382751","0.22309145331382751","0.15646161139011383","0.15646161139011383","0.15646161139011383","0.23556461930274963","0.23556461930274963","0.23556461930274963","0.18266473710536957","0.18266473710536957","0.18266473710536957"
"74","0.08641308546066284","0.08641308546066284","0.08641308546066284","0.1297752410173416","0.1297752410173416","0.1297752410173416","0.3174392879009247","0.3174392879009247","0.3174392879009247","0.32013028860092163","0.32013028860092163","0.32013028860092163","0.08004540205001831","0.08004540205001831","0.08004540205001831","0.11360102146863937","0.11360102146863937","0.11360102146863937","0.31617891788482666","0.31617891788482666","0.31617891788482666","0.3252803087234497","0.3252803087234497","0.3252803087234497","0.2345479130744934","0.2345479130744934","0.2345479130744934","0.16092383861541748","0.16092383861541748","0.16092383861541748","0.24250692129135132","0.24250692129135132","0.24250692129135132","0.17952528595924377","0.17952528595924377","0.17952528595924377"
"76","0.0863744243979454","0.0863744243979454","0.0863744243979454","0.13532334566116333","0.13532334566116333","0.13532334566116333","0.31742510199546814","0.31742510199546814","0.31742510199546814","0.3174285590648651","0.3174285590648651","0.3174285590648651","0.08319021761417389","0.08319021761417389","0.08319021761417389","0.1251998245716095","0.1251998245716095","0.1251998245716095","0.3208119571208954","0.3208119571208954","0.3208119571208954","0.3181227147579193","0.3181227147579193","0.3181227147579193","0.23307502269744873","0.23307502269744873","0.23307502269744873","0.156612366437912","0.156612366437912","0.156612366437912","0.24037347733974457","0.24037347733974457","0.24037347733974457","0.1906510591506958","0.1906510591506958","0.1906510591506958"
"78","0.09605836123228073","0.09605836123228073","0.09605836123228073","0.13734710216522217","0.13734710216522217","0.13734710216522217","0.31751495599746704","0.31751495599746704","0.31751495599746704","0.31694453954696655","0.31694453954696655","0.31694453954696655","0.09188979864120483","0.09188979864120483","0.09188979864120483","0.0981483981013298","0.0981483981013298","0.0981483981013298","0.32136327028274536","0.32136327028274536","0.32136327028274536","0.320665180683136","0.320665180683136","0.320665180683136","0.22837698459625244","0.22837698459625244","0.22837698459625244","0.15668761730194092","0.15668761730194092","0.15668761730194092","0.25392115116119385","0.25392115116119385","0.25392115116119385","0.20815646648406982","0.20815646648406982","0.20815646648406982"
"80","0.09198372811079025","0.09198372811079025","0.09198372811079025","0.11262224614620209","0.11262224614620209","0.11262224614620209","0.3174915611743927","0.3174915611743927","0.3174915611743927","0.3175068795681","0.3175068795681","0.3175068795681","0.08720982074737549","0.08720982074737549","0.08720982074737549","0.1232932060956955","0.1232932060956955","0.1232932060956955","0.31824225187301636","0.31824225187301636","0.31824225187301636","0.3193766474723816","0.3193766474723816","0.3193766474723816","0.2371126115322113","0.2371126115322113","0.2371126115322113","0.15959560871124268","0.15959560871124268","0.15959560871124268","0.24535033106803894","0.24535033106803894","0.24535033106803894","0.21597985923290253","0.21597985923290253","0.21597985923290253"
"82","0.104399673640728","0.104399673640728","0.104399673640728","0.13631702959537506","0.13631702959537506","0.13631702959537506","0.3172803819179535","0.3172803819179535","0.3172803819179535","0.3180158734321594","0.3180158734321594","0.3180158734321594","0.08150681853294373","0.08150681853294373","0.08150681853294373","0.10970088839530945","0.10970088839530945","0.10970088839530945","0.31831568479537964","0.31831568479537964","0.31831568479537964","0.31991490721702576","0.31991490721702576","0.31991490721702576","0.24580787122249603","0.24580787122249603","0.24580787122249603","0.15078064799308777","0.15078064799308777","0.15078064799308777","0.25922149419784546","0.25922149419784546","0.25922149419784546","0.21264749765396118","0.21264749765396118","0.21264749765396118"
"84","0.10425734519958496","0.10425734519958496","0.10425734519958496","0.13922381401062012","0.13922381401062012","0.13922381401062012","0.31753185391426086","0.31753185391426086","0.31753185391426086","0.31469297409057617","0.31469297409057617","0.31469297409057617","0.08742233365774155","0.08742233365774155","0.08742233365774155","0.12892763316631317","0.12892763316631317","0.12892763316631317","0.31941530108451843","0.31941530108451843","0.31941530108451843","0.3232576847076416","0.3232576847076416","0.3232576847076416","0.2499052733182907","0.2499052733182907","0.2499052733182907","0.16266953945159912","0.16266953945159912","0.16266953945159912","0.25509828329086304","0.25509828329086304","0.25509828329086304","0.2160794734954834","0.2160794734954834","0.2160794734954834"
"86","0.10193514823913574","0.10193514823913574","0.10193514823913574","0.1217438206076622","0.1217438206076622","0.1217438206076622","0.3175874352455139","0.3175874352455139","0.3175874352455139","0.31697744131088257","0.31697744131088257","0.31697744131088257","0.09468787908554077","0.09468787908554077","0.09468787908554077","0.13181743025779724","0.13181743025779724","0.13181743025779724","0.3166434168815613","0.3166434168815613","0.3166434168815613","0.3178711533546448","0.3178711533546448","0.3178711533546448","0.2346670925617218","0.2346670925617218","0.2346670925617218","0.18080304563045502","0.18080304563045502","0.18080304563045502","0.24932979047298431","0.24932979047298431","0.24932979047298431","0.2150416374206543","0.2150416374206543","0.2150416374206543"
"88","0.11195247620344162","0.11195247620344162","0.11195247620344162","0.1246120035648346","0.1246120035648346","0.1246120035648346","0.3173867166042328","0.3173867166042328","0.3173867166042328","0.3178155720233917","0.3178155720233917","0.3178155720233917","0.0820065513253212","0.0820065513253212","0.0820065513253212","0.10781317949295044","0.10781317949295044","0.10781317949295044","0.3203037679195404","0.3203037679195404","0.3203037679195404","0.3393792510032654","0.3393792510032654","0.3393792510032654","0.24254971742630005","0.24254971742630005","0.24254971742630005","0.1776656210422516","0.1776656210422516","0.1776656210422516","0.271350622177124","0.271350622177124","0.271350622177124","0.21260395646095276","0.21260395646095276","0.21260395646095276"
"90","0.11478885263204575","0.11478885263204575","0.11478885263204575","0.128164604306221","0.128164604306221","0.128164604306221","0.3174222707748413","0.3174222707748413","0.3174222707748413","0.3128807246685028","0.3128807246685028","0.3128807246685028","0.09882452338933945","0.09882452338933945","0.09882452338933945","0.11592695116996765","0.11592695116996765","0.11592695116996765","0.3162701725959778","0.3162701725959778","0.3162701725959778","0.3217868208885193","0.3217868208885193","0.3217868208885193","0.2383980005979538","0.2383980005979538","0.2383980005979538","0.20199714601039886","0.20199714601039886","0.20199714601039886","0.27162739634513855","0.27162739634513855","0.27162739634513855","0.23829275369644165","0.23829275369644165","0.23829275369644165"
"92","0.11067967861890793","0.11067967861890793","0.11067967861890793","0.1341385692358017","0.1341385692358017","0.1341385692358017","0.31760767102241516","0.31760767102241516","0.31760767102241516","0.31707486510276794","0.31707486510276794","0.31707486510276794","0.09770175814628601","0.09770175814628601","0.09770175814628601","0.12752088904380798","0.12752088904380798","0.12752088904380798","0.3227674961090088","0.3227674961090088","0.3227674961090088","0.3286300301551819","0.3286300301551819","0.3286300301551819","0.23748719692230225","0.23748719692230225","0.23748719692230225","0.20863382518291473","0.20863382518291473","0.20863382518291473","0.27021610736846924","0.27021610736846924","0.27021610736846924","0.2413260042667389","0.2413260042667389","0.2413260042667389"
"94","0.10867085307836533","0.10867085307836533","0.10867085307836533","0.13009808957576752","0.13009808957576752","0.13009808957576752","0.3173099160194397","0.3173099160194397","0.3173099160194397","0.3179800808429718","0.3179800808429718","0.3179800808429718","0.09369784593582153","0.09369784593582153","0.09369784593582153","0.10708042979240417","0.10708042979240417","0.10708042979240417","0.3215792179107666","0.3215792179107666","0.3215792179107666","0.3200165629386902","0.3200165629386902","0.3200165629386902","0.262837290763855","0.262837290763855","0.262837290763855","0.22104689478874207","0.22104689478874207","0.22104689478874207","0.25790277123451233","0.25790277123451233","0.25790277123451233","0.2433028221130371","0.2433028221130371","0.2433028221130371"
"96","0.12127093970775604","0.12127093970775604","0.12127093970775604","0.12897689640522003","0.12897689640522003","0.12897689640522003","0.317740797996521","0.317740797996521","0.317740797996521","0.3191486597061157","0.3191486597061157","0.3191486597061157","0.09979879856109619","0.09979879856109619","0.09979879856109619","0.12262478470802307","0.12262478470802307","0.12262478470802307","0.3154718279838562","0.3154718279838562","0.3154718279838562","0.31871047616004944","0.31871047616004944","0.31871047616004944","0.2519892454147339","0.2519892454147339","0.2519892454147339","0.24783533811569214","0.24783533811569214","0.24783533811569214","0.2731953263282776","0.2731953263282776","0.2731953263282776","0.23912744224071503","0.23912744224071503","0.23912744224071503"
"98","0.12346059083938599","0.12346059083938599","0.12346059083938599","0.11164325475692749","0.11164325475692749","0.11164325475692749","0.317659854888916","0.317659854888916","0.317659854888916","0.3173951506614685","0.3173951506614685","0.3173951506614685","0.1142367348074913","0.1142367348074913","0.1142367348074913","0.12557756900787354","0.12557756900787354","0.12557756900787354","0.320018470287323","0.320018470287323","0.320018470287323","0.3252023160457611","0.3252023160457611","0.3252023160457611","0.2567630708217621","0.2567630708217621","0.2567630708217621","0.2665241062641144","0.2665241062641144","0.2665241062641144","0.2773822546005249","0.2773822546005249","0.2773822546005249","0.2425994873046875","0.2425994873046875","0.2425994873046875"
"100","0.12339457869529724","0.12339457869529724","0.12339457869529724","0.1353932023048401","0.1353932023048401","0.1353932023048401","0.31770581007003784","0.31770581007003784","0.31770581007003784","0.31806764006614685","0.31806764006614685","0.31806764006614685","0.10398662090301514","0.10398662090301514","0.10398662090301514","0.1233048141002655","0.1233048141002655","0.1233048141002655","0.31755077838897705","0.31755077838897705","0.31755077838897705","0.3202872574329376","0.3202872574329376","0.3202872574329376","0.25343960523605347","0.25343960523605347","0.25343960523605347","0.2541040778160095","0.2541040778160095","0.2541040778160095","0.2711288332939148","0.2711288332939148","0.2711288332939148","0.23318225145339966","0.23318225145339966","0.23318225145339966"
"102","0.12672975659370422","0.12672975659370422","0.12672975659370422","0.12926018238067627","0.12926018238067627","0.12926018238067627","0.3177069127559662","0.3177069127559662","0.3177069127559662","0.3175317645072937","0.3175317645072937","0.3175317645072937","0.10659530013799667","0.10659530013799667","0.10659530013799667","0.12479218095541","0.12479218095541","0.12479218095541","0.31764817237854004","0.31764817237854004","0.31764817237854004","0.32606035470962524","0.32606035470962524","0.32606035470962524","0.2591513991355896","0.2591513991355896","0.2591513991355896","0.26684582233428955","0.26684582233428955","0.26684582233428955","0.2729387879371643","0.2729387879371643","0.2729387879371643","0.23850977420806885","0.23850977420806885","0.23850977420806885"
"104","0.12346300482749939","0.12346300482749939","0.12346300482749939","0.13212090730667114","0.13212090730667114","0.13212090730667114","0.31769800186157227","0.31769800186157227","0.31769800186157227","0.31521880626678467","0.31521880626678467","0.31521880626678467","0.10500751435756683","0.10500751435756683","0.10500751435756683","0.12427614629268646","0.12427614629268646","0.12427614629268646","0.31489720940589905","0.31489720940589905","0.31489720940589905","0.32483136653900146","0.32483136653900146","0.32483136653900146","0.2604171633720398","0.2604171633720398","0.2604171633720398","0.268377423286438","0.268377423286438","0.268377423286438","0.2541319727897644","0.2541319727897644","0.2541319727897644","0.2263340801000595","0.2263340801000595","0.2263340801000595"
"106","0.13358406722545624","0.13358406722545624","0.13358406722545624","0.13440971076488495","0.13440971076488495","0.13440971076488495","0.3177410364151001","0.3177410364151001","0.3177410364151001","0.3179958760738373","0.3179958760738373","0.3179958760738373","0.11546780914068222","0.11546780914068222","0.11546780914068222","0.1260530948638916","0.1260530948638916","0.1260530948638916","0.31467559933662415","0.31467559933662415","0.31467559933662415","0.3266507387161255","0.3266507387161255","0.3266507387161255","0.2628120183944702","0.2628120183944702","0.2628120183944702","0.27279675006866455","0.27279675006866455","0.27279675006866455","0.2630860507488251","0.2630860507488251","0.2630860507488251","0.2284211963415146","0.2284211963415146","0.2284211963415146"
"108","0.11721685528755188","0.11721685528755188","0.11721685528755188","0.13994434475898743","0.13994434475898743","0.13994434475898743","0.317751407623291","0.317751407623291","0.317751407623291","0.3170930743217468","0.3170930743217468","0.3170930743217468","0.10859379172325134","0.10859379172325134","0.10859379172325134","0.11139091849327087","0.11139091849327087","0.11139091849327087","0.3178452253341675","0.3178452253341675","0.3178452253341675","0.3168805241584778","0.3168805241584778","0.3168805241584778","0.26951396465301514","0.26951396465301514","0.26951396465301514","0.2686966359615326","0.2686966359615326","0.2686966359615326","0.25568723678588867","0.25568723678588867","0.25568723678588867","0.22576968371868134","0.22576968371868134","0.22576968371868134"
"110","0.13619861006736755","0.13619861006736755","0.13619861006736755","0.1369727998971939","0.1369727998971939","0.1369727998971939","0.317717969417572","0.317717969417572","0.317717969417572","0.3180948495864868","0.3180948495864868","0.3180948495864868","0.11197175830602646","0.11197175830602646","0.11197175830602646","0.12254287302494049","0.12254287302494049","0.12254287302494049","0.320141077041626","0.320141077041626","0.320141077041626","0.32299500703811646","0.32299500703811646","0.32299500703811646","0.2666254937648773","0.2666254937648773","0.2666254937648773","0.2726406157016754","0.2726406157016754","0.2726406157016754","0.26966220140457153","0.26966220140457153","0.26966220140457153","0.2482919692993164","0.2482919692993164","0.2482919692993164"
"112","0.13422337174415588","0.13422337174415588","0.13422337174415588","0.13389749825000763","0.13389749825000763","0.13389749825000763","0.31777870655059814","0.31777870655059814","0.31777870655059814","0.3177013397216797","0.3177013397216797","0.3177013397216797","0.10569238662719727","0.10569238662719727","0.10569238662719727","0.12113368511199951","0.12113368511199951","0.12113368511199951","0.3159042298793793","0.3159042298793793","0.3159042298793793","0.32834190130233765","0.32834190130233765","0.32834190130233765","0.2687363624572754","0.2687363624572754","0.2687363624572754","0.28444814682006836","0.28444814682006836","0.28444814682006836","0.26105061173439026","0.26105061173439026","0.26105061173439026","0.23660755157470703","0.23660755157470703","0.23660755157470703"
"114","0.1376403421163559","0.1376403421163559","0.1376403421163559","0.13527607917785645","0.13527607917785645","0.13527607917785645","0.31774696707725525","0.31774696707725525","0.31774696707725525","0.31630876660346985","0.31630876660346985","0.31630876660346985","0.11755909025669098","0.11755909025669098","0.11755909025669098","0.13234516978263855","0.13234516978263855","0.13234516978263855","0.31984269618988037","0.31984269618988037","0.31984269618988037","0.3161427080631256","0.3161427080631256","0.3161427080631256","0.2729015052318573","0.2729015052318573","0.2729015052318573","0.2839950919151306","0.2839950919151306","0.2839950919151306","0.25891321897506714","0.25891321897506714","0.25891321897506714","0.24013745784759521","0.24013745784759521","0.24013745784759521"
"116","0.1299699991941452","0.1299699991941452","0.1299699991941452","0.13925659656524658","0.13925659656524658","0.13925659656524658","0.31773778796195984","0.31773778796195984","0.31773778796195984","0.3155198097229004","0.3155198097229004","0.3155198097229004","0.11903518438339233","0.11903518438339233","0.11903518438339233","0.13065311312675476","0.13065311312675476","0.13065311312675476","0.3195269703865051","0.3195269703865051","0.3195269703865051","0.32672587037086487","0.32672587037086487","0.32672587037086487","0.26975879073143005","0.26975879073143005","0.26975879073143005","0.2926303446292877","0.2926303446292877","0.2926303446292877","0.24086639285087585","0.24086639285087585","0.24086639285087585","0.2342953383922577","0.2342953383922577","0.2342953383922577"
"118","0.14075441658496857","0.14075441658496857","0.14075441658496857","0.14178980886936188","0.14178980886936188","0.14178980886936188","0.3177169859409332","0.3177169859409332","0.3177169859409332","0.3179776668548584","0.3179776668548584","0.3179776668548584","0.12123977392911911","0.12123977392911911","0.12123977392911911","0.13289789855480194","0.13289789855480194","0.13289789855480194","0.31688737869262695","0.31688737869262695","0.31688737869262695","0.32148873805999756","0.32148873805999756","0.32148873805999756","0.27109259366989136","0.27109259366989136","0.27109259366989136","0.2774030864238739","0.2774030864238739","0.2774030864238739","0.2514120042324066","0.2514120042324066","0.2514120042324066","0.266060471534729","0.266060471534729","0.266060471534729"
"120","0.14773178100585938","0.14773178100585938","0.14773178100585938","0.14563265442848206","0.14563265442848206","0.14563265442848206","0.3177322745323181","0.3177322745323181","0.3177322745323181","0.3176330626010895","0.3176330626010895","0.3176330626010895","0.12854991853237152","0.12854991853237152","0.12854991853237152","0.1290525645017624","0.1290525645017624","0.1290525645017624","0.31801608204841614","0.31801608204841614","0.31801608204841614","0.3232007920742035","0.3232007920742035","0.3232007920742035","0.2726932466030121","0.2726932466030121","0.2726932466030121","0.2806403338909149","0.2806403338909149","0.2806403338909149","0.26393985748291016","0.26393985748291016","0.26393985748291016","0.2622329890727997","0.2622329890727997","0.2622329890727997"
"122","0.13948112726211548","0.13948112726211548","0.13948112726211548","0.13862040638923645","0.13862040638923645","0.13862040638923645","0.31777623295783997","0.31777623295783997","0.31777623295783997","0.31782054901123047","0.31782054901123047","0.31782054901123047","0.10516586154699326","0.10516586154699326","0.10516586154699326","0.13370206952095032","0.13370206952095032","0.13370206952095032","0.3179144561290741","0.3179144561290741","0.3179144561290741","0.32409000396728516","0.32409000396728516","0.32409000396728516","0.2707957923412323","0.2707957923412323","0.2707957923412323","0.29034584760665894","0.29034584760665894","0.29034584760665894","0.2528725266456604","0.2528725266456604","0.2528725266456604","0.2349650114774704","0.2349650114774704","0.2349650114774704"
"124","0.15155363082885742","0.15155363082885742","0.15155363082885742","0.1444939374923706","0.1444939374923706","0.1444939374923706","0.3177720308303833","0.3177720308303833","0.3177720308303833","0.3247680068016052","0.3247680068016052","0.3247680068016052","0.1262129843235016","0.1262129843235016","0.1262129843235016","0.1362316906452179","0.1362316906452179","0.1362316906452179","0.3183722496032715","0.3183722496032715","0.3183722496032715","0.32139694690704346","0.32139694690704346","0.32139694690704346","0.2814575433731079","0.2814575433731079","0.2814575433731079","0.2911466658115387","0.2911466658115387","0.2911466658115387","0.2584686279296875","0.2584686279296875","0.2584686279296875","0.260987251996994","0.260987251996994","0.260987251996994"
"126","0.15173937380313873","0.15173937380313873","0.15173937380313873","0.14591963589191437","0.14591963589191437","0.14591963589191437","0.3177543878555298","0.3177543878555298","0.3177543878555298","0.31784337759017944","0.31784337759017944","0.31784337759017944","0.11631374061107635","0.11631374061107635","0.11631374061107635","0.13741225004196167","0.13741225004196167","0.13741225004196167","0.3132871389389038","0.3132871389389038","0.3132871389389038","0.3196793794631958","0.3196793794631958","0.3196793794631958","0.2780633568763733","0.2780633568763733","0.2780633568763733","0.28444352746009827","0.28444352746009827","0.28444352746009827","0.26045846939086914","0.26045846939086914","0.26045846939086914","0.2591480016708374","0.2591480016708374","0.2591480016708374"
"128","0.15768340229988098","0.15768340229988098","0.15768340229988098","0.1359127163887024","0.1359127163887024","0.1359127163887024","0.31779664754867554","0.31779664754867554","0.31779664754867554","0.31768500804901123","0.31768500804901123","0.31768500804901123","0.12445174157619476","0.12445174157619476","0.12445174157619476","0.14013215899467468","0.14013215899467468","0.14013215899467468","0.31801363825798035","0.31801363825798035","0.31801363825798035","0.3157423734664917","0.3157423734664917","0.3157423734664917","0.27921274304389954","0.27921274304389954","0.27921274304389954","0.2918888032436371","0.2918888032436371","0.2918888032436371","0.25482794642448425","0.25482794642448425","0.25482794642448425","0.2596922516822815","0.2596922516822815","0.2596922516822815"
"130","0.1646367758512497","0.1646367758512497","0.1646367758512497","0.14189280569553375","0.14189280569553375","0.14189280569553375","0.3177955746650696","0.3177955746650696","0.3177955746650696","0.317933052778244","0.317933052778244","0.317933052778244","0.1295659989118576","0.1295659989118576","0.1295659989118576","0.14264366030693054","0.14264366030693054","0.14264366030693054","0.3213414251804352","0.3213414251804352","0.3213414251804352","0.32497847080230713","0.32497847080230713","0.32497847080230713","0.28117236495018005","0.28117236495018005","0.28117236495018005","0.28617072105407715","0.28617072105407715","0.28617072105407715","0.26975762844085693","0.26975762844085693","0.26975762844085693","0.26587527990341187","0.26587527990341187","0.26587527990341187"
"132","0.1515112817287445","0.1515112817287445","0.1515112817287445","0.14435100555419922","0.14435100555419922","0.14435100555419922","0.31784188747406006","0.31784188747406006","0.31784188747406006","0.31779929995536804","0.31779929995536804","0.31779929995536804","0.1249207854270935","0.1249207854270935","0.1249207854270935","0.14824959635734558","0.14824959635734558","0.14824959635734558","0.31806066632270813","0.31806066632270813","0.31806066632270813","0.3220471143722534","0.3220471143722534","0.3220471143722534","0.28332868218421936","0.28332868218421936","0.28332868218421936","0.27888351678848267","0.27888351678848267","0.27888351678848267","0.26984307169914246","0.26984307169914246","0.26984307169914246","0.2602140009403229","0.2602140009403229","0.2602140009403229"
"134","0.15939027070999146","0.15939027070999146","0.15939027070999146","0.1494443416595459","0.1494443416595459","0.1494443416595459","0.31778275966644287","0.31778275966644287","0.31778275966644287","0.31765997409820557","0.31765997409820557","0.31765997409820557","0.12359274923801422","0.12359274923801422","0.12359274923801422","0.15094208717346191","0.15094208717346191","0.15094208717346191","0.31779393553733826","0.31779393553733826","0.31779393553733826","0.3202788233757019","0.3202788233757019","0.3202788233757019","0.28201961517333984","0.28201961517333984","0.28201961517333984","0.2890968322753906","0.2890968322753906","0.2890968322753906","0.2687811553478241","0.2687811553478241","0.2687811553478241","0.2662210166454315","0.2662210166454315","0.2662210166454315"
"136","0.16881045699119568","0.16881045699119568","0.16881045699119568","0.14864809811115265","0.14864809811115265","0.14864809811115265","0.31786301732063293","0.31786301732063293","0.31786301732063293","0.31797659397125244","0.31797659397125244","0.31797659397125244","0.13244003057479858","0.13244003057479858","0.13244003057479858","0.1475641280412674","0.1475641280412674","0.1475641280412674","0.32042309641838074","0.32042309641838074","0.32042309641838074","0.3210184872150421","0.3210184872150421","0.3210184872150421","0.2861192226409912","0.2861192226409912","0.2861192226409912","0.2890578806400299","0.2890578806400299","0.2890578806400299","0.2726483941078186","0.2726483941078186","0.2726483941078186","0.267864465713501","0.267864465713501","0.267864465713501"
"138","0.17160353064537048","0.17160353064537048","0.17160353064537048","0.1500871479511261","0.1500871479511261","0.1500871479511261","0.31779277324676514","0.31779277324676514","0.31779277324676514","0.3174182176589966","0.3174182176589966","0.3174182176589966","0.13012778759002686","0.13012778759002686","0.13012778759002686","0.15536989271640778","0.15536989271640778","0.15536989271640778","0.31560060381889343","0.31560060381889343","0.31560060381889343","0.3218068480491638","0.3218068480491638","0.3218068480491638","0.2810814380645752","0.2810814380645752","0.2810814380645752","0.28646355867385864","0.28646355867385864","0.28646355867385864","0.26798778772354126","0.26798778772354126","0.26798778772354126","0.2683413028717041","0.2683413028717041","0.2683413028717041"
"140","0.16313806176185608","0.16313806176185608","0.16313806176185608","0.14841921627521515","0.14841921627521515","0.14841921627521515","0.31787386536598206","0.31787386536598206","0.31787386536598206","0.3176233768463135","0.3176233768463135","0.3176233768463135","0.13866658508777618","0.13866658508777618","0.13866658508777618","0.14847972989082336","0.14847972989082336","0.14847972989082336","0.3180639445781708","0.3180639445781708","0.3180639445781708","0.32054603099823","0.32054603099823","0.32054603099823","0.28776314854621887","0.28776314854621887","0.28776314854621887","0.29192307591438293","0.29192307591438293","0.29192307591438293","0.2720378637313843","0.2720378637313843","0.2720378637313843","0.2662753462791443","0.2662753462791443","0.2662753462791443"
"142","0.16952425241470337","0.16952425241470337","0.16952425241470337","0.15133865177631378","0.15133865177631378","0.15133865177631378","0.3177747130393982","0.3177747130393982","0.3177747130393982","0.31787827610969543","0.31787827610969543","0.31787827610969543","0.13193807005882263","0.13193807005882263","0.13193807005882263","0.1499074101448059","0.1499074101448059","0.1499074101448059","0.3161219358444214","0.3161219358444214","0.3161219358444214","0.3238131105899811","0.3238131105899811","0.3238131105899811","0.2871408462524414","0.2871408462524414","0.2871408462524414","0.2893097400665283","0.2893097400665283","0.2893097400665283","0.2772454023361206","0.2772454023361206","0.2772454023361206","0.26961642503738403","0.26961642503738403","0.26961642503738403"
"144","0.166412353515625","0.166412353515625","0.166412353515625","0.15138384699821472","0.15138384699821472","0.15138384699821472","0.31783902645111084","0.31783902645111084","0.31783902645111084","0.3180040717124939","0.3180040717124939","0.3180040717124939","0.132777139544487","0.132777139544487","0.132777139544487","0.15436068177223206","0.15436068177223206","0.15436068177223206","0.31928393244743347","0.31928393244743347","0.31928393244743347","0.32313740253448486","0.32313740253448486","0.32313740253448486","0.28561314940452576","0.28561314940452576","0.28561314940452576","0.28710436820983887","0.28710436820983887","0.28710436820983887","0.2766565978527069","0.2766565978527069","0.2766565978527069","0.27474772930145264","0.27474772930145264","0.27474772930145264"
"146","0.17943409085273743","0.17943409085273743","0.17943409085273743","0.15214888751506805","0.15214888751506805","0.15214888751506805","0.3178067207336426","0.3178067207336426","0.3178067207336426","0.31790027022361755","0.31790027022361755","0.31790027022361755","0.1374203860759735","0.1374203860759735","0.1374203860759735","0.16472971439361572","0.16472971439361572","0.16472971439361572","0.3179524540901184","0.3179524540901184","0.3179524540901184","0.32806599140167236","0.32806599140167236","0.32806599140167236","0.28888019919395447","0.28888019919395447","0.28888019919395447","0.2854023575782776","0.2854023575782776","0.2854023575782776","0.2806047201156616","0.2806047201156616","0.2806047201156616","0.27775734663009644","0.27775734663009644","0.27775734663009644"
"148","0.17677371203899384","0.17677371203899384","0.17677371203899384","0.15700148046016693","0.15700148046016693","0.15700148046016693","0.3177950382232666","0.3177950382232666","0.3177950382232666","0.3179626762866974","0.3179626762866974","0.3179626762866974","0.13351735472679138","0.13351735472679138","0.13351735472679138","0.1645994931459427","0.1645994931459427","0.1645994931459427","0.32075804471969604","0.32075804471969604","0.32075804471969604","0.3206132650375366","0.3206132650375366","0.3206132650375366","0.2889435291290283","0.2889435291290283","0.2889435291290283","0.28910601139068604","0.28910601139068604","0.28910601139068604","0.2790432870388031","0.2790432870388031","0.2790432870388031","0.2684118151664734","0.2684118151664734","0.2684118151664734"
"150","0.17401115596294403","0.17401115596294403","0.17401115596294403","0.1473156213760376","0.1473156213760376","0.1473156213760376","0.317820280790329","0.317820280790329","0.317820280790329","0.3176886737346649","0.3176886737346649","0.3176886737346649","0.13505125045776367","0.13505125045776367","0.13505125045776367","0.16220322251319885","0.16220322251319885","0.16220322251319885","0.31849905848503113","0.31849905848503113","0.31849905848503113","0.3296841084957123","0.3296841084957123","0.3296841084957123","0.2876133322715759","0.2876133322715759","0.2876133322715759","0.29523134231567383","0.29523134231567383","0.29523134231567383","0.2835407853126526","0.2835407853126526","0.2835407853126526","0.2765997648239136","0.2765997648239136","0.2765997648239136"
"152","0.1781824678182602","0.1781824678182602","0.1781824678182602","0.15734413266181946","0.15734413266181946","0.15734413266181946","0.3178105056285858","0.3178105056285858","0.3178105056285858","0.3181155025959015","0.3181155025959015","0.3181155025959015","0.14110751450061798","0.14110751450061798","0.14110751450061798","0.16857236623764038","0.16857236623764038","0.16857236623764038","0.3176393508911133","0.3176393508911133","0.3176393508911133","0.3212476968765259","0.3212476968765259","0.3212476968765259","0.28987473249435425","0.28987473249435425","0.28987473249435425","0.2847357988357544","0.2847357988357544","0.2847357988357544","0.2841554284095764","0.2841554284095764","0.2841554284095764","0.2808547616004944","0.2808547616004944","0.2808547616004944"
"154","0.16966870427131653","0.16966870427131653","0.16966870427131653","0.1558140218257904","0.1558140218257904","0.1558140218257904","0.3178486227989197","0.3178486227989197","0.3178486227989197","0.3176253139972687","0.3176253139972687","0.3176253139972687","0.13960249722003937","0.13960249722003937","0.13960249722003937","0.1676339954137802","0.1676339954137802","0.1676339954137802","0.3181217312812805","0.3181217312812805","0.3181217312812805","0.31984421610832214","0.31984421610832214","0.31984421610832214","0.2931302785873413","0.2931302785873413","0.2931302785873413","0.2976337671279907","0.2976337671279907","0.2976337671279907","0.2752184271812439","0.2752184271812439","0.2752184271812439","0.2648650109767914","0.2648650109767914","0.2648650109767914"
"156","0.17194616794586182","0.17194616794586182","0.17194616794586182","0.15908154845237732","0.15908154845237732","0.15908154845237732","0.3178880214691162","0.3178880214691162","0.3178880214691162","0.3170233368873596","0.3170233368873596","0.3170233368873596","0.13375332951545715","0.13375332951545715","0.13375332951545715","0.17032337188720703","0.17032337188720703","0.17032337188720703","0.31761905550956726","0.31761905550956726","0.31761905550956726","0.3252367675304413","0.3252367675304413","0.3252367675304413","0.2881280481815338","0.2881280481815338","0.2881280481815338","0.2941068112850189","0.2941068112850189","0.2941068112850189","0.28151294589042664","0.28151294589042664","0.28151294589042664","0.2731574773788452","0.2731574773788452","0.2731574773788452"
"158","0.18031561374664307","0.18031561374664307","0.18031561374664307","0.1605750322341919","0.1605750322341919","0.1605750322341919","0.3178367018699646","0.3178367018699646","0.3178367018699646","0.31788942217826843","0.31788942217826843","0.31788942217826843","0.13669222593307495","0.13669222593307495","0.13669222593307495","0.1670556366443634","0.1670556366443634","0.1670556366443634","0.31735050678253174","0.31735050678253174","0.31735050678253174","0.3195289671421051","0.3195289671421051","0.3195289671421051","0.2904832661151886","0.2904832661151886","0.2904832661151886","0.2858918011188507","0.2858918011188507","0.2858918011188507","0.28457528352737427","0.28457528352737427","0.28457528352737427","0.2744715213775635","0.2744715213775635","0.2744715213775635"
"160","0.17622654139995575","0.17622654139995575","0.17622654139995575","0.16127268970012665","0.16127268970012665","0.16127268970012665","0.3178555369377136","0.3178555369377136","0.3178555369377136","0.3179953694343567","0.3179953694343567","0.3179953694343567","0.13847361505031586","0.13847361505031586","0.13847361505031586","0.1765301674604416","0.1765301674604416","0.1765301674604416","0.31332916021347046","0.31332916021347046","0.31332916021347046","0.31929004192352295","0.31929004192352295","0.31929004192352295","0.29413899779319763","0.29413899779319763","0.29413899779319763","0.2837545573711395","0.2837545573711395","0.2837545573711395","0.2793669104576111","0.2793669104576111","0.2793669104576111","0.2813534736633301","0.2813534736633301","0.2813534736633301"
"162","0.18409453332424164","0.18409453332424164","0.18409453332424164","0.162251278758049","0.162251278758049","0.162251278758049","0.3178810179233551","0.3178810179233551","0.3178810179233551","0.3180731534957886","0.3180731534957886","0.3180731534957886","0.14139613509178162","0.14139613509178162","0.14139613509178162","0.17322465777397156","0.17322465777397156","0.17322465777397156","0.318134069442749","0.318134069442749","0.318134069442749","0.3233621120452881","0.3233621120452881","0.3233621120452881","0.2904781699180603","0.2904781699180603","0.2904781699180603","0.2816121578216553","0.2816121578216553","0.2816121578216553","0.28732964396476746","0.28732964396476746","0.28732964396476746","0.28718602657318115","0.28718602657318115","0.28718602657318115"
"164","0.18249598145484924","0.18249598145484924","0.18249598145484924","0.1592300981283188","0.1592300981283188","0.1592300981283188","0.3177989721298218","0.3177989721298218","0.3177989721298218","0.3167903423309326","0.3167903423309326","0.3167903423309326","0.14246851205825806","0.14246851205825806","0.14246851205825806","0.17807839810848236","0.17807839810848236","0.17807839810848236","0.3153751492500305","0.3153751492500305","0.3153751492500305","0.3201506733894348","0.3201506733894348","0.3201506733894348","0.29201245307922363","0.29201245307922363","0.29201245307922363","0.28324806690216064","0.28324806690216064","0.28324806690216064","0.2828795313835144","0.2828795313835144","0.2828795313835144","0.2823775112628937","0.2823775112628937","0.2823775112628937"
"166","0.1853111982345581","0.1853111982345581","0.1853111982345581","0.1595974862575531","0.1595974862575531","0.1595974862575531","0.3178080916404724","0.3178080916404724","0.3178080916404724","0.31803470849990845","0.31803470849990845","0.31803470849990845","0.14715354144573212","0.14715354144573212","0.14715354144573212","0.184482142329216","0.184482142329216","0.184482142329216","0.3178786635398865","0.3178786635398865","0.3178786635398865","0.32198697328567505","0.32198697328567505","0.32198697328567505","0.29659008979797363","0.29659008979797363","0.29659008979797363","0.29289594292640686","0.29289594292640686","0.29289594292640686","0.28845712542533875","0.28845712542533875","0.28845712542533875","0.2838518023490906","0.2838518023490906","0.2838518023490906"
"168","0.19476601481437683","0.19476601481437683","0.19476601481437683","0.16183623671531677","0.16183623671531677","0.16183623671531677","0.31777480244636536","0.31777480244636536","0.31777480244636536","0.3183423578739166","0.3183423578739166","0.3183423578739166","0.14316336810588837","0.14316336810588837","0.14316336810588837","0.17876985669136047","0.17876985669136047","0.17876985669136047","0.31799787282943726","0.31799787282943726","0.31799787282943726","0.3226301670074463","0.3226301670074463","0.3226301670074463","0.2967873513698578","0.2967873513698578","0.2967873513698578","0.28889694809913635","0.28889694809913635","0.28889694809913635","0.2883431613445282","0.2883431613445282","0.2883431613445282","0.2875247895717621","0.2875247895717621","0.2875247895717621"
"170","0.18685203790664673","0.18685203790664673","0.18685203790664673","0.1671510636806488","0.1671510636806488","0.1671510636806488","0.31790733337402344","0.31790733337402344","0.31790733337402344","0.31815704703330994","0.31815704703330994","0.31815704703330994","0.14650103449821472","0.14650103449821472","0.14650103449821472","0.17837898433208466","0.17837898433208466","0.17837898433208466","0.31840941309928894","0.31840941309928894","0.31840941309928894","0.3182717561721802","0.3182717561721802","0.3182717561721802","0.2971046566963196","0.2971046566963196","0.2971046566963196","0.29591894149780273","0.29591894149780273","0.29591894149780273","0.2908778190612793","0.2908778190612793","0.2908778190612793","0.29033413529396057","0.29033413529396057","0.29033413529396057"
"172","0.18708942830562592","0.18708942830562592","0.18708942830562592","0.16641241312026978","0.16641241312026978","0.16641241312026978","0.3179194927215576","0.3179194927215576","0.3179194927215576","0.31795990467071533","0.31795990467071533","0.31795990467071533","0.1517394334077835","0.1517394334077835","0.1517394334077835","0.17918017506599426","0.17918017506599426","0.17918017506599426","0.3143698573112488","0.3143698573112488","0.3143698573112488","0.3202565014362335","0.3202565014362335","0.3202565014362335","0.2962353825569153","0.2962353825569153","0.2962353825569153","0.2979109287261963","0.2979109287261963","0.2979109287261963","0.2838055491447449","0.2838055491447449","0.2838055491447449","0.28626298904418945","0.28626298904418945","0.28626298904418945"
"174","0.189520925283432","0.189520925283432","0.189520925283432","0.16776029765605927","0.16776029765605927","0.16776029765605927","0.31781005859375","0.31781005859375","0.31781005859375","0.31729480624198914","0.31729480624198914","0.31729480624198914","0.14781540632247925","0.14781540632247925","0.14781540632247925","0.1859428733587265","0.1859428733587265","0.1859428733587265","0.3180273771286011","0.3180273771286011","0.3180273771286011","0.3192516267299652","0.3192516267299652","0.3192516267299652","0.2949697971343994","0.2949697971343994","0.2949697971343994","0.30246084928512573","0.30246084928512573","0.30246084928512573","0.2878124713897705","0.2878124713897705","0.2878124713897705","0.28917598724365234","0.28917598724365234","0.28917598724365234"
"176","0.1869746446609497","0.1869746446609497","0.1869746446609497","0.16719955205917358","0.16719955205917358","0.16719955205917358","0.3178674578666687","0.3178674578666687","0.3178674578666687","0.31688830256462097","0.31688830256462097","0.31688830256462097","0.15225563943386078","0.15225563943386078","0.15225563943386078","0.18700408935546875","0.18700408935546875","0.18700408935546875","0.3178669214248657","0.3178669214248657","0.3178669214248657","0.32425805926322937","0.32425805926322937","0.32425805926322937","0.29697492718696594","0.29697492718696594","0.29697492718696594","0.3012242913246155","0.3012242913246155","0.3012242913246155","0.28397291898727417","0.28397291898727417","0.28397291898727417","0.2766616940498352","0.2766616940498352","0.2766616940498352"
"178","0.1818927526473999","0.1818927526473999","0.1818927526473999","0.1634541153907776","0.1634541153907776","0.1634541153907776","0.3179227411746979","0.3179227411746979","0.3179227411746979","0.31756067276000977","0.31756067276000977","0.31756067276000977","0.15469159185886383","0.15469159185886383","0.15469159185886383","0.18999986350536346","0.18999986350536346","0.18999986350536346","0.3161897659301758","0.3161897659301758","0.3161897659301758","0.32515889406204224","0.32515889406204224","0.32515889406204224","0.29876184463500977","0.29876184463500977","0.29876184463500977","0.29973167181015015","0.29973167181015015","0.29973167181015015","0.2886347472667694","0.2886347472667694","0.2886347472667694","0.2844116687774658","0.2844116687774658","0.2844116687774658"
"180","0.1873895823955536","0.1873895823955536","0.1873895823955536","0.17075127363204956","0.17075127363204956","0.17075127363204956","0.3178434669971466","0.3178434669971466","0.3178434669971466","0.3178523778915405","0.3178523778915405","0.3178523778915405","0.15129128098487854","0.15129128098487854","0.15129128098487854","0.1866699755191803","0.1866699755191803","0.1866699755191803","0.3147529363632202","0.3147529363632202","0.3147529363632202","0.3235868513584137","0.3235868513584137","0.3235868513584137","0.2933722734451294","0.2933722734451294","0.2933722734451294","0.28437310457229614","0.28437310457229614","0.28437310457229614","0.2883901596069336","0.2883901596069336","0.2883901596069336","0.285280704498291","0.285280704498291","0.285280704498291"
"182","0.1948704719543457","0.1948704719543457","0.1948704719543457","0.17111915349960327","0.17111915349960327","0.17111915349960327","0.3178485631942749","0.3178485631942749","0.3178485631942749","0.31802600622177124","0.31802600622177124","0.31802600622177124","0.1526009887456894","0.1526009887456894","0.1526009887456894","0.1885610669851303","0.1885610669851303","0.1885610669851303","0.3177284002304077","0.3177284002304077","0.3177284002304077","0.3222866654396057","0.3222866654396057","0.3222866654396057","0.29909276962280273","0.29909276962280273","0.29909276962280273","0.28966033458709717","0.28966033458709717","0.28966033458709717","0.2928987443447113","0.2928987443447113","0.2928987443447113","0.2863331139087677","0.2863331139087677","0.2863331139087677"
"184","0.19453030824661255","0.19453030824661255","0.19453030824661255","0.16989044845104218","0.16989044845104218","0.16989044845104218","0.3179163634777069","0.3179163634777069","0.3179163634777069","0.31795766949653625","0.31795766949653625","0.31795766949653625","0.14997515082359314","0.14997515082359314","0.14997515082359314","0.18988531827926636","0.18988531827926636","0.18988531827926636","0.31793975830078125","0.31793975830078125","0.31793975830078125","0.3236674964427948","0.3236674964427948","0.3236674964427948","0.3002011775970459","0.3002011775970459","0.3002011775970459","0.293312132358551","0.293312132358551","0.293312132358551","0.2948237657546997","0.2948237657546997","0.2948237657546997","0.2819424867630005","0.2819424867630005","0.2819424867630005"
"186","0.1879873126745224","0.1879873126745224","0.1879873126745224","0.1748666763305664","0.1748666763305664","0.1748666763305664","0.3178468346595764","0.3178468346595764","0.3178468346595764","0.317885160446167","0.317885160446167","0.317885160446167","0.15268230438232422","0.15268230438232422","0.15268230438232422","0.18836931884288788","0.18836931884288788","0.18836931884288788","0.31635603308677673","0.31635603308677673","0.31635603308677673","0.3207945227622986","0.3207945227622986","0.3207945227622986","0.2996523976325989","0.2996523976325989","0.2996523976325989","0.2999260425567627","0.2999260425567627","0.2999260425567627","0.2933368980884552","0.2933368980884552","0.2933368980884552","0.28283625841140747","0.28283625841140747","0.28283625841140747"
"188","0.19075743854045868","0.19075743854045868","0.19075743854045868","0.17714059352874756","0.17714059352874756","0.17714059352874756","0.3177437484264374","0.3177437484264374","0.3177437484264374","0.3177001476287842","0.3177001476287842","0.3177001476287842","0.15217718482017517","0.15217718482017517","0.15217718482017517","0.19817493855953217","0.19817493855953217","0.19817493855953217","0.31840336322784424","0.31840336322784424","0.31840336322784424","0.32493460178375244","0.32493460178375244","0.32493460178375244","0.30067044496536255","0.30067044496536255","0.30067044496536255","0.29282379150390625","0.29282379150390625","0.29282379150390625","0.2906298041343689","0.2906298041343689","0.2906298041343689","0.2901279926300049","0.2901279926300049","0.2901279926300049"
"190","0.20683744549751282","0.20683744549751282","0.20683744549751282","0.1745600402355194","0.1745600402355194","0.1745600402355194","0.31785911321640015","0.31785911321640015","0.31785911321640015","0.31814488768577576","0.31814488768577576","0.31814488768577576","0.16352516412734985","0.16352516412734985","0.16352516412734985","0.19751587510108948","0.19751587510108948","0.19751587510108948","0.3179818391799927","0.3179818391799927","0.3179818391799927","0.3225735127925873","0.3225735127925873","0.3225735127925873","0.30104851722717285","0.30104851722717285","0.30104851722717285","0.2860278785228729","0.2860278785228729","0.2860278785228729","0.2979280650615692","0.2979280650615692","0.2979280650615692","0.28323543071746826","0.28323543071746826","0.28323543071746826"
"192","0.188772052526474","0.188772052526474","0.188772052526474","0.1775798797607422","0.1775798797607422","0.1775798797607422","0.31788188219070435","0.31788188219070435","0.31788188219070435","0.3151072859764099","0.3151072859764099","0.3151072859764099","0.1502399891614914","0.1502399891614914","0.1502399891614914","0.19646798074245453","0.19646798074245453","0.19646798074245453","0.3181278705596924","0.3181278705596924","0.3181278705596924","0.331198126077652","0.331198126077652","0.331198126077652","0.3017432987689972","0.3017432987689972","0.3017432987689972","0.29681074619293213","0.29681074619293213","0.29681074619293213","0.28388887643814087","0.28388887643814087","0.28388887643814087","0.2787306606769562","0.2787306606769562","0.2787306606769562"
"194","0.1989227831363678","0.1989227831363678","0.1989227831363678","0.17977426946163177","0.17977426946163177","0.17977426946163177","0.31793972849845886","0.31793972849845886","0.31793972849845886","0.31741461157798767","0.31741461157798767","0.31741461157798767","0.1606646478176117","0.1606646478176117","0.1606646478176117","0.19771933555603027","0.19771933555603027","0.19771933555603027","0.3182498812675476","0.3182498812675476","0.3182498812675476","0.3243734836578369","0.3243734836578369","0.3243734836578369","0.30058997869491577","0.30058997869491577","0.30058997869491577","0.29529869556427","0.29529869556427","0.29529869556427","0.2916760742664337","0.2916760742664337","0.2916760742664337","0.29633408784866333","0.29633408784866333","0.29633408784866333"
"196","0.19013506174087524","0.19013506174087524","0.19013506174087524","0.18023395538330078","0.18023395538330078","0.18023395538330078","0.31780022382736206","0.31780022382736206","0.31780022382736206","0.3175114095211029","0.3175114095211029","0.3175114095211029","0.15139850974082947","0.15139850974082947","0.15139850974082947","0.19875966012477875","0.19875966012477875","0.19875966012477875","0.31788626313209534","0.31788626313209534","0.31788626313209534","0.32168495655059814","0.32168495655059814","0.32168495655059814","0.30187976360321045","0.30187976360321045","0.30187976360321045","0.3040510416030884","0.3040510416030884","0.3040510416030884","0.2877962589263916","0.2877962589263916","0.2877962589263916","0.2813257575035095","0.2813257575035095","0.2813257575035095"
"198","0.19786106050014496","0.19786106050014496","0.19786106050014496","0.17745324969291687","0.17745324969291687","0.17745324969291687","0.3178461790084839","0.3178461790084839","0.3178461790084839","0.3169387876987457","0.3169387876987457","0.3169387876987457","0.15522867441177368","0.15522867441177368","0.15522867441177368","0.19808804988861084","0.19808804988861084","0.19808804988861084","0.31819313764572144","0.31819313764572144","0.31819313764572144","0.33140018582344055","0.33140018582344055","0.33140018582344055","0.30019232630729675","0.30019232630729675","0.30019232630729675","0.2880769371986389","0.2880769371986389","0.2880769371986389","0.2855687737464905","0.2855687737464905","0.2855687737464905","0.2738606929779053","0.2738606929779053","0.2738606929779053"
"200","0.2039927840232849","0.2039927840232849","0.2039927840232849","0.1799900382757187","0.1799900382757187","0.1799900382757187","0.31785649061203003","0.31785649061203003","0.31785649061203003","0.3179861903190613","0.3179861903190613","0.3179861903190613","0.16802972555160522","0.16802972555160522","0.16802972555160522","0.19854949414730072","0.19854949414730072","0.19854949414730072","0.3185868263244629","0.3185868263244629","0.3185868263244629","0.31913700699806213","0.31913700699806213","0.31913700699806213","0.30165159702301025","0.30165159702301025","0.30165159702301025","0.2960372567176819","0.2960372567176819","0.2960372567176819","0.2955974340438843","0.2955974340438843","0.2955974340438843","0.291454553604126","0.291454553604126","0.291454553604126"
"202","0.21040932834148407","0.21040932834148407","0.21040932834148407","0.1846000850200653","0.1846000850200653","0.1846000850200653","0.31796571612358093","0.31796571612358093","0.31796571612358093","0.3180462121963501","0.3180462121963501","0.3180462121963501","0.1669527292251587","0.1669527292251587","0.1669527292251587","0.20205876231193542","0.20205876231193542","0.20205876231193542","0.3180926442146301","0.3180926442146301","0.3180926442146301","0.32085320353507996","0.32085320353507996","0.32085320353507996","0.30172765254974365","0.30172765254974365","0.30172765254974365","0.2972213625907898","0.2972213625907898","0.2972213625907898","0.2978587746620178","0.2978587746620178","0.2978587746620178","0.29380473494529724","0.29380473494529724","0.29380473494529724"
"204","0.21177464723587036","0.21177464723587036","0.21177464723587036","0.185861274600029","0.185861274600029","0.185861274600029","0.3178825080394745","0.3178825080394745","0.3178825080394745","0.317963182926178","0.317963182926178","0.317963182926178","0.16115039587020874","0.16115039587020874","0.16115039587020874","0.20310929417610168","0.20310929417610168","0.20310929417610168","0.31700941920280457","0.31700941920280457","0.31700941920280457","0.3226088881492615","0.3226088881492615","0.3226088881492615","0.3020246624946594","0.3020246624946594","0.3020246624946594","0.2951532006263733","0.2951532006263733","0.2951532006263733","0.2971762418746948","0.2971762418746948","0.2971762418746948","0.284925639629364","0.284925639629364","0.284925639629364"
"206","0.2004639208316803","0.2004639208316803","0.2004639208316803","0.1870829164981842","0.1870829164981842","0.1870829164981842","0.31794530153274536","0.31794530153274536","0.31794530153274536","0.31755363941192627","0.31755363941192627","0.31755363941192627","0.156799778342247","0.156799778342247","0.156799778342247","0.20608578622341156","0.20608578622341156","0.20608578622341156","0.3182298541069031","0.3182298541069031","0.3182298541069031","0.3222781717777252","0.3222781717777252","0.3222781717777252","0.30411040782928467","0.30411040782928467","0.30411040782928467","0.29781374335289","0.29781374335289","0.29781374335289","0.2918514609336853","0.2918514609336853","0.2918514609336853","0.2922593057155609","0.2922593057155609","0.2922593057155609"
"208","0.21896731853485107","0.21896731853485107","0.21896731853485107","0.18749722838401794","0.18749722838401794","0.18749722838401794","0.31790247559547424","0.31790247559547424","0.31790247559547424","0.3182431757450104","0.3182431757450104","0.3182431757450104","0.15790000557899475","0.15790000557899475","0.15790000557899475","0.20771625638008118","0.20771625638008118","0.20771625638008118","0.3168361783027649","0.3168361783027649","0.3168361783027649","0.3322184383869171","0.3322184383869171","0.3322184383869171","0.30186188220977783","0.30186188220977783","0.30186188220977783","0.295767605304718","0.295767605304718","0.295767605304718","0.30034497380256653","0.30034497380256653","0.30034497380256653","0.2934778928756714","0.2934778928756714","0.2934778928756714"
"210","0.21241025626659393","0.21241025626659393","0.21241025626659393","0.18897244334220886","0.18897244334220886","0.18897244334220886","0.3178783655166626","0.3178783655166626","0.3178783655166626","0.31815916299819946","0.31815916299819946","0.31815916299819946","0.16803398728370667","0.16803398728370667","0.16803398728370667","0.21064284443855286","0.21064284443855286","0.21064284443855286","0.3181842565536499","0.3181842565536499","0.3181842565536499","0.32470375299453735","0.32470375299453735","0.32470375299453735","0.30509838461875916","0.30509838461875916","0.30509838461875916","0.2949606776237488","0.2949606776237488","0.2949606776237488","0.29545289278030396","0.29545289278030396","0.29545289278030396","0.300304114818573","0.300304114818573","0.300304114818573"
"212","0.21501600742340088","0.21501600742340088","0.21501600742340088","0.19041261076927185","0.19041261076927185","0.19041261076927185","0.3179371953010559","0.3179371953010559","0.3179371953010559","0.3178035616874695","0.3178035616874695","0.3178035616874695","0.177459716796875","0.177459716796875","0.177459716796875","0.20978283882141113","0.20978283882141113","0.20978283882141113","0.31736427545547485","0.31736427545547485","0.31736427545547485","0.3235969543457031","0.3235969543457031","0.3235969543457031","0.3024080991744995","0.3024080991744995","0.3024080991744995","0.3037136197090149","0.3037136197090149","0.3037136197090149","0.29518601298332214","0.29518601298332214","0.29518601298332214","0.29187366366386414","0.29187366366386414","0.29187366366386414"
"214","0.2097533792257309","0.2097533792257309","0.2097533792257309","0.19247767329216003","0.19247767329216003","0.19247767329216003","0.3179323077201843","0.3179323077201843","0.3179323077201843","0.3179933726787567","0.3179933726787567","0.3179933726787567","0.15991567075252533","0.15991567075252533","0.15991567075252533","0.2107377052307129","0.2107377052307129","0.2107377052307129","0.3181288242340088","0.3181288242340088","0.3181288242340088","0.32190197706222534","0.32190197706222534","0.32190197706222534","0.3051217198371887","0.3051217198371887","0.3051217198371887","0.30130892992019653","0.30130892992019653","0.30130892992019653","0.2968147397041321","0.2968147397041321","0.2968147397041321","0.2943493127822876","0.2943493127822876","0.2943493127822876"
"216","0.21898303925991058","0.21898303925991058","0.21898303925991058","0.19426491856575012","0.19426491856575012","0.19426491856575012","0.31797295808792114","0.31797295808792114","0.31797295808792114","0.31782734394073486","0.31782734394073486","0.31782734394073486","0.16548851132392883","0.16548851132392883","0.16548851132392883","0.21382759511470795","0.21382759511470795","0.21382759511470795","0.31771647930145264","0.31771647930145264","0.31771647930145264","0.3269879221916199","0.3269879221916199","0.3269879221916199","0.30390772223472595","0.30390772223472595","0.30390772223472595","0.29764434695243835","0.29764434695243835","0.29764434695243835","0.29849791526794434","0.29849791526794434","0.29849791526794434","0.2861430048942566","0.2861430048942566","0.2861430048942566"
"218","0.21845827996730804","0.21845827996730804","0.21845827996730804","0.19431361556053162","0.19431361556053162","0.19431361556053162","0.31789630651474","0.31789630651474","0.31789630651474","0.31794077157974243","0.31794077157974243","0.31794077157974243","0.17359352111816406","0.17359352111816406","0.17359352111816406","0.21643762290477753","0.21643762290477753","0.21643762290477753","0.3160858154296875","0.3160858154296875","0.3160858154296875","0.32313939929008484","0.32313939929008484","0.32313939929008484","0.3041713833808899","0.3041713833808899","0.3041713833808899","0.30069077014923096","0.30069077014923096","0.30069077014923096","0.2992308437824249","0.2992308437824249","0.2992308437824249","0.296524316072464","0.296524316072464","0.296524316072464"
"220","0.21752813458442688","0.21752813458442688","0.21752813458442688","0.19682936370372772","0.19682936370372772","0.19682936370372772","0.31787171959877014","0.31787171959877014","0.31787171959877014","0.31801480054855347","0.31801480054855347","0.31801480054855347","0.1717897653579712","0.1717897653579712","0.1717897653579712","0.21238398551940918","0.21238398551940918","0.21238398551940918","0.31763795018196106","0.31763795018196106","0.31763795018196106","0.3209187686443329","0.3209187686443329","0.3209187686443329","0.3036068081855774","0.3036068081855774","0.3036068081855774","0.3026091754436493","0.3026091754436493","0.3026091754436493","0.2988905906677246","0.2988905906677246","0.2988905906677246","0.30051302909851074","0.30051302909851074","0.30051302909851074"
"222","0.22207657992839813","0.22207657992839813","0.22207657992839813","0.19702181220054626","0.19702181220054626","0.19702181220054626","0.31783875823020935","0.31783875823020935","0.31783875823020935","0.3179410696029663","0.3179410696029663","0.3179410696029663","0.16347405314445496","0.16347405314445496","0.16347405314445496","0.21834419667720795","0.21834419667720795","0.21834419667720795","0.318414568901062","0.318414568901062","0.318414568901062","0.32225409150123596","0.32225409150123596","0.32225409150123596","0.30690041184425354","0.30690041184425354","0.30690041184425354","0.2902824878692627","0.2902824878692627","0.2902824878692627","0.29919910430908203","0.29919910430908203","0.29919910430908203","0.29213643074035645","0.29213643074035645","0.29213643074035645"
"224","0.22220593690872192","0.22220593690872192","0.22220593690872192","0.20026639103889465","0.20026639103889465","0.20026639103889465","0.3179111182689667","0.3179111182689667","0.3179111182689667","0.31807607412338257","0.31807607412338257","0.31807607412338257","0.17347364127635956","0.17347364127635956","0.17347364127635956","0.2177720069885254","0.2177720069885254","0.2177720069885254","0.3183937072753906","0.3183937072753906","0.3183937072753906","0.31768447160720825","0.31768447160720825","0.31768447160720825","0.30631399154663086","0.30631399154663086","0.30631399154663086","0.2927376925945282","0.2927376925945282","0.2927376925945282","0.3005157709121704","0.3005157709121704","0.3005157709121704","0.29956120252609253","0.29956120252609253","0.29956120252609253"
"226","0.21975871920585632","0.21975871920585632","0.21975871920585632","0.2007102370262146","0.2007102370262146","0.2007102370262146","0.3178803026676178","0.3178803026676178","0.3178803026676178","0.3176947236061096","0.3176947236061096","0.3176947236061096","0.1776357740163803","0.1776357740163803","0.1776357740163803","0.21836969256401062","0.21836969256401062","0.21836969256401062","0.3181067705154419","0.3181067705154419","0.3181067705154419","0.32450759410858154","0.32450759410858154","0.32450759410858154","0.3064332902431488","0.3064332902431488","0.3064332902431488","0.2922590374946594","0.2922590374946594","0.2922590374946594","0.3002093434333801","0.3002093434333801","0.3002093434333801","0.29330265522003174","0.29330265522003174","0.29330265522003174"
"228","0.22660814225673676","0.22660814225673676","0.22660814225673676","0.20175909996032715","0.20175909996032715","0.20175909996032715","0.3179584741592407","0.3179584741592407","0.3179584741592407","0.31708118319511414","0.31708118319511414","0.31708118319511414","0.1731921136379242","0.1731921136379242","0.1731921136379242","0.21895310282707214","0.21895310282707214","0.21895310282707214","0.3169635534286499","0.3169635534286499","0.3169635534286499","0.3211222290992737","0.3211222290992737","0.3211222290992737","0.30623507499694824","0.30623507499694824","0.30623507499694824","0.29845771193504333","0.29845771193504333","0.29845771193504333","0.2992091476917267","0.2992091476917267","0.2992091476917267","0.2950638234615326","0.2950638234615326","0.2950638234615326"
"230","0.22709542512893677","0.22709542512893677","0.22709542512893677","0.203606516122818","0.203606516122818","0.203606516122818","0.31795334815979004","0.31795334815979004","0.31795334815979004","0.3181108236312866","0.3181108236312866","0.3181108236312866","0.18129679560661316","0.18129679560661316","0.18129679560661316","0.21864113211631775","0.21864113211631775","0.21864113211631775","0.31784898042678833","0.31784898042678833","0.31784898042678833","0.3259128928184509","0.3259128928184509","0.3259128928184509","0.30539655685424805","0.30539655685424805","0.30539655685424805","0.303300142288208","0.303300142288208","0.303300142288208","0.30252933502197266","0.30252933502197266","0.30252933502197266","0.29001885652542114","0.29001885652542114","0.29001885652542114"