"Step","VOWELS_VMD_b10_DUAL_bs16 - divergence_positive_z","VOWELS_VMD_b10_DUAL_bs16 - divergence_positive_z__MIN","VOWELS_VMD_b10_DUAL_bs16 - divergence_positive_z__MAX","VOWELS_EMD_b10_DUAL_bs16 - divergence_positive_z","VOWELS_EMD_b10_DUAL_bs16 - divergence_positive_z__MIN","VOWELS_EMD_b10_DUAL_bs16 - divergence_positive_z__MAX","VOWELS_EMD_b0_DUAL_bs16 - divergence_positive_z","VOWELS_EMD_b0_DUAL_bs16 - divergence_positive_z__MIN","VOWELS_EMD_b0_DUAL_bs16 - divergence_positive_z__MAX","VOWELS_VMD_b0_DUAL_bs16 - divergence_positive_z","VOWELS_VMD_b0_DUAL_bs16 - divergence_positive_z__MIN","VOWELS_VMD_b0_DUAL_bs16 - divergence_positive_z__MAX","VOWELS_FILTER_b10_DUAL_bs16 - divergence_positive_z","VOWELS_FILTER_b10_DUAL_bs16 - divergence_positive_z__MIN","VOWELS_FILTER_b10_DUAL_bs16 - divergence_positive_z__MAX","VOWELS_EWT_b10_DUAL_bs16 - divergence_positive_z","VOWELS_EWT_b10_DUAL_bs16 - divergence_positive_z__MIN","VOWELS_EWT_b10_DUAL_bs16 - divergence_positive_z__MAX","VOWELS_EWT_b0_DUAL_bs16 - divergence_positive_z","VOWELS_EWT_b0_DUAL_bs16 - divergence_positive_z__MIN","VOWELS_EWT_b0_DUAL_bs16 - divergence_positive_z__MAX","VOWELS_FILTER_b0_DUAL_bs16 - divergence_positive_z","VOWELS_FILTER_b0_DUAL_bs16 - divergence_positive_z__MIN","VOWELS_FILTER_b0_DUAL_bs16 - divergence_positive_z__MAX","VOWELS_EWT_b1_DUAL_bs16 - divergence_positive_z","VOWELS_EWT_b1_DUAL_bs16 - divergence_positive_z__MIN","VOWELS_EWT_b1_DUAL_bs16 - divergence_positive_z__MAX","VOWELS_EMD_b1_DUAL_bs16 - divergence_positive_z","VOWELS_EMD_b1_DUAL_bs16 - divergence_positive_z__MIN","VOWELS_EMD_b1_DUAL_bs16 - divergence_positive_z__MAX","VOWELS_VMD_b1_DUAL_bs16 - divergence_positive_z","VOWELS_VMD_b1_DUAL_bs16 - divergence_positive_z__MIN","VOWELS_VMD_b1_DUAL_bs16 - divergence_positive_z__MAX","VOWELS_FILTER_b1_DUAL_bs16 - divergence_positive_z","VOWELS_FILTER_b1_DUAL_bs16 - divergence_positive_z__MIN","VOWELS_FILTER_b1_DUAL_bs16 - divergence_positive_z__MAX"
"0","0.04414411634206772","0.04414411634206772","0.04414411634206772","0.0444948785007","0.0444948785007","0.0444948785007","0.06090226769447327","0.06090226769447327","0.06090226769447327","0.05956318974494934","0.05956318974494934","0.05956318974494934","0.04348182678222656","0.04348182678222656","0.04348182678222656","0.044560179114341736","0.044560179114341736","0.044560179114341736","0.06367641687393188","0.06367641687393188","0.06367641687393188","0.05860019847750664","0.05860019847750664","0.05860019847750664","0.04581793397665024","0.04581793397665024","0.04581793397665024","0.045849256217479706","0.045849256217479706","0.045849256217479706","0.04541661590337753","0.04541661590337753","0.04541661590337753","0.04469902440905571","0.04469902440905571","0.04469902440905571"
"2","0.0287276953458786","0.0287276953458786","0.0287276953458786","0.028777144849300385","0.028777144849300385","0.028777144849300385","0.31351396441459656","0.31351396441459656","0.31351396441459656","0.30143535137176514","0.30143535137176514","0.30143535137176514","0.029683267697691917","0.029683267697691917","0.029683267697691917","0.029381750151515007","0.029381750151515007","0.029381750151515007","0.2791186571121216","0.2791186571121216","0.2791186571121216","0.10836005210876465","0.10836005210876465","0.10836005210876465","0.033479105681180954","0.033479105681180954","0.033479105681180954","0.03260835260152817","0.03260835260152817","0.03260835260152817","0.03296903148293495","0.03296903148293495","0.03296903148293495","0.0339682474732399","0.0339682474732399","0.0339682474732399"
"4","0.01857113093137741","0.01857113093137741","0.01857113093137741","0.017175260931253433","0.017175260931253433","0.017175260931253433","0.35922741889953613","0.35922741889953613","0.35922741889953613","0.40397417545318604","0.40397417545318604","0.40397417545318604","0.020432397723197937","0.020432397723197937","0.020432397723197937","0.01995573192834854","0.01995573192834854","0.01995573192834854","0.3167610764503479","0.3167610764503479","0.3167610764503479","0.34656673669815063","0.34656673669815063","0.34656673669815063","0.024952050298452377","0.024952050298452377","0.024952050298452377","0.02263978123664856","0.02263978123664856","0.02263978123664856","0.023976776748895645","0.023976776748895645","0.023976776748895645","0.025887174531817436","0.025887174531817436","0.025887174531817436"
"6","0.01390048861503601","0.01390048861503601","0.01390048861503601","0.011799606494605541","0.011799606494605541","0.011799606494605541","0.4232650399208069","0.4232650399208069","0.4232650399208069","0.3737963140010834","0.3737963140010834","0.3737963140010834","0.015945574268698692","0.015945574268698692","0.015945574268698692","0.015041242353618145","0.015041242353618145","0.015041242353618145","0.2424086630344391","0.2424086630344391","0.2424086630344391","0.22100216150283813","0.22100216150283813","0.22100216150283813","0.02445214055478573","0.02445214055478573","0.02445214055478573","0.021354179829359055","0.021354179829359055","0.021354179829359055","0.024705957621335983","0.024705957621335983","0.024705957621335983","0.025080977007746696","0.025080977007746696","0.025080977007746696"
"8","0.013035213574767113","0.013035213574767113","0.013035213574767113","0.014003952965140343","0.014003952965140343","0.014003952965140343","0.34520193934440613","0.34520193934440613","0.34520193934440613","0.43677935004234314","0.43677935004234314","0.43677935004234314","0.01388037484139204","0.01388037484139204","0.01388037484139204","0.013965053483843803","0.013965053483843803","0.013965053483843803","0.3976198136806488","0.3976198136806488","0.3976198136806488","0.36409085988998413","0.36409085988998413","0.36409085988998413","0.05997101590037346","0.05997101590037346","0.05997101590037346","0.07171410322189331","0.07171410322189331","0.07171410322189331","0.10253773629665375","0.10253773629665375","0.10253773629665375","0.05980312079191208","0.05980312079191208","0.05980312079191208"
"10","0.023372065275907516","0.023372065275907516","0.023372065275907516","0.02964632958173752","0.02964632958173752","0.02964632958173752","0.43808862566947937","0.43808862566947937","0.43808862566947937","0.3949889540672302","0.3949889540672302","0.3949889540672302","0.017827145755290985","0.017827145755290985","0.017827145755290985","0.02459719404578209","0.02459719404578209","0.02459719404578209","0.41113683581352234","0.41113683581352234","0.41113683581352234","0.4230090379714966","0.4230090379714966","0.4230090379714966","0.18755695223808289","0.18755695223808289","0.18755695223808289","0.21392545104026794","0.21392545104026794","0.21392545104026794","0.3696327209472656","0.3696327209472656","0.3696327209472656","0.285863995552063","0.285863995552063","0.285863995552063"
"12","0.039114415645599365","0.039114415645599365","0.039114415645599365","0.04342363402247429","0.04342363402247429","0.04342363402247429","0.4162904620170593","0.4162904620170593","0.4162904620170593","0.454275906085968","0.454275906085968","0.454275906085968","0.029099829494953156","0.029099829494953156","0.029099829494953156","0.0384608656167984","0.0384608656167984","0.0384608656167984","0.37778449058532715","0.37778449058532715","0.37778449058532715","0.4433012008666992","0.4433012008666992","0.4433012008666992","0.37234073877334595","0.37234073877334595","0.37234073877334595","0.3661656379699707","0.3661656379699707","0.3661656379699707","0.3983207643032074","0.3983207643032074","0.3983207643032074","0.3805079162120819","0.3805079162120819","0.3805079162120819"
"14","0.05884304642677307","0.05884304642677307","0.05884304642677307","0.061380621045827866","0.061380621045827866","0.061380621045827866","0.46225661039352417","0.46225661039352417","0.46225661039352417","0.42062947154045105","0.42062947154045105","0.42062947154045105","0.04250159114599228","0.04250159114599228","0.04250159114599228","0.055520545691251755","0.055520545691251755","0.055520545691251755","0.3366134762763977","0.3366134762763977","0.3366134762763977","0.45547789335250854","0.45547789335250854","0.45547789335250854","0.43817752599716187","0.43817752599716187","0.43817752599716187","0.4218072295188904","0.4218072295188904","0.4218072295188904","0.42917031049728394","0.42917031049728394","0.42917031049728394","0.3898966312408447","0.3898966312408447","0.3898966312408447"
"16","0.07670190185308456","0.07670190185308456","0.07670190185308456","0.07681828737258911","0.07681828737258911","0.07681828737258911","0.42895278334617615","0.42895278334617615","0.42895278334617615","0.4607887268066406","0.4607887268066406","0.4607887268066406","0.052753955125808716","0.052753955125808716","0.052753955125808716","0.06961055099964142","0.06961055099964142","0.06961055099964142","0.3879532814025879","0.3879532814025879","0.3879532814025879","0.42929622530937195","0.42929622530937195","0.42929622530937195","0.4418966770172119","0.4418966770172119","0.4418966770172119","0.43861815333366394","0.43861815333366394","0.43861815333366394","0.41531914472579956","0.41531914472579956","0.41531914472579956","0.3858303427696228","0.3858303427696228","0.3858303427696228"
"18","0.09755454957485199","0.09755454957485199","0.09755454957485199","0.09663394093513489","0.09663394093513489","0.09663394093513489","0.4631083011627197","0.4631083011627197","0.4631083011627197","0.4610925614833832","0.4610925614833832","0.4610925614833832","0.07004912197589874","0.07004912197589874","0.07004912197589874","0.09054689109325409","0.09054689109325409","0.09054689109325409","0.44689518213272095","0.44689518213272095","0.44689518213272095","0.45431384444236755","0.45431384444236755","0.45431384444236755","0.4600265920162201","0.4600265920162201","0.4600265920162201","0.44550102949142456","0.44550102949142456","0.44550102949142456","0.3932185173034668","0.3932185173034668","0.3932185173034668","0.4419706463813782","0.4419706463813782","0.4419706463813782"
"20","0.11548735201358795","0.11548735201358795","0.11548735201358795","0.11030273884534836","0.11030273884534836","0.11030273884534836","0.4689832627773285","0.4689832627773285","0.4689832627773285","0.4601097106933594","0.4601097106933594","0.4601097106933594","0.07811608165502548","0.07811608165502548","0.07811608165502548","0.10171326994895935","0.10171326994895935","0.10171326994895935","0.4328542947769165","0.4328542947769165","0.4328542947769165","0.4405485987663269","0.4405485987663269","0.4405485987663269","0.4341382682323456","0.4341382682323456","0.4341382682323456","0.4373980760574341","0.4373980760574341","0.4373980760574341","0.4129904508590698","0.4129904508590698","0.4129904508590698","0.39951223134994507","0.39951223134994507","0.39951223134994507"
"22","0.1251366138458252","0.1251366138458252","0.1251366138458252","0.12397249788045883","0.12397249788045883","0.12397249788045883","0.4713086783885956","0.4713086783885956","0.4713086783885956","0.4864337146282196","0.4864337146282196","0.4864337146282196","0.09505914896726608","0.09505914896726608","0.09505914896726608","0.11832409352064133","0.11832409352064133","0.11832409352064133","0.44855719804763794","0.44855719804763794","0.44855719804763794","0.4535721242427826","0.4535721242427826","0.4535721242427826","0.42961975932121277","0.42961975932121277","0.42961975932121277","0.43670403957366943","0.43670403957366943","0.43670403957366943","0.4043934941291809","0.4043934941291809","0.4043934941291809","0.4132673740386963","0.4132673740386963","0.4132673740386963"
"24","0.1529432237148285","0.1529432237148285","0.1529432237148285","0.1415586769580841","0.1415586769580841","0.1415586769580841","0.4753933846950531","0.4753933846950531","0.4753933846950531","0.4832521677017212","0.4832521677017212","0.4832521677017212","0.10400648415088654","0.10400648415088654","0.10400648415088654","0.12902754545211792","0.12902754545211792","0.12902754545211792","0.43184447288513184","0.43184447288513184","0.43184447288513184","0.438016414642334","0.438016414642334","0.438016414642334","0.4396389424800873","0.4396389424800873","0.4396389424800873","0.4255448281764984","0.4255448281764984","0.4255448281764984","0.4401203393936157","0.4401203393936157","0.4401203393936157","0.42403754591941833","0.42403754591941833","0.42403754591941833"
"26","0.16389979422092438","0.16389979422092438","0.16389979422092438","0.15690813958644867","0.15690813958644867","0.15690813958644867","0.46819764375686646","0.46819764375686646","0.46819764375686646","0.48434361815452576","0.48434361815452576","0.48434361815452576","0.12193731963634491","0.12193731963634491","0.12193731963634491","0.1371343731880188","0.1371343731880188","0.1371343731880188","0.41450363397598267","0.41450363397598267","0.41450363397598267","0.4456149935722351","0.4456149935722351","0.4456149935722351","0.4145848751068115","0.4145848751068115","0.4145848751068115","0.4179609417915344","0.4179609417915344","0.4179609417915344","0.43634283542633057","0.43634283542633057","0.43634283542633057","0.418040931224823","0.418040931224823","0.418040931224823"
"28","0.1577179729938507","0.1577179729938507","0.1577179729938507","0.15144294500350952","0.15144294500350952","0.15144294500350952","0.45774194598197937","0.45774194598197937","0.45774194598197937","0.4631769359111786","0.4631769359111786","0.4631769359111786","0.12215070426464081","0.12215070426464081","0.12215070426464081","0.14638900756835938","0.14638900756835938","0.14638900756835938","0.4128025472164154","0.4128025472164154","0.4128025472164154","0.4516023099422455","0.4516023099422455","0.4516023099422455","0.421941339969635","0.421941339969635","0.421941339969635","0.41837793588638306","0.41837793588638306","0.41837793588638306","0.3892652988433838","0.3892652988433838","0.3892652988433838","0.42582210898399353","0.42582210898399353","0.42582210898399353"
"30","0.16334116458892822","0.16334116458892822","0.16334116458892822","0.16494138538837433","0.16494138538837433","0.16494138538837433","0.4572526216506958","0.4572526216506958","0.4572526216506958","0.45301565527915955","0.45301565527915955","0.45301565527915955","0.1255134642124176","0.1255134642124176","0.1255134642124176","0.15681248903274536","0.15681248903274536","0.15681248903274536","0.40098628401756287","0.40098628401756287","0.40098628401756287","0.4269119203090668","0.4269119203090668","0.4269119203090668","0.4268434941768646","0.4268434941768646","0.4268434941768646","0.42514678835868835","0.42514678835868835","0.42514678835868835","0.41194790601730347","0.41194790601730347","0.41194790601730347","0.4002619981765747","0.4002619981765747","0.4002619981765747"
"32","0.17894312739372253","0.17894312739372253","0.17894312739372253","0.15974390506744385","0.15974390506744385","0.15974390506744385","0.44777655601501465","0.44777655601501465","0.44777655601501465","0.444002628326416","0.444002628326416","0.444002628326416","0.12618546187877655","0.12618546187877655","0.12618546187877655","0.16497419774532318","0.16497419774532318","0.16497419774532318","0.410390704870224","0.410390704870224","0.410390704870224","0.4237440526485443","0.4237440526485443","0.4237440526485443","0.41198015213012695","0.41198015213012695","0.41198015213012695","0.409247487783432","0.409247487783432","0.409247487783432","0.39869260787963867","0.39869260787963867","0.39869260787963867","0.3903108239173889","0.3903108239173889","0.3903108239173889"
"34","0.17925870418548584","0.17925870418548584","0.17925870418548584","0.17817215621471405","0.17817215621471405","0.17817215621471405","0.4638174772262573","0.4638174772262573","0.4638174772262573","0.45698294043540955","0.45698294043540955","0.45698294043540955","0.15634573996067047","0.15634573996067047","0.15634573996067047","0.17870180308818817","0.17870180308818817","0.17870180308818817","0.39960408210754395","0.39960408210754395","0.39960408210754395","0.4355475902557373","0.4355475902557373","0.4355475902557373","0.4174985885620117","0.4174985885620117","0.4174985885620117","0.4345906972885132","0.4345906972885132","0.4345906972885132","0.41602763533592224","0.41602763533592224","0.41602763533592224","0.4261123538017273","0.4261123538017273","0.4261123538017273"
"36","0.17955267429351807","0.17955267429351807","0.17955267429351807","0.184222012758255","0.184222012758255","0.184222012758255","0.45818325877189636","0.45818325877189636","0.45818325877189636","0.46675965189933777","0.46675965189933777","0.46675965189933777","0.12506741285324097","0.12506741285324097","0.12506741285324097","0.18578720092773438","0.18578720092773438","0.18578720092773438","0.40436479449272156","0.40436479449272156","0.40436479449272156","0.42447930574417114","0.42447930574417114","0.42447930574417114","0.4264693260192871","0.4264693260192871","0.4264693260192871","0.44587740302085876","0.44587740302085876","0.44587740302085876","0.4218164384365082","0.4218164384365082","0.4218164384365082","0.37409621477127075","0.37409621477127075","0.37409621477127075"
"38","0.23317429423332214","0.23317429423332214","0.23317429423332214","0.2047549933195114","0.2047549933195114","0.2047549933195114","0.4487287402153015","0.4487287402153015","0.4487287402153015","0.46577948331832886","0.46577948331832886","0.46577948331832886","0.1695067584514618","0.1695067584514618","0.1695067584514618","0.19208769500255585","0.19208769500255585","0.19208769500255585","0.39158710837364197","0.39158710837364197","0.39158710837364197","0.42275628447532654","0.42275628447532654","0.42275628447532654","0.4282475709915161","0.4282475709915161","0.4282475709915161","0.4364597201347351","0.4364597201347351","0.4364597201347351","0.47801321744918823","0.47801321744918823","0.47801321744918823","0.42353710532188416","0.42353710532188416","0.42353710532188416"
"40","0.20814603567123413","0.20814603567123413","0.20814603567123413","0.16095583140850067","0.16095583140850067","0.16095583140850067","0.4220312833786011","0.4220312833786011","0.4220312833786011","0.461999773979187","0.461999773979187","0.461999773979187","0.16164109110832214","0.16164109110832214","0.16164109110832214","0.18549995124340057","0.18549995124340057","0.18549995124340057","0.3900992274284363","0.3900992274284363","0.3900992274284363","0.4183090627193451","0.4183090627193451","0.4183090627193451","0.4256582260131836","0.4256582260131836","0.4256582260131836","0.4496939182281494","0.4496939182281494","0.4496939182281494","0.4256114661693573","0.4256114661693573","0.4256114661693573","0.38902950286865234","0.38902950286865234","0.38902950286865234"
"42","0.26091670989990234","0.26091670989990234","0.26091670989990234","0.20796644687652588","0.20796644687652588","0.20796644687652588","0.4305295944213867","0.4305295944213867","0.4305295944213867","0.43654483556747437","0.43654483556747437","0.43654483556747437","0.19166946411132812","0.19166946411132812","0.19166946411132812","0.2313697338104248","0.2313697338104248","0.2313697338104248","0.3914078176021576","0.3914078176021576","0.3914078176021576","0.3954315781593323","0.3954315781593323","0.3954315781593323","0.42928004264831543","0.42928004264831543","0.42928004264831543","0.4445641040802002","0.4445641040802002","0.4445641040802002","0.447783887386322","0.447783887386322","0.447783887386322","0.3750803470611572","0.3750803470611572","0.3750803470611572"
"44","0.2462601661682129","0.2462601661682129","0.2462601661682129","0.16066476702690125","0.16066476702690125","0.16066476702690125","0.4303044080734253","0.4303044080734253","0.4303044080734253","0.4425610899925232","0.4425610899925232","0.4425610899925232","0.18789789080619812","0.18789789080619812","0.18789789080619812","0.26785188913345337","0.26785188913345337","0.26785188913345337","0.3714671730995178","0.3714671730995178","0.3714671730995178","0.3944169878959656","0.3944169878959656","0.3944169878959656","0.4372708797454834","0.4372708797454834","0.4372708797454834","0.4229496717453003","0.4229496717453003","0.4229496717453003","0.3829105496406555","0.3829105496406555","0.3829105496406555","0.37906432151794434","0.37906432151794434","0.37906432151794434"
"46","0.30914294719696045","0.30914294719696045","0.30914294719696045","0.13155856728553772","0.13155856728553772","0.13155856728553772","0.4428104758262634","0.4428104758262634","0.4428104758262634","0.4444633722305298","0.4444633722305298","0.4444633722305298","0.21595215797424316","0.21595215797424316","0.21595215797424316","0.2942100763320923","0.2942100763320923","0.2942100763320923","0.3736531138420105","0.3736531138420105","0.3736531138420105","0.41631239652633667","0.41631239652633667","0.41631239652633667","0.4399300217628479","0.4399300217628479","0.4399300217628479","0.45493602752685547","0.45493602752685547","0.45493602752685547","0.4484715461730957","0.4484715461730957","0.4484715461730957","0.43565210700035095","0.43565210700035095","0.43565210700035095"
"48","0.32679852843284607","0.32679852843284607","0.32679852843284607","0.22355493903160095","0.22355493903160095","0.22355493903160095","0.44855961203575134","0.44855961203575134","0.44855961203575134","0.4413343369960785","0.4413343369960785","0.4413343369960785","0.24579600989818573","0.24579600989818573","0.24579600989818573","0.2328563928604126","0.2328563928604126","0.2328563928604126","0.4193083643913269","0.4193083643913269","0.4193083643913269","0.41962307691574097","0.41962307691574097","0.41962307691574097","0.4293003976345062","0.4293003976345062","0.4293003976345062","0.4001922011375427","0.4001922011375427","0.4001922011375427","0.47171807289123535","0.47171807289123535","0.47171807289123535","0.39993947744369507","0.39993947744369507","0.39993947744369507"
"50","0.2693064212799072","0.2693064212799072","0.2693064212799072","0.15875744819641113","0.15875744819641113","0.15875744819641113","0.41599076986312866","0.41599076986312866","0.41599076986312866","0.44275712966918945","0.44275712966918945","0.44275712966918945","0.25878721475601196","0.25878721475601196","0.25878721475601196","0.2759338319301605","0.2759338319301605","0.2759338319301605","0.3899337649345398","0.3899337649345398","0.3899337649345398","0.416561484336853","0.416561484336853","0.416561484336853","0.42304620146751404","0.42304620146751404","0.42304620146751404","0.4146859049797058","0.4146859049797058","0.4146859049797058","0.43241679668426514","0.43241679668426514","0.43241679668426514","0.39654964208602905","0.39654964208602905","0.39654964208602905"
"52","0.3257576525211334","0.3257576525211334","0.3257576525211334","0.0933600664138794","0.0933600664138794","0.0933600664138794","0.43181943893432617","0.43181943893432617","0.43181943893432617","0.4422743022441864","0.4422743022441864","0.4422743022441864","0.2714391350746155","0.2714391350746155","0.2714391350746155","0.26524293422698975","0.26524293422698975","0.26524293422698975","0.3811134696006775","0.3811134696006775","0.3811134696006775","0.4101336896419525","0.4101336896419525","0.4101336896419525","0.44145211577415466","0.44145211577415466","0.44145211577415466","0.43296775221824646","0.43296775221824646","0.43296775221824646","0.41934657096862793","0.41934657096862793","0.41934657096862793","0.45496246218681335","0.45496246218681335","0.45496246218681335"
"54","0.2811712622642517","0.2811712622642517","0.2811712622642517","0.19753432273864746","0.19753432273864746","0.19753432273864746","0.432339072227478","0.432339072227478","0.432339072227478","0.4395400881767273","0.4395400881767273","0.4395400881767273","0.2440384477376938","0.2440384477376938","0.2440384477376938","0.28797197341918945","0.28797197341918945","0.28797197341918945","0.39682650566101074","0.39682650566101074","0.39682650566101074","0.4149286150932312","0.4149286150932312","0.4149286150932312","0.47337743639945984","0.47337743639945984","0.47337743639945984","0.4271704852581024","0.4271704852581024","0.4271704852581024","0.43130481243133545","0.43130481243133545","0.43130481243133545","0.42725276947021484","0.42725276947021484","0.42725276947021484"
"56","0.36373603343963623","0.36373603343963623","0.36373603343963623","0.1994887888431549","0.1994887888431549","0.1994887888431549","0.4242604374885559","0.4242604374885559","0.4242604374885559","0.42080116271972656","0.42080116271972656","0.42080116271972656","0.27388274669647217","0.27388274669647217","0.27388274669647217","0.30997729301452637","0.30997729301452637","0.30997729301452637","0.38611602783203125","0.38611602783203125","0.38611602783203125","0.4201774001121521","0.4201774001121521","0.4201774001121521","0.44790202379226685","0.44790202379226685","0.44790202379226685","0.4422176778316498","0.4422176778316498","0.4422176778316498","0.44337600469589233","0.44337600469589233","0.44337600469589233","0.41639015078544617","0.41639015078544617","0.41639015078544617"
"58","0.3685220181941986","0.3685220181941986","0.3685220181941986","0.26550066471099854","0.26550066471099854","0.26550066471099854","0.41533157229423523","0.41533157229423523","0.41533157229423523","0.44085443019866943","0.44085443019866943","0.44085443019866943","0.322378933429718","0.322378933429718","0.322378933429718","0.3212299942970276","0.3212299942970276","0.3212299942970276","0.36028164625167847","0.36028164625167847","0.36028164625167847","0.38067150115966797","0.38067150115966797","0.38067150115966797","0.42039650678634644","0.42039650678634644","0.42039650678634644","0.44495710730552673","0.44495710730552673","0.44495710730552673","0.4399119019508362","0.4399119019508362","0.4399119019508362","0.41930025815963745","0.41930025815963745","0.41930025815963745"
"60","0.3605830669403076","0.3605830669403076","0.3605830669403076","0.3093995451927185","0.3093995451927185","0.3093995451927185","0.4096415042877197","0.4096415042877197","0.4096415042877197","0.44285234808921814","0.44285234808921814","0.44285234808921814","0.3573411703109741","0.3573411703109741","0.3573411703109741","0.345193088054657","0.345193088054657","0.345193088054657","0.3764874339103699","0.3764874339103699","0.3764874339103699","0.3817896544933319","0.3817896544933319","0.3817896544933319","0.42983192205429077","0.42983192205429077","0.42983192205429077","0.43506067991256714","0.43506067991256714","0.43506067991256714","0.4138142466545105","0.4138142466545105","0.4138142466545105","0.4195532202720642","0.4195532202720642","0.4195532202720642"
"62","0.35455822944641113","0.35455822944641113","0.35455822944641113","0.30247583985328674","0.30247583985328674","0.30247583985328674","0.3821895122528076","0.3821895122528076","0.3821895122528076","0.4218822419643402","0.4218822419643402","0.4218822419643402","0.33140239119529724","0.33140239119529724","0.33140239119529724","0.31192120909690857","0.31192120909690857","0.31192120909690857","0.3829044699668884","0.3829044699668884","0.3829044699668884","0.4308381676673889","0.4308381676673889","0.4308381676673889","0.4182816445827484","0.4182816445827484","0.4182816445827484","0.4331705570220947","0.4331705570220947","0.4331705570220947","0.4297977089881897","0.4297977089881897","0.4297977089881897","0.42485183477401733","0.42485183477401733","0.42485183477401733"
"64","0.3957279920578003","0.3957279920578003","0.3957279920578003","0.28517162799835205","0.28517162799835205","0.28517162799835205","0.3837401270866394","0.3837401270866394","0.3837401270866394","0.4140782356262207","0.4140782356262207","0.4140782356262207","0.3431116044521332","0.3431116044521332","0.3431116044521332","0.344952791929245","0.344952791929245","0.344952791929245","0.3926900327205658","0.3926900327205658","0.3926900327205658","0.40865933895111084","0.40865933895111084","0.40865933895111084","0.4213857650756836","0.4213857650756836","0.4213857650756836","0.4377325177192688","0.4377325177192688","0.4377325177192688","0.42100661993026733","0.42100661993026733","0.42100661993026733","0.40614616870880127","0.40614616870880127","0.40614616870880127"
"66","0.3615432679653168","0.3615432679653168","0.3615432679653168","0.2926933467388153","0.2926933467388153","0.2926933467388153","0.4194701313972473","0.4194701313972473","0.4194701313972473","0.41014349460601807","0.41014349460601807","0.41014349460601807","0.34963998198509216","0.34963998198509216","0.34963998198509216","0.321185439825058","0.321185439825058","0.321185439825058","0.3922935724258423","0.3922935724258423","0.3922935724258423","0.37723618745803833","0.37723618745803833","0.37723618745803833","0.449232280254364","0.449232280254364","0.449232280254364","0.45244845747947693","0.45244845747947693","0.45244845747947693","0.42147761583328247","0.42147761583328247","0.42147761583328247","0.41449689865112305","0.41449689865112305","0.41449689865112305"
"68","0.40344545245170593","0.40344545245170593","0.40344545245170593","0.29186537861824036","0.29186537861824036","0.29186537861824036","0.39737650752067566","0.39737650752067566","0.39737650752067566","0.4510752558708191","0.4510752558708191","0.4510752558708191","0.3383263051509857","0.3383263051509857","0.3383263051509857","0.36112266778945923","0.36112266778945923","0.36112266778945923","0.3883792757987976","0.3883792757987976","0.3883792757987976","0.41311895847320557","0.41311895847320557","0.41311895847320557","0.4288654327392578","0.4288654327392578","0.4288654327392578","0.4462534785270691","0.4462534785270691","0.4462534785270691","0.4582366943359375","0.4582366943359375","0.4582366943359375","0.4304583966732025","0.4304583966732025","0.4304583966732025"
"70","0.37667179107666016","0.37667179107666016","0.37667179107666016","0.37488704919815063","0.37488704919815063","0.37488704919815063","0.3945021331310272","0.3945021331310272","0.3945021331310272","0.43789419531822205","0.43789419531822205","0.43789419531822205","0.32762834429740906","0.32762834429740906","0.32762834429740906","0.35228055715560913","0.35228055715560913","0.35228055715560913","0.37073343992233276","0.37073343992233276","0.37073343992233276","0.4034590721130371","0.4034590721130371","0.4034590721130371","0.4376462399959564","0.4376462399959564","0.4376462399959564","0.45687639713287354","0.45687639713287354","0.45687639713287354","0.4113005995750427","0.4113005995750427","0.4113005995750427","0.460847944021225","0.460847944021225","0.460847944021225"
"72","0.35010069608688354","0.35010069608688354","0.35010069608688354","0.3721817433834076","0.3721817433834076","0.3721817433834076","0.4127304255962372","0.4127304255962372","0.4127304255962372","0.40746206045150757","0.40746206045150757","0.40746206045150757","0.3864990174770355","0.3864990174770355","0.3864990174770355","0.338103711605072","0.338103711605072","0.338103711605072","0.3870677947998047","0.3870677947998047","0.3870677947998047","0.4044939875602722","0.4044939875602722","0.4044939875602722","0.4298427700996399","0.4298427700996399","0.4298427700996399","0.3845847547054291","0.3845847547054291","0.3845847547054291","0.4226799011230469","0.4226799011230469","0.4226799011230469","0.4285000264644623","0.4285000264644623","0.4285000264644623"
"74","0.35703015327453613","0.35703015327453613","0.35703015327453613","0.25735050439834595","0.25735050439834595","0.25735050439834595","0.39926618337631226","0.39926618337631226","0.39926618337631226","0.4139889180660248","0.4139889180660248","0.4139889180660248","0.3813313841819763","0.3813313841819763","0.3813313841819763","0.3610774874687195","0.3610774874687195","0.3610774874687195","0.38994109630584717","0.38994109630584717","0.38994109630584717","0.386260449886322","0.386260449886322","0.386260449886322","0.42320823669433594","0.42320823669433594","0.42320823669433594","0.42065033316612244","0.42065033316612244","0.42065033316612244","0.4160122871398926","0.4160122871398926","0.4160122871398926","0.4223679006099701","0.4223679006099701","0.4223679006099701"
"76","0.35867759585380554","0.35867759585380554","0.35867759585380554","0.3642284572124481","0.3642284572124481","0.3642284572124481","0.3949352204799652","0.3949352204799652","0.3949352204799652","0.4051007628440857","0.4051007628440857","0.4051007628440857","0.33835896849632263","0.33835896849632263","0.33835896849632263","0.37030673027038574","0.37030673027038574","0.37030673027038574","0.38089415431022644","0.38089415431022644","0.38089415431022644","0.4199429154396057","0.4199429154396057","0.4199429154396057","0.40574201941490173","0.40574201941490173","0.40574201941490173","0.4012329578399658","0.4012329578399658","0.4012329578399658","0.39794135093688965","0.39794135093688965","0.39794135093688965","0.38480252027511597","0.38480252027511597","0.38480252027511597"
"78","0.40029847621917725","0.40029847621917725","0.40029847621917725","0.38352343440055847","0.38352343440055847","0.38352343440055847","0.38975316286087036","0.38975316286087036","0.38975316286087036","0.40047845244407654","0.40047845244407654","0.40047845244407654","0.3784676790237427","0.3784676790237427","0.3784676790237427","0.35878413915634155","0.35878413915634155","0.35878413915634155","0.3735506236553192","0.3735506236553192","0.3735506236553192","0.3440952003002167","0.3440952003002167","0.3440952003002167","0.41876220703125","0.41876220703125","0.41876220703125","0.4444344937801361","0.4444344937801361","0.4444344937801361","0.40779954195022583","0.40779954195022583","0.40779954195022583","0.4397317171096802","0.4397317171096802","0.4397317171096802"
"80","0.385775625705719","0.385775625705719","0.385775625705719","0.39928138256073","0.39928138256073","0.39928138256073","0.3896109461784363","0.3896109461784363","0.3896109461784363","0.4216017723083496","0.4216017723083496","0.4216017723083496","0.34061115980148315","0.34061115980148315","0.34061115980148315","0.32859352231025696","0.32859352231025696","0.32859352231025696","0.3907872438430786","0.3907872438430786","0.3907872438430786","0.3982987403869629","0.3982987403869629","0.3982987403869629","0.44844257831573486","0.44844257831573486","0.44844257831573486","0.45045942068099976","0.45045942068099976","0.45045942068099976","0.42760592699050903","0.42760592699050903","0.42760592699050903","0.43009257316589355","0.43009257316589355","0.43009257316589355"
"82","0.3694273829460144","0.3694273829460144","0.3694273829460144","0.3338375687599182","0.3338375687599182","0.3338375687599182","0.35574764013290405","0.35574764013290405","0.35574764013290405","0.47861430048942566","0.47861430048942566","0.47861430048942566","0.38488420844078064","0.38488420844078064","0.38488420844078064","0.3671647012233734","0.3671647012233734","0.3671647012233734","0.3552417457103729","0.3552417457103729","0.3552417457103729","0.2987210154533386","0.2987210154533386","0.2987210154533386","0.4447725713253021","0.4447725713253021","0.4447725713253021","0.45391425490379333","0.45391425490379333","0.45391425490379333","0.4010910391807556","0.4010910391807556","0.4010910391807556","0.4304114580154419","0.4304114580154419","0.4304114580154419"
"84","0.3846939504146576","0.3846939504146576","0.3846939504146576","0.4024497866630554","0.4024497866630554","0.4024497866630554","0.37955665588378906","0.37955665588378906","0.37955665588378906","0.4075414538383484","0.4075414538383484","0.4075414538383484","0.3605455756187439","0.3605455756187439","0.3605455756187439","0.3779545724391937","0.3779545724391937","0.3779545724391937","0.3886592388153076","0.3886592388153076","0.3886592388153076","0.36142534017562866","0.36142534017562866","0.36142534017562866","0.430112361907959","0.430112361907959","0.430112361907959","0.453378289937973","0.453378289937973","0.453378289937973","0.41481906175613403","0.41481906175613403","0.41481906175613403","0.40443870425224304","0.40443870425224304","0.40443870425224304"
"86","0.4109242558479309","0.4109242558479309","0.4109242558479309","0.37439095973968506","0.37439095973968506","0.37439095973968506","0.4044150710105896","0.4044150710105896","0.4044150710105896","0.43015608191490173","0.43015608191490173","0.43015608191490173","0.3629959523677826","0.3629959523677826","0.3629959523677826","0.39037466049194336","0.39037466049194336","0.39037466049194336","0.3917585015296936","0.3917585015296936","0.3917585015296936","0.4075758159160614","0.4075758159160614","0.4075758159160614","0.387961208820343","0.387961208820343","0.387961208820343","0.43102115392684937","0.43102115392684937","0.43102115392684937","0.43893346190452576","0.43893346190452576","0.43893346190452576","0.42978519201278687","0.42978519201278687","0.42978519201278687"
"88","0.3421485424041748","0.3421485424041748","0.3421485424041748","0.39919957518577576","0.39919957518577576","0.39919957518577576","0.3619120121002197","0.3619120121002197","0.3619120121002197","0.4201781749725342","0.4201781749725342","0.4201781749725342","0.3150259256362915","0.3150259256362915","0.3150259256362915","0.3620694577693939","0.3620694577693939","0.3620694577693939","0.36980175971984863","0.36980175971984863","0.36980175971984863","0.3281601667404175","0.3281601667404175","0.3281601667404175","0.41087421774864197","0.41087421774864197","0.41087421774864197","0.4238860011100769","0.4238860011100769","0.4238860011100769","0.44559988379478455","0.44559988379478455","0.44559988379478455","0.3959447145462036","0.3959447145462036","0.3959447145462036"
"90","0.38899073004722595","0.38899073004722595","0.38899073004722595","0.33010292053222656","0.33010292053222656","0.33010292053222656","0.399380624294281","0.399380624294281","0.399380624294281","0.434488981962204","0.434488981962204","0.434488981962204","0.3496008813381195","0.3496008813381195","0.3496008813381195","0.36572182178497314","0.36572182178497314","0.36572182178497314","0.3827137351036072","0.3827137351036072","0.3827137351036072","0.382321834564209","0.382321834564209","0.382321834564209","0.40101584792137146","0.40101584792137146","0.40101584792137146","0.44905537366867065","0.44905537366867065","0.44905537366867065","0.41413259506225586","0.41413259506225586","0.41413259506225586","0.43049049377441406","0.43049049377441406","0.43049049377441406"
"92","0.358987033367157","0.358987033367157","0.358987033367157","0.32125845551490784","0.32125845551490784","0.32125845551490784","0.3846529722213745","0.3846529722213745","0.3846529722213745","0.423326313495636","0.423326313495636","0.423326313495636","0.3299756348133087","0.3299756348133087","0.3299756348133087","0.373068630695343","0.373068630695343","0.373068630695343","0.38722020387649536","0.38722020387649536","0.38722020387649536","0.3870939612388611","0.3870939612388611","0.3870939612388611","0.4258746802806854","0.4258746802806854","0.4258746802806854","0.4173210561275482","0.4173210561275482","0.4173210561275482","0.40106505155563354","0.40106505155563354","0.40106505155563354","0.4164603352546692","0.4164603352546692","0.4164603352546692"
"94","0.3922901153564453","0.3922901153564453","0.3922901153564453","0.3597320020198822","0.3597320020198822","0.3597320020198822","0.41830572485923767","0.41830572485923767","0.41830572485923767","0.4134519696235657","0.4134519696235657","0.4134519696235657","0.3843529224395752","0.3843529224395752","0.3843529224395752","0.3823629319667816","0.3823629319667816","0.3823629319667816","0.39202529191970825","0.39202529191970825","0.39202529191970825","0.40769219398498535","0.40769219398498535","0.40769219398498535","0.4147462248802185","0.4147462248802185","0.4147462248802185","0.4267064332962036","0.4267064332962036","0.4267064332962036","0.40512412786483765","0.40512412786483765","0.40512412786483765","0.41380584239959717","0.41380584239959717","0.41380584239959717"
"96","0.3832687735557556","0.3832687735557556","0.3832687735557556","0.3993667960166931","0.3993667960166931","0.3993667960166931","0.3981308341026306","0.3981308341026306","0.3981308341026306","0.4019385278224945","0.4019385278224945","0.4019385278224945","0.3470650315284729","0.3470650315284729","0.3470650315284729","0.4031038284301758","0.4031038284301758","0.4031038284301758","0.37025952339172363","0.37025952339172363","0.37025952339172363","0.3568227291107178","0.3568227291107178","0.3568227291107178","0.43739670515060425","0.43739670515060425","0.43739670515060425","0.42598530650138855","0.42598530650138855","0.42598530650138855","0.4221371114253998","0.4221371114253998","0.4221371114253998","0.4150507152080536","0.4150507152080536","0.4150507152080536"
"98","0.39655864238739014","0.39655864238739014","0.39655864238739014","0.39555567502975464","0.39555567502975464","0.39555567502975464","0.42200422286987305","0.42200422286987305","0.42200422286987305","0.4327031075954437","0.4327031075954437","0.4327031075954437","0.37978026270866394","0.37978026270866394","0.37978026270866394","0.3672545850276947","0.3672545850276947","0.3672545850276947","0.39825552701950073","0.39825552701950073","0.39825552701950073","0.38445568084716797","0.38445568084716797","0.38445568084716797","0.4222099781036377","0.4222099781036377","0.4222099781036377","0.42336830496788025","0.42336830496788025","0.42336830496788025","0.4493892788887024","0.4493892788887024","0.4493892788887024","0.43122681975364685","0.43122681975364685","0.43122681975364685"
"100","0.3807917535305023","0.3807917535305023","0.3807917535305023","0.3806520402431488","0.3806520402431488","0.3806520402431488","0.38405466079711914","0.38405466079711914","0.38405466079711914","0.42382848262786865","0.42382848262786865","0.42382848262786865","0.3758147358894348","0.3758147358894348","0.3758147358894348","0.3869265019893646","0.3869265019893646","0.3869265019893646","0.39210063219070435","0.39210063219070435","0.39210063219070435","0.37525349855422974","0.37525349855422974","0.37525349855422974","0.4061102569103241","0.4061102569103241","0.4061102569103241","0.4443605840206146","0.4443605840206146","0.4443605840206146","0.4168240427970886","0.4168240427970886","0.4168240427970886","0.4254966974258423","0.4254966974258423","0.4254966974258423"
"102","0.3848053812980652","0.3848053812980652","0.3848053812980652","0.3406538665294647","0.3406538665294647","0.3406538665294647","0.37184712290763855","0.37184712290763855","0.37184712290763855","0.3915235698223114","0.3915235698223114","0.3915235698223114","0.3440888822078705","0.3440888822078705","0.3440888822078705","0.37344154715538025","0.37344154715538025","0.37344154715538025","0.3539625108242035","0.3539625108242035","0.3539625108242035","0.36769312620162964","0.36769312620162964","0.36769312620162964","0.4363285005092621","0.4363285005092621","0.4363285005092621","0.4502585530281067","0.4502585530281067","0.4502585530281067","0.4223487079143524","0.4223487079143524","0.4223487079143524","0.4198547601699829","0.4198547601699829","0.4198547601699829"
"104","0.36470741033554077","0.36470741033554077","0.36470741033554077","0.40720662474632263","0.40720662474632263","0.40720662474632263","0.41100725531578064","0.41100725531578064","0.41100725531578064","0.403656005859375","0.403656005859375","0.403656005859375","0.3737905025482178","0.3737905025482178","0.3737905025482178","0.39866122603416443","0.39866122603416443","0.39866122603416443","0.3781778812408447","0.3781778812408447","0.3781778812408447","0.35109397768974304","0.35109397768974304","0.35109397768974304","0.42947229743003845","0.42947229743003845","0.42947229743003845","0.43799901008605957","0.43799901008605957","0.43799901008605957","0.4387363791465759","0.4387363791465759","0.4387363791465759","0.40568095445632935","0.40568095445632935","0.40568095445632935"
"106","0.3550173044204712","0.3550173044204712","0.3550173044204712","0.37360960245132446","0.37360960245132446","0.37360960245132446","0.39089319109916687","0.39089319109916687","0.39089319109916687","0.3963612914085388","0.3963612914085388","0.3963612914085388","0.3354211747646332","0.3354211747646332","0.3354211747646332","0.41224461793899536","0.41224461793899536","0.41224461793899536","0.39387089014053345","0.39387089014053345","0.39387089014053345","0.3828633725643158","0.3828633725643158","0.3828633725643158","0.4382501244544983","0.4382501244544983","0.4382501244544983","0.4069206118583679","0.4069206118583679","0.4069206118583679","0.40635737776756287","0.40635737776756287","0.40635737776756287","0.4617348611354828","0.4617348611354828","0.4617348611354828"
"108","0.34328460693359375","0.34328460693359375","0.34328460693359375","0.4015565514564514","0.4015565514564514","0.4015565514564514","0.40129217505455017","0.40129217505455017","0.40129217505455017","0.4006809592247009","0.4006809592247009","0.4006809592247009","0.3509945869445801","0.3509945869445801","0.3509945869445801","0.38525065779685974","0.38525065779685974","0.38525065779685974","0.37292587757110596","0.37292587757110596","0.37292587757110596","0.38108330965042114","0.38108330965042114","0.38108330965042114","0.41605016589164734","0.41605016589164734","0.41605016589164734","0.40534287691116333","0.40534287691116333","0.40534287691116333","0.38684511184692383","0.38684511184692383","0.38684511184692383","0.4283003509044647","0.4283003509044647","0.4283003509044647"
"110","0.36736953258514404","0.36736953258514404","0.36736953258514404","0.3815186023712158","0.3815186023712158","0.3815186023712158","0.4178069531917572","0.4178069531917572","0.4178069531917572","0.4001866579055786","0.4001866579055786","0.4001866579055786","0.35384437441825867","0.35384437441825867","0.35384437441825867","0.37386101484298706","0.37386101484298706","0.37386101484298706","0.4277006983757019","0.4277006983757019","0.4277006983757019","0.41712531447410583","0.41712531447410583","0.41712531447410583","0.4007194936275482","0.4007194936275482","0.4007194936275482","0.4410630166530609","0.4410630166530609","0.4410630166530609","0.3828861713409424","0.3828861713409424","0.3828861713409424","0.4183502197265625","0.4183502197265625","0.4183502197265625"
"112","0.405407190322876","0.405407190322876","0.405407190322876","0.41508230566978455","0.41508230566978455","0.41508230566978455","0.38328981399536133","0.38328981399536133","0.38328981399536133","0.4148484170436859","0.4148484170436859","0.4148484170436859","0.3349447250366211","0.3349447250366211","0.3349447250366211","0.387645959854126","0.387645959854126","0.387645959854126","0.3662198483943939","0.3662198483943939","0.3662198483943939","0.377994179725647","0.377994179725647","0.377994179725647","0.4459081292152405","0.4459081292152405","0.4459081292152405","0.40735912322998047","0.40735912322998047","0.40735912322998047","0.39918088912963867","0.39918088912963867","0.39918088912963867","0.4456815719604492","0.4456815719604492","0.4456815719604492"
"114","0.429134726524353","0.429134726524353","0.429134726524353","0.4526137709617615","0.4526137709617615","0.4526137709617615","0.3745289444923401","0.3745289444923401","0.3745289444923401","0.40854382514953613","0.40854382514953613","0.40854382514953613","0.3535664677619934","0.3535664677619934","0.3535664677619934","0.41588079929351807","0.41588079929351807","0.41588079929351807","0.3843457102775574","0.3843457102775574","0.3843457102775574","0.3843247890472412","0.3843247890472412","0.3843247890472412","0.43037891387939453","0.43037891387939453","0.43037891387939453","0.4202842712402344","0.4202842712402344","0.4202842712402344","0.43465298414230347","0.43465298414230347","0.43465298414230347","0.4130677580833435","0.4130677580833435","0.4130677580833435"
"116","0.39622101187705994","0.39622101187705994","0.39622101187705994","0.41113805770874023","0.41113805770874023","0.41113805770874023","0.3704341650009155","0.3704341650009155","0.3704341650009155","0.3830491006374359","0.3830491006374359","0.3830491006374359","0.4073457717895508","0.4073457717895508","0.4073457717895508","0.3681480884552002","0.3681480884552002","0.3681480884552002","0.3588683605194092","0.3588683605194092","0.3588683605194092","0.38251256942749023","0.38251256942749023","0.38251256942749023","0.3915404677391052","0.3915404677391052","0.3915404677391052","0.4155310392379761","0.4155310392379761","0.4155310392379761","0.45229360461235046","0.45229360461235046","0.45229360461235046","0.41396403312683105","0.41396403312683105","0.41396403312683105"
"118","0.37645524740219116","0.37645524740219116","0.37645524740219116","0.37473711371421814","0.37473711371421814","0.37473711371421814","0.398703932762146","0.398703932762146","0.398703932762146","0.3776819705963135","0.3776819705963135","0.3776819705963135","0.34525689482688904","0.34525689482688904","0.34525689482688904","0.3856496810913086","0.3856496810913086","0.3856496810913086","0.3830924928188324","0.3830924928188324","0.3830924928188324","0.3648119568824768","0.3648119568824768","0.3648119568824768","0.4254330098628998","0.4254330098628998","0.4254330098628998","0.43545109033584595","0.43545109033584595","0.43545109033584595","0.35880714654922485","0.35880714654922485","0.35880714654922485","0.4221159815788269","0.4221159815788269","0.4221159815788269"
"120","0.38655608892440796","0.38655608892440796","0.38655608892440796","0.4442710876464844","0.4442710876464844","0.4442710876464844","0.3978108763694763","0.3978108763694763","0.3978108763694763","0.38753360509872437","0.38753360509872437","0.38753360509872437","0.39524489641189575","0.39524489641189575","0.39524489641189575","0.4131416082382202","0.4131416082382202","0.4131416082382202","0.3721545934677124","0.3721545934677124","0.3721545934677124","0.3796960115432739","0.3796960115432739","0.3796960115432739","0.4318317770957947","0.4318317770957947","0.4318317770957947","0.4318564832210541","0.4318564832210541","0.4318564832210541","0.42553970217704773","0.42553970217704773","0.42553970217704773","0.40784066915512085","0.40784066915512085","0.40784066915512085"
"122","0.39165768027305603","0.39165768027305603","0.39165768027305603","0.43596601486206055","0.43596601486206055","0.43596601486206055","0.3711315989494324","0.3711315989494324","0.3711315989494324","0.41285619139671326","0.41285619139671326","0.41285619139671326","0.35757964849472046","0.35757964849472046","0.35757964849472046","0.40886932611465454","0.40886932611465454","0.40886932611465454","0.3485186994075775","0.3485186994075775","0.3485186994075775","0.35294613242149353","0.35294613242149353","0.35294613242149353","0.4411972165107727","0.4411972165107727","0.4411972165107727","0.4003499746322632","0.4003499746322632","0.4003499746322632","0.42009827494621277","0.42009827494621277","0.42009827494621277","0.41402703523635864","0.41402703523635864","0.41402703523635864"
"124","0.39969879388809204","0.39969879388809204","0.39969879388809204","0.44046053290367126","0.44046053290367126","0.44046053290367126","0.3844343423843384","0.3844343423843384","0.3844343423843384","0.4041692614555359","0.4041692614555359","0.4041692614555359","0.36490392684936523","0.36490392684936523","0.36490392684936523","0.3524729609489441","0.3524729609489441","0.3524729609489441","0.38143134117126465","0.38143134117126465","0.38143134117126465","0.4004119038581848","0.4004119038581848","0.4004119038581848","0.41854846477508545","0.41854846477508545","0.41854846477508545","0.4033241868019104","0.4033241868019104","0.4033241868019104","0.3991129398345947","0.3991129398345947","0.3991129398345947","0.41277629137039185","0.41277629137039185","0.41277629137039185"
"126","0.423102468252182","0.423102468252182","0.423102468252182","0.2974303960800171","0.2974303960800171","0.2974303960800171","0.43478959798812866","0.43478959798812866","0.43478959798812866","0.41172704100608826","0.41172704100608826","0.41172704100608826","0.35957249999046326","0.35957249999046326","0.35957249999046326","0.36624452471733093","0.36624452471733093","0.36624452471733093","0.3913869261741638","0.3913869261741638","0.3913869261741638","0.411446213722229","0.411446213722229","0.411446213722229","0.4113820493221283","0.4113820493221283","0.4113820493221283","0.4304347038269043","0.4304347038269043","0.4304347038269043","0.38606977462768555","0.38606977462768555","0.38606977462768555","0.43425923585891724","0.43425923585891724","0.43425923585891724"
"128","0.4183727502822876","0.4183727502822876","0.4183727502822876","0.38988274335861206","0.38988274335861206","0.38988274335861206","0.40890151262283325","0.40890151262283325","0.40890151262283325","0.40816086530685425","0.40816086530685425","0.40816086530685425","0.40172773599624634","0.40172773599624634","0.40172773599624634","0.38877901434898376","0.38877901434898376","0.38877901434898376","0.3832022547721863","0.3832022547721863","0.3832022547721863","0.39570921659469604","0.39570921659469604","0.39570921659469604","0.3944166600704193","0.3944166600704193","0.3944166600704193","0.4186211824417114","0.4186211824417114","0.4186211824417114","0.4141570031642914","0.4141570031642914","0.4141570031642914","0.4220712184906006","0.4220712184906006","0.4220712184906006"
"130","0.34397172927856445","0.34397172927856445","0.34397172927856445","0.38130471110343933","0.38130471110343933","0.38130471110343933","0.41688334941864014","0.41688334941864014","0.41688334941864014","0.3935515582561493","0.3935515582561493","0.3935515582561493","0.36248621344566345","0.36248621344566345","0.36248621344566345","0.3996308445930481","0.3996308445930481","0.3996308445930481","0.3975205421447754","0.3975205421447754","0.3975205421447754","0.40271931886672974","0.40271931886672974","0.40271931886672974","0.40648460388183594","0.40648460388183594","0.40648460388183594","0.40965065360069275","0.40965065360069275","0.40965065360069275","0.3847474455833435","0.3847474455833435","0.3847474455833435","0.4376983046531677","0.4376983046531677","0.4376983046531677"
"132","0.39824438095092773","0.39824438095092773","0.39824438095092773","0.38574299216270447","0.38574299216270447","0.38574299216270447","0.4264357089996338","0.4264357089996338","0.4264357089996338","0.38109153509140015","0.38109153509140015","0.38109153509140015","0.3777793347835541","0.3777793347835541","0.3777793347835541","0.4052790105342865","0.4052790105342865","0.4052790105342865","0.3813018202781677","0.3813018202781677","0.3813018202781677","0.3775140643119812","0.3775140643119812","0.3775140643119812","0.38967618346214294","0.38967618346214294","0.38967618346214294","0.4310677647590637","0.4310677647590637","0.4310677647590637","0.4417944550514221","0.4417944550514221","0.4417944550514221","0.419605016708374","0.419605016708374","0.419605016708374"
"134","0.4225332736968994","0.4225332736968994","0.4225332736968994","0.3031446635723114","0.3031446635723114","0.3031446635723114","0.40231752395629883","0.40231752395629883","0.40231752395629883","0.41461408138275146","0.41461408138275146","0.41461408138275146","0.39877769351005554","0.39877769351005554","0.39877769351005554","0.41469240188598633","0.41469240188598633","0.41469240188598633","0.3828120231628418","0.3828120231628418","0.3828120231628418","0.38472098112106323","0.38472098112106323","0.38472098112106323","0.40903013944625854","0.40903013944625854","0.40903013944625854","0.4159078001976013","0.4159078001976013","0.4159078001976013","0.3675849139690399","0.3675849139690399","0.3675849139690399","0.4284077286720276","0.4284077286720276","0.4284077286720276"
"136","0.37153491377830505","0.37153491377830505","0.37153491377830505","0.38750624656677246","0.38750624656677246","0.38750624656677246","0.3964807987213135","0.3964807987213135","0.3964807987213135","0.39928460121154785","0.39928460121154785","0.39928460121154785","0.3867318034172058","0.3867318034172058","0.3867318034172058","0.40035590529441833","0.40035590529441833","0.40035590529441833","0.3492550849914551","0.3492550849914551","0.3492550849914551","0.374051034450531","0.374051034450531","0.374051034450531","0.37542593479156494","0.37542593479156494","0.37542593479156494","0.40406665205955505","0.40406665205955505","0.40406665205955505","0.41095399856567383","0.41095399856567383","0.41095399856567383","0.44216570258140564","0.44216570258140564","0.44216570258140564"
"138","0.40701016783714294","0.40701016783714294","0.40701016783714294","0.4134538173675537","0.4134538173675537","0.4134538173675537","0.40045690536499023","0.40045690536499023","0.40045690536499023","0.39574217796325684","0.39574217796325684","0.39574217796325684","0.19416633248329163","0.19416633248329163","0.19416633248329163","0.4059602618217468","0.4059602618217468","0.4059602618217468","0.38312453031539917","0.38312453031539917","0.38312453031539917","0.3807969093322754","0.3807969093322754","0.3807969093322754","0.3882245421409607","0.3882245421409607","0.3882245421409607","0.4179360568523407","0.4179360568523407","0.4179360568523407","0.3426806926727295","0.3426806926727295","0.3426806926727295","0.4134732186794281","0.4134732186794281","0.4134732186794281"
"140","0.4044545590877533","0.4044545590877533","0.4044545590877533","0.3303198218345642","0.3303198218345642","0.3303198218345642","0.3926987648010254","0.3926987648010254","0.3926987648010254","0.37703272700309753","0.37703272700309753","0.37703272700309753","0.37996411323547363","0.37996411323547363","0.37996411323547363","0.39128679037094116","0.39128679037094116","0.39128679037094116","0.3871184289455414","0.3871184289455414","0.3871184289455414","0.40193313360214233","0.40193313360214233","0.40193313360214233","0.38810548186302185","0.38810548186302185","0.38810548186302185","0.41151803731918335","0.41151803731918335","0.41151803731918335","0.45937439799308777","0.45937439799308777","0.45937439799308777","0.44865936040878296","0.44865936040878296","0.44865936040878296"
"142","0.3736231029033661","0.3736231029033661","0.3736231029033661","0.36955779790878296","0.36955779790878296","0.36955779790878296","0.38636326789855957","0.38636326789855957","0.38636326789855957","0.39918553829193115","0.39918553829193115","0.39918553829193115","0.34589284658432007","0.34589284658432007","0.34589284658432007","0.37532806396484375","0.37532806396484375","0.37532806396484375","0.3770771920681","0.3770771920681","0.3770771920681","0.3769037127494812","0.3769037127494812","0.3769037127494812","0.3977411687374115","0.3977411687374115","0.3977411687374115","0.39905425906181335","0.39905425906181335","0.39905425906181335","0.40098437666893005","0.40098437666893005","0.40098437666893005","0.4074849784374237","0.4074849784374237","0.4074849784374237"
"144","0.4137645661830902","0.4137645661830902","0.4137645661830902","0.3854365348815918","0.3854365348815918","0.3854365348815918","0.39208900928497314","0.39208900928497314","0.39208900928497314","0.37235355377197266","0.37235355377197266","0.37235355377197266","0.4114285707473755","0.4114285707473755","0.4114285707473755","0.4015980660915375","0.4015980660915375","0.4015980660915375","0.37688571214675903","0.37688571214675903","0.37688571214675903","0.3783521056175232","0.3783521056175232","0.3783521056175232","0.3983330726623535","0.3983330726623535","0.3983330726623535","0.40417560935020447","0.40417560935020447","0.40417560935020447","0.37854331731796265","0.37854331731796265","0.37854331731796265","0.40174955129623413","0.40174955129623413","0.40174955129623413"
"146","0.4076178967952728","0.4076178967952728","0.4076178967952728","0.39609330892562866","0.39609330892562866","0.39609330892562866","0.3912690579891205","0.3912690579891205","0.3912690579891205","0.38979101181030273","0.38979101181030273","0.38979101181030273","0.41453051567077637","0.41453051567077637","0.41453051567077637","0.37087282538414","0.37087282538414","0.37087282538414","0.40058308839797974","0.40058308839797974","0.40058308839797974","0.3988076150417328","0.3988076150417328","0.3988076150417328","0.40948861837387085","0.40948861837387085","0.40948861837387085","0.42143988609313965","0.42143988609313965","0.42143988609313965","0.33573442697525024","0.33573442697525024","0.33573442697525024","0.41762328147888184","0.41762328147888184","0.41762328147888184"
"148","0.418552964925766","0.418552964925766","0.418552964925766","0.33931073546409607","0.33931073546409607","0.33931073546409607","0.4056086540222168","0.4056086540222168","0.4056086540222168","0.3602520823478699","0.3602520823478699","0.3602520823478699","0.3819369077682495","0.3819369077682495","0.3819369077682495","0.399784654378891","0.399784654378891","0.399784654378891","0.3740052580833435","0.3740052580833435","0.3740052580833435","0.39452001452445984","0.39452001452445984","0.39452001452445984","0.4081670641899109","0.4081670641899109","0.4081670641899109","0.40113863348960876","0.40113863348960876","0.40113863348960876","0.4375736713409424","0.4375736713409424","0.4375736713409424","0.4264318645000458","0.4264318645000458","0.4264318645000458"
"150","0.4035967290401459","0.4035967290401459","0.4035967290401459","0.39304012060165405","0.39304012060165405","0.39304012060165405","0.4141688942909241","0.4141688942909241","0.4141688942909241","0.3782852590084076","0.3782852590084076","0.3782852590084076","0.38260817527770996","0.38260817527770996","0.38260817527770996","0.38150590658187866","0.38150590658187866","0.38150590658187866","0.3905485272407532","0.3905485272407532","0.3905485272407532","0.3770390748977661","0.3770390748977661","0.3770390748977661","0.422980397939682","0.422980397939682","0.422980397939682","0.4056273102760315","0.4056273102760315","0.4056273102760315","0.41884905099868774","0.41884905099868774","0.41884905099868774","0.39157578349113464","0.39157578349113464","0.39157578349113464"
"152","0.4412417411804199","0.4412417411804199","0.4412417411804199","0.42227160930633545","0.42227160930633545","0.42227160930633545","0.37548133730888367","0.37548133730888367","0.37548133730888367","0.3669346272945404","0.3669346272945404","0.3669346272945404","0.3961522579193115","0.3961522579193115","0.3961522579193115","0.4513539671897888","0.4513539671897888","0.4513539671897888","0.3512762486934662","0.3512762486934662","0.3512762486934662","0.3699791431427002","0.3699791431427002","0.3699791431427002","0.38715967535972595","0.38715967535972595","0.38715967535972595","0.4055408835411072","0.4055408835411072","0.4055408835411072","0.38314446806907654","0.38314446806907654","0.38314446806907654","0.40439653396606445","0.40439653396606445","0.40439653396606445"
"154","0.4196346700191498","0.4196346700191498","0.4196346700191498","0.414628803730011","0.414628803730011","0.414628803730011","0.3860395848751068","0.3860395848751068","0.3860395848751068","0.3430880904197693","0.3430880904197693","0.3430880904197693","0.4003487825393677","0.4003487825393677","0.4003487825393677","0.36426687240600586","0.36426687240600586","0.36426687240600586","0.3738062381744385","0.3738062381744385","0.3738062381744385","0.3690066933631897","0.3690066933631897","0.3690066933631897","0.3970939517021179","0.3970939517021179","0.3970939517021179","0.4054589867591858","0.4054589867591858","0.4054589867591858","0.4792758822441101","0.4792758822441101","0.4792758822441101","0.3958424925804138","0.3958424925804138","0.3958424925804138"
"156","0.3906187415122986","0.3906187415122986","0.3906187415122986","0.3654153347015381","0.3654153347015381","0.3654153347015381","0.41318392753601074","0.41318392753601074","0.41318392753601074","0.3647175431251526","0.3647175431251526","0.3647175431251526","0.3937146067619324","0.3937146067619324","0.3937146067619324","0.3750770688056946","0.3750770688056946","0.3750770688056946","0.38517674803733826","0.38517674803733826","0.38517674803733826","0.3804706037044525","0.3804706037044525","0.3804706037044525","0.3898354470729828","0.3898354470729828","0.3898354470729828","0.4057232737541199","0.4057232737541199","0.4057232737541199","0.41701412200927734","0.41701412200927734","0.41701412200927734","0.43589910864830017","0.43589910864830017","0.43589910864830017"
"158","0.4333341121673584","0.4333341121673584","0.4333341121673584","0.41071152687072754","0.41071152687072754","0.41071152687072754","0.3531915545463562","0.3531915545463562","0.3531915545463562","0.3557675778865814","0.3557675778865814","0.3557675778865814","0.374138206243515","0.374138206243515","0.374138206243515","0.38493621349334717","0.38493621349334717","0.38493621349334717","0.3609022796154022","0.3609022796154022","0.3609022796154022","0.3652239441871643","0.3652239441871643","0.3652239441871643","0.4055507183074951","0.4055507183074951","0.4055507183074951","0.4405245780944824","0.4405245780944824","0.4405245780944824","0.4222632646560669","0.4222632646560669","0.4222632646560669","0.38478657603263855","0.38478657603263855","0.38478657603263855"
"160","0.4320761561393738","0.4320761561393738","0.4320761561393738","0.3883398473262787","0.3883398473262787","0.3883398473262787","0.4232723116874695","0.4232723116874695","0.4232723116874695","0.37504976987838745","0.37504976987838745","0.37504976987838745","0.3909638822078705","0.3909638822078705","0.3909638822078705","0.34749001264572144","0.34749001264572144","0.34749001264572144","0.38199421763420105","0.38199421763420105","0.38199421763420105","0.37315529584884644","0.37315529584884644","0.37315529584884644","0.39608412981033325","0.39608412981033325","0.39608412981033325","0.42632395029067993","0.42632395029067993","0.42632395029067993","0.28070735931396484","0.28070735931396484","0.28070735931396484","0.4183306097984314","0.4183306097984314","0.4183306097984314"
"162","0.3431185185909271","0.3431185185909271","0.3431185185909271","0.3927966356277466","0.3927966356277466","0.3927966356277466","0.38504236936569214","0.38504236936569214","0.38504236936569214","0.37771350145339966","0.37771350145339966","0.37771350145339966","0.3574419617652893","0.3574419617652893","0.3574419617652893","0.3916850984096527","0.3916850984096527","0.3916850984096527","0.364555299282074","0.364555299282074","0.364555299282074","0.3691743314266205","0.3691743314266205","0.3691743314266205","0.4332145154476166","0.4332145154476166","0.4332145154476166","0.41411110758781433","0.41411110758781433","0.41411110758781433","0.3791964650154114","0.3791964650154114","0.3791964650154114","0.3945879340171814","0.3945879340171814","0.3945879340171814"
"164","0.3994389474391937","0.3994389474391937","0.3994389474391937","0.41115623712539673","0.41115623712539673","0.41115623712539673","0.38020059466362","0.38020059466362","0.38020059466362","0.3784061074256897","0.3784061074256897","0.3784061074256897","0.3909671902656555","0.3909671902656555","0.3909671902656555","0.3552882671356201","0.3552882671356201","0.3552882671356201","0.351062536239624","0.351062536239624","0.351062536239624","0.36395883560180664","0.36395883560180664","0.36395883560180664","0.4294068515300751","0.4294068515300751","0.4294068515300751","0.4156069755554199","0.4156069755554199","0.4156069755554199","0.41967853903770447","0.41967853903770447","0.41967853903770447","0.38506752252578735","0.38506752252578735","0.38506752252578735"
"166","0.41531872749328613","0.41531872749328613","0.41531872749328613","0.37161383032798767","0.37161383032798767","0.37161383032798767","0.39341533184051514","0.39341533184051514","0.39341533184051514","0.37454578280448914","0.37454578280448914","0.37454578280448914","0.37066352367401123","0.37066352367401123","0.37066352367401123","0.36831140518188477","0.36831140518188477","0.36831140518188477","0.3887835741043091","0.3887835741043091","0.3887835741043091","0.39731675386428833","0.39731675386428833","0.39731675386428833","0.43229812383651733","0.43229812383651733","0.43229812383651733","0.41778478026390076","0.41778478026390076","0.41778478026390076","0.4320087432861328","0.4320087432861328","0.4320087432861328","0.406564325094223","0.406564325094223","0.406564325094223"
"168","0.4226911962032318","0.4226911962032318","0.4226911962032318","0.3924541473388672","0.3924541473388672","0.3924541473388672","0.38847488164901733","0.38847488164901733","0.38847488164901733","0.3725763261318207","0.3725763261318207","0.3725763261318207","0.3801448941230774","0.3801448941230774","0.3801448941230774","0.35728979110717773","0.35728979110717773","0.35728979110717773","0.3581337332725525","0.3581337332725525","0.3581337332725525","0.3983080983161926","0.3983080983161926","0.3983080983161926","0.39988845586776733","0.39988845586776733","0.39988845586776733","0.40002042055130005","0.40002042055130005","0.40002042055130005","0.41436371207237244","0.41436371207237244","0.41436371207237244","0.4618699550628662","0.4618699550628662","0.4618699550628662"
"170","0.39765089750289917","0.39765089750289917","0.39765089750289917","0.33768337965011597","0.33768337965011597","0.33768337965011597","0.37611478567123413","0.37611478567123413","0.37611478567123413","0.37492987513542175","0.37492987513542175","0.37492987513542175","0.32237479090690613","0.32237479090690613","0.32237479090690613","0.40114718675613403","0.40114718675613403","0.40114718675613403","0.38822564482688904","0.38822564482688904","0.38822564482688904","0.39105960726737976","0.39105960726737976","0.39105960726737976","0.39717575907707214","0.39717575907707214","0.39717575907707214","0.392819344997406","0.392819344997406","0.392819344997406","0.40490132570266724","0.40490132570266724","0.40490132570266724","0.3972463011741638","0.3972463011741638","0.3972463011741638"
"172","0.3793904185295105","0.3793904185295105","0.3793904185295105","0.2488878220319748","0.2488878220319748","0.2488878220319748","0.3806099593639374","0.3806099593639374","0.3806099593639374","0.37731069326400757","0.37731069326400757","0.37731069326400757","0.3905627131462097","0.3905627131462097","0.3905627131462097","0.38164740800857544","0.38164740800857544","0.38164740800857544","0.36685797572135925","0.36685797572135925","0.36685797572135925","0.39105224609375","0.39105224609375","0.39105224609375","0.4321267604827881","0.4321267604827881","0.4321267604827881","0.4184250831604004","0.4184250831604004","0.4184250831604004","0.4275636076927185","0.4275636076927185","0.4275636076927185","0.42822861671447754","0.42822861671447754","0.42822861671447754"
"174","0.41067418456077576","0.41067418456077576","0.41067418456077576","0.3078939914703369","0.3078939914703369","0.3078939914703369","0.366067111492157","0.366067111492157","0.366067111492157","0.36364099383354187","0.36364099383354187","0.36364099383354187","0.44847631454467773","0.44847631454467773","0.44847631454467773","0.4193114936351776","0.4193114936351776","0.4193114936351776","0.38486164808273315","0.38486164808273315","0.38486164808273315","0.3827134370803833","0.3827134370803833","0.3827134370803833","0.37278053164482117","0.37278053164482117","0.37278053164482117","0.403964638710022","0.403964638710022","0.403964638710022","0.33409857749938965","0.33409857749938965","0.33409857749938965","0.4025438725948334","0.4025438725948334","0.4025438725948334"
"176","0.4099242091178894","0.4099242091178894","0.4099242091178894","0.3918466567993164","0.3918466567993164","0.3918466567993164","0.4060191512107849","0.4060191512107849","0.4060191512107849","0.39351552724838257","0.39351552724838257","0.39351552724838257","0.4121859073638916","0.4121859073638916","0.4121859073638916","0.3648901879787445","0.3648901879787445","0.3648901879787445","0.4014441967010498","0.4014441967010498","0.4014441967010498","0.38446149230003357","0.38446149230003357","0.38446149230003357","0.4190753698348999","0.4190753698348999","0.4190753698348999","0.415984570980072","0.415984570980072","0.415984570980072","0.5155120491981506","0.5155120491981506","0.5155120491981506","0.4428894519805908","0.4428894519805908","0.4428894519805908"
"178","0.41201555728912354","0.41201555728912354","0.41201555728912354","0.4549148678779602","0.4549148678779602","0.4549148678779602","0.3884356617927551","0.3884356617927551","0.3884356617927551","0.3520362079143524","0.3520362079143524","0.3520362079143524","0.40196818113327026","0.40196818113327026","0.40196818113327026","0.3902197778224945","0.3902197778224945","0.3902197778224945","0.3884384036064148","0.3884384036064148","0.3884384036064148","0.3995553255081177","0.3995553255081177","0.3995553255081177","0.4152066111564636","0.4152066111564636","0.4152066111564636","0.4221833646297455","0.4221833646297455","0.4221833646297455","0.4708094000816345","0.4708094000816345","0.4708094000816345","0.4488038718700409","0.4488038718700409","0.4488038718700409"
"180","0.426394522190094","0.426394522190094","0.426394522190094","0.4313202500343323","0.4313202500343323","0.4313202500343323","0.359729528427124","0.359729528427124","0.359729528427124","0.3792979121208191","0.3792979121208191","0.3792979121208191","0.41355618834495544","0.41355618834495544","0.41355618834495544","0.39186590909957886","0.39186590909957886","0.39186590909957886","0.34295639395713806","0.34295639395713806","0.34295639395713806","0.37421178817749023","0.37421178817749023","0.37421178817749023","0.4177791476249695","0.4177791476249695","0.4177791476249695","0.40648597478866577","0.40648597478866577","0.40648597478866577","0.28616076707839966","0.28616076707839966","0.28616076707839966","0.4002750515937805","0.4002750515937805","0.4002750515937805"
"182","0.4173208475112915","0.4173208475112915","0.4173208475112915","0.44110041856765747","0.44110041856765747","0.44110041856765747","0.39866846799850464","0.39866846799850464","0.39866846799850464","0.41125115752220154","0.41125115752220154","0.41125115752220154","0.42150697112083435","0.42150697112083435","0.42150697112083435","0.37429171800613403","0.37429171800613403","0.37429171800613403","0.38272449374198914","0.38272449374198914","0.38272449374198914","0.3874073922634125","0.3874073922634125","0.3874073922634125","0.41100654006004333","0.41100654006004333","0.41100654006004333","0.3772318363189697","0.3772318363189697","0.3772318363189697","0.44337257742881775","0.44337257742881775","0.44337257742881775","0.42586466670036316","0.42586466670036316","0.42586466670036316"
"184","0.4428941011428833","0.4428941011428833","0.4428941011428833","0.42518848180770874","0.42518848180770874","0.42518848180770874","0.3975706994533539","0.3975706994533539","0.3975706994533539","0.35050246119499207","0.35050246119499207","0.35050246119499207","0.39660757780075073","0.39660757780075073","0.39660757780075073","0.409281462430954","0.409281462430954","0.409281462430954","0.3612314462661743","0.3612314462661743","0.3612314462661743","0.37734875082969666","0.37734875082969666","0.37734875082969666","0.41962429881095886","0.41962429881095886","0.41962429881095886","0.37368497252464294","0.37368497252464294","0.37368497252464294","0.5062482357025146","0.5062482357025146","0.5062482357025146","0.39139479398727417","0.39139479398727417","0.39139479398727417"
"186","0.4124085307121277","0.4124085307121277","0.4124085307121277","0.4174961447715759","0.4174961447715759","0.4174961447715759","0.3809569776058197","0.3809569776058197","0.3809569776058197","0.3639601171016693","0.3639601171016693","0.3639601171016693","0.4302822947502136","0.4302822947502136","0.4302822947502136","0.4106726050376892","0.4106726050376892","0.4106726050376892","0.3736712336540222","0.3736712336540222","0.3736712336540222","0.3882666230201721","0.3882666230201721","0.3882666230201721","0.4384666085243225","0.4384666085243225","0.4384666085243225","0.3890841603279114","0.3890841603279114","0.3890841603279114","0.43472903966903687","0.43472903966903687","0.43472903966903687","0.4237334728240967","0.4237334728240967","0.4237334728240967"
"188","0.4081874489784241","0.4081874489784241","0.4081874489784241","0.3967374265193939","0.3967374265193939","0.3967374265193939","0.39347028732299805","0.39347028732299805","0.39347028732299805","0.3818644881248474","0.3818644881248474","0.3818644881248474","0.43695688247680664","0.43695688247680664","0.43695688247680664","0.3728097677230835","0.3728097677230835","0.3728097677230835","0.3658375144004822","0.3658375144004822","0.3658375144004822","0.3695560395717621","0.3695560395717621","0.3695560395717621","0.42824310064315796","0.42824310064315796","0.42824310064315796","0.3854559361934662","0.3854559361934662","0.3854559361934662","0.39992865920066833","0.39992865920066833","0.39992865920066833","0.43485164642333984","0.43485164642333984","0.43485164642333984"
"190","0.39551854133605957","0.39551854133605957","0.39551854133605957","0.41983169317245483","0.41983169317245483","0.41983169317245483","0.41724368929862976","0.41724368929862976","0.41724368929862976","0.3676679730415344","0.3676679730415344","0.3676679730415344","0.4058775305747986","0.4058775305747986","0.4058775305747986","0.37286609411239624","0.37286609411239624","0.37286609411239624","0.37875157594680786","0.37875157594680786","0.37875157594680786","0.4021488428115845","0.4021488428115845","0.4021488428115845","0.3678135871887207","0.3678135871887207","0.3678135871887207","0.38542723655700684","0.38542723655700684","0.38542723655700684","0.4029195308685303","0.4029195308685303","0.4029195308685303","0.392312228679657","0.392312228679657","0.392312228679657"
"192","0.375805139541626","0.375805139541626","0.375805139541626","0.3622342050075531","0.3622342050075531","0.3622342050075531","0.39755767583847046","0.39755767583847046","0.39755767583847046","0.35710054636001587","0.35710054636001587","0.35710054636001587","0.4179970622062683","0.4179970622062683","0.4179970622062683","0.37620481848716736","0.37620481848716736","0.37620481848716736","0.3705577850341797","0.3705577850341797","0.3705577850341797","0.3826003074645996","0.3826003074645996","0.3826003074645996","0.4436962306499481","0.4436962306499481","0.4436962306499481","0.39719244837760925","0.39719244837760925","0.39719244837760925","0.43592286109924316","0.43592286109924316","0.43592286109924316","0.40419265627861023","0.40419265627861023","0.40419265627861023"
"194","0.4155956208705902","0.4155956208705902","0.4155956208705902","0.3949131667613983","0.3949131667613983","0.3949131667613983","0.4116899371147156","0.4116899371147156","0.4116899371147156","0.38959604501724243","0.38959604501724243","0.38959604501724243","0.40732622146606445","0.40732622146606445","0.40732622146606445","0.38954445719718933","0.38954445719718933","0.38954445719718933","0.3565077781677246","0.3565077781677246","0.3565077781677246","0.378168523311615","0.378168523311615","0.378168523311615","0.39509686827659607","0.39509686827659607","0.39509686827659607","0.38669905066490173","0.38669905066490173","0.38669905066490173","0.3762912452220917","0.3762912452220917","0.3762912452220917","0.42787617444992065","0.42787617444992065","0.42787617444992065"
"196","0.3811473250389099","0.3811473250389099","0.3811473250389099","0.3516187369823456","0.3516187369823456","0.3516187369823456","0.3658364713191986","0.3658364713191986","0.3658364713191986","0.37966299057006836","0.37966299057006836","0.37966299057006836","0.44040822982788086","0.44040822982788086","0.44040822982788086","0.32215532660484314","0.32215532660484314","0.32215532660484314","0.3455018997192383","0.3455018997192383","0.3455018997192383","0.33511030673980713","0.33511030673980713","0.33511030673980713","0.4574529528617859","0.4574529528617859","0.4574529528617859","0.3455919623374939","0.3455919623374939","0.3455919623374939","0.4932945966720581","0.4932945966720581","0.4932945966720581","0.3961638808250427","0.3961638808250427","0.3961638808250427"
"198","0.40085339546203613","0.40085339546203613","0.40085339546203613","0.27752089500427246","0.27752089500427246","0.27752089500427246","0.3982263207435608","0.3982263207435608","0.3982263207435608","0.402965784072876","0.402965784072876","0.402965784072876","0.40202268958091736","0.40202268958091736","0.40202268958091736","0.3973028361797333","0.3973028361797333","0.3973028361797333","0.3809148967266083","0.3809148967266083","0.3809148967266083","0.4099109172821045","0.4099109172821045","0.4099109172821045","0.39185798168182373","0.39185798168182373","0.39185798168182373","0.3938755989074707","0.3938755989074707","0.3938755989074707","0.43166685104370117","0.43166685104370117","0.43166685104370117","0.41011184453964233","0.41011184453964233","0.41011184453964233"
"200","0.4217575490474701","0.4217575490474701","0.4217575490474701","0.4091905355453491","0.4091905355453491","0.4091905355453491","0.4177064597606659","0.4177064597606659","0.4177064597606659","0.3848521113395691","0.3848521113395691","0.3848521113395691","0.3732236623764038","0.3732236623764038","0.3732236623764038","0.3654559850692749","0.3654559850692749","0.3654559850692749","0.3762972354888916","0.3762972354888916","0.3762972354888916","0.3943746089935303","0.3943746089935303","0.3943746089935303","0.3953574597835541","0.3953574597835541","0.3953574597835541","0.3749069571495056","0.3749069571495056","0.3749069571495056","0.38959062099456787","0.38959062099456787","0.38959062099456787","0.38225841522216797","0.38225841522216797","0.38225841522216797"
"202","0.42214903235435486","0.42214903235435486","0.42214903235435486","0.38524413108825684","0.38524413108825684","0.38524413108825684","0.40503761172294617","0.40503761172294617","0.40503761172294617","0.3889196515083313","0.3889196515083313","0.3889196515083313","0.47534120082855225","0.47534120082855225","0.47534120082855225","0.4007051885128021","0.4007051885128021","0.4007051885128021","0.3817557096481323","0.3817557096481323","0.3817557096481323","0.40955519676208496","0.40955519676208496","0.40955519676208496","0.4015105962753296","0.4015105962753296","0.4015105962753296","0.42075666785240173","0.42075666785240173","0.42075666785240173","0.44734251499176025","0.44734251499176025","0.44734251499176025","0.4022883176803589","0.4022883176803589","0.4022883176803589"
"204","0.38763731718063354","0.38763731718063354","0.38763731718063354","0.39493489265441895","0.39493489265441895","0.39493489265441895","0.4006887674331665","0.4006887674331665","0.4006887674331665","0.3885314464569092","0.3885314464569092","0.3885314464569092","0.3804545998573303","0.3804545998573303","0.3804545998573303","0.384054034948349","0.384054034948349","0.384054034948349","0.3804672360420227","0.3804672360420227","0.3804672360420227","0.380044162273407","0.380044162273407","0.380044162273407","0.4238886535167694","0.4238886535167694","0.4238886535167694","0.34565839171409607","0.34565839171409607","0.34565839171409607","0.39601558446884155","0.39601558446884155","0.39601558446884155","0.3433431088924408","0.3433431088924408","0.3433431088924408"
"206","0.41840457916259766","0.41840457916259766","0.41840457916259766","0.4069856107234955","0.4069856107234955","0.4069856107234955","0.3486844003200531","0.3486844003200531","0.3486844003200531","0.37071818113327026","0.37071818113327026","0.37071818113327026","0.4606585204601288","0.4606585204601288","0.4606585204601288","0.42173632979393005","0.42173632979393005","0.42173632979393005","0.3465808033943176","0.3465808033943176","0.3465808033943176","0.3832411766052246","0.3832411766052246","0.3832411766052246","0.39055466651916504","0.39055466651916504","0.39055466651916504","0.409477561712265","0.409477561712265","0.409477561712265","0.4019950330257416","0.4019950330257416","0.4019950330257416","0.4021736979484558","0.4021736979484558","0.4021736979484558"
"208","0.41354697942733765","0.41354697942733765","0.41354697942733765","0.41490262746810913","0.41490262746810913","0.41490262746810913","0.3823595643043518","0.3823595643043518","0.3823595643043518","0.3573460578918457","0.3573460578918457","0.3573460578918457","0.3921363055706024","0.3921363055706024","0.3921363055706024","0.4324265420436859","0.4324265420436859","0.4324265420436859","0.37638363242149353","0.37638363242149353","0.37638363242149353","0.3775033950805664","0.3775033950805664","0.3775033950805664","0.4105711877346039","0.4105711877346039","0.4105711877346039","0.4291468560695648","0.4291468560695648","0.4291468560695648","0.37788182497024536","0.37788182497024536","0.37788182497024536","0.4312496781349182","0.4312496781349182","0.4312496781349182"
"210","0.3909738063812256","0.3909738063812256","0.3909738063812256","0.41483554244041443","0.41483554244041443","0.41483554244041443","0.37768542766571045","0.37768542766571045","0.37768542766571045","0.408457487821579","0.408457487821579","0.408457487821579","0.39471980929374695","0.39471980929374695","0.39471980929374695","0.42606306076049805","0.42606306076049805","0.42606306076049805","0.38365301489830017","0.38365301489830017","0.38365301489830017","0.41521787643432617","0.41521787643432617","0.41521787643432617","0.4174184501171112","0.4174184501171112","0.4174184501171112","0.42354410886764526","0.42354410886764526","0.42354410886764526","0.3965255618095398","0.3965255618095398","0.3965255618095398","0.41101381182670593","0.41101381182670593","0.41101381182670593"
"212","0.3458169102668762","0.3458169102668762","0.3458169102668762","0.2953852117061615","0.2953852117061615","0.2953852117061615","0.4076664447784424","0.4076664447784424","0.4076664447784424","0.34230953454971313","0.34230953454971313","0.34230953454971313","0.4043782651424408","0.4043782651424408","0.4043782651424408","0.4168258309364319","0.4168258309364319","0.4168258309364319","0.40776389837265015","0.40776389837265015","0.40776389837265015","0.3842402398586273","0.3842402398586273","0.3842402398586273","0.4060121476650238","0.4060121476650238","0.4060121476650238","0.41297635436058044","0.41297635436058044","0.41297635436058044","0.4571060538291931","0.4571060538291931","0.4571060538291931","0.4135678708553314","0.4135678708553314","0.4135678708553314"
"214","0.3600350618362427","0.3600350618362427","0.3600350618362427","0.3589518070220947","0.3589518070220947","0.3589518070220947","0.40406355261802673","0.40406355261802673","0.40406355261802673","0.38511860370635986","0.38511860370635986","0.38511860370635986","0.4098736643791199","0.4098736643791199","0.4098736643791199","0.42713531851768494","0.42713531851768494","0.42713531851768494","0.3824242353439331","0.3824242353439331","0.3824242353439331","0.37798723578453064","0.37798723578453064","0.37798723578453064","0.4280416965484619","0.4280416965484619","0.4280416965484619","0.3618186414241791","0.3618186414241791","0.3618186414241791","0.41597145795822144","0.41597145795822144","0.41597145795822144","0.3927413821220398","0.3927413821220398","0.3927413821220398"
"216","0.3949747085571289","0.3949747085571289","0.3949747085571289","0.42066511511802673","0.42066511511802673","0.42066511511802673","0.38006994128227234","0.38006994128227234","0.38006994128227234","0.3541928231716156","0.3541928231716156","0.3541928231716156","0.37093764543533325","0.37093764543533325","0.37093764543533325","0.3809329867362976","0.3809329867362976","0.3809329867362976","0.39265164732933044","0.39265164732933044","0.39265164732933044","0.39270517230033875","0.39270517230033875","0.39270517230033875","0.39088553190231323","0.39088553190231323","0.39088553190231323","0.4071364104747772","0.4071364104747772","0.4071364104747772","0.43257492780685425","0.43257492780685425","0.43257492780685425","0.40602344274520874","0.40602344274520874","0.40602344274520874"
"218","0.3520631492137909","0.3520631492137909","0.3520631492137909","0.3933754563331604","0.3933754563331604","0.3933754563331604","0.35498279333114624","0.35498279333114624","0.35498279333114624","0.3761102855205536","0.3761102855205536","0.3761102855205536","0.3864302635192871","0.3864302635192871","0.3864302635192871","0.4259423613548279","0.4259423613548279","0.4259423613548279","0.3626496493816376","0.3626496493816376","0.3626496493816376","0.3728604316711426","0.3728604316711426","0.3728604316711426","0.39566418528556824","0.39566418528556824","0.39566418528556824","0.3824833333492279","0.3824833333492279","0.3824833333492279","0.4224860370159149","0.4224860370159149","0.4224860370159149","0.43155765533447266","0.43155765533447266","0.43155765533447266"
"220","0.3663749098777771","0.3663749098777771","0.3663749098777771","0.3144656717777252","0.3144656717777252","0.3144656717777252","0.38202303647994995","0.38202303647994995","0.38202303647994995","0.3789997100830078","0.3789997100830078","0.3789997100830078","0.4438006281852722","0.4438006281852722","0.4438006281852722","0.40601176023483276","0.40601176023483276","0.40601176023483276","0.36937376856803894","0.36937376856803894","0.36937376856803894","0.36837559938430786","0.36837559938430786","0.36837559938430786","0.36702316999435425","0.36702316999435425","0.36702316999435425","0.3855123519897461","0.3855123519897461","0.3855123519897461","0.41234922409057617","0.41234922409057617","0.41234922409057617","0.4325549602508545","0.4325549602508545","0.4325549602508545"
"222","0.37086746096611023","0.37086746096611023","0.37086746096611023","0.37374043464660645","0.37374043464660645","0.37374043464660645","0.3698463439941406","0.3698463439941406","0.3698463439941406","0.3649700880050659","0.3649700880050659","0.3649700880050659","0.4492000341415405","0.4492000341415405","0.4492000341415405","0.40743106603622437","0.40743106603622437","0.40743106603622437","0.3847932815551758","0.3847932815551758","0.3847932815551758","0.390195369720459","0.390195369720459","0.390195369720459","0.39750123023986816","0.39750123023986816","0.39750123023986816","0.3908994197845459","0.3908994197845459","0.3908994197845459","0.3782092332839966","0.3782092332839966","0.3782092332839966","0.41848546266555786","0.41848546266555786","0.41848546266555786"
"224","0.3812207579612732","0.3812207579612732","0.3812207579612732","0.42086559534072876","0.42086559534072876","0.42086559534072876","0.395071804523468","0.395071804523468","0.395071804523468","0.3915470242500305","0.3915470242500305","0.3915470242500305","0.418834388256073","0.418834388256073","0.418834388256073","0.38575923442840576","0.38575923442840576","0.38575923442840576","0.3812570571899414","0.3812570571899414","0.3812570571899414","0.3794299066066742","0.3794299066066742","0.3794299066066742","0.41554200649261475","0.41554200649261475","0.41554200649261475","0.3870933949947357","0.3870933949947357","0.3870933949947357","0.45829373598098755","0.45829373598098755","0.45829373598098755","0.3886633813381195","0.3886633813381195","0.3886633813381195"
"226","0.3507339358329773","0.3507339358329773","0.3507339358329773","0.4051228165626526","0.4051228165626526","0.4051228165626526","0.3624912202358246","0.3624912202358246","0.3624912202358246","0.40674853324890137","0.40674853324890137","0.40674853324890137","0.37070509791374207","0.37070509791374207","0.37070509791374207","0.40207192301750183","0.40207192301750183","0.40207192301750183","0.39052659273147583","0.39052659273147583","0.39052659273147583","0.3466581106185913","0.3466581106185913","0.3466581106185913","0.3883700370788574","0.3883700370788574","0.3883700370788574","0.38776153326034546","0.38776153326034546","0.38776153326034546","0.4540409445762634","0.4540409445762634","0.4540409445762634","0.3925303816795349","0.3925303816795349","0.3925303816795349"
"228","0.37643736600875854","0.37643736600875854","0.37643736600875854","0.3917961120605469","0.3917961120605469","0.3917961120605469","0.392548143863678","0.392548143863678","0.392548143863678","0.3817141652107239","0.3817141652107239","0.3817141652107239","0.4194033741950989","0.4194033741950989","0.4194033741950989","0.39000028371810913","0.39000028371810913","0.39000028371810913","0.37090760469436646","0.37090760469436646","0.37090760469436646","0.3766050338745117","0.3766050338745117","0.3766050338745117","0.4496191143989563","0.4496191143989563","0.4496191143989563","0.39854833483695984","0.39854833483695984","0.39854833483695984","0.4362886846065521","0.4362886846065521","0.4362886846065521","0.44598400592803955","0.44598400592803955","0.44598400592803955"
"230","0.3354228734970093","0.3354228734970093","0.3354228734970093","0.4127652049064636","0.4127652049064636","0.4127652049064636","0.3945685625076294","0.3945685625076294","0.3945685625076294","0.3695682883262634","0.3695682883262634","0.3695682883262634","0.4144531488418579","0.4144531488418579","0.4144531488418579","0.3878940939903259","0.3878940939903259","0.3878940939903259","0.37748977541923523","0.37748977541923523","0.37748977541923523","0.4000248610973358","0.4000248610973358","0.4000248610973358","0.3732718825340271","0.3732718825340271","0.3732718825340271","0.3669344186782837","0.3669344186782837","0.3669344186782837","0.4574762284755707","0.4574762284755707","0.4574762284755707","0.4001429080963135","0.4001429080963135","0.4001429080963135"